combination_type,scenario,scenario_label,scenario_purpose,network_mode,algorithm,algorithm_label,complexity,seed_index,fleet_seed,algorithm_seed,composition_regime,fleet_size,nominal_weights_json,actual_weights_json,device_counts_json,spatial_clustering,partition,baseline_curtailment_mwh,remaining_curtailment_mwh,accepted_absorption_mwh,mean_reduction_pct,availability_fraction,mean_network_scale,network_violation_steps,max_soc_violation,total_charging_mwh,excess_grid_charging_mwh,total_discharge_mwh,dataset_audit_json,protocol,mean_formula_intensity,mean_nn_intensity,mean_optimized_intensity,mean_predicted_response_kw
predefined_mixed_scenario,S1-A,Similar residential,相似住宅半小时电表融合,aggregate,centralized_optimal,Centralized greedy UB,O(N),0,4157375,5157375,nominal,5000,"{""camsl_japan_smart_meters"":0.3333333333333333,""irish_domestic_smart_meters"":0.3333333333333333,""low_carbon_london"":0.3333333333333333}","{""camsl_japan_smart_meters"":0.3333333333333333,""irish_domestic_smart_meters"":0.3333333333333333,""low_carbon_london"":0.3333333333333333}","{""camsl_japan_smart_meters"":1667,""irish_domestic_smart_meters"":1666,""low_carbon_london"":1667}",False,test,118.77974816885487,112.50197272893678,6.277775439918082,5.285223732747547,0.8957160000000001,0.33039271200772646,0,0.0,6.277775439918082,9.473903143468002e-18,0.0,"{""camsl_japan_smart_meters"":{""available_profile_sources"":1423,""logical_devices"":1667,""mean_profile_reuse"":1.6736947791164658,""profile_bootstrap"":true,""selected_unique_profile_sources"":996,""weight"":0.3333333333333333},""irish_domestic_smart_meters"":{""available_profile_sources"":2904,""logical_devices"":1666,""mean_profile_reuse"":1.0,""profile_bootstrap"":false,""selected_unique_profile_sources"":1666,""weight"":0.3333333333333333},""low_carbon_london"":{""available_profile_sources"":5000,""logical_devices"":1667,""mean_profile_reuse"":1.0,""profile_bootstrap"":false,""selected_unique_profile_sources"":1667,""weight"":0.3333333333333333}}",dataset_combinations_mixed_physical_fleet_v1,,,,
predefined_mixed_scenario,S1-A,Similar residential,相似住宅半小时电表融合,aggregate,centralized_optimal,Centralized greedy UB,O(N),1,4157376,5157376,nominal,5000,"{""camsl_japan_smart_meters"":0.3333333333333333,""irish_domestic_smart_meters"":0.3333333333333333,""low_carbon_london"":0.3333333333333333}","{""camsl_japan_smart_meters"":0.3333333333333333,""irish_domestic_smart_meters"":0.3333333333333333,""low_carbon_london"":0.3333333333333333}","{""camsl_japan_smart_meters"":1667,""irish_domestic_smart_meters"":1666,""low_carbon_london"":1667}",False,test,119.29567015917064,113.1156320257183,6.180038133452346,5.180437919671859,0.895062,0.3259040104852949,0,0.0,6.180038133452346,3.789561257387201e-17,0.0,"{""camsl_japan_smart_meters"":{""available_profile_sources"":1423,""logical_devices"":1667,""mean_profile_reuse"":1.7150205761316872,""profile_bootstrap"":true,""selected_unique_profile_sources"":972,""weight"":0.3333333333333333},""irish_domestic_smart_meters"":{""available_profile_sources"":2904,""logical_devices"":1666,""mean_profile_reuse"":1.0,""profile_bootstrap"":false,""selected_unique_profile_sources"":1666,""weight"":0.3333333333333333},""low_carbon_london"":{""available_profile_sources"":5000,""logical_devices"":1667,""mean_profile_reuse"":1.0,""profile_bootstrap"":false,""selected_unique_profile_sources"":1667,""weight"":0.3333333333333333}}",dataset_combinations_mixed_physical_fleet_v1,,,,
predefined_mixed_scenario,S1-A,Similar residential,相似住宅半小时电表融合,aggregate,centralized_optimal,Centralized greedy UB,O(N),2,4157377,5157377,nominal,5000,"{""camsl_japan_smart_meters"":0.3333333333333333,""irish_domestic_smart_meters"":0.3333333333333333,""low_carbon_london"":0.3333333333333333}","{""camsl_japan_smart_meters"":0.3333333333333333,""irish_domestic_smart_meters"":0.3333333333333333,""low_carbon_london"":0.3333333333333333}","{""camsl_japan_smart_meters"":1667,""irish_domestic_smart_meters"":1666,""low_carbon_london"":1667}",False,test,118.87531576590331,112.59769505511862,6.277620710784683,5.280844614660769,0.8940339999999997,0.32910827877084425,0,0.0,6.277620710784683,2.3684757858670005e-17,0.0,"{""camsl_japan_smart_meters"":{""available_profile_sources"":1423,""logical_devices"":1667,""mean_profile_reuse"":1.685540950455005,""profile_bootstrap"":true,""selected_unique_profile_sources"":989,""weight"":0.3333333333333333},""irish_domestic_smart_meters"":{""available_profile_sources"":2904,""logical_devices"":1666,""mean_profile_reuse"":1.0,""profile_bootstrap"":false,""selected_unique_profile_sources"":1666,""weight"":0.3333333333333333},""low_carbon_london"":{""available_profile_sources"":5000,""logical_devices"":1667,""mean_profile_reuse"":1.0,""profile_bootstrap"":false,""selected_unique_profile_sources"":1667,""weight"":0.3333333333333333}}",dataset_combinations_mixed_physical_fleet_v1,,,,
predefined_mixed_scenario,S1-A,Similar residential,相似住宅半小时电表融合,aggregate,centralized_optimal,Centralized greedy UB,O(N),3,4157378,5157378,nominal,5000,"{""camsl_japan_smart_meters"":0.3333333333333333,""irish_domestic_smart_meters"":0.3333333333333333,""low_carbon_london"":0.3333333333333333}","{""camsl_japan_smart_meters"":0.3333333333333333,""irish_domestic_smart_meters"":0.3333333333333333,""low_carbon_london"":0.3333333333333333}","{""camsl_japan_smart_meters"":1667,""irish_domestic_smart_meters"":1666,""low_carbon_london"":1667}",False,test,116.71667847098053,109.51318555356883,7.203492917411696,6.1717768289668316,0.8953980000000004,0.3503470302300296,0,0.0,7.203492917411696,0.0,0.0,"{""camsl_japan_smart_meters"":{""available_profile_sources"":1423,""logical_devices"":1667,""mean_profile_reuse"":1.6992864424057084,""profile_bootstrap"":true,""selected_unique_profile_sources"":981,""weight"":0.3333333333333333},""irish_domestic_smart_meters"":{""available_profile_sources"":2904,""logical_devices"":1666,""mean_profile_reuse"":1.0,""profile_bootstrap"":false,""selected_unique_profile_sources"":1666,""weight"":0.3333333333333333},""low_carbon_london"":{""available_profile_sources"":5000,""logical_devices"":1667,""mean_profile_reuse"":1.0,""profile_bootstrap"":false,""selected_unique_profile_sources"":1667,""weight"":0.3333333333333333}}",dataset_combinations_mixed_physical_fleet_v1,,,,
predefined_mixed_scenario,S1-A,Similar residential,相似住宅半小时电表融合,aggregate,centralized_optimal,Centralized greedy UB,O(N),4,4157379,5157379,nominal,5000,"{""camsl_japan_smart_meters"":0.3333333333333333,""irish_domestic_smart_meters"":0.3333333333333333,""low_carbon_london"":0.3333333333333333}","{""camsl_japan_smart_meters"":0.3333333333333333,""irish_domestic_smart_meters"":0.3333333333333333,""low_carbon_london"":0.3333333333333333}","{""camsl_japan_smart_meters"":1667,""irish_domestic_smart_meters"":1666,""low_carbon_london"":1667}",False,test,57.60431467300061,35.95882019303812,21.645494479962483,37.57616873464484,0.8952659999999999,0.8449085905584227,0,0.0,21.645494479962483,7.200166389035682e-16,0.0,"{""camsl_japan_smart_meters"":{""available_profile_sources"":1423,""logical_devices"":1667,""mean_profile_reuse"":1.6958290946083419,""profile_bootstrap"":true,""selected_unique_profile_sources"":983,""weight"":0.3333333333333333},""irish_domestic_smart_meters"":{""available_profile_sources"":2904,""logical_devices"":1666,""mean_profile_reuse"":1.0,""profile_bootstrap"":false,""selected_unique_profile_sources"":1666,""weight"":0.3333333333333333},""low_carbon_london"":{""available_profile_sources"":5000,""logical_devices"":1667,""mean_profile_reuse"":1.0,""profile_bootstrap"":false,""selected_unique_profile_sources"":1667,""weight"":0.3333333333333333}}",dataset_combinations_mixed_physical_fleet_v1,,,,
predefined_mixed_scenario,S1-A,Similar residential,相似住宅半小时电表融合,aggregate,centralized_optimal,Centralized greedy UB,O(N),5,4157380,5157380,nominal,5000,"{""camsl_japan_smart_meters"":0.3333333333333333,""irish_domestic_smart_meters"":0.3333333333333333,""low_carbon_london"":0.3333333333333333}","{""camsl_japan_smart_meters"":0.3333333333333333,""irish_domestic_smart_meters"":0.3333333333333333,""low_carbon_london"":0.3333333333333333}","{""camsl_japan_smart_meters"":1667,""irish_domestic_smart_meters"":1666,""low_carbon_london"":1667}",False,test,53.1838880570194,31.436052289111103,21.7478357679083,40.89177486345499,0.8950019999999994,0.8720256911145423,0,0.0,21.7478357679083,6.063298011819521e-16,0.0,"{""camsl_japan_smart_meters"":{""available_profile_sources"":1423,""logical_devices"":1667,""mean_profile_reuse"":1.6941056910569106,""profile_bootstrap"":true,""selected_unique_profile_sources"":984,""weight"":0.3333333333333333},""irish_domestic_smart_meters"":{""available_profile_sources"":2904,""logical_devices"":1666,""mean_profile_reuse"":1.0,""profile_bootstrap"":false,""selected_unique_profile_sources"":1666,""weight"":0.3333333333333333},""low_carbon_london"":{""available_profile_sources"":5000,""logical_devices"":1667,""mean_profile_reuse"":1.0,""profile_bootstrap"":false,""selected_unique_profile_sources"":1667,""weight"":0.3333333333333333}}",dataset_combinations_mixed_physical_fleet_v1,,,,
predefined_mixed_scenario,S1-A,Similar residential,相似住宅半小时电表融合,aggregate,centralized_optimal,Centralized greedy UB,O(N),6,4157381,5157381,nominal,5000,"{""camsl_japan_smart_meters"":0.3333333333333333,""irish_domestic_smart_meters"":0.3333333333333333,""low_carbon_london"":0.3333333333333333}","{""camsl_japan_smart_meters"":0.3333333333333333,""irish_domestic_smart_meters"":0.3333333333333333,""low_carbon_london"":0.3333333333333333}","{""camsl_japan_smart_meters"":1667,""irish_domestic_smart_meters"":1666,""low_carbon_london"":1667}",False,test,57.95496238970007,36.29918730203143,21.65577508766864,37.366558780680656,0.8947860000000001,0.841986204148927,0,0.0,21.65577508766864,1.0610771520684162e-15,0.0,"{""camsl_japan_smart_meters"":{""available_profile_sources"":1423,""logical_devices"":1667,""mean_profile_reuse"":1.6992864424057084,""profile_bootstrap"":true,""selected_unique_profile_sources"":981,""weight"":0.3333333333333333},""irish_domestic_smart_meters"":{""available_profile_sources"":2904,""logical_devices"":1666,""mean_profile_reuse"":1.0,""profile_bootstrap"":false,""selected_unique_profile_sources"":1666,""weight"":0.3333333333333333},""low_carbon_london"":{""available_profile_sources"":5000,""logical_devices"":1667,""mean_profile_reuse"":1.0,""profile_bootstrap"":false,""selected_unique_profile_sources"":1667,""weight"":0.3333333333333333}}",dataset_combinations_mixed_physical_fleet_v1,,,,
predefined_mixed_scenario,S1-A,Similar residential,相似住宅半小时电表融合,aggregate,centralized_optimal,Centralized greedy UB,O(N),7,4157382,5157382,nominal,5000,"{""camsl_japan_smart_meters"":0.3333333333333333,""irish_domestic_smart_meters"":0.3333333333333333,""low_carbon_london"":0.3333333333333333}","{""camsl_japan_smart_meters"":0.3333333333333333,""irish_domestic_smart_meters"":0.3333333333333333,""low_carbon_london"":0.3333333333333333}","{""camsl_japan_smart_meters"":1667,""irish_domestic_smart_meters"":1666,""low_carbon_london"":1667}",False,test,104.68219061872061,87.99884122412162,16.683349394598995,15.93714202577593,0.8946300000000001,0.5393494536770533,0,0.0,16.683349394598995,3.7895612573872007e-16,0.0,"{""camsl_japan_smart_meters"":{""available_profile_sources"":1423,""logical_devices"":1667,""mean_profile_reuse"":1.7167868177136971,""profile_bootstrap"":true,""selected_unique_profile_sources"":971,""weight"":0.3333333333333333},""irish_domestic_smart_meters"":{""available_profile_sources"":2904,""logical_devices"":1666,""mean_profile_reuse"":1.0,""profile_bootstrap"":false,""selected_unique_profile_sources"":1666,""weight"":0.3333333333333333},""low_carbon_london"":{""available_profile_sources"":5000,""logical_devices"":1667,""mean_profile_reuse"":1.0,""profile_bootstrap"":false,""selected_unique_profile_sources"":1667,""weight"":0.3333333333333333}}",dataset_combinations_mixed_physical_fleet_v1,,,,
predefined_mixed_scenario,S1-A,Similar residential,相似住宅半小时电表融合,aggregate,centralized_optimal,Centralized greedy UB,O(N),8,4157383,5157383,nominal,5000,"{""camsl_japan_smart_meters"":0.3333333333333333,""irish_domestic_smart_meters"":0.3333333333333333,""low_carbon_london"":0.3333333333333333}","{""camsl_japan_smart_meters"":0.3333333333333333,""irish_domestic_smart_meters"":0.3333333333333333,""low_carbon_london"":0.3333333333333333}","{""camsl_japan_smart_meters"":1667,""irish_domestic_smart_meters"":1666,""low_carbon_london"":1667}",False,test,59.618054040425164,37.92357903284133,21.69447500758383,36.38910285946851,0.8949500000000007,0.8298844031122936,0,0.0,21.69447500758383,6.442254137558241e-16,0.0,"{""camsl_japan_smart_meters"":{""available_profile_sources"":1423,""logical_devices"":1667,""mean_profile_reuse"":1.6941056910569106,""profile_bootstrap"":true,""selected_unique_profile_sources"":984,""weight"":0.3333333333333333},""irish_domestic_smart_meters"":{""available_profile_sources"":2904,""logical_devices"":1666,""mean_profile_reuse"":1.0,""profile_bootstrap"":false,""selected_unique_profile_sources"":1666,""weight"":0.3333333333333333},""low_carbon_london"":{""available_profile_sources"":5000,""logical_devices"":1667,""mean_profile_reuse"":1.0,""profile_bootstrap"":false,""selected_unique_profile_sources"":1667,""weight"":0.3333333333333333}}",dataset_combinations_mixed_physical_fleet_v1,,,,
predefined_mixed_scenario,S1-A,Similar residential,相似住宅半小时电表融合,aggregate,centralized_optimal,Centralized greedy UB,O(N),9,4157384,5157384,nominal,5000,"{""camsl_japan_smart_meters"":0.3333333333333333,""irish_domestic_smart_meters"":0.3333333333333333,""low_carbon_london"":0.3333333333333333}","{""camsl_japan_smart_meters"":0.3333333333333333,""irish_domestic_smart_meters"":0.3333333333333333,""low_carbon_london"":0.3333333333333333}","{""camsl_japan_smart_meters"":1667,""irish_domestic_smart_meters"":1666,""low_carbon_london"":1667}",False,test,115.88173007950672,108.17726812721075,7.704461952295966,6.648556202094948,0.89528,0.36006450927890915,0,0.0,7.704461952295966,0.0,0.0,"{""camsl_japan_smart_meters"":{""available_profile_sources"":1423,""logical_devices"":1667,""mean_profile_reuse"":1.6770623742454729,""profile_bootstrap"":true,""selected_unique_profile_sources"":994,""weight"":0.3333333333333333},""irish_domestic_smart_meters"":{""available_profile_sources"":2904,""logical_devices"":1666,""mean_profile_reuse"":1.0,""profile_bootstrap"":false,""selected_unique_profile_sources"":1666,""weight"":0.3333333333333333},""low_carbon_london"":{""available_profile_sources"":5000,""logical_devices"":1667,""mean_profile_reuse"":1.0,""profile_bootstrap"":false,""selected_unique_profile_sources"":1667,""weight"":0.3333333333333333}}",dataset_combinations_mixed_physical_fleet_v1,,,,
predefined_mixed_scenario,S1-A,Similar residential,相似住宅半小时电表融合,aggregate,centralized_optimal,Centralized greedy UB,O(N),10,4157385,5157385,dominant_plus_15pp,5000,"{""camsl_japan_smart_meters"":0.3333333333333333,""irish_domestic_smart_meters"":0.3333333333333333,""low_carbon_london"":0.3333333333333333}","{""camsl_japan_smart_meters"":0.25833333333333336,""irish_domestic_smart_meters"":0.25833333333333336,""low_carbon_london"":0.48333333333333334}","{""camsl_japan_smart_meters"":1292,""irish_domestic_smart_meters"":1292,""low_carbon_london"":2416}",False,test,117.80349019493677,111.06958141892135,6.733908776015427,5.71622179009502,0.8945239999999994,0.3384347012838047,0,0.0,6.733908776015427,8.289665250534501e-18,0.0,"{""camsl_japan_smart_meters"":{""available_profile_sources"":1423,""logical_devices"":1292,""mean_profile_reuse"":1.0,""profile_bootstrap"":false,""selected_unique_profile_sources"":1292,""weight"":0.25833333333333336},""irish_domestic_smart_meters"":{""available_profile_sources"":2904,""logical_devices"":1292,""mean_profile_reuse"":1.0,""profile_bootstrap"":false,""selected_unique_profile_sources"":1292,""weight"":0.25833333333333336},""low_carbon_london"":{""available_profile_sources"":5000,""logical_devices"":2416,""mean_profile_reuse"":1.0,""profile_bootstrap"":false,""selected_unique_profile_sources"":2416,""weight"":0.48333333333333334}}",dataset_combinations_mixed_physical_fleet_v1,,,,
predefined_mixed_scenario,S1-A,Similar residential,相似住宅半小时电表融合,aggregate,centralized_optimal,Centralized greedy UB,O(N),11,4157386,5157386,dominant_plus_15pp,5000,"{""camsl_japan_smart_meters"":0.3333333333333333,""irish_domestic_smart_meters"":0.3333333333333333,""low_carbon_london"":0.3333333333333333}","{""camsl_japan_smart_meters"":0.25833333333333336,""irish_domestic_smart_meters"":0.25833333333333336,""low_carbon_london"":0.48333333333333334}","{""camsl_japan_smart_meters"":1292,""irish_domestic_smart_meters"":1292,""low_carbon_london"":2416}",False,test,32.95588651632699,11.387398383487124,21.568488132839867,65.44654206815045,0.8943379999999996,0.9683701874712156,0,0.0,21.568488132839867,7.579122514774401e-16,0.0,"{""camsl_japan_smart_meters"":{""available_profile_sources"":1423,""logical_devices"":1292,""mean_profile_reuse"":1.0,""profile_bootstrap"":false,""selected_unique_profile_sources"":1292,""weight"":0.25833333333333336},""irish_domestic_smart_meters"":{""available_profile_sources"":2904,""logical_devices"":1292,""mean_profile_reuse"":1.0,""profile_bootstrap"":false,""selected_unique_profile_sources"":1292,""weight"":0.25833333333333336},""low_carbon_london"":{""available_profile_sources"":5000,""logical_devices"":2416,""mean_profile_reuse"":1.0,""profile_bootstrap"":false,""selected_unique_profile_sources"":2416,""weight"":0.48333333333333334}}",dataset_combinations_mixed_physical_fleet_v1,,,,
predefined_mixed_scenario,S1-A,Similar residential,相似住宅半小时电表融合,aggregate,centralized_optimal,Centralized greedy UB,O(N),12,4157387,5157387,dominant_plus_15pp,5000,"{""camsl_japan_smart_meters"":0.3333333333333333,""irish_domestic_smart_meters"":0.3333333333333333,""low_carbon_london"":0.3333333333333333}","{""camsl_japan_smart_meters"":0.25833333333333336,""irish_domestic_smart_meters"":0.25833333333333336,""low_carbon_london"":0.48333333333333334}","{""camsl_japan_smart_meters"":1292,""irish_domestic_smart_meters"":1292,""low_carbon_london"":2416}",False,test,99.37521774012586,82.21180191991253,17.163415820213334,17.27132398853911,0.895038,0.5855239295472551,0,0.0,17.163415820213334,2.486899575160351e-16,0.0,"{""camsl_japan_smart_meters"":{""available_profile_sources"":1423,""logical_devices"":1292,""mean_profile_reuse"":1.0,""profile_bootstrap"":false,""selected_unique_profile_sources"":1292,""weight"":0.25833333333333336},""irish_domestic_smart_meters"":{""available_profile_sources"":2904,""logical_devices"":1292,""mean_profile_reuse"":1.0,""profile_bootstrap"":false,""selected_unique_profile_sources"":1292,""weight"":0.25833333333333336},""low_carbon_london"":{""available_profile_sources"":5000,""logical_devices"":2416,""mean_profile_reuse"":1.0,""profile_bootstrap"":false,""selected_unique_profile_sources"":2416,""weight"":0.48333333333333334}}",dataset_combinations_mixed_physical_fleet_v1,,,,
predefined_mixed_scenario,S1-A,Similar residential,相似住宅半小时电表融合,aggregate,centralized_optimal,Centralized greedy UB,O(N),13,4157388,5157388,dominant_plus_15pp,5000,"{""camsl_japan_smart_meters"":0.3333333333333333,""irish_domestic_smart_meters"":0.3333333333333333,""low_carbon_london"":0.3333333333333333}","{""camsl_japan_smart_meters"":0.25833333333333336,""irish_domestic_smart_meters"":0.25833333333333336,""low_carbon_london"":0.48333333333333334}","{""camsl_japan_smart_meters"":1292,""irish_domestic_smart_meters"":1292,""low_carbon_london"":2416}",False,test,116.52089440085292,109.19993104136468,7.320963359488245,6.28296186459298,0.8947660000000004,0.3514897545947011,0,0.0,7.320963359488245,0.0,0.0,"{""camsl_japan_smart_meters"":{""available_profile_sources"":1423,""logical_devices"":1292,""mean_profile_reuse"":1.0,""profile_bootstrap"":false,""selected_unique_profile_sources"":1292,""weight"":0.25833333333333336},""irish_domestic_smart_meters"":{""available_profile_sources"":2904,""logical_devices"":1292,""mean_profile_reuse"":1.0,""profile_bootstrap"":false,""selected_unique_profile_sources"":1292,""weight"":0.25833333333333336},""low_carbon_london"":{""available_profile_sources"":5000,""logical_devices"":2416,""mean_profile_reuse"":1.0,""profile_bootstrap"":false,""selected_unique_profile_sources"":2416,""weight"":0.48333333333333334}}",dataset_combinations_mixed_physical_fleet_v1,,,,
predefined_mixed_scenario,S1-A,Similar residential,相似住宅半小时电表融合,aggregate,centralized_optimal,Centralized greedy UB,O(N),14,4157389,5157389,dominant_plus_15pp,5000,"{""camsl_japan_smart_meters"":0.3333333333333333,""irish_domestic_smart_meters"":0.3333333333333333,""low_carbon_london"":0.3333333333333333}","{""camsl_japan_smart_meters"":0.25833333333333336,""irish_domestic_smart_meters"":0.25833333333333336,""low_carbon_london"":0.48333333333333334}","{""camsl_japan_smart_meters"":1292,""irish_domestic_smart_meters"":1292,""low_carbon_london"":2416}",False,test,101.95823112493407,84.99532567634395,16.962905448590128,16.63711233652602,0.895484,0.5556143875054305,0,0.0,16.962905448590128,2.4632148173016805e-16,0.0,"{""camsl_japan_smart_meters"":{""available_profile_sources"":1423,""logical_devices"":1292,""mean_profile_reuse"":1.0,""profile_bootstrap"":false,""selected_unique_profile_sources"":1292,""weight"":0.25833333333333336},""irish_domestic_smart_meters"":{""available_profile_sources"":2904,""logical_devices"":1292,""mean_profile_reuse"":1.0,""profile_bootstrap"":false,""selected_unique_profile_sources"":1292,""weight"":0.25833333333333336},""low_carbon_london"":{""available_profile_sources"":5000,""logical_devices"":2416,""mean_profile_reuse"":1.0,""profile_bootstrap"":false,""selected_unique_profile_sources"":2416,""weight"":0.48333333333333334}}",dataset_combinations_mixed_physical_fleet_v1,,,,
predefined_mixed_scenario,S1-A,Similar residential,相似住宅半小时电表融合,aggregate,centralized_optimal,Centralized greedy UB,O(N),15,4157390,5157390,dominant_plus_15pp,5000,"{""camsl_japan_smart_meters"":0.3333333333333333,""irish_domestic_smart_meters"":0.3333333333333333,""low_carbon_london"":0.3333333333333333}","{""camsl_japan_smart_meters"":0.25833333333333336,""irish_domestic_smart_meters"":0.25833333333333336,""low_carbon_london"":0.48333333333333334}","{""camsl_japan_smart_meters"":1292,""irish_domestic_smart_meters"":1292,""low_carbon_london"":2416}",False,test,88.02625397074293,71.10847043217248,16.917783538570447,19.219020207531916,0.8946620000000001,0.6648274553981337,0,0.0,16.917783538570447,7.034373084024992e-16,0.0,"{""camsl_japan_smart_meters"":{""available_profile_sources"":1423,""logical_devices"":1292,""mean_profile_reuse"":1.0,""profile_bootstrap"":false,""selected_unique_profile_sources"":1292,""weight"":0.25833333333333336},""irish_domestic_smart_meters"":{""available_profile_sources"":2904,""logical_devices"":1292,""mean_profile_reuse"":1.0,""profile_bootstrap"":false,""selected_unique_profile_sources"":1292,""weight"":0.25833333333333336},""low_carbon_london"":{""available_profile_sources"":5000,""logical_devices"":2416,""mean_profile_reuse"":1.0,""profile_bootstrap"":false,""selected_unique_profile_sources"":2416,""weight"":0.48333333333333334}}",dataset_combinations_mixed_physical_fleet_v1,,,,
predefined_mixed_scenario,S1-A,Similar residential,相似住宅半小时电表融合,aggregate,centralized_optimal,Centralized greedy UB,O(N),16,4157391,5157391,dominant_plus_15pp,5000,"{""camsl_japan_smart_meters"":0.3333333333333333,""irish_domestic_smart_meters"":0.3333333333333333,""low_carbon_london"":0.3333333333333333}","{""camsl_japan_smart_meters"":0.25833333333333336,""irish_domestic_smart_meters"":0.25833333333333336,""low_carbon_london"":0.48333333333333334}","{""camsl_japan_smart_meters"":1292,""irish_domestic_smart_meters"":1292,""low_carbon_london"":2416}",False,test,34.34285284132739,12.659897594233417,21.682955247093975,63.13673283717772,0.8952839999999993,0.9606189817855968,0,0.0,21.682955247093975,2.6526928801710404e-16,0.0,"{""camsl_japan_smart_meters"":{""available_profile_sources"":1423,""logical_devices"":1292,""mean_profile_reuse"":1.0,""profile_bootstrap"":false,""selected_unique_profile_sources"":1292,""weight"":0.25833333333333336},""irish_domestic_smart_meters"":{""available_profile_sources"":2904,""logical_devices"":1292,""mean_profile_reuse"":1.0,""profile_bootstrap"":false,""selected_unique_profile_sources"":1292,""weight"":0.25833333333333336},""low_carbon_london"":{""available_profile_sources"":5000,""logical_devices"":2416,""mean_profile_reuse"":1.0,""profile_bootstrap"":false,""selected_unique_profile_sources"":2416,""weight"":0.48333333333333334}}",dataset_combinations_mixed_physical_fleet_v1,,,,
predefined_mixed_scenario,S1-A,Similar residential,相似住宅半小时电表融合,aggregate,centralized_optimal,Centralized greedy UB,O(N),17,4157392,5157392,dominant_plus_15pp,5000,"{""camsl_japan_smart_meters"":0.3333333333333333,""irish_domestic_smart_meters"":0.3333333333333333,""low_carbon_london"":0.3333333333333333}","{""camsl_japan_smart_meters"":0.25833333333333336,""irish_domestic_smart_meters"":0.25833333333333336,""low_carbon_london"":0.48333333333333334}","{""camsl_japan_smart_meters"":1292,""irish_domestic_smart_meters"":1292,""low_carbon_london"":2416}",False,test,115.39922244505395,107.40525591208632,7.993966532967636,6.927227379520578,0.8944600000000003,0.3652248290624349,0,0.0,7.993966532967636,0.0,0.0,"{""camsl_japan_smart_meters"":{""available_profile_sources"":1423,""logical_devices"":1292,""mean_profile_reuse"":1.0,""profile_bootstrap"":false,""selected_unique_profile_sources"":1292,""weight"":0.25833333333333336},""irish_domestic_smart_meters"":{""available_profile_sources"":2904,""logical_devices"":1292,""mean_profile_reuse"":1.0,""profile_bootstrap"":false,""selected_unique_profile_sources"":1292,""weight"":0.25833333333333336},""low_carbon_london"":{""available_profile_sources"":5000,""logical_devices"":2416,""mean_profile_reuse"":1.0,""profile_bootstrap"":false,""selected_unique_profile_sources"":2416,""weight"":0.48333333333333334}}",dataset_combinations_mixed_physical_fleet_v1,,,,
predefined_mixed_scenario,S1-A,Similar residential,相似住宅半小时电表融合,aggregate,centralized_optimal,Centralized greedy UB,O(N),18,4157393,5157393,dominant_plus_15pp,5000,"{""camsl_japan_smart_meters"":0.3333333333333333,""irish_domestic_smart_meters"":0.3333333333333333,""low_carbon_london"":0.3333333333333333}","{""camsl_japan_smart_meters"":0.25833333333333336,""irish_domestic_smart_meters"":0.25833333333333336,""low_carbon_london"":0.48333333333333334}","{""camsl_japan_smart_meters"":1292,""irish_domestic_smart_meters"":1292,""low_carbon_london"":2416}",False,test,116.55953935824265,109.26176297318823,7.297776385054416,6.260985952102039,0.8944279999999996,0.3505426107716063,0,0.0,7.297776385054416,0.0,0.0,"{""camsl_japan_smart_meters"":{""available_profile_sources"":1423,""logical_devices"":1292,""mean_profile_reuse"":1.0,""profile_bootstrap"":false,""selected_unique_profile_sources"":1292,""weight"":0.25833333333333336},""irish_domestic_smart_meters"":{""available_profile_sources"":2904,""logical_devices"":1292,""mean_profile_reuse"":1.0,""profile_bootstrap"":false,""selected_unique_profile_sources"":1292,""weight"":0.25833333333333336},""low_carbon_london"":{""available_profile_sources"":5000,""logical_devices"":2416,""mean_profile_reuse"":1.0,""profile_bootstrap"":false,""selected_unique_profile_sources"":2416,""weight"":0.48333333333333334}}",dataset_combinations_mixed_physical_fleet_v1,,,,
predefined_mixed_scenario,S1-A,Similar residential,相似住宅半小时电表融合,aggregate,centralized_optimal,Centralized greedy UB,O(N),19,4157394,5157394,dominant_plus_15pp,5000,"{""camsl_japan_smart_meters"":0.3333333333333333,""irish_domestic_smart_meters"":0.3333333333333333,""low_carbon_london"":0.3333333333333333}","{""camsl_japan_smart_meters"":0.25833333333333336,""irish_domestic_smart_meters"":0.25833333333333336,""low_carbon_london"":0.48333333333333334}","{""camsl_japan_smart_meters"":1292,""irish_domestic_smart_meters"":1292,""low_carbon_london"":2416}",False,test,87.89492152832275,70.86723876956638,17.027682758756367,19.37277201307867,0.8948320000000002,0.6659919096417006,0,0.0,17.027682758756367,1.2908193032975154e-15,0.0,"{""camsl_japan_smart_meters"":{""available_profile_sources"":1423,""logical_devices"":1292,""mean_profile_reuse"":1.0,""profile_bootstrap"":false,""selected_unique_profile_sources"":1292,""weight"":0.25833333333333336},""irish_domestic_smart_meters"":{""available_profile_sources"":2904,""logical_devices"":1292,""mean_profile_reuse"":1.0,""profile_bootstrap"":false,""selected_unique_profile_sources"":1292,""weight"":0.25833333333333336},""low_carbon_london"":{""available_profile_sources"":5000,""logical_devices"":2416,""mean_profile_reuse"":1.0,""profile_bootstrap"":false,""selected_unique_profile_sources"":2416,""weight"":0.48333333333333334}}",dataset_combinations_mixed_physical_fleet_v1,,,,
predefined_mixed_scenario,S1-A,Similar residential,相似住宅半小时电表融合,aggregate,centralized_optimal,Centralized greedy UB,O(N),20,4157395,5157395,dominant_minus_15pp,5000,"{""camsl_japan_smart_meters"":0.3333333333333333,""irish_domestic_smart_meters"":0.3333333333333333,""low_carbon_london"":0.3333333333333333}","{""camsl_japan_smart_meters"":0.40833333333333327,""irish_domestic_smart_meters"":0.40833333333333327,""low_carbon_london"":0.18333333333333332}","{""camsl_japan_smart_meters"":2042,""irish_domestic_smart_meters"":2042,""low_carbon_london"":916}",False,test,119.49794937160793,113.5156351969164,5.982314174691525,5.00620655513348,0.8946659999999994,0.32413966097728114,0,0.0,5.982314174691525,2.842170943040401e-17,0.0,"{""camsl_japan_smart_meters"":{""available_profile_sources"":1423,""logical_devices"":2042,""mean_profile_reuse"":1.8855032317636196,""profile_bootstrap"":true,""selected_unique_profile_sources"":1083,""weight"":0.40833333333333327},""irish_domestic_smart_meters"":{""available_profile_sources"":2904,""logical_devices"":2042,""mean_profile_reuse"":1.0,""profile_bootstrap"":false,""selected_unique_profile_sources"":2042,""weight"":0.40833333333333327},""low_carbon_london"":{""available_profile_sources"":5000,""logical_devices"":916,""mean_profile_reuse"":1.0,""profile_bootstrap"":false,""selected_unique_profile_sources"":916,""weight"":0.18333333333333332}}",dataset_combinations_mixed_physical_fleet_v1,,,,
predefined_mixed_scenario,S1-A,Similar residential,相似住宅半小时电表融合,aggregate,centralized_optimal,Centralized greedy UB,O(N),21,4157396,5157396,dominant_minus_15pp,5000,"{""camsl_japan_smart_meters"":0.3333333333333333,""irish_domestic_smart_meters"":0.3333333333333333,""low_carbon_london"":0.3333333333333333}","{""camsl_japan_smart_meters"":0.40833333333333327,""irish_domestic_smart_meters"":0.40833333333333327,""low_carbon_london"":0.18333333333333332}","{""camsl_japan_smart_meters"":2042,""irish_domestic_smart_meters"":2042,""low_carbon_london"":916}",False,test,117.44510155030538,110.6786624804886,6.766439069816781,5.761363377865962,0.8953819999999997,0.3443672427462785,0,0.0,6.766439069816781,0.0,0.0,"{""camsl_japan_smart_meters"":{""available_profile_sources"":1423,""logical_devices"":2042,""mean_profile_reuse"":1.8889916743755781,""profile_bootstrap"":true,""selected_unique_profile_sources"":1081,""weight"":0.40833333333333327},""irish_domestic_smart_meters"":{""available_profile_sources"":2904,""logical_devices"":2042,""mean_profile_reuse"":1.0,""profile_bootstrap"":false,""selected_unique_profile_sources"":2042,""weight"":0.40833333333333327},""low_carbon_london"":{""available_profile_sources"":5000,""logical_devices"":916,""mean_profile_reuse"":1.0,""profile_bootstrap"":false,""selected_unique_profile_sources"":916,""weight"":0.18333333333333332}}",dataset_combinations_mixed_physical_fleet_v1,,,,
predefined_mixed_scenario,S1-A,Similar residential,相似住宅半小时电表融合,aggregate,centralized_optimal,Centralized greedy UB,O(N),22,4157397,5157397,dominant_minus_15pp,5000,"{""camsl_japan_smart_meters"":0.3333333333333333,""irish_domestic_smart_meters"":0.3333333333333333,""low_carbon_london"":0.3333333333333333}","{""camsl_japan_smart_meters"":0.40833333333333327,""irish_domestic_smart_meters"":0.40833333333333327,""low_carbon_london"":0.18333333333333332}","{""camsl_japan_smart_meters"":2042,""irish_domestic_smart_meters"":2042,""low_carbon_london"":916}",False,test,81.06810566662502,64.66889495861544,16.399210708009573,20.228930444542236,0.8949619999999995,0.694431478556935,0,0.0,16.399210708009573,4.026408835973901e-17,0.0,"{""camsl_japan_smart_meters"":{""available_profile_sources"":1423,""logical_devices"":2042,""mean_profile_reuse"":1.8682525160109789,""profile_bootstrap"":true,""selected_unique_profile_sources"":1093,""weight"":0.40833333333333327},""irish_domestic_smart_meters"":{""available_profile_sources"":2904,""logical_devices"":2042,""mean_profile_reuse"":1.0,""profile_bootstrap"":false,""selected_unique_profile_sources"":2042,""weight"":0.40833333333333327},""low_carbon_london"":{""available_profile_sources"":5000,""logical_devices"":916,""mean_profile_reuse"":1.0,""profile_bootstrap"":false,""selected_unique_profile_sources"":916,""weight"":0.18333333333333332}}",dataset_combinations_mixed_physical_fleet_v1,,,,
predefined_mixed_scenario,S1-A,Similar residential,相似住宅半小时电表融合,aggregate,centralized_optimal,Centralized greedy UB,O(N),23,4157398,5157398,dominant_minus_15pp,5000,"{""camsl_japan_smart_meters"":0.3333333333333333,""irish_domestic_smart_meters"":0.3333333333333333,""low_carbon_london"":0.3333333333333333}","{""camsl_japan_smart_meters"":0.40833333333333327,""irish_domestic_smart_meters"":0.40833333333333327,""low_carbon_london"":0.18333333333333332}","{""camsl_japan_smart_meters"":2042,""irish_domestic_smart_meters"":2042,""low_carbon_london"":916}",False,test,118.93112164025422,112.76134149025391,6.169780150000304,5.1876918883038945,0.8950420000000001,0.32892913591217665,0,0.0,6.169780150000304,2.1316282072803006e-17,0.0,"{""camsl_japan_smart_meters"":{""available_profile_sources"":1423,""logical_devices"":2042,""mean_profile_reuse"":1.8907407407407408,""profile_bootstrap"":true,""selected_unique_profile_sources"":1080,""weight"":0.40833333333333327},""irish_domestic_smart_meters"":{""available_profile_sources"":2904,""logical_devices"":2042,""mean_profile_reuse"":1.0,""profile_bootstrap"":false,""selected_unique_profile_sources"":2042,""weight"":0.40833333333333327},""low_carbon_london"":{""available_profile_sources"":5000,""logical_devices"":916,""mean_profile_reuse"":1.0,""profile_bootstrap"":false,""selected_unique_profile_sources"":916,""weight"":0.18333333333333332}}",dataset_combinations_mixed_physical_fleet_v1,,,,
predefined_mixed_scenario,S1-A,Similar residential,相似住宅半小时电表融合,aggregate,centralized_optimal,Centralized greedy UB,O(N),24,4157399,5157399,dominant_minus_15pp,5000,"{""camsl_japan_smart_meters"":0.3333333333333333,""irish_domestic_smart_meters"":0.3333333333333333,""low_carbon_london"":0.3333333333333333}","{""camsl_japan_smart_meters"":0.40833333333333327,""irish_domestic_smart_meters"":0.40833333333333327,""low_carbon_london"":0.18333333333333332}","{""camsl_japan_smart_meters"":2042,""irish_domestic_smart_meters"":2042,""low_carbon_london"":916}",False,test,93.42266548412086,77.90291813949685,15.519747344624008,16.612400496389085,0.8955180000000001,0.6349666698495121,0,0.0,15.519747344624012,5.785002106980148e-16,0.0,"{""camsl_japan_smart_meters"":{""available_profile_sources"":1423,""logical_devices"":2042,""mean_profile_reuse"":1.873394495412844,""profile_bootstrap"":true,""selected_unique_profile_sources"":1090,""weight"":0.40833333333333327},""irish_domestic_smart_meters"":{""available_profile_sources"":2904,""logical_devices"":2042,""mean_profile_reuse"":1.0,""profile_bootstrap"":false,""selected_unique_profile_sources"":2042,""weight"":0.40833333333333327},""low_carbon_london"":{""available_profile_sources"":5000,""logical_devices"":916,""mean_profile_reuse"":1.0,""profile_bootstrap"":false,""selected_unique_profile_sources"":916,""weight"":0.18333333333333332}}",dataset_combinations_mixed_physical_fleet_v1,,,,
predefined_mixed_scenario,S1-A,Similar residential,相似住宅半小时电表融合,aggregate,centralized_optimal,Centralized greedy UB,O(N),25,4157400,5157400,dominant_minus_15pp,5000,"{""camsl_japan_smart_meters"":0.3333333333333333,""irish_domestic_smart_meters"":0.3333333333333333,""low_carbon_london"":0.3333333333333333}","{""camsl_japan_smart_meters"":0.40833333333333327,""irish_domestic_smart_meters"":0.40833333333333327,""low_carbon_london"":0.18333333333333332}","{""camsl_japan_smart_meters"":2042,""irish_domestic_smart_meters"":2042,""low_carbon_london"":916}",False,test,116.94909145933657,109.88504633493851,7.064045124398068,6.040273623548624,0.8945560000000002,0.3498026276264902,0,0.0,7.064045124398068,0.0,0.0,"{""camsl_japan_smart_meters"":{""available_profile_sources"":1423,""logical_devices"":2042,""mean_profile_reuse"":1.8837638376383763,""profile_bootstrap"":true,""selected_unique_profile_sources"":1084,""weight"":0.40833333333333327},""irish_domestic_smart_meters"":{""available_profile_sources"":2904,""logical_devices"":2042,""mean_profile_reuse"":1.0,""profile_bootstrap"":false,""selected_unique_profile_sources"":2042,""weight"":0.40833333333333327},""low_carbon_london"":{""available_profile_sources"":5000,""logical_devices"":916,""mean_profile_reuse"":1.0,""profile_bootstrap"":false,""selected_unique_profile_sources"":916,""weight"":0.18333333333333332}}",dataset_combinations_mixed_physical_fleet_v1,,,,
predefined_mixed_scenario,S1-A,Similar residential,相似住宅半小时电表融合,aggregate,centralized_optimal,Centralized greedy UB,O(N),26,4157401,5157401,dominant_minus_15pp,5000,"{""camsl_japan_smart_meters"":0.3333333333333333,""irish_domestic_smart_meters"":0.3333333333333333,""low_carbon_london"":0.3333333333333333}","{""camsl_japan_smart_meters"":0.40833333333333327,""irish_domestic_smart_meters"":0.40833333333333327,""low_carbon_london"":0.18333333333333332}","{""camsl_japan_smart_meters"":2042,""irish_domestic_smart_meters"":2042,""low_carbon_london"":916}",False,test,76.09165542782053,58.21614620426078,17.875509223559746,23.4920756067874,0.8947599999999994,0.7206610211298187,0,0.0,17.875509223559746,2.6526928801710404e-16,0.0,"{""camsl_japan_smart_meters"":{""available_profile_sources"":1423,""logical_devices"":2042,""mean_profile_reuse"":1.9048507462686568,""profile_bootstrap"":true,""selected_unique_profile_sources"":1072,""weight"":0.40833333333333327},""irish_domestic_smart_meters"":{""available_profile_sources"":2904,""logical_devices"":2042,""mean_profile_reuse"":1.0,""profile_bootstrap"":false,""selected_unique_profile_sources"":2042,""weight"":0.40833333333333327},""low_carbon_london"":{""available_profile_sources"":5000,""logical_devices"":916,""mean_profile_reuse"":1.0,""profile_bootstrap"":false,""selected_unique_profile_sources"":916,""weight"":0.18333333333333332}}",dataset_combinations_mixed_physical_fleet_v1,,,,
predefined_mixed_scenario,S1-A,Similar residential,相似住宅半小时电表融合,aggregate,centralized_optimal,Centralized greedy UB,O(N),27,4157402,5157402,dominant_minus_15pp,5000,"{""camsl_japan_smart_meters"":0.3333333333333333,""irish_domestic_smart_meters"":0.3333333333333333,""low_carbon_london"":0.3333333333333333}","{""camsl_japan_smart_meters"":0.40833333333333327,""irish_domestic_smart_meters"":0.40833333333333327,""low_carbon_london"":0.18333333333333332}","{""camsl_japan_smart_meters"":2042,""irish_domestic_smart_meters"":2042,""low_carbon_london"":916}",False,test,76.15386165036907,58.29188305848848,17.86197859188059,23.455118630604627,0.8944899999999999,0.7203153672908452,0,0.0,17.861978591880593,7.152796873318341e-16,0.0,"{""camsl_japan_smart_meters"":{""available_profile_sources"":1423,""logical_devices"":2042,""mean_profile_reuse"":1.88724584103512,""profile_bootstrap"":true,""selected_unique_profile_sources"":1082,""weight"":0.40833333333333327},""irish_domestic_smart_meters"":{""available_profile_sources"":2904,""logical_devices"":2042,""mean_profile_reuse"":1.0,""profile_bootstrap"":false,""selected_unique_profile_sources"":2042,""weight"":0.40833333333333327},""low_carbon_london"":{""available_profile_sources"":5000,""logical_devices"":916,""mean_profile_reuse"":1.0,""profile_bootstrap"":false,""selected_unique_profile_sources"":916,""weight"":0.18333333333333332}}",dataset_combinations_mixed_physical_fleet_v1,,,,
predefined_mixed_scenario,S1-A,Similar residential,相似住宅半小时电表融合,aggregate,centralized_optimal,Centralized greedy UB,O(N),28,4157403,5157403,dominant_minus_15pp,5000,"{""camsl_japan_smart_meters"":0.3333333333333333,""irish_domestic_smart_meters"":0.3333333333333333,""low_carbon_london"":0.3333333333333333}","{""camsl_japan_smart_meters"":0.40833333333333327,""irish_domestic_smart_meters"":0.40833333333333327,""low_carbon_london"":0.18333333333333332}","{""camsl_japan_smart_meters"":2042,""irish_domestic_smart_meters"":2042,""low_carbon_london"":916}",False,test,117.44053531021741,110.67135649634785,6.769178813869556,5.763920264829238,0.8935279999999994,0.34380603381546204,0,0.0,6.769178813869556,0.0,0.0,"{""camsl_japan_smart_meters"":{""available_profile_sources"":1423,""logical_devices"":2042,""mean_profile_reuse"":1.8768382352941178,""profile_bootstrap"":true,""selected_unique_profile_sources"":1088,""weight"":0.40833333333333327},""irish_domestic_smart_meters"":{""available_profile_sources"":2904,""logical_devices"":2042,""mean_profile_reuse"":1.0,""profile_bootstrap"":false,""selected_unique_profile_sources"":2042,""weight"":0.40833333333333327},""low_carbon_london"":{""available_profile_sources"":5000,""logical_devices"":916,""mean_profile_reuse"":1.0,""profile_bootstrap"":false,""selected_unique_profile_sources"":916,""weight"":0.18333333333333332}}",dataset_combinations_mixed_physical_fleet_v1,,,,
predefined_mixed_scenario,S1-A,Similar residential,相似住宅半小时电表融合,aggregate,centralized_optimal,Centralized greedy UB,O(N),29,4157404,5157404,dominant_minus_15pp,5000,"{""camsl_japan_smart_meters"":0.3333333333333333,""irish_domestic_smart_meters"":0.3333333333333333,""low_carbon_london"":0.3333333333333333}","{""camsl_japan_smart_meters"":0.40833333333333327,""irish_domestic_smart_meters"":0.40833333333333327,""low_carbon_london"":0.18333333333333332}","{""camsl_japan_smart_meters"":2042,""irish_domestic_smart_meters"":2042,""low_carbon_london"":916}",False,test,119.26312002552302,113.24027401813841,6.022846007384619,5.050049006009309,0.8940979999999997,0.32653615777097994,0,0.0,6.022846007384619,2.1316282072803006e-17,0.0,"{""camsl_japan_smart_meters"":{""available_profile_sources"":1423,""logical_devices"":2042,""mean_profile_reuse"":1.873394495412844,""profile_bootstrap"":true,""selected_unique_profile_sources"":1090,""weight"":0.40833333333333327},""irish_domestic_smart_meters"":{""available_profile_sources"":2904,""logical_devices"":2042,""mean_profile_reuse"":1.0,""profile_bootstrap"":false,""selected_unique_profile_sources"":2042,""weight"":0.40833333333333327},""low_carbon_london"":{""available_profile_sources"":5000,""logical_devices"":916,""mean_profile_reuse"":1.0,""profile_bootstrap"":false,""selected_unique_profile_sources"":916,""weight"":0.18333333333333332}}",dataset_combinations_mixed_physical_fleet_v1,,,,
predefined_mixed_scenario,S1-A,Similar residential,相似住宅半小时电表融合,aggregate,eps_e20_pooled,E20 pooled EPS,O(1),0,4157375,4957375,nominal,5000,"{""camsl_japan_smart_meters"":0.3333333333333333,""irish_domestic_smart_meters"":0.3333333333333333,""low_carbon_london"":0.3333333333333333}","{""camsl_japan_smart_meters"":0.3333333333333333,""irish_domestic_smart_meters"":0.3333333333333333,""low_carbon_london"":0.3333333333333333}","{""camsl_japan_smart_meters"":1667,""irish_domestic_smart_meters"":1666,""low_carbon_london"":1667}",False,test,118.77974816885487,112.50197272893678,6.277775439918082,5.285223732747547,0.8957160000000001,0.2756453521707123,0,0.0,7.025839500059957,0.7480640601418774,0.0,"{""camsl_japan_smart_meters"":{""available_profile_sources"":1423,""logical_devices"":1667,""mean_profile_reuse"":1.6736947791164658,""profile_bootstrap"":true,""selected_unique_profile_sources"":996,""weight"":0.3333333333333333},""irish_domestic_smart_meters"":{""available_profile_sources"":2904,""logical_devices"":1666,""mean_profile_reuse"":1.0,""profile_bootstrap"":false,""selected_unique_profile_sources"":1666,""weight"":0.3333333333333333},""low_carbon_london"":{""available_profile_sources"":5000,""logical_devices"":1667,""mean_profile_reuse"":1.0,""profile_bootstrap"":false,""selected_unique_profile_sources"":1667,""weight"":0.3333333333333333}}",dataset_combinations_mixed_physical_fleet_v1,3897.7346179566484,2340.7368421052633,3897.7346179566484,4215.70489301339
predefined_mixed_scenario,S1-A,Similar residential,相似住宅半小时电表融合,aggregate,eps_e20_pooled,E20 pooled EPS,O(1),1,4157376,4957376,nominal,5000,"{""camsl_japan_smart_meters"":0.3333333333333333,""irish_domestic_smart_meters"":0.3333333333333333,""low_carbon_london"":0.3333333333333333}","{""camsl_japan_smart_meters"":0.3333333333333333,""irish_domestic_smart_meters"":0.3333333333333333,""low_carbon_london"":0.3333333333333333}","{""camsl_japan_smart_meters"":1667,""irish_domestic_smart_meters"":1666,""low_carbon_london"":1667}",False,test,119.29567015917064,113.1156320257183,6.180038133452346,5.180437919671859,0.895062,0.26555531678056227,0,0.0,7.154597904497617,0.9745597710452719,0.0,"{""camsl_japan_smart_meters"":{""available_profile_sources"":1423,""logical_devices"":1667,""mean_profile_reuse"":1.7150205761316872,""profile_bootstrap"":true,""selected_unique_profile_sources"":972,""weight"":0.3333333333333333},""irish_domestic_smart_meters"":{""available_profile_sources"":2904,""logical_devices"":1666,""mean_profile_reuse"":1.0,""profile_bootstrap"":false,""selected_unique_profile_sources"":1666,""weight"":0.3333333333333333},""low_carbon_london"":{""available_profile_sources"":5000,""logical_devices"":1667,""mean_profile_reuse"":1.0,""profile_bootstrap"":false,""selected_unique_profile_sources"":1667,""weight"":0.3333333333333333}}",dataset_combinations_mixed_physical_fleet_v1,3911.9970031298058,2351.842105263158,3911.9970031298058,4246.3153478129225
predefined_mixed_scenario,S1-A,Similar residential,相似住宅半小时电表融合,aggregate,eps_e20_pooled,E20 pooled EPS,O(1),2,4157377,4957377,nominal,5000,"{""camsl_japan_smart_meters"":0.3333333333333333,""irish_domestic_smart_meters"":0.3333333333333333,""low_carbon_london"":0.3333333333333333}","{""camsl_japan_smart_meters"":0.3333333333333333,""irish_domestic_smart_meters"":0.3333333333333333,""low_carbon_london"":0.3333333333333333}","{""camsl_japan_smart_meters"":1667,""irish_domestic_smart_meters"":1666,""low_carbon_london"":1667}",False,test,118.87531576590331,112.59769505511862,6.277620710784683,5.280844614660769,0.8940339999999997,0.2755881580110573,0,0.0,7.12026132434299,0.8426406135583061,0.0,"{""camsl_japan_smart_meters"":{""available_profile_sources"":1423,""logical_devices"":1667,""mean_profile_reuse"":1.685540950455005,""profile_bootstrap"":true,""selected_unique_profile_sources"":989,""weight"":0.3333333333333333},""irish_domestic_smart_meters"":{""available_profile_sources"":2904,""logical_devices"":1666,""mean_profile_reuse"":1.0,""profile_bootstrap"":false,""selected_unique_profile_sources"":1666,""weight"":0.3333333333333333},""low_carbon_london"":{""available_profile_sources"":5000,""logical_devices"":1667,""mean_profile_reuse"":1.0,""profile_bootstrap"":false,""selected_unique_profile_sources"":1667,""weight"":0.3333333333333333}}",dataset_combinations_mixed_physical_fleet_v1,3901.4209871595785,2345.2105263157896,3901.4209871595785,4229.12666031999
predefined_mixed_scenario,S1-A,Similar residential,相似住宅半小时电表融合,aggregate,eps_e20_pooled,E20 pooled EPS,O(1),3,4157378,4957378,nominal,5000,"{""camsl_japan_smart_meters"":0.3333333333333333,""irish_domestic_smart_meters"":0.3333333333333333,""low_carbon_london"":0.3333333333333333}","{""camsl_japan_smart_meters"":0.3333333333333333,""irish_domestic_smart_meters"":0.3333333333333333,""low_carbon_london"":0.3333333333333333}","{""camsl_japan_smart_meters"":1667,""irish_domestic_smart_meters"":1666,""low_carbon_london"":1667}",False,test,116.71667847098053,109.51318555356883,7.203492917411696,6.1717768289668316,0.8953980000000004,0.27956506016708604,0,0.0,7.203492917411696,0.0,0.0,"{""camsl_japan_smart_meters"":{""available_profile_sources"":1423,""logical_devices"":1667,""mean_profile_reuse"":1.6992864424057084,""profile_bootstrap"":true,""selected_unique_profile_sources"":981,""weight"":0.3333333333333333},""irish_domestic_smart_meters"":{""available_profile_sources"":2904,""logical_devices"":1666,""mean_profile_reuse"":1.0,""profile_bootstrap"":false,""selected_unique_profile_sources"":1666,""weight"":0.3333333333333333},""low_carbon_london"":{""available_profile_sources"":5000,""logical_devices"":1667,""mean_profile_reuse"":1.0,""profile_bootstrap"":false,""selected_unique_profile_sources"":1667,""weight"":0.3333333333333333}}",dataset_combinations_mixed_physical_fleet_v1,4095.0,2454.0,4095.0,4397.756294687319
predefined_mixed_scenario,S1-A,Similar residential,相似住宅半小时电表融合,aggregate,eps_e20_pooled,E20 pooled EPS,O(1),4,4157379,4957379,nominal,5000,"{""camsl_japan_smart_meters"":0.3333333333333333,""irish_domestic_smart_meters"":0.3333333333333333,""low_carbon_london"":0.3333333333333333}","{""camsl_japan_smart_meters"":0.3333333333333333,""irish_domestic_smart_meters"":0.3333333333333333,""low_carbon_london"":0.3333333333333333}","{""camsl_japan_smart_meters"":1667,""irish_domestic_smart_meters"":1666,""low_carbon_london"":1667}",False,test,57.60431467300061,35.20792325465762,22.396391418342986,38.87971160750615,0.8952659999999999,0.8525320171131102,0,0.0,22.685062230468223,0.28867081212523454,0.0,"{""camsl_japan_smart_meters"":{""available_profile_sources"":1423,""logical_devices"":1667,""mean_profile_reuse"":1.6958290946083419,""profile_bootstrap"":true,""selected_unique_profile_sources"":983,""weight"":0.3333333333333333},""irish_domestic_smart_meters"":{""available_profile_sources"":2904,""logical_devices"":1666,""mean_profile_reuse"":1.0,""profile_bootstrap"":false,""selected_unique_profile_sources"":1666,""weight"":0.3333333333333333},""low_carbon_london"":{""available_profile_sources"":5000,""logical_devices"":1667,""mean_profile_reuse"":1.0,""profile_bootstrap"":false,""selected_unique_profile_sources"":1667,""weight"":0.3333333333333333}}",dataset_combinations_mixed_physical_fleet_v1,3550.586621196954,2890.5555555555557,3684.318400047098,5297.449431721356
predefined_mixed_scenario,S1-A,Similar residential,相似住宅半小时电表融合,aggregate,eps_e20_pooled,E20 pooled EPS,O(1),5,4157380,4957380,nominal,5000,"{""camsl_japan_smart_meters"":0.3333333333333333,""irish_domestic_smart_meters"":0.3333333333333333,""low_carbon_london"":0.3333333333333333}","{""camsl_japan_smart_meters"":0.3333333333333333,""irish_domestic_smart_meters"":0.3333333333333333,""low_carbon_london"":0.3333333333333333}","{""camsl_japan_smart_meters"":1667,""irish_domestic_smart_meters"":1666,""low_carbon_london"":1667}",False,test,53.1838880570194,31.047283500688366,22.136604556331037,41.62276464743981,0.8950019999999994,0.889743106152943,0,0.0,23.14156945076819,1.0049648944371534,0.0,"{""camsl_japan_smart_meters"":{""available_profile_sources"":1423,""logical_devices"":1667,""mean_profile_reuse"":1.6941056910569106,""profile_bootstrap"":true,""selected_unique_profile_sources"":984,""weight"":0.3333333333333333},""irish_domestic_smart_meters"":{""available_profile_sources"":2904,""logical_devices"":1666,""mean_profile_reuse"":1.0,""profile_bootstrap"":false,""selected_unique_profile_sources"":1666,""weight"":0.3333333333333333},""low_carbon_london"":{""available_profile_sources"":5000,""logical_devices"":1667,""mean_profile_reuse"":1.0,""profile_bootstrap"":false,""selected_unique_profile_sources"":1667,""weight"":0.3333333333333333}}",dataset_combinations_mixed_physical_fleet_v1,3366.116012615559,2785.5555555555557,3531.482568121516,5077.020403213801
predefined_mixed_scenario,S1-A,Similar residential,相似住宅半小时电表融合,aggregate,eps_e20_pooled,E20 pooled EPS,O(1),6,4157381,4957381,nominal,5000,"{""camsl_japan_smart_meters"":0.3333333333333333,""irish_domestic_smart_meters"":0.3333333333333333,""low_carbon_london"":0.3333333333333333}","{""camsl_japan_smart_meters"":0.3333333333333333,""irish_domestic_smart_meters"":0.3333333333333333,""low_carbon_london"":0.3333333333333333}","{""camsl_japan_smart_meters"":1667,""irish_domestic_smart_meters"":1666,""low_carbon_london"":1667}",False,test,57.95496238970007,35.690550529069704,22.264411860630368,38.4167480101536,0.8947860000000001,0.8541831785233946,0,0.0,22.539990984478706,0.27557912384834177,0.0,"{""camsl_japan_smart_meters"":{""available_profile_sources"":1423,""logical_devices"":1667,""mean_profile_reuse"":1.6992864424057084,""profile_bootstrap"":true,""selected_unique_profile_sources"":981,""weight"":0.3333333333333333},""irish_domestic_smart_meters"":{""available_profile_sources"":2904,""logical_devices"":1666,""mean_profile_reuse"":1.0,""profile_bootstrap"":false,""selected_unique_profile_sources"":1666,""weight"":0.3333333333333333},""low_carbon_london"":{""available_profile_sources"":5000,""logical_devices"":1667,""mean_profile_reuse"":1.0,""profile_bootstrap"":false,""selected_unique_profile_sources"":1667,""weight"":0.3333333333333333}}",dataset_combinations_mixed_physical_fleet_v1,3565.951409424614,2890.5555555555557,3694.7423262484467,5297.449431721356
predefined_mixed_scenario,S1-A,Similar residential,相似住宅半小时电表融合,aggregate,eps_e20_pooled,E20 pooled EPS,O(1),7,4157382,4957382,nominal,5000,"{""camsl_japan_smart_meters"":0.3333333333333333,""irish_domestic_smart_meters"":0.3333333333333333,""low_carbon_london"":0.3333333333333333}","{""camsl_japan_smart_meters"":0.3333333333333333,""irish_domestic_smart_meters"":0.3333333333333333,""low_carbon_london"":0.3333333333333333}","{""camsl_japan_smart_meters"":1667,""irish_domestic_smart_meters"":1666,""low_carbon_london"":1667}",False,test,104.68219061872061,87.9988412241216,16.683349394599,15.937142025775945,0.8946300000000001,0.3631428506753301,0,0.0,19.164342375846186,2.480992981247189,0.0,"{""camsl_japan_smart_meters"":{""available_profile_sources"":1423,""logical_devices"":1667,""mean_profile_reuse"":1.7167868177136971,""profile_bootstrap"":true,""selected_unique_profile_sources"":971,""weight"":0.3333333333333333},""irish_domestic_smart_meters"":{""available_profile_sources"":2904,""logical_devices"":1666,""mean_profile_reuse"":1.0,""profile_bootstrap"":false,""selected_unique_profile_sources"":1666,""weight"":0.3333333333333333},""low_carbon_london"":{""available_profile_sources"":5000,""logical_devices"":1667,""mean_profile_reuse"":1.0,""profile_bootstrap"":false,""selected_unique_profile_sources"":1667,""weight"":0.3333333333333333}}",dataset_combinations_mixed_physical_fleet_v1,3317.097961985051,1859.8095238095239,3319.754650543929,3453.1525434023956
predefined_mixed_scenario,S1-A,Similar residential,相似住宅半小时电表融合,aggregate,eps_e20_pooled,E20 pooled EPS,O(1),8,4157383,4957383,nominal,5000,"{""camsl_japan_smart_meters"":0.3333333333333333,""irish_domestic_smart_meters"":0.3333333333333333,""low_carbon_london"":0.3333333333333333}","{""camsl_japan_smart_meters"":0.3333333333333333,""irish_domestic_smart_meters"":0.3333333333333333,""low_carbon_london"":0.3333333333333333}","{""camsl_japan_smart_meters"":1667,""irish_domestic_smart_meters"":1666,""low_carbon_london"":1667}",False,test,59.618054040425164,37.48414825215956,22.133905788265608,37.12617955167958,0.8949500000000007,0.8402115740179136,0,0.0,22.21106164967684,0.07715586141123003,0.0,"{""camsl_japan_smart_meters"":{""available_profile_sources"":1423,""logical_devices"":1667,""mean_profile_reuse"":1.6941056910569106,""profile_bootstrap"":true,""selected_unique_profile_sources"":984,""weight"":0.3333333333333333},""irish_domestic_smart_meters"":{""available_profile_sources"":2904,""logical_devices"":1666,""mean_profile_reuse"":1.0,""profile_bootstrap"":false,""selected_unique_profile_sources"":1666,""weight"":0.3333333333333333},""low_carbon_london"":{""available_profile_sources"":5000,""logical_devices"":1667,""mean_profile_reuse"":1.0,""profile_bootstrap"":false,""selected_unique_profile_sources"":1667,""weight"":0.3333333333333333}}",dataset_combinations_mixed_physical_fleet_v1,3605.723202808249,2947.4444444444443,3721.8584764287366,5425.509451532236
predefined_mixed_scenario,S1-A,Similar residential,相似住宅半小时电表融合,aggregate,eps_e20_pooled,E20 pooled EPS,O(1),9,4157384,4957384,nominal,5000,"{""camsl_japan_smart_meters"":0.3333333333333333,""irish_domestic_smart_meters"":0.3333333333333333,""low_carbon_london"":0.3333333333333333}","{""camsl_japan_smart_meters"":0.3333333333333333,""irish_domestic_smart_meters"":0.3333333333333333,""low_carbon_london"":0.3333333333333333}","{""camsl_japan_smart_meters"":1667,""irish_domestic_smart_meters"":1666,""low_carbon_london"":1667}",False,test,115.88173007950672,108.17726812721075,7.704461952295966,6.648556202094948,0.89528,0.2817156692212131,0,0.0,7.704461952295966,0.0,0.0,"{""camsl_japan_smart_meters"":{""available_profile_sources"":1423,""logical_devices"":1667,""mean_profile_reuse"":1.6770623742454729,""profile_bootstrap"":true,""selected_unique_profile_sources"":994,""weight"":0.3333333333333333},""irish_domestic_smart_meters"":{""available_profile_sources"":2904,""logical_devices"":1666,""mean_profile_reuse"":1.0,""profile_bootstrap"":false,""selected_unique_profile_sources"":1666,""weight"":0.3333333333333333},""low_carbon_london"":{""available_profile_sources"":5000,""logical_devices"":1667,""mean_profile_reuse"":1.0,""profile_bootstrap"":false,""selected_unique_profile_sources"":1667,""weight"":0.3333333333333333}}",dataset_combinations_mixed_physical_fleet_v1,4095.0,2454.0555555555557,4095.0,4397.906020056437
predefined_mixed_scenario,S1-A,Similar residential,相似住宅半小时电表融合,aggregate,eps_e20_pooled,E20 pooled EPS,O(1),10,4157385,4957385,dominant_plus_15pp,5000,"{""camsl_japan_smart_meters"":0.3333333333333333,""irish_domestic_smart_meters"":0.3333333333333333,""low_carbon_london"":0.3333333333333333}","{""camsl_japan_smart_meters"":0.25833333333333336,""irish_domestic_smart_meters"":0.25833333333333336,""low_carbon_london"":0.48333333333333334}","{""camsl_japan_smart_meters"":1292,""irish_domestic_smart_meters"":1292,""low_carbon_london"":2416}",False,test,117.80349019493677,111.06958141892135,6.733908776015427,5.71622179009502,0.8945239999999994,0.2780010154070256,0,0.0,7.174075842978827,0.4401670669634012,0.0,"{""camsl_japan_smart_meters"":{""available_profile_sources"":1423,""logical_devices"":1292,""mean_profile_reuse"":1.0,""profile_bootstrap"":false,""selected_unique_profile_sources"":1292,""weight"":0.25833333333333336},""irish_domestic_smart_meters"":{""available_profile_sources"":2904,""logical_devices"":1292,""mean_profile_reuse"":1.0,""profile_bootstrap"":false,""selected_unique_profile_sources"":1292,""weight"":0.25833333333333336},""low_carbon_london"":{""available_profile_sources"":5000,""logical_devices"":2416,""mean_profile_reuse"":1.0,""profile_bootstrap"":false,""selected_unique_profile_sources"":2416,""weight"":0.48333333333333334}}",dataset_combinations_mixed_physical_fleet_v1,3890.25,2338.5263157894738,3890.25,4210.994276309902
predefined_mixed_scenario,S1-A,Similar residential,相似住宅半小时电表融合,aggregate,eps_e20_pooled,E20 pooled EPS,O(1),11,4157386,4957386,dominant_plus_15pp,5000,"{""camsl_japan_smart_meters"":0.3333333333333333,""irish_domestic_smart_meters"":0.3333333333333333,""low_carbon_london"":0.3333333333333333}","{""camsl_japan_smart_meters"":0.25833333333333336,""irish_domestic_smart_meters"":0.25833333333333336,""low_carbon_london"":0.48333333333333334}","{""camsl_japan_smart_meters"":1292,""irish_domestic_smart_meters"":1292,""low_carbon_london"":2416}",False,test,32.95588651632699,11.149743305062906,21.806143211264086,66.1676729602188,0.8943379999999996,0.9725026298821565,0,0.0,22.882693585257023,1.0765503739929363,0.0,"{""camsl_japan_smart_meters"":{""available_profile_sources"":1423,""logical_devices"":1292,""mean_profile_reuse"":1.0,""profile_bootstrap"":false,""selected_unique_profile_sources"":1292,""weight"":0.25833333333333336},""irish_domestic_smart_meters"":{""available_profile_sources"":2904,""logical_devices"":1292,""mean_profile_reuse"":1.0,""profile_bootstrap"":false,""selected_unique_profile_sources"":1292,""weight"":0.25833333333333336},""low_carbon_london"":{""available_profile_sources"":5000,""logical_devices"":2416,""mean_profile_reuse"":1.0,""profile_bootstrap"":false,""selected_unique_profile_sources"":2416,""weight"":0.48333333333333334}}",dataset_combinations_mixed_physical_fleet_v1,2539.1459978866237,2058.1428571428573,3220.590737142755,4675.787402811757
predefined_mixed_scenario,S1-A,Similar residential,相似住宅半小时电表融合,aggregate,eps_e20_pooled,E20 pooled EPS,O(1),12,4157387,4957387,dominant_plus_15pp,5000,"{""camsl_japan_smart_meters"":0.3333333333333333,""irish_domestic_smart_meters"":0.3333333333333333,""low_carbon_london"":0.3333333333333333}","{""camsl_japan_smart_meters"":0.25833333333333336,""irish_domestic_smart_meters"":0.25833333333333336,""low_carbon_london"":0.48333333333333334}","{""camsl_japan_smart_meters"":1292,""irish_domestic_smart_meters"":1292,""low_carbon_london"":2416}",False,test,99.37521774012586,82.21180191991253,17.163415820213334,17.27132398853911,0.895038,0.4636251914402977,0,0.0,20.006095903120833,2.8426800829074987,0.0,"{""camsl_japan_smart_meters"":{""available_profile_sources"":1423,""logical_devices"":1292,""mean_profile_reuse"":1.0,""profile_bootstrap"":false,""selected_unique_profile_sources"":1292,""weight"":0.25833333333333336},""irish_domestic_smart_meters"":{""available_profile_sources"":2904,""logical_devices"":1292,""mean_profile_reuse"":1.0,""profile_bootstrap"":false,""selected_unique_profile_sources"":1292,""weight"":0.25833333333333336},""low_carbon_london"":{""available_profile_sources"":5000,""logical_devices"":2416,""mean_profile_reuse"":1.0,""profile_bootstrap"":false,""selected_unique_profile_sources"":2416,""weight"":0.48333333333333334}}",dataset_combinations_mixed_physical_fleet_v1,3008.4099301443775,1784.7142857142858,3021.783639732579,3323.8357270752276
predefined_mixed_scenario,S1-A,Similar residential,相似住宅半小时电表融合,aggregate,eps_e20_pooled,E20 pooled EPS,O(1),13,4157388,4957388,dominant_plus_15pp,5000,"{""camsl_japan_smart_meters"":0.3333333333333333,""irish_domestic_smart_meters"":0.3333333333333333,""low_carbon_london"":0.3333333333333333}","{""camsl_japan_smart_meters"":0.25833333333333336,""irish_domestic_smart_meters"":0.25833333333333336,""low_carbon_london"":0.48333333333333334}","{""camsl_japan_smart_meters"":1292,""irish_domestic_smart_meters"":1292,""low_carbon_london"":2416}",False,test,116.52089440085292,109.19993104136468,7.320963359488247,6.28296186459298,0.8947660000000004,0.28066440132396686,0,0.0,7.320963359488247,0.0,0.0,"{""camsl_japan_smart_meters"":{""available_profile_sources"":1423,""logical_devices"":1292,""mean_profile_reuse"":1.0,""profile_bootstrap"":false,""selected_unique_profile_sources"":1292,""weight"":0.25833333333333336},""irish_domestic_smart_meters"":{""available_profile_sources"":2904,""logical_devices"":1292,""mean_profile_reuse"":1.0,""profile_bootstrap"":false,""selected_unique_profile_sources"":1292,""weight"":0.25833333333333336},""low_carbon_london"":{""available_profile_sources"":5000,""logical_devices"":2416,""mean_profile_reuse"":1.0,""profile_bootstrap"":false,""selected_unique_profile_sources"":2416,""weight"":0.48333333333333334}}",dataset_combinations_mixed_physical_fleet_v1,4095.0,2454.0,4095.0,4397.756294687319
predefined_mixed_scenario,S1-A,Similar residential,相似住宅半小时电表融合,aggregate,eps_e20_pooled,E20 pooled EPS,O(1),14,4157389,4957389,dominant_plus_15pp,5000,"{""camsl_japan_smart_meters"":0.3333333333333333,""irish_domestic_smart_meters"":0.3333333333333333,""low_carbon_london"":0.3333333333333333}","{""camsl_japan_smart_meters"":0.25833333333333336,""irish_domestic_smart_meters"":0.25833333333333336,""low_carbon_london"":0.48333333333333334}","{""camsl_japan_smart_meters"":1292,""irish_domestic_smart_meters"":1292,""low_carbon_london"":2416}",False,test,101.95823112493407,84.99532567634395,16.962905448590128,16.63711233652602,0.895484,0.41276145311458556,0,0.0,19.80084099660322,2.8379355480130917,0.0,"{""camsl_japan_smart_meters"":{""available_profile_sources"":1423,""logical_devices"":1292,""mean_profile_reuse"":1.0,""profile_bootstrap"":false,""selected_unique_profile_sources"":1292,""weight"":0.25833333333333336},""irish_domestic_smart_meters"":{""available_profile_sources"":2904,""logical_devices"":1292,""mean_profile_reuse"":1.0,""profile_bootstrap"":false,""selected_unique_profile_sources"":1292,""weight"":0.25833333333333336},""low_carbon_london"":{""available_profile_sources"":5000,""logical_devices"":2416,""mean_profile_reuse"":1.0,""profile_bootstrap"":false,""selected_unique_profile_sources"":2416,""weight"":0.48333333333333334}}",dataset_combinations_mixed_physical_fleet_v1,3199.25867302547,1821.3809523809523,3207.485229416704,3382.8428466727974
predefined_mixed_scenario,S1-A,Similar residential,相似住宅半小时电表融合,aggregate,eps_e20_pooled,E20 pooled EPS,O(1),15,4157390,4957390,dominant_plus_15pp,5000,"{""camsl_japan_smart_meters"":0.3333333333333333,""irish_domestic_smart_meters"":0.3333333333333333,""low_carbon_london"":0.3333333333333333}","{""camsl_japan_smart_meters"":0.25833333333333336,""irish_domestic_smart_meters"":0.25833333333333336,""low_carbon_london"":0.48333333333333334}","{""camsl_japan_smart_meters"":1292,""irish_domestic_smart_meters"":1292,""low_carbon_london"":2416}",False,test,88.02625397074293,71.11137627062246,16.914877700120464,19.21571910323757,0.8946620000000001,0.5798147711390528,0,0.0,19.207822914776003,2.2929452146555347,0.0,"{""camsl_japan_smart_meters"":{""available_profile_sources"":1423,""logical_devices"":1292,""mean_profile_reuse"":1.0,""profile_bootstrap"":false,""selected_unique_profile_sources"":1292,""weight"":0.25833333333333336},""irish_domestic_smart_meters"":{""available_profile_sources"":2904,""logical_devices"":1292,""mean_profile_reuse"":1.0,""profile_bootstrap"":false,""selected_unique_profile_sources"":1292,""weight"":0.25833333333333336},""low_carbon_london"":{""available_profile_sources"":5000,""logical_devices"":2416,""mean_profile_reuse"":1.0,""profile_bootstrap"":false,""selected_unique_profile_sources"":2416,""weight"":0.48333333333333334}}",dataset_combinations_mixed_physical_fleet_v1,3007.4038534608844,2156.25,3038.0790206983743,3900.291931317799
predefined_mixed_scenario,S1-A,Similar residential,相似住宅半小时电表融合,aggregate,eps_e20_pooled,E20 pooled EPS,O(1),16,4157391,4957391,dominant_plus_15pp,5000,"{""camsl_japan_smart_meters"":0.3333333333333333,""irish_domestic_smart_meters"":0.3333333333333333,""low_carbon_london"":0.3333333333333333}","{""camsl_japan_smart_meters"":0.25833333333333336,""irish_domestic_smart_meters"":0.25833333333333336,""low_carbon_london"":0.48333333333333334}","{""camsl_japan_smart_meters"":1292,""irish_domestic_smart_meters"":1292,""low_carbon_london"":2416}",False,test,34.34285284132739,12.574230592857177,21.768622248470216,63.386179211863144,0.8952839999999993,0.9653367234441854,0,0.0,22.895254990424192,1.126632741953976,0.0,"{""camsl_japan_smart_meters"":{""available_profile_sources"":1423,""logical_devices"":1292,""mean_profile_reuse"":1.0,""profile_bootstrap"":false,""selected_unique_profile_sources"":1292,""weight"":0.25833333333333336},""irish_domestic_smart_meters"":{""available_profile_sources"":2904,""logical_devices"":1292,""mean_profile_reuse"":1.0,""profile_bootstrap"":false,""selected_unique_profile_sources"":1292,""weight"":0.25833333333333336},""low_carbon_london"":{""available_profile_sources"":5000,""logical_devices"":2416,""mean_profile_reuse"":1.0,""profile_bootstrap"":false,""selected_unique_profile_sources"":2416,""weight"":0.48333333333333334}}",dataset_combinations_mixed_physical_fleet_v1,2718.5999376457407,2192.1428571428573,3330.9377660298014,4830.176588041849
predefined_mixed_scenario,S1-A,Similar residential,相似住宅半小时电表融合,aggregate,eps_e20_pooled,E20 pooled EPS,O(1),17,4157392,4957392,dominant_plus_15pp,5000,"{""camsl_japan_smart_meters"":0.3333333333333333,""irish_domestic_smart_meters"":0.3333333333333333,""low_carbon_london"":0.3333333333333333}","{""camsl_japan_smart_meters"":0.25833333333333336,""irish_domestic_smart_meters"":0.25833333333333336,""low_carbon_london"":0.48333333333333334}","{""camsl_japan_smart_meters"":1292,""irish_domestic_smart_meters"":1292,""low_carbon_london"":2416}",False,test,115.39922244505395,107.40525591208632,7.993966532967637,6.927227379520578,0.8944600000000003,0.2834924327647821,0,0.0,7.993966532967637,0.0,0.0,"{""camsl_japan_smart_meters"":{""available_profile_sources"":1423,""logical_devices"":1292,""mean_profile_reuse"":1.0,""profile_bootstrap"":false,""selected_unique_profile_sources"":1292,""weight"":0.25833333333333336},""irish_domestic_smart_meters"":{""available_profile_sources"":2904,""logical_devices"":1292,""mean_profile_reuse"":1.0,""profile_bootstrap"":false,""selected_unique_profile_sources"":1292,""weight"":0.25833333333333336},""low_carbon_london"":{""available_profile_sources"":5000,""logical_devices"":2416,""mean_profile_reuse"":1.0,""profile_bootstrap"":false,""selected_unique_profile_sources"":2416,""weight"":0.48333333333333334}}",dataset_combinations_mixed_physical_fleet_v1,4095.0,2454.0555555555557,4095.0,4397.906020056437
predefined_mixed_scenario,S1-A,Similar residential,相似住宅半小时电表融合,aggregate,eps_e20_pooled,E20 pooled EPS,O(1),18,4157393,4957393,dominant_plus_15pp,5000,"{""camsl_japan_smart_meters"":0.3333333333333333,""irish_domestic_smart_meters"":0.3333333333333333,""low_carbon_london"":0.3333333333333333}","{""camsl_japan_smart_meters"":0.25833333333333336,""irish_domestic_smart_meters"":0.25833333333333336,""low_carbon_london"":0.48333333333333334}","{""camsl_japan_smart_meters"":1292,""irish_domestic_smart_meters"":1292,""low_carbon_london"":2416}",False,test,116.55953935824265,109.26176297318823,7.297776385054416,6.260985952102039,0.8944279999999996,0.2806526666266325,0,0.0,7.297776385054416,0.0,0.0,"{""camsl_japan_smart_meters"":{""available_profile_sources"":1423,""logical_devices"":1292,""mean_profile_reuse"":1.0,""profile_bootstrap"":false,""selected_unique_profile_sources"":1292,""weight"":0.25833333333333336},""irish_domestic_smart_meters"":{""available_profile_sources"":2904,""logical_devices"":1292,""mean_profile_reuse"":1.0,""profile_bootstrap"":false,""selected_unique_profile_sources"":1292,""weight"":0.25833333333333336},""low_carbon_london"":{""available_profile_sources"":5000,""logical_devices"":2416,""mean_profile_reuse"":1.0,""profile_bootstrap"":false,""selected_unique_profile_sources"":2416,""weight"":0.48333333333333334}}",dataset_combinations_mixed_physical_fleet_v1,4095.0,2454.0555555555557,4095.0,4397.914312408901
predefined_mixed_scenario,S1-A,Similar residential,相似住宅半小时电表融合,aggregate,eps_e20_pooled,E20 pooled EPS,O(1),19,4157394,4957394,dominant_plus_15pp,5000,"{""camsl_japan_smart_meters"":0.3333333333333333,""irish_domestic_smart_meters"":0.3333333333333333,""low_carbon_london"":0.3333333333333333}","{""camsl_japan_smart_meters"":0.25833333333333336,""irish_domestic_smart_meters"":0.25833333333333336,""low_carbon_london"":0.48333333333333334}","{""camsl_japan_smart_meters"":1292,""irish_domestic_smart_meters"":1292,""low_carbon_london"":2416}",False,test,87.89492152832275,70.87256185353574,17.022359674787015,19.36671582248563,0.8948320000000002,0.5816918473332026,0,0.0,19.33899595655529,2.316636281768272,0.0,"{""camsl_japan_smart_meters"":{""available_profile_sources"":1423,""logical_devices"":1292,""mean_profile_reuse"":1.0,""profile_bootstrap"":false,""selected_unique_profile_sources"":1292,""weight"":0.25833333333333336},""irish_domestic_smart_meters"":{""available_profile_sources"":2904,""logical_devices"":1292,""mean_profile_reuse"":1.0,""profile_bootstrap"":false,""selected_unique_profile_sources"":1292,""weight"":0.25833333333333336},""low_carbon_london"":{""available_profile_sources"":5000,""logical_devices"":2416,""mean_profile_reuse"":1.0,""profile_bootstrap"":false,""selected_unique_profile_sources"":2416,""weight"":0.48333333333333334}}",dataset_combinations_mixed_physical_fleet_v1,3005.9547779061872,2153.5625,3034.1342710594995,3895.0215309757937
predefined_mixed_scenario,S1-A,Similar residential,相似住宅半小时电表融合,aggregate,eps_e20_pooled,E20 pooled EPS,O(1),20,4157395,4957395,dominant_minus_15pp,5000,"{""camsl_japan_smart_meters"":0.3333333333333333,""irish_domestic_smart_meters"":0.3333333333333333,""low_carbon_london"":0.3333333333333333}","{""camsl_japan_smart_meters"":0.40833333333333327,""irish_domestic_smart_meters"":0.40833333333333327,""low_carbon_london"":0.18333333333333332}","{""camsl_japan_smart_meters"":2042,""irish_domestic_smart_meters"":2042,""low_carbon_london"":916}",False,test,119.49794937160793,113.5156351969164,5.982314174691525,5.00620655513348,0.8946659999999994,0.2731665914668951,0,0.0,7.015143607941138,1.032829433249613,0.0,"{""camsl_japan_smart_meters"":{""available_profile_sources"":1423,""logical_devices"":2042,""mean_profile_reuse"":1.8855032317636196,""profile_bootstrap"":true,""selected_unique_profile_sources"":1083,""weight"":0.40833333333333327},""irish_domestic_smart_meters"":{""available_profile_sources"":2904,""logical_devices"":2042,""mean_profile_reuse"":1.0,""profile_bootstrap"":false,""selected_unique_profile_sources"":2042,""weight"":0.40833333333333327},""low_carbon_london"":{""available_profile_sources"":5000,""logical_devices"":916,""mean_profile_reuse"":1.0,""profile_bootstrap"":false,""selected_unique_profile_sources"":916,""weight"":0.18333333333333332}}",dataset_combinations_mixed_physical_fleet_v1,3906.6593584423717,2356.4210526315787,3906.6593584423717,4256.733831036436
predefined_mixed_scenario,S1-A,Similar residential,相似住宅半小时电表融合,aggregate,eps_e20_pooled,E20 pooled EPS,O(1),21,4157396,4957396,dominant_minus_15pp,5000,"{""camsl_japan_smart_meters"":0.3333333333333333,""irish_domestic_smart_meters"":0.3333333333333333,""low_carbon_london"":0.3333333333333333}","{""camsl_japan_smart_meters"":0.40833333333333327,""irish_domestic_smart_meters"":0.40833333333333327,""low_carbon_london"":0.18333333333333332}","{""camsl_japan_smart_meters"":2042,""irish_domestic_smart_meters"":2042,""low_carbon_london"":916}",False,test,117.44510155030538,110.6786624804886,6.766439069816782,5.761363377865962,0.8953819999999997,0.27736642352360535,0,0.0,6.766439069816782,0.0,0.0,"{""camsl_japan_smart_meters"":{""available_profile_sources"":1423,""logical_devices"":2042,""mean_profile_reuse"":1.8889916743755781,""profile_bootstrap"":true,""selected_unique_profile_sources"":1081,""weight"":0.40833333333333327},""irish_domestic_smart_meters"":{""available_profile_sources"":2904,""logical_devices"":2042,""mean_profile_reuse"":1.0,""profile_bootstrap"":false,""selected_unique_profile_sources"":2042,""weight"":0.40833333333333327},""low_carbon_london"":{""available_profile_sources"":5000,""logical_devices"":916,""mean_profile_reuse"":1.0,""profile_bootstrap"":false,""selected_unique_profile_sources"":916,""weight"":0.18333333333333332}}",dataset_combinations_mixed_physical_fleet_v1,4095.0,2463.722222222222,4095.0,4425.082950356506
predefined_mixed_scenario,S1-A,Similar residential,相似住宅半小时电表融合,aggregate,eps_e20_pooled,E20 pooled EPS,O(1),22,4157397,4957397,dominant_minus_15pp,5000,"{""camsl_japan_smart_meters"":0.3333333333333333,""irish_domestic_smart_meters"":0.3333333333333333,""low_carbon_london"":0.3333333333333333}","{""camsl_japan_smart_meters"":0.40833333333333327,""irish_domestic_smart_meters"":0.40833333333333327,""low_carbon_london"":0.18333333333333332}","{""camsl_japan_smart_meters"":2042,""irish_domestic_smart_meters"":2042,""low_carbon_london"":916}",False,test,81.06810566662502,64.66889495861544,16.399210708009573,20.228930444542236,0.8949619999999995,0.6741811972964917,0,0.0,17.30956438516255,0.9103536771529758,0.0,"{""camsl_japan_smart_meters"":{""available_profile_sources"":1423,""logical_devices"":2042,""mean_profile_reuse"":1.8682525160109789,""profile_bootstrap"":true,""selected_unique_profile_sources"":1093,""weight"":0.40833333333333327},""irish_domestic_smart_meters"":{""available_profile_sources"":2904,""logical_devices"":2042,""mean_profile_reuse"":1.0,""profile_bootstrap"":false,""selected_unique_profile_sources"":2042,""weight"":0.40833333333333327},""low_carbon_london"":{""available_profile_sources"":5000,""logical_devices"":916,""mean_profile_reuse"":1.0,""profile_bootstrap"":false,""selected_unique_profile_sources"":916,""weight"":0.18333333333333332}}",dataset_combinations_mixed_physical_fleet_v1,3428.888464257815,2722.5833333333335,3444.219980630068,4793.027921436892
predefined_mixed_scenario,S1-A,Similar residential,相似住宅半小时电表融合,aggregate,eps_e20_pooled,E20 pooled EPS,O(1),23,4157398,4957398,dominant_minus_15pp,5000,"{""camsl_japan_smart_meters"":0.3333333333333333,""irish_domestic_smart_meters"":0.3333333333333333,""low_carbon_london"":0.3333333333333333}","{""camsl_japan_smart_meters"":0.40833333333333327,""irish_domestic_smart_meters"":0.40833333333333327,""low_carbon_london"":0.18333333333333332}","{""camsl_japan_smart_meters"":2042,""irish_domestic_smart_meters"":2042,""low_carbon_london"":916}",False,test,118.93112164025422,112.76134149025391,6.169780150000304,5.1876918883038945,0.8950420000000001,0.27488644785029276,0,0.0,6.851458767445527,0.6816786174452227,0.0,"{""camsl_japan_smart_meters"":{""available_profile_sources"":1423,""logical_devices"":2042,""mean_profile_reuse"":1.8907407407407408,""profile_bootstrap"":true,""selected_unique_profile_sources"":1080,""weight"":0.40833333333333327},""irish_domestic_smart_meters"":{""available_profile_sources"":2904,""logical_devices"":2042,""mean_profile_reuse"":1.0,""profile_bootstrap"":false,""selected_unique_profile_sources"":2042,""weight"":0.40833333333333327},""low_carbon_london"":{""available_profile_sources"":5000,""logical_devices"":916,""mean_profile_reuse"":1.0,""profile_bootstrap"":false,""selected_unique_profile_sources"":916,""weight"":0.18333333333333332}}",dataset_combinations_mixed_physical_fleet_v1,3896.649949369753,2360.8947368421054,3896.649949369753,4271.860819936091
predefined_mixed_scenario,S1-A,Similar residential,相似住宅半小时电表融合,aggregate,eps_e20_pooled,E20 pooled EPS,O(1),24,4157399,4957399,dominant_minus_15pp,5000,"{""camsl_japan_smart_meters"":0.3333333333333333,""irish_domestic_smart_meters"":0.3333333333333333,""low_carbon_london"":0.3333333333333333}","{""camsl_japan_smart_meters"":0.40833333333333327,""irish_domestic_smart_meters"":0.40833333333333327,""low_carbon_london"":0.18333333333333332}","{""camsl_japan_smart_meters"":2042,""irish_domestic_smart_meters"":2042,""low_carbon_london"":916}",False,test,93.42266548412086,77.90291813949685,15.519747344624012,16.612400496389085,0.8955180000000001,0.5250481549235471,0,0.0,18.726011887583816,3.2062645429598087,0.0,"{""camsl_japan_smart_meters"":{""available_profile_sources"":1423,""logical_devices"":2042,""mean_profile_reuse"":1.873394495412844,""profile_bootstrap"":true,""selected_unique_profile_sources"":1090,""weight"":0.40833333333333327},""irish_domestic_smart_meters"":{""available_profile_sources"":2904,""logical_devices"":2042,""mean_profile_reuse"":1.0,""profile_bootstrap"":false,""selected_unique_profile_sources"":2042,""weight"":0.40833333333333327},""low_carbon_london"":{""available_profile_sources"":5000,""logical_devices"":916,""mean_profile_reuse"":1.0,""profile_bootstrap"":false,""selected_unique_profile_sources"":916,""weight"":0.18333333333333332}}",dataset_combinations_mixed_physical_fleet_v1,2713.6780741374446,1876.3684210526317,2765.213583736187,3461.061569364959
predefined_mixed_scenario,S1-A,Similar residential,相似住宅半小时电表融合,aggregate,eps_e20_pooled,E20 pooled EPS,O(1),25,4157400,4957400,dominant_minus_15pp,5000,"{""camsl_japan_smart_meters"":0.3333333333333333,""irish_domestic_smart_meters"":0.3333333333333333,""low_carbon_london"":0.3333333333333333}","{""camsl_japan_smart_meters"":0.40833333333333327,""irish_domestic_smart_meters"":0.40833333333333327,""low_carbon_london"":0.18333333333333332}","{""camsl_japan_smart_meters"":2042,""irish_domestic_smart_meters"":2042,""low_carbon_london"":916}",False,test,116.94909145933657,109.88504633493851,7.064045124398068,6.040273623548624,0.8945560000000002,0.2792564992732855,0,0.0,7.064045124398068,0.0,0.0,"{""camsl_japan_smart_meters"":{""available_profile_sources"":1423,""logical_devices"":2042,""mean_profile_reuse"":1.8837638376383763,""profile_bootstrap"":true,""selected_unique_profile_sources"":1084,""weight"":0.40833333333333327},""irish_domestic_smart_meters"":{""available_profile_sources"":2904,""logical_devices"":2042,""mean_profile_reuse"":1.0,""profile_bootstrap"":false,""selected_unique_profile_sources"":2042,""weight"":0.40833333333333327},""low_carbon_london"":{""available_profile_sources"":5000,""logical_devices"":916,""mean_profile_reuse"":1.0,""profile_bootstrap"":false,""selected_unique_profile_sources"":916,""weight"":0.18333333333333332}}",dataset_combinations_mixed_physical_fleet_v1,4095.0,2454.1111111111113,4095.0,4398.042294030202
predefined_mixed_scenario,S1-A,Similar residential,相似住宅半小时电表融合,aggregate,eps_e20_pooled,E20 pooled EPS,O(1),26,4157401,4957401,dominant_minus_15pp,5000,"{""camsl_japan_smart_meters"":0.3333333333333333,""irish_domestic_smart_meters"":0.3333333333333333,""low_carbon_london"":0.3333333333333333}","{""camsl_japan_smart_meters"":0.40833333333333327,""irish_domestic_smart_meters"":0.40833333333333327,""low_carbon_london"":0.18333333333333332}","{""camsl_japan_smart_meters"":2042,""irish_domestic_smart_meters"":2042,""low_carbon_london"":916}",False,test,76.09165542782053,58.22469219354273,17.866963234277797,23.480844428764133,0.8947599999999994,0.6972199967237732,0,0.0,18.54723965310024,0.6802764188224398,0.0,"{""camsl_japan_smart_meters"":{""available_profile_sources"":1423,""logical_devices"":2042,""mean_profile_reuse"":1.9048507462686568,""profile_bootstrap"":true,""selected_unique_profile_sources"":1072,""weight"":0.40833333333333327},""irish_domestic_smart_meters"":{""available_profile_sources"":2904,""logical_devices"":2042,""mean_profile_reuse"":1.0,""profile_bootstrap"":false,""selected_unique_profile_sources"":2042,""weight"":0.40833333333333327},""low_carbon_london"":{""available_profile_sources"":5000,""logical_devices"":916,""mean_profile_reuse"":1.0,""profile_bootstrap"":false,""selected_unique_profile_sources"":916,""weight"":0.18333333333333332}}",dataset_combinations_mixed_physical_fleet_v1,3566.1423385201965,2915.5454545454545,3612.135559062295,5074.292221166308
predefined_mixed_scenario,S1-A,Similar residential,相似住宅半小时电表融合,aggregate,eps_e20_pooled,E20 pooled EPS,O(1),27,4157402,4957402,dominant_minus_15pp,5000,"{""camsl_japan_smart_meters"":0.3333333333333333,""irish_domestic_smart_meters"":0.3333333333333333,""low_carbon_london"":0.3333333333333333}","{""camsl_japan_smart_meters"":0.40833333333333327,""irish_domestic_smart_meters"":0.40833333333333327,""low_carbon_london"":0.18333333333333332}","{""camsl_japan_smart_meters"":2042,""irish_domestic_smart_meters"":2042,""low_carbon_london"":916}",False,test,76.15386165036907,58.301719349088444,17.852142301280626,23.4422022920411,0.8944899999999999,0.7002568706386649,0,0.0,18.483869425719384,0.6317271244387546,0.0,"{""camsl_japan_smart_meters"":{""available_profile_sources"":1423,""logical_devices"":2042,""mean_profile_reuse"":1.88724584103512,""profile_bootstrap"":true,""selected_unique_profile_sources"":1082,""weight"":0.40833333333333327},""irish_domestic_smart_meters"":{""available_profile_sources"":2904,""logical_devices"":2042,""mean_profile_reuse"":1.0,""profile_bootstrap"":false,""selected_unique_profile_sources"":2042,""weight"":0.40833333333333327},""low_carbon_london"":{""available_profile_sources"":5000,""logical_devices"":916,""mean_profile_reuse"":1.0,""profile_bootstrap"":false,""selected_unique_profile_sources"":916,""weight"":0.18333333333333332}}",dataset_combinations_mixed_physical_fleet_v1,3566.80459861165,2915.5454545454545,3607.521179536316,5074.292221166308
predefined_mixed_scenario,S1-A,Similar residential,相似住宅半小时电表融合,aggregate,eps_e20_pooled,E20 pooled EPS,O(1),28,4157403,4957403,dominant_minus_15pp,5000,"{""camsl_japan_smart_meters"":0.3333333333333333,""irish_domestic_smart_meters"":0.3333333333333333,""low_carbon_london"":0.3333333333333333}","{""camsl_japan_smart_meters"":0.40833333333333327,""irish_domestic_smart_meters"":0.40833333333333327,""low_carbon_london"":0.18333333333333332}","{""camsl_japan_smart_meters"":2042,""irish_domestic_smart_meters"":2042,""low_carbon_london"":916}",False,test,117.44053531021741,110.67135649634785,6.769178813869556,5.763920264829238,0.8935279999999994,0.27814744711902006,0,0.0,6.769178813869556,0.0,0.0,"{""camsl_japan_smart_meters"":{""available_profile_sources"":1423,""logical_devices"":2042,""mean_profile_reuse"":1.8768382352941178,""profile_bootstrap"":true,""selected_unique_profile_sources"":1088,""weight"":0.40833333333333327},""irish_domestic_smart_meters"":{""available_profile_sources"":2904,""logical_devices"":2042,""mean_profile_reuse"":1.0,""profile_bootstrap"":false,""selected_unique_profile_sources"":2042,""weight"":0.40833333333333327},""low_carbon_london"":{""available_profile_sources"":5000,""logical_devices"":916,""mean_profile_reuse"":1.0,""profile_bootstrap"":false,""selected_unique_profile_sources"":916,""weight"":0.18333333333333332}}",dataset_combinations_mixed_physical_fleet_v1,4095.0,2463.722222222222,4095.0,4425.082950356506
predefined_mixed_scenario,S1-A,Similar residential,相似住宅半小时电表融合,aggregate,eps_e20_pooled,E20 pooled EPS,O(1),29,4157404,4957404,dominant_minus_15pp,5000,"{""camsl_japan_smart_meters"":0.3333333333333333,""irish_domestic_smart_meters"":0.3333333333333333,""low_carbon_london"":0.3333333333333333}","{""camsl_japan_smart_meters"":0.40833333333333327,""irish_domestic_smart_meters"":0.40833333333333327,""low_carbon_london"":0.18333333333333332}","{""camsl_japan_smart_meters"":2042,""irish_domestic_smart_meters"":2042,""low_carbon_london"":916}",False,test,119.26312002552302,113.24027401813841,6.022846007384619,5.050049006009309,0.8940979999999997,0.2743001646886343,0,0.0,6.82940844961524,0.80656244223062,0.0,"{""camsl_japan_smart_meters"":{""available_profile_sources"":1423,""logical_devices"":2042,""mean_profile_reuse"":1.873394495412844,""profile_bootstrap"":true,""selected_unique_profile_sources"":1090,""weight"":0.40833333333333327},""irish_domestic_smart_meters"":{""available_profile_sources"":2904,""logical_devices"":2042,""mean_profile_reuse"":1.0,""profile_bootstrap"":false,""selected_unique_profile_sources"":2042,""weight"":0.40833333333333327},""low_carbon_london"":{""available_profile_sources"":5000,""logical_devices"":916,""mean_profile_reuse"":1.0,""profile_bootstrap"":false,""selected_unique_profile_sources"":916,""weight"":0.18333333333333332}}",dataset_combinations_mixed_physical_fleet_v1,3899.9831642708396,2354.157894736842,3899.9831642708396,4251.761885597124
predefined_mixed_scenario,S1-A,Similar residential,相似住宅半小时电表融合,aggregate,eps_mixed,Mixed EPS,O(1),0,4157375,5057375,nominal,5000,"{""camsl_japan_smart_meters"":0.3333333333333333,""irish_domestic_smart_meters"":0.3333333333333333,""low_carbon_london"":0.3333333333333333}","{""camsl_japan_smart_meters"":0.3333333333333333,""irish_domestic_smart_meters"":0.3333333333333333,""low_carbon_london"":0.3333333333333333}","{""camsl_japan_smart_meters"":1667,""irish_domestic_smart_meters"":1666,""low_carbon_london"":1667}",False,test,118.77974816885487,112.50197272893678,6.277775439918082,5.285223732747547,0.8957160000000001,0.2756056396396699,0,0.0,7.000370927393104,0.7225954874750234,0.0,"{""camsl_japan_smart_meters"":{""available_profile_sources"":1423,""logical_devices"":1667,""mean_profile_reuse"":1.6736947791164658,""profile_bootstrap"":true,""selected_unique_profile_sources"":996,""weight"":0.3333333333333333},""irish_domestic_smart_meters"":{""available_profile_sources"":2904,""logical_devices"":1666,""mean_profile_reuse"":1.0,""profile_bootstrap"":false,""selected_unique_profile_sources"":1666,""weight"":0.3333333333333333},""low_carbon_london"":{""available_profile_sources"":5000,""logical_devices"":1667,""mean_profile_reuse"":1.0,""profile_bootstrap"":false,""selected_unique_profile_sources"":1667,""weight"":0.3333333333333333}}",dataset_combinations_mixed_physical_fleet_v1,3897.7346179566484,2298.2631578947367,3897.7346179566484,4098.91514703296
predefined_mixed_scenario,S1-A,Similar residential,相似住宅半小时电表融合,aggregate,eps_mixed,Mixed EPS,O(1),1,4157376,5057376,nominal,5000,"{""camsl_japan_smart_meters"":0.3333333333333333,""irish_domestic_smart_meters"":0.3333333333333333,""low_carbon_london"":0.3333333333333333}","{""camsl_japan_smart_meters"":0.3333333333333333,""irish_domestic_smart_meters"":0.3333333333333333,""low_carbon_london"":0.3333333333333333}","{""camsl_japan_smart_meters"":1667,""irish_domestic_smart_meters"":1666,""low_carbon_london"":1667}",False,test,119.29567015917064,113.1156320257183,6.180038133452346,5.180437919671859,0.895062,0.2651906779287814,0,0.0,7.154597904497616,0.9745597710452718,0.0,"{""camsl_japan_smart_meters"":{""available_profile_sources"":1423,""logical_devices"":1667,""mean_profile_reuse"":1.7150205761316872,""profile_bootstrap"":true,""selected_unique_profile_sources"":972,""weight"":0.3333333333333333},""irish_domestic_smart_meters"":{""available_profile_sources"":2904,""logical_devices"":1666,""mean_profile_reuse"":1.0,""profile_bootstrap"":false,""selected_unique_profile_sources"":1666,""weight"":0.3333333333333333},""low_carbon_london"":{""available_profile_sources"":5000,""logical_devices"":1667,""mean_profile_reuse"":1.0,""profile_bootstrap"":false,""selected_unique_profile_sources"":1667,""weight"":0.3333333333333333}}",dataset_combinations_mixed_physical_fleet_v1,3911.9970031298058,2311.7894736842104,3911.9970031298058,4133.00551395449
predefined_mixed_scenario,S1-A,Similar residential,相似住宅半小时电表融合,aggregate,eps_mixed,Mixed EPS,O(1),2,4157377,5057377,nominal,5000,"{""camsl_japan_smart_meters"":0.3333333333333333,""irish_domestic_smart_meters"":0.3333333333333333,""low_carbon_london"":0.3333333333333333}","{""camsl_japan_smart_meters"":0.3333333333333333,""irish_domestic_smart_meters"":0.3333333333333333,""low_carbon_london"":0.3333333333333333}","{""camsl_japan_smart_meters"":1667,""irish_domestic_smart_meters"":1666,""low_carbon_london"":1667}",False,test,118.87531576590331,112.59769505511862,6.277620710784683,5.280844614660769,0.8940339999999997,0.2756438353866644,0,0.0,7.142197453243036,0.8645767424583525,0.0,"{""camsl_japan_smart_meters"":{""available_profile_sources"":1423,""logical_devices"":1667,""mean_profile_reuse"":1.685540950455005,""profile_bootstrap"":true,""selected_unique_profile_sources"":989,""weight"":0.3333333333333333},""irish_domestic_smart_meters"":{""available_profile_sources"":2904,""logical_devices"":1666,""mean_profile_reuse"":1.0,""profile_bootstrap"":false,""selected_unique_profile_sources"":1666,""weight"":0.3333333333333333},""low_carbon_london"":{""available_profile_sources"":5000,""logical_devices"":1667,""mean_profile_reuse"":1.0,""profile_bootstrap"":false,""selected_unique_profile_sources"":1667,""weight"":0.3333333333333333}}",dataset_combinations_mixed_physical_fleet_v1,3901.4209871595785,2298.315789473684,3901.4209871595785,4099.005110880893
predefined_mixed_scenario,S1-A,Similar residential,相似住宅半小时电表融合,aggregate,eps_mixed,Mixed EPS,O(1),3,4157378,5057378,nominal,5000,"{""camsl_japan_smart_meters"":0.3333333333333333,""irish_domestic_smart_meters"":0.3333333333333333,""low_carbon_london"":0.3333333333333333}","{""camsl_japan_smart_meters"":0.3333333333333333,""irish_domestic_smart_meters"":0.3333333333333333,""low_carbon_london"":0.3333333333333333}","{""camsl_japan_smart_meters"":1667,""irish_domestic_smart_meters"":1666,""low_carbon_london"":1667}",False,test,116.71667847098053,109.51318555356883,7.203492917411695,6.1717768289668316,0.8953980000000004,0.2794718449452502,0,0.0,7.203492917411695,0.0,0.0,"{""camsl_japan_smart_meters"":{""available_profile_sources"":1423,""logical_devices"":1667,""mean_profile_reuse"":1.6992864424057084,""profile_bootstrap"":true,""selected_unique_profile_sources"":981,""weight"":0.3333333333333333},""irish_domestic_smart_meters"":{""available_profile_sources"":2904,""logical_devices"":1666,""mean_profile_reuse"":1.0,""profile_bootstrap"":false,""selected_unique_profile_sources"":1666,""weight"":0.3333333333333333},""low_carbon_london"":{""available_profile_sources"":5000,""logical_devices"":1667,""mean_profile_reuse"":1.0,""profile_bootstrap"":false,""selected_unique_profile_sources"":1667,""weight"":0.3333333333333333}}",dataset_combinations_mixed_physical_fleet_v1,4095.0,2383.277777777778,4095.0,4224.8506398791
predefined_mixed_scenario,S1-A,Similar residential,相似住宅半小时电表融合,aggregate,eps_mixed,Mixed EPS,O(1),4,4157379,5057379,nominal,5000,"{""camsl_japan_smart_meters"":0.3333333333333333,""irish_domestic_smart_meters"":0.3333333333333333,""low_carbon_london"":0.3333333333333333}","{""camsl_japan_smart_meters"":0.3333333333333333,""irish_domestic_smart_meters"":0.3333333333333333,""low_carbon_london"":0.3333333333333333}","{""camsl_japan_smart_meters"":1667,""irish_domestic_smart_meters"":1666,""low_carbon_london"":1667}",False,test,57.60431467300061,35.275050690266994,22.329263982733615,38.76317964980397,0.8952659999999999,0.8529324353393002,0,0.0,22.617934794858844,0.2886708121252345,0.0,"{""camsl_japan_smart_meters"":{""available_profile_sources"":1423,""logical_devices"":1667,""mean_profile_reuse"":1.6958290946083419,""profile_bootstrap"":true,""selected_unique_profile_sources"":983,""weight"":0.3333333333333333},""irish_domestic_smart_meters"":{""available_profile_sources"":2904,""logical_devices"":1666,""mean_profile_reuse"":1.0,""profile_bootstrap"":false,""selected_unique_profile_sources"":1666,""weight"":0.3333333333333333},""low_carbon_london"":{""available_profile_sources"":5000,""logical_devices"":1667,""mean_profile_reuse"":1.0,""profile_bootstrap"":false,""selected_unique_profile_sources"":1667,""weight"":0.3333333333333333}}",dataset_combinations_mixed_physical_fleet_v1,3550.586621196954,3013.777777777778,3665.429511158209,5087.727513037911
predefined_mixed_scenario,S1-A,Similar residential,相似住宅半小时电表融合,aggregate,eps_mixed,Mixed EPS,O(1),5,4157380,5057380,nominal,5000,"{""camsl_japan_smart_meters"":0.3333333333333333,""irish_domestic_smart_meters"":0.3333333333333333,""low_carbon_london"":0.3333333333333333}","{""camsl_japan_smart_meters"":0.3333333333333333,""irish_domestic_smart_meters"":0.3333333333333333,""low_carbon_london"":0.3333333333333333}","{""camsl_japan_smart_meters"":1667,""irish_domestic_smart_meters"":1666,""low_carbon_london"":1667}",False,test,53.1838880570194,31.025454030915377,22.158434026104025,41.663809916167786,0.8950019999999994,0.8906409813179152,0,0.0,23.16339892054118,1.0049648944371534,0.0,"{""camsl_japan_smart_meters"":{""available_profile_sources"":1423,""logical_devices"":1667,""mean_profile_reuse"":1.6941056910569106,""profile_bootstrap"":true,""selected_unique_profile_sources"":984,""weight"":0.3333333333333333},""irish_domestic_smart_meters"":{""available_profile_sources"":2904,""logical_devices"":1666,""mean_profile_reuse"":1.0,""profile_bootstrap"":false,""selected_unique_profile_sources"":1666,""weight"":0.3333333333333333},""low_carbon_london"":{""available_profile_sources"":5000,""logical_devices"":1667,""mean_profile_reuse"":1.0,""profile_bootstrap"":false,""selected_unique_profile_sources"":1667,""weight"":0.3333333333333333}}",dataset_combinations_mixed_physical_fleet_v1,3366.116012615559,2814.4444444444443,3528.2113931483536,4918.07848277047
predefined_mixed_scenario,S1-A,Similar residential,相似住宅半小时电表融合,aggregate,eps_mixed,Mixed EPS,O(1),6,4157381,5057381,nominal,5000,"{""camsl_japan_smart_meters"":0.3333333333333333,""irish_domestic_smart_meters"":0.3333333333333333,""low_carbon_london"":0.3333333333333333}","{""camsl_japan_smart_meters"":0.3333333333333333,""irish_domestic_smart_meters"":0.3333333333333333,""low_carbon_london"":0.3333333333333333}","{""camsl_japan_smart_meters"":1667,""irish_domestic_smart_meters"":1666,""low_carbon_london"":1667}",False,test,57.95496238970007,35.756189632747045,22.198772756953026,38.303489195082726,0.8947860000000001,0.8545159387889288,0,0.0,22.474351880801365,0.2755791238483416,0.0,"{""camsl_japan_smart_meters"":{""available_profile_sources"":1423,""logical_devices"":1667,""mean_profile_reuse"":1.6992864424057084,""profile_bootstrap"":true,""selected_unique_profile_sources"":981,""weight"":0.3333333333333333},""irish_domestic_smart_meters"":{""available_profile_sources"":2904,""logical_devices"":1666,""mean_profile_reuse"":1.0,""profile_bootstrap"":false,""selected_unique_profile_sources"":1666,""weight"":0.3333333333333333},""low_carbon_london"":{""available_profile_sources"":5000,""logical_devices"":1667,""mean_profile_reuse"":1.0,""profile_bootstrap"":false,""selected_unique_profile_sources"":1667,""weight"":0.3333333333333333}}",dataset_combinations_mixed_physical_fleet_v1,3565.951409424614,2994.8888888888887,3675.853437359558,5112.783015663886
predefined_mixed_scenario,S1-A,Similar residential,相似住宅半小时电表融合,aggregate,eps_mixed,Mixed EPS,O(1),7,4157382,5057382,nominal,5000,"{""camsl_japan_smart_meters"":0.3333333333333333,""irish_domestic_smart_meters"":0.3333333333333333,""low_carbon_london"":0.3333333333333333}","{""camsl_japan_smart_meters"":0.3333333333333333,""irish_domestic_smart_meters"":0.3333333333333333,""low_carbon_london"":0.3333333333333333}","{""camsl_japan_smart_meters"":1667,""irish_domestic_smart_meters"":1666,""low_carbon_london"":1667}",False,test,104.68219061872061,87.99884122412162,16.683349394598995,15.93714202577593,0.8946300000000001,0.36178994448882595,0,0.0,19.18928342687556,2.50593403227656,0.0,"{""camsl_japan_smart_meters"":{""available_profile_sources"":1423,""logical_devices"":1667,""mean_profile_reuse"":1.7167868177136971,""profile_bootstrap"":true,""selected_unique_profile_sources"":971,""weight"":0.3333333333333333},""irish_domestic_smart_meters"":{""available_profile_sources"":2904,""logical_devices"":1666,""mean_profile_reuse"":1.0,""profile_bootstrap"":false,""selected_unique_profile_sources"":1666,""weight"":0.3333333333333333},""low_carbon_london"":{""available_profile_sources"":5000,""logical_devices"":1667,""mean_profile_reuse"":1.0,""profile_bootstrap"":false,""selected_unique_profile_sources"":1667,""weight"":0.3333333333333333}}",dataset_combinations_mixed_physical_fleet_v1,3317.097961985051,1825.6666666666667,3318.754650543929,3426.4653437233624
predefined_mixed_scenario,S1-A,Similar residential,相似住宅半小时电表融合,aggregate,eps_mixed,Mixed EPS,O(1),8,4157383,5057383,nominal,5000,"{""camsl_japan_smart_meters"":0.3333333333333333,""irish_domestic_smart_meters"":0.3333333333333333,""low_carbon_london"":0.3333333333333333}","{""camsl_japan_smart_meters"":0.3333333333333333,""irish_domestic_smart_meters"":0.3333333333333333,""low_carbon_london"":0.3333333333333333}","{""camsl_japan_smart_meters"":1667,""irish_domestic_smart_meters"":1666,""low_carbon_london"":1667}",False,test,59.618054040425164,37.55840929747593,22.05964474294923,37.00161821449467,0.8949500000000007,0.8407667224204127,0,0.0,22.13680060436047,0.07715586141123015,0.0,"{""camsl_japan_smart_meters"":{""available_profile_sources"":1423,""logical_devices"":1667,""mean_profile_reuse"":1.6941056910569106,""profile_bootstrap"":true,""selected_unique_profile_sources"":984,""weight"":0.3333333333333333},""irish_domestic_smart_meters"":{""available_profile_sources"":2904,""logical_devices"":1666,""mean_profile_reuse"":1.0,""profile_bootstrap"":false,""selected_unique_profile_sources"":1666,""weight"":0.3333333333333333},""low_carbon_london"":{""available_profile_sources"":5000,""logical_devices"":1667,""mean_profile_reuse"":1.0,""profile_bootstrap"":false,""selected_unique_profile_sources"":1667,""weight"":0.3333333333333333}}",dataset_combinations_mixed_physical_fleet_v1,3605.723202808249,3118.0,3702.9695875398475,5238.5489527550335
predefined_mixed_scenario,S1-A,Similar residential,相似住宅半小时电表融合,aggregate,eps_mixed,Mixed EPS,O(1),9,4157384,5057384,nominal,5000,"{""camsl_japan_smart_meters"":0.3333333333333333,""irish_domestic_smart_meters"":0.3333333333333333,""low_carbon_london"":0.3333333333333333}","{""camsl_japan_smart_meters"":0.3333333333333333,""irish_domestic_smart_meters"":0.3333333333333333,""low_carbon_london"":0.3333333333333333}","{""camsl_japan_smart_meters"":1667,""irish_domestic_smart_meters"":1666,""low_carbon_london"":1667}",False,test,115.88173007950672,108.17726812721075,7.704461952295966,6.648556202094948,0.89528,0.28168359976490687,0,0.0,7.704461952295966,0.0,0.0,"{""camsl_japan_smart_meters"":{""available_profile_sources"":1423,""logical_devices"":1667,""mean_profile_reuse"":1.6770623742454729,""profile_bootstrap"":true,""selected_unique_profile_sources"":994,""weight"":0.3333333333333333},""irish_domestic_smart_meters"":{""available_profile_sources"":2904,""logical_devices"":1666,""mean_profile_reuse"":1.0,""profile_bootstrap"":false,""selected_unique_profile_sources"":1666,""weight"":0.3333333333333333},""low_carbon_london"":{""available_profile_sources"":5000,""logical_devices"":1667,""mean_profile_reuse"":1.0,""profile_bootstrap"":false,""selected_unique_profile_sources"":1667,""weight"":0.3333333333333333}}",dataset_combinations_mixed_physical_fleet_v1,4095.0,2378.722222222222,4095.0,4218.707250898413
predefined_mixed_scenario,S1-A,Similar residential,相似住宅半小时电表融合,aggregate,eps_mixed,Mixed EPS,O(1),10,4157385,5057385,dominant_plus_15pp,5000,"{""camsl_japan_smart_meters"":0.3333333333333333,""irish_domestic_smart_meters"":0.3333333333333333,""low_carbon_london"":0.3333333333333333}","{""camsl_japan_smart_meters"":0.25833333333333336,""irish_domestic_smart_meters"":0.25833333333333336,""low_carbon_london"":0.48333333333333334}","{""camsl_japan_smart_meters"":1292,""irish_domestic_smart_meters"":1292,""low_carbon_london"":2416}",False,test,117.80349019493677,111.06958141892135,6.733908776015427,5.71622179009502,0.8945239999999994,0.2779370000656981,0,0.0,7.151280855997703,0.41737207998227704,0.0,"{""camsl_japan_smart_meters"":{""available_profile_sources"":1423,""logical_devices"":1292,""mean_profile_reuse"":1.0,""profile_bootstrap"":false,""selected_unique_profile_sources"":1292,""weight"":0.25833333333333336},""irish_domestic_smart_meters"":{""available_profile_sources"":2904,""logical_devices"":1292,""mean_profile_reuse"":1.0,""profile_bootstrap"":false,""selected_unique_profile_sources"":1292,""weight"":0.25833333333333336},""low_carbon_london"":{""available_profile_sources"":5000,""logical_devices"":2416,""mean_profile_reuse"":1.0,""profile_bootstrap"":false,""selected_unique_profile_sources"":2416,""weight"":0.48333333333333334}}",dataset_combinations_mixed_physical_fleet_v1,3890.25,2293.7368421052633,3890.25,4091.3413061486694
predefined_mixed_scenario,S1-A,Similar residential,相似住宅半小时电表融合,aggregate,eps_mixed,Mixed EPS,O(1),11,4157386,5057386,dominant_plus_15pp,5000,"{""camsl_japan_smart_meters"":0.3333333333333333,""irish_domestic_smart_meters"":0.3333333333333333,""low_carbon_london"":0.3333333333333333}","{""camsl_japan_smart_meters"":0.25833333333333336,""irish_domestic_smart_meters"":0.25833333333333336,""low_carbon_london"":0.48333333333333334}","{""camsl_japan_smart_meters"":1292,""irish_domestic_smart_meters"":1292,""low_carbon_london"":2416}",False,test,32.95588651632699,11.192996538641111,21.76288997768588,66.03642710962765,0.8943379999999996,0.9701893673512738,0,0.0,22.86850055590172,1.105610578215841,0.0,"{""camsl_japan_smart_meters"":{""available_profile_sources"":1423,""logical_devices"":1292,""mean_profile_reuse"":1.0,""profile_bootstrap"":false,""selected_unique_profile_sources"":1292,""weight"":0.25833333333333336},""irish_domestic_smart_meters"":{""available_profile_sources"":2904,""logical_devices"":1292,""mean_profile_reuse"":1.0,""profile_bootstrap"":false,""selected_unique_profile_sources"":1292,""weight"":0.25833333333333336},""low_carbon_london"":{""available_profile_sources"":5000,""logical_devices"":2416,""mean_profile_reuse"":1.0,""profile_bootstrap"":false,""selected_unique_profile_sources"":2416,""weight"":0.48333333333333334}}",dataset_combinations_mixed_physical_fleet_v1,2539.1459978866237,2411.285714285714,3268.0599357615974,4649.583173880869
predefined_mixed_scenario,S1-A,Similar residential,相似住宅半小时电表融合,aggregate,eps_mixed,Mixed EPS,O(1),12,4157387,5057387,dominant_plus_15pp,5000,"{""camsl_japan_smart_meters"":0.3333333333333333,""irish_domestic_smart_meters"":0.3333333333333333,""low_carbon_london"":0.3333333333333333}","{""camsl_japan_smart_meters"":0.25833333333333336,""irish_domestic_smart_meters"":0.25833333333333336,""low_carbon_london"":0.48333333333333334}","{""camsl_japan_smart_meters"":1292,""irish_domestic_smart_meters"":1292,""low_carbon_london"":2416}",False,test,99.37521774012586,82.21180191991253,17.163415820213334,17.27132398853911,0.895038,0.4645906845679689,0,0.0,20.0143587857032,2.8509429654898706,0.0,"{""camsl_japan_smart_meters"":{""available_profile_sources"":1423,""logical_devices"":1292,""mean_profile_reuse"":1.0,""profile_bootstrap"":false,""selected_unique_profile_sources"":1292,""weight"":0.25833333333333336},""irish_domestic_smart_meters"":{""available_profile_sources"":2904,""logical_devices"":1292,""mean_profile_reuse"":1.0,""profile_bootstrap"":false,""selected_unique_profile_sources"":1292,""weight"":0.25833333333333336},""low_carbon_london"":{""available_profile_sources"":5000,""logical_devices"":2416,""mean_profile_reuse"":1.0,""profile_bootstrap"":false,""selected_unique_profile_sources"":2416,""weight"":0.48333333333333334}}",dataset_combinations_mixed_physical_fleet_v1,3008.4099301443775,1772.7142857142858,3021.783639732579,3328.7658843329787
predefined_mixed_scenario,S1-A,Similar residential,相似住宅半小时电表融合,aggregate,eps_mixed,Mixed EPS,O(1),13,4157388,5057388,dominant_plus_15pp,5000,"{""camsl_japan_smart_meters"":0.3333333333333333,""irish_domestic_smart_meters"":0.3333333333333333,""low_carbon_london"":0.3333333333333333}","{""camsl_japan_smart_meters"":0.25833333333333336,""irish_domestic_smart_meters"":0.25833333333333336,""low_carbon_london"":0.48333333333333334}","{""camsl_japan_smart_meters"":1292,""irish_domestic_smart_meters"":1292,""low_carbon_london"":2416}",False,test,116.52089440085292,109.19993104136468,7.320963359488247,6.28296186459298,0.8947660000000004,0.2805205815202358,0,0.0,7.320963359488247,0.0,0.0,"{""camsl_japan_smart_meters"":{""available_profile_sources"":1423,""logical_devices"":1292,""mean_profile_reuse"":1.0,""profile_bootstrap"":false,""selected_unique_profile_sources"":1292,""weight"":0.25833333333333336},""irish_domestic_smart_meters"":{""available_profile_sources"":2904,""logical_devices"":1292,""mean_profile_reuse"":1.0,""profile_bootstrap"":false,""selected_unique_profile_sources"":1292,""weight"":0.25833333333333336},""low_carbon_london"":{""available_profile_sources"":5000,""logical_devices"":2416,""mean_profile_reuse"":1.0,""profile_bootstrap"":false,""selected_unique_profile_sources"":2416,""weight"":0.48333333333333334}}",dataset_combinations_mixed_physical_fleet_v1,4095.0,2378.6111111111113,4095.0,4216.364293473211
predefined_mixed_scenario,S1-A,Similar residential,相似住宅半小时电表融合,aggregate,eps_mixed,Mixed EPS,O(1),14,4157389,5057389,dominant_plus_15pp,5000,"{""camsl_japan_smart_meters"":0.3333333333333333,""irish_domestic_smart_meters"":0.3333333333333333,""low_carbon_london"":0.3333333333333333}","{""camsl_japan_smart_meters"":0.25833333333333336,""irish_domestic_smart_meters"":0.25833333333333336,""low_carbon_london"":0.48333333333333334}","{""camsl_japan_smart_meters"":1292,""irish_domestic_smart_meters"":1292,""low_carbon_london"":2416}",False,test,101.95823112493407,84.99532567634395,16.962905448590128,16.63711233652602,0.895484,0.4127009401605877,0,0.0,19.72779393845119,2.7648884898610593,0.0,"{""camsl_japan_smart_meters"":{""available_profile_sources"":1423,""logical_devices"":1292,""mean_profile_reuse"":1.0,""profile_bootstrap"":false,""selected_unique_profile_sources"":1292,""weight"":0.25833333333333336},""irish_domestic_smart_meters"":{""available_profile_sources"":2904,""logical_devices"":1292,""mean_profile_reuse"":1.0,""profile_bootstrap"":false,""selected_unique_profile_sources"":1292,""weight"":0.25833333333333336},""low_carbon_london"":{""available_profile_sources"":5000,""logical_devices"":2416,""mean_profile_reuse"":1.0,""profile_bootstrap"":false,""selected_unique_profile_sources"":2416,""weight"":0.48333333333333334}}",dataset_combinations_mixed_physical_fleet_v1,3199.25867302547,1815.4761904761904,3206.8185627500375,3406.9826654428894
predefined_mixed_scenario,S1-A,Similar residential,相似住宅半小时电表融合,aggregate,eps_mixed,Mixed EPS,O(1),15,4157390,5057390,dominant_plus_15pp,5000,"{""camsl_japan_smart_meters"":0.3333333333333333,""irish_domestic_smart_meters"":0.3333333333333333,""low_carbon_london"":0.3333333333333333}","{""camsl_japan_smart_meters"":0.25833333333333336,""irish_domestic_smart_meters"":0.25833333333333336,""low_carbon_london"":0.48333333333333334}","{""camsl_japan_smart_meters"":1292,""irish_domestic_smart_meters"":1292,""low_carbon_london"":2416}",False,test,88.02625397074293,71.10847043217248,16.917783538570447,19.219020207531916,0.8946620000000001,0.5803248471782987,0,0.0,19.178666297488583,2.260882758918138,0.0,"{""camsl_japan_smart_meters"":{""available_profile_sources"":1423,""logical_devices"":1292,""mean_profile_reuse"":1.0,""profile_bootstrap"":false,""selected_unique_profile_sources"":1292,""weight"":0.25833333333333336},""irish_domestic_smart_meters"":{""available_profile_sources"":2904,""logical_devices"":1292,""mean_profile_reuse"":1.0,""profile_bootstrap"":false,""selected_unique_profile_sources"":1292,""weight"":0.25833333333333336},""low_carbon_london"":{""available_profile_sources"":5000,""logical_devices"":2416,""mean_profile_reuse"":1.0,""profile_bootstrap"":false,""selected_unique_profile_sources"":2416,""weight"":0.48333333333333334}}",dataset_combinations_mixed_physical_fleet_v1,3007.4038534608844,2119.1875,3035.6054147160444,3807.9621205679655
predefined_mixed_scenario,S1-A,Similar residential,相似住宅半小时电表融合,aggregate,eps_mixed,Mixed EPS,O(1),16,4157391,5057391,dominant_plus_15pp,5000,"{""camsl_japan_smart_meters"":0.3333333333333333,""irish_domestic_smart_meters"":0.3333333333333333,""low_carbon_london"":0.3333333333333333}","{""camsl_japan_smart_meters"":0.25833333333333336,""irish_domestic_smart_meters"":0.25833333333333336,""low_carbon_london"":0.48333333333333334}","{""camsl_japan_smart_meters"":1292,""irish_domestic_smart_meters"":1292,""low_carbon_london"":2416}",False,test,34.34285284132739,12.545509534482694,21.7973433068447,63.469809591980905,0.8952839999999993,0.9626452063291447,0,0.0,22.941136473430397,1.1437931665856986,0.0,"{""camsl_japan_smart_meters"":{""available_profile_sources"":1423,""logical_devices"":1292,""mean_profile_reuse"":1.0,""profile_bootstrap"":false,""selected_unique_profile_sources"":1292,""weight"":0.25833333333333336},""irish_domestic_smart_meters"":{""available_profile_sources"":2904,""logical_devices"":1292,""mean_profile_reuse"":1.0,""profile_bootstrap"":false,""selected_unique_profile_sources"":1292,""weight"":0.25833333333333336},""low_carbon_london"":{""available_profile_sources"":5000,""logical_devices"":2416,""mean_profile_reuse"":1.0,""profile_bootstrap"":false,""selected_unique_profile_sources"":2416,""weight"":0.48333333333333334}}",dataset_combinations_mixed_physical_fleet_v1,2718.5999376457407,2533.1428571428573,3391.8121804018488,4748.918549721859
predefined_mixed_scenario,S1-A,Similar residential,相似住宅半小时电表融合,aggregate,eps_mixed,Mixed EPS,O(1),17,4157392,5057392,dominant_plus_15pp,5000,"{""camsl_japan_smart_meters"":0.3333333333333333,""irish_domestic_smart_meters"":0.3333333333333333,""low_carbon_london"":0.3333333333333333}","{""camsl_japan_smart_meters"":0.25833333333333336,""irish_domestic_smart_meters"":0.25833333333333336,""low_carbon_london"":0.48333333333333334}","{""camsl_japan_smart_meters"":1292,""irish_domestic_smart_meters"":1292,""low_carbon_london"":2416}",False,test,115.39922244505395,107.40525591208632,7.993966532967637,6.927227379520578,0.8944600000000003,0.2835660171862407,0,0.0,7.993966532967637,0.0,0.0,"{""camsl_japan_smart_meters"":{""available_profile_sources"":1423,""logical_devices"":1292,""mean_profile_reuse"":1.0,""profile_bootstrap"":false,""selected_unique_profile_sources"":1292,""weight"":0.25833333333333336},""irish_domestic_smart_meters"":{""available_profile_sources"":2904,""logical_devices"":1292,""mean_profile_reuse"":1.0,""profile_bootstrap"":false,""selected_unique_profile_sources"":1292,""weight"":0.25833333333333336},""low_carbon_london"":{""available_profile_sources"":5000,""logical_devices"":2416,""mean_profile_reuse"":1.0,""profile_bootstrap"":false,""selected_unique_profile_sources"":2416,""weight"":0.48333333333333334}}",dataset_combinations_mixed_physical_fleet_v1,4095.0,2359.777777777778,4095.0,4181.089706765135
predefined_mixed_scenario,S1-A,Similar residential,相似住宅半小时电表融合,aggregate,eps_mixed,Mixed EPS,O(1),18,4157393,5057393,dominant_plus_15pp,5000,"{""camsl_japan_smart_meters"":0.3333333333333333,""irish_domestic_smart_meters"":0.3333333333333333,""low_carbon_london"":0.3333333333333333}","{""camsl_japan_smart_meters"":0.25833333333333336,""irish_domestic_smart_meters"":0.25833333333333336,""low_carbon_london"":0.48333333333333334}","{""camsl_japan_smart_meters"":1292,""irish_domestic_smart_meters"":1292,""low_carbon_london"":2416}",False,test,116.55953935824265,109.26176297318823,7.297776385054416,6.260985952102039,0.8944279999999996,0.2806368673901461,0,0.0,7.297776385054416,0.0,0.0,"{""camsl_japan_smart_meters"":{""available_profile_sources"":1423,""logical_devices"":1292,""mean_profile_reuse"":1.0,""profile_bootstrap"":false,""selected_unique_profile_sources"":1292,""weight"":0.25833333333333336},""irish_domestic_smart_meters"":{""available_profile_sources"":2904,""logical_devices"":1292,""mean_profile_reuse"":1.0,""profile_bootstrap"":false,""selected_unique_profile_sources"":1292,""weight"":0.25833333333333336},""low_carbon_london"":{""available_profile_sources"":5000,""logical_devices"":2416,""mean_profile_reuse"":1.0,""profile_bootstrap"":false,""selected_unique_profile_sources"":2416,""weight"":0.48333333333333334}}",dataset_combinations_mixed_physical_fleet_v1,4095.0,2378.5555555555557,4095.0,4216.2617729354015
predefined_mixed_scenario,S1-A,Similar residential,相似住宅半小时电表融合,aggregate,eps_mixed,Mixed EPS,O(1),19,4157394,5057394,dominant_plus_15pp,5000,"{""camsl_japan_smart_meters"":0.3333333333333333,""irish_domestic_smart_meters"":0.3333333333333333,""low_carbon_london"":0.3333333333333333}","{""camsl_japan_smart_meters"":0.25833333333333336,""irish_domestic_smart_meters"":0.25833333333333336,""low_carbon_london"":0.48333333333333334}","{""camsl_japan_smart_meters"":1292,""irish_domestic_smart_meters"":1292,""low_carbon_london"":2416}",False,test,87.89492152832275,70.86920105224107,17.02572047608169,19.370539480594925,0.8948320000000002,0.5818521634230519,0,0.0,19.291942072966346,2.266221596884654,0.0,"{""camsl_japan_smart_meters"":{""available_profile_sources"":1423,""logical_devices"":1292,""mean_profile_reuse"":1.0,""profile_bootstrap"":false,""selected_unique_profile_sources"":1292,""weight"":0.25833333333333336},""irish_domestic_smart_meters"":{""available_profile_sources"":2904,""logical_devices"":1292,""mean_profile_reuse"":1.0,""profile_bootstrap"":false,""selected_unique_profile_sources"":1292,""weight"":0.25833333333333336},""low_carbon_london"":{""available_profile_sources"":5000,""logical_devices"":2416,""mean_profile_reuse"":1.0,""profile_bootstrap"":false,""selected_unique_profile_sources"":2416,""weight"":0.48333333333333334}}",dataset_combinations_mixed_physical_fleet_v1,3005.9547779061872,2116.4375,3030.89292379033,3800.157104300757
predefined_mixed_scenario,S1-A,Similar residential,相似住宅半小时电表融合,aggregate,eps_mixed,Mixed EPS,O(1),20,4157395,5057395,dominant_minus_15pp,5000,"{""camsl_japan_smart_meters"":0.3333333333333333,""irish_domestic_smart_meters"":0.3333333333333333,""low_carbon_london"":0.3333333333333333}","{""camsl_japan_smart_meters"":0.40833333333333327,""irish_domestic_smart_meters"":0.40833333333333327,""low_carbon_london"":0.18333333333333332}","{""camsl_japan_smart_meters"":2042,""irish_domestic_smart_meters"":2042,""low_carbon_london"":916}",False,test,119.49794937160793,113.5156351969164,5.982314174691525,5.00620655513348,0.8946659999999994,0.2733140670414907,0,0.0,6.98752527165285,1.0052110969613255,0.0,"{""camsl_japan_smart_meters"":{""available_profile_sources"":1423,""logical_devices"":2042,""mean_profile_reuse"":1.8855032317636196,""profile_bootstrap"":true,""selected_unique_profile_sources"":1083,""weight"":0.40833333333333327},""irish_domestic_smart_meters"":{""available_profile_sources"":2904,""logical_devices"":2042,""mean_profile_reuse"":1.0,""profile_bootstrap"":false,""selected_unique_profile_sources"":2042,""weight"":0.40833333333333327},""low_carbon_london"":{""available_profile_sources"":5000,""logical_devices"":916,""mean_profile_reuse"":1.0,""profile_bootstrap"":false,""selected_unique_profile_sources"":916,""weight"":0.18333333333333332}}",dataset_combinations_mixed_physical_fleet_v1,3906.6593584423717,2311.684210526316,3906.6593584423717,4124.531461667175
predefined_mixed_scenario,S1-A,Similar residential,相似住宅半小时电表融合,aggregate,eps_mixed,Mixed EPS,O(1),21,4157396,5057396,dominant_minus_15pp,5000,"{""camsl_japan_smart_meters"":0.3333333333333333,""irish_domestic_smart_meters"":0.3333333333333333,""low_carbon_london"":0.3333333333333333}","{""camsl_japan_smart_meters"":0.40833333333333327,""irish_domestic_smart_meters"":0.40833333333333327,""low_carbon_london"":0.18333333333333332}","{""camsl_japan_smart_meters"":2042,""irish_domestic_smart_meters"":2042,""low_carbon_london"":916}",False,test,117.44510155030538,110.6786624804886,6.766439069816781,5.761363377865962,0.8953819999999997,0.27740475061141356,0,0.0,6.766439069816781,0.0,0.0,"{""camsl_japan_smart_meters"":{""available_profile_sources"":1423,""logical_devices"":2042,""mean_profile_reuse"":1.8889916743755781,""profile_bootstrap"":true,""selected_unique_profile_sources"":1081,""weight"":0.40833333333333327},""irish_domestic_smart_meters"":{""available_profile_sources"":2904,""logical_devices"":2042,""mean_profile_reuse"":1.0,""profile_bootstrap"":false,""selected_unique_profile_sources"":2042,""weight"":0.40833333333333327},""low_carbon_london"":{""available_profile_sources"":5000,""logical_devices"":916,""mean_profile_reuse"":1.0,""profile_bootstrap"":false,""selected_unique_profile_sources"":916,""weight"":0.18333333333333332}}",dataset_combinations_mixed_physical_fleet_v1,4095.0,2411.8333333333335,4095.0,4250.978623898437
predefined_mixed_scenario,S1-A,Similar residential,相似住宅半小时电表融合,aggregate,eps_mixed,Mixed EPS,O(1),22,4157397,5057397,dominant_minus_15pp,5000,"{""camsl_japan_smart_meters"":0.3333333333333333,""irish_domestic_smart_meters"":0.3333333333333333,""low_carbon_london"":0.3333333333333333}","{""camsl_japan_smart_meters"":0.40833333333333327,""irish_domestic_smart_meters"":0.40833333333333327,""low_carbon_london"":0.18333333333333332}","{""camsl_japan_smart_meters"":2042,""irish_domestic_smart_meters"":2042,""low_carbon_london"":916}",False,test,81.06810566662502,64.67326491511349,16.394840751511527,20.22353996888955,0.8949619999999995,0.674227577120555,0,0.0,17.175116041242035,0.7802752897305096,0.0,"{""camsl_japan_smart_meters"":{""available_profile_sources"":1423,""logical_devices"":2042,""mean_profile_reuse"":1.8682525160109789,""profile_bootstrap"":true,""selected_unique_profile_sources"":1093,""weight"":0.40833333333333327},""irish_domestic_smart_meters"":{""available_profile_sources"":2904,""logical_devices"":2042,""mean_profile_reuse"":1.0,""profile_bootstrap"":false,""selected_unique_profile_sources"":2042,""weight"":0.40833333333333327},""low_carbon_london"":{""available_profile_sources"":5000,""logical_devices"":916,""mean_profile_reuse"":1.0,""profile_bootstrap"":false,""selected_unique_profile_sources"":916,""weight"":0.18333333333333332}}",dataset_combinations_mixed_physical_fleet_v1,3428.888464257815,2729.75,3437.9666952870048,4715.11001945
predefined_mixed_scenario,S1-A,Similar residential,相似住宅半小时电表融合,aggregate,eps_mixed,Mixed EPS,O(1),23,4157398,5057398,dominant_minus_15pp,5000,"{""camsl_japan_smart_meters"":0.3333333333333333,""irish_domestic_smart_meters"":0.3333333333333333,""low_carbon_london"":0.3333333333333333}","{""camsl_japan_smart_meters"":0.40833333333333327,""irish_domestic_smart_meters"":0.40833333333333327,""low_carbon_london"":0.18333333333333332}","{""camsl_japan_smart_meters"":2042,""irish_domestic_smart_meters"":2042,""low_carbon_london"":916}",False,test,118.93112164025422,112.76134149025391,6.169780150000304,5.1876918883038945,0.8950420000000001,0.27490917577714696,0,0.0,6.869202776956621,0.6994226269563173,0.0,"{""camsl_japan_smart_meters"":{""available_profile_sources"":1423,""logical_devices"":2042,""mean_profile_reuse"":1.8907407407407408,""profile_bootstrap"":true,""selected_unique_profile_sources"":1080,""weight"":0.40833333333333327},""irish_domestic_smart_meters"":{""available_profile_sources"":2904,""logical_devices"":2042,""mean_profile_reuse"":1.0,""profile_bootstrap"":false,""selected_unique_profile_sources"":2042,""weight"":0.40833333333333327},""low_carbon_london"":{""available_profile_sources"":5000,""logical_devices"":916,""mean_profile_reuse"":1.0,""profile_bootstrap"":false,""selected_unique_profile_sources"":916,""weight"":0.18333333333333332}}",dataset_combinations_mixed_physical_fleet_v1,3896.649949369753,2302.7894736842104,3896.649949369753,4108.945780411664
predefined_mixed_scenario,S1-A,Similar residential,相似住宅半小时电表融合,aggregate,eps_mixed,Mixed EPS,O(1),24,4157399,5057399,dominant_minus_15pp,5000,"{""camsl_japan_smart_meters"":0.3333333333333333,""irish_domestic_smart_meters"":0.3333333333333333,""low_carbon_london"":0.3333333333333333}","{""camsl_japan_smart_meters"":0.40833333333333327,""irish_domestic_smart_meters"":0.40833333333333327,""low_carbon_london"":0.18333333333333332}","{""camsl_japan_smart_meters"":2042,""irish_domestic_smart_meters"":2042,""low_carbon_london"":916}",False,test,93.42266548412086,77.90291813949685,15.519747344624008,16.612400496389085,0.8955180000000001,0.5246142710051522,0,0.0,18.723901816368368,3.2041544717443577,0.0,"{""camsl_japan_smart_meters"":{""available_profile_sources"":1423,""logical_devices"":2042,""mean_profile_reuse"":1.873394495412844,""profile_bootstrap"":true,""selected_unique_profile_sources"":1090,""weight"":0.40833333333333327},""irish_domestic_smart_meters"":{""available_profile_sources"":2904,""logical_devices"":2042,""mean_profile_reuse"":1.0,""profile_bootstrap"":false,""selected_unique_profile_sources"":2042,""weight"":0.40833333333333327},""low_carbon_london"":{""available_profile_sources"":5000,""logical_devices"":916,""mean_profile_reuse"":1.0,""profile_bootstrap"":false,""selected_unique_profile_sources"":916,""weight"":0.18333333333333332}}",dataset_combinations_mixed_physical_fleet_v1,2713.6780741374446,1856.3157894736842,2765.213583736187,3452.4740240072033
predefined_mixed_scenario,S1-A,Similar residential,相似住宅半小时电表融合,aggregate,eps_mixed,Mixed EPS,O(1),25,4157400,5057400,dominant_minus_15pp,5000,"{""camsl_japan_smart_meters"":0.3333333333333333,""irish_domestic_smart_meters"":0.3333333333333333,""low_carbon_london"":0.3333333333333333}","{""camsl_japan_smart_meters"":0.40833333333333327,""irish_domestic_smart_meters"":0.40833333333333327,""low_carbon_london"":0.18333333333333332}","{""camsl_japan_smart_meters"":2042,""irish_domestic_smart_meters"":2042,""low_carbon_london"":916}",False,test,116.94909145933657,109.88504633493851,7.064045124398068,6.040273623548624,0.8945560000000002,0.27933568578780477,0,0.0,7.064045124398068,0.0,0.0,"{""camsl_japan_smart_meters"":{""available_profile_sources"":1423,""logical_devices"":2042,""mean_profile_reuse"":1.8837638376383763,""profile_bootstrap"":true,""selected_unique_profile_sources"":1084,""weight"":0.40833333333333327},""irish_domestic_smart_meters"":{""available_profile_sources"":2904,""logical_devices"":2042,""mean_profile_reuse"":1.0,""profile_bootstrap"":false,""selected_unique_profile_sources"":2042,""weight"":0.40833333333333327},""low_carbon_london"":{""available_profile_sources"":5000,""logical_devices"":916,""mean_profile_reuse"":1.0,""profile_bootstrap"":false,""selected_unique_profile_sources"":916,""weight"":0.18333333333333332}}",dataset_combinations_mixed_physical_fleet_v1,4095.0,2397.6111111111113,4095.0,4224.190961313027
predefined_mixed_scenario,S1-A,Similar residential,相似住宅半小时电表融合,aggregate,eps_mixed,Mixed EPS,O(1),26,4157401,5057401,dominant_minus_15pp,5000,"{""camsl_japan_smart_meters"":0.3333333333333333,""irish_domestic_smart_meters"":0.3333333333333333,""low_carbon_london"":0.3333333333333333}","{""camsl_japan_smart_meters"":0.40833333333333327,""irish_domestic_smart_meters"":0.40833333333333327,""low_carbon_london"":0.18333333333333332}","{""camsl_japan_smart_meters"":2042,""irish_domestic_smart_meters"":2042,""low_carbon_london"":916}",False,test,76.09165542782053,58.22767278128053,17.86398264654,23.476927326788832,0.8947599999999994,0.6983243519774607,0,0.0,18.53394328767551,0.6699606411355091,0.0,"{""camsl_japan_smart_meters"":{""available_profile_sources"":1423,""logical_devices"":2042,""mean_profile_reuse"":1.9048507462686568,""profile_bootstrap"":true,""selected_unique_profile_sources"":1072,""weight"":0.40833333333333327},""irish_domestic_smart_meters"":{""available_profile_sources"":2904,""logical_devices"":2042,""mean_profile_reuse"":1.0,""profile_bootstrap"":false,""selected_unique_profile_sources"":2042,""weight"":0.40833333333333327},""low_carbon_london"":{""available_profile_sources"":5000,""logical_devices"":916,""mean_profile_reuse"":1.0,""profile_bootstrap"":false,""selected_unique_profile_sources"":916,""weight"":0.18333333333333332}}",dataset_combinations_mixed_physical_fleet_v1,3566.1423385201965,2907.7272727272725,3613.4404676737454,4925.0666049278
predefined_mixed_scenario,S1-A,Similar residential,相似住宅半小时电表融合,aggregate,eps_mixed,Mixed EPS,O(1),27,4157402,5057402,dominant_minus_15pp,5000,"{""camsl_japan_smart_meters"":0.3333333333333333,""irish_domestic_smart_meters"":0.3333333333333333,""low_carbon_london"":0.3333333333333333}","{""camsl_japan_smart_meters"":0.40833333333333327,""irish_domestic_smart_meters"":0.40833333333333327,""low_carbon_london"":0.18333333333333332}","{""camsl_japan_smart_meters"":2042,""irish_domestic_smart_meters"":2042,""low_carbon_london"":916}",False,test,76.15386165036907,58.302148245257335,17.85171340511173,23.44163909516625,0.8944899999999999,0.7004473511157351,0,0.0,18.519984796398383,0.6682713912866508,0.0,"{""camsl_japan_smart_meters"":{""available_profile_sources"":1423,""logical_devices"":2042,""mean_profile_reuse"":1.88724584103512,""profile_bootstrap"":true,""selected_unique_profile_sources"":1082,""weight"":0.40833333333333327},""irish_domestic_smart_meters"":{""available_profile_sources"":2904,""logical_devices"":2042,""mean_profile_reuse"":1.0,""profile_bootstrap"":false,""selected_unique_profile_sources"":2042,""weight"":0.40833333333333327},""low_carbon_london"":{""available_profile_sources"":5000,""logical_devices"":916,""mean_profile_reuse"":1.0,""profile_bootstrap"":false,""selected_unique_profile_sources"":916,""weight"":0.18333333333333332}}",dataset_combinations_mixed_physical_fleet_v1,3566.80459861165,2907.7272727272725,3610.1281880438214,4925.0666049278
predefined_mixed_scenario,S1-A,Similar residential,相似住宅半小时电表融合,aggregate,eps_mixed,Mixed EPS,O(1),28,4157403,5057403,dominant_minus_15pp,5000,"{""camsl_japan_smart_meters"":0.3333333333333333,""irish_domestic_smart_meters"":0.3333333333333333,""low_carbon_london"":0.3333333333333333}","{""camsl_japan_smart_meters"":0.40833333333333327,""irish_domestic_smart_meters"":0.40833333333333327,""low_carbon_london"":0.18333333333333332}","{""camsl_japan_smart_meters"":2042,""irish_domestic_smart_meters"":2042,""low_carbon_london"":916}",False,test,117.44053531021741,110.67135649634785,6.769178813869554,5.763920264829238,0.8935279999999994,0.27812577039426195,0,0.0,6.769178813869554,0.0,0.0,"{""camsl_japan_smart_meters"":{""available_profile_sources"":1423,""logical_devices"":2042,""mean_profile_reuse"":1.8768382352941178,""profile_bootstrap"":true,""selected_unique_profile_sources"":1088,""weight"":0.40833333333333327},""irish_domestic_smart_meters"":{""available_profile_sources"":2904,""logical_devices"":2042,""mean_profile_reuse"":1.0,""profile_bootstrap"":false,""selected_unique_profile_sources"":2042,""weight"":0.40833333333333327},""low_carbon_london"":{""available_profile_sources"":5000,""logical_devices"":916,""mean_profile_reuse"":1.0,""profile_bootstrap"":false,""selected_unique_profile_sources"":916,""weight"":0.18333333333333332}}",dataset_combinations_mixed_physical_fleet_v1,4095.0,2416.5,4095.0,4261.136256560016
predefined_mixed_scenario,S1-A,Similar residential,相似住宅半小时电表融合,aggregate,eps_mixed,Mixed EPS,O(1),29,4157404,5057404,dominant_minus_15pp,5000,"{""camsl_japan_smart_meters"":0.3333333333333333,""irish_domestic_smart_meters"":0.3333333333333333,""low_carbon_london"":0.3333333333333333}","{""camsl_japan_smart_meters"":0.40833333333333327,""irish_domestic_smart_meters"":0.40833333333333327,""low_carbon_london"":0.18333333333333332}","{""camsl_japan_smart_meters"":2042,""irish_domestic_smart_meters"":2042,""low_carbon_london"":916}",False,test,119.26312002552302,113.24027401813841,6.022846007384619,5.050049006009309,0.8940979999999997,0.2744072160532842,0,0.0,6.845153162493644,0.8223071551090261,0.0,"{""camsl_japan_smart_meters"":{""available_profile_sources"":1423,""logical_devices"":2042,""mean_profile_reuse"":1.873394495412844,""profile_bootstrap"":true,""selected_unique_profile_sources"":1090,""weight"":0.40833333333333327},""irish_domestic_smart_meters"":{""available_profile_sources"":2904,""logical_devices"":2042,""mean_profile_reuse"":1.0,""profile_bootstrap"":false,""selected_unique_profile_sources"":2042,""weight"":0.40833333333333327},""low_carbon_london"":{""available_profile_sources"":5000,""logical_devices"":916,""mean_profile_reuse"":1.0,""profile_bootstrap"":false,""selected_unique_profile_sources"":916,""weight"":0.18333333333333332}}",dataset_combinations_mixed_physical_fleet_v1,3899.9831642708396,2302.7894736842104,3899.9831642708396,4108.945780411664
predefined_mixed_scenario,S1-A,Similar residential,相似住宅半小时电表融合,aggregate,local_rules,Local SOC rules,O(1) per device,0,4157375,4357375,nominal,5000,"{""camsl_japan_smart_meters"":0.3333333333333333,""irish_domestic_smart_meters"":0.3333333333333333,""low_carbon_london"":0.3333333333333333}","{""camsl_japan_smart_meters"":0.3333333333333333,""irish_domestic_smart_meters"":0.3333333333333333,""low_carbon_london"":0.3333333333333333}","{""camsl_japan_smart_meters"":1667,""irish_domestic_smart_meters"":1666,""low_carbon_london"":1667}",False,test,118.77974816885487,116.61092438105915,2.168823787795713,1.8259205135816257,0.8957160000000001,0.6710585767171816,0,0.0,2.168823787795713,0.0,15.324158691486206,"{""camsl_japan_smart_meters"":{""available_profile_sources"":1423,""logical_devices"":1667,""mean_profile_reuse"":1.6736947791164658,""profile_bootstrap"":true,""selected_unique_profile_sources"":996,""weight"":0.3333333333333333},""irish_domestic_smart_meters"":{""available_profile_sources"":2904,""logical_devices"":1666,""mean_profile_reuse"":1.0,""profile_bootstrap"":false,""selected_unique_profile_sources"":1666,""weight"":0.3333333333333333},""low_carbon_london"":{""available_profile_sources"":5000,""logical_devices"":1667,""mean_profile_reuse"":1.0,""profile_bootstrap"":false,""selected_unique_profile_sources"":1667,""weight"":0.3333333333333333}}",dataset_combinations_mixed_physical_fleet_v1,,,,
predefined_mixed_scenario,S1-A,Similar residential,相似住宅半小时电表融合,aggregate,local_rules,Local SOC rules,O(1) per device,1,4157376,4357376,nominal,5000,"{""camsl_japan_smart_meters"":0.3333333333333333,""irish_domestic_smart_meters"":0.3333333333333333,""low_carbon_london"":0.3333333333333333}","{""camsl_japan_smart_meters"":0.3333333333333333,""irish_domestic_smart_meters"":0.3333333333333333,""low_carbon_london"":0.3333333333333333}","{""camsl_japan_smart_meters"":1667,""irish_domestic_smart_meters"":1666,""low_carbon_london"":1667}",False,test,119.29567015917064,117.18872299573906,2.106947163431586,1.7661556036529937,0.895062,0.6708834809182677,0,0.0,2.106947163431586,0.0,15.281080942662156,"{""camsl_japan_smart_meters"":{""available_profile_sources"":1423,""logical_devices"":1667,""mean_profile_reuse"":1.7150205761316872,""profile_bootstrap"":true,""selected_unique_profile_sources"":972,""weight"":0.3333333333333333},""irish_domestic_smart_meters"":{""available_profile_sources"":2904,""logical_devices"":1666,""mean_profile_reuse"":1.0,""profile_bootstrap"":false,""selected_unique_profile_sources"":1666,""weight"":0.3333333333333333},""low_carbon_london"":{""available_profile_sources"":5000,""logical_devices"":1667,""mean_profile_reuse"":1.0,""profile_bootstrap"":false,""selected_unique_profile_sources"":1667,""weight"":0.3333333333333333}}",dataset_combinations_mixed_physical_fleet_v1,,,,
predefined_mixed_scenario,S1-A,Similar residential,相似住宅半小时电表融合,aggregate,local_rules,Local SOC rules,O(1) per device,2,4157377,4357377,nominal,5000,"{""camsl_japan_smart_meters"":0.3333333333333333,""irish_domestic_smart_meters"":0.3333333333333333,""low_carbon_london"":0.3333333333333333}","{""camsl_japan_smart_meters"":0.3333333333333333,""irish_domestic_smart_meters"":0.3333333333333333,""low_carbon_london"":0.3333333333333333}","{""camsl_japan_smart_meters"":1667,""irish_domestic_smart_meters"":1666,""low_carbon_london"":1667}",False,test,118.87531576590331,116.70163809466217,2.1736776712411436,1.828535770640289,0.8940339999999997,0.6710651979048744,0,0.0,2.1736776712411436,0.0,15.41664215476764,"{""camsl_japan_smart_meters"":{""available_profile_sources"":1423,""logical_devices"":1667,""mean_profile_reuse"":1.685540950455005,""profile_bootstrap"":true,""selected_unique_profile_sources"":989,""weight"":0.3333333333333333},""irish_domestic_smart_meters"":{""available_profile_sources"":2904,""logical_devices"":1666,""mean_profile_reuse"":1.0,""profile_bootstrap"":false,""selected_unique_profile_sources"":1666,""weight"":0.3333333333333333},""low_carbon_london"":{""available_profile_sources"":5000,""logical_devices"":1667,""mean_profile_reuse"":1.0,""profile_bootstrap"":false,""selected_unique_profile_sources"":1667,""weight"":0.3333333333333333}}",dataset_combinations_mixed_physical_fleet_v1,,,,
predefined_mixed_scenario,S1-A,Similar residential,相似住宅半小时电表融合,aggregate,local_rules,Local SOC rules,O(1) per device,3,4157378,4357378,nominal,5000,"{""camsl_japan_smart_meters"":0.3333333333333333,""irish_domestic_smart_meters"":0.3333333333333333,""low_carbon_london"":0.3333333333333333}","{""camsl_japan_smart_meters"":0.3333333333333333,""irish_domestic_smart_meters"":0.3333333333333333,""low_carbon_london"":0.3333333333333333}","{""camsl_japan_smart_meters"":1667,""irish_domestic_smart_meters"":1666,""low_carbon_london"":1667}",False,test,116.71667847098053,114.11392131883056,2.6027571521499633,2.2299787710263623,0.8953980000000004,0.6719349810904104,0,0.0,2.6027571521499633,0.0,15.881552603405769,"{""camsl_japan_smart_meters"":{""available_profile_sources"":1423,""logical_devices"":1667,""mean_profile_reuse"":1.6992864424057084,""profile_bootstrap"":true,""selected_unique_profile_sources"":981,""weight"":0.3333333333333333},""irish_domestic_smart_meters"":{""available_profile_sources"":2904,""logical_devices"":1666,""mean_profile_reuse"":1.0,""profile_bootstrap"":false,""selected_unique_profile_sources"":1666,""weight"":0.3333333333333333},""low_carbon_london"":{""available_profile_sources"":5000,""logical_devices"":1667,""mean_profile_reuse"":1.0,""profile_bootstrap"":false,""selected_unique_profile_sources"":1667,""weight"":0.3333333333333333}}",dataset_combinations_mixed_physical_fleet_v1,,,,
predefined_mixed_scenario,S1-A,Similar residential,相似住宅半小时电表融合,aggregate,local_rules,Local SOC rules,O(1) per device,4,4157379,4357379,nominal,5000,"{""camsl_japan_smart_meters"":0.3333333333333333,""irish_domestic_smart_meters"":0.3333333333333333,""low_carbon_london"":0.3333333333333333}","{""camsl_japan_smart_meters"":0.3333333333333333,""irish_domestic_smart_meters"":0.3333333333333333,""low_carbon_london"":0.3333333333333333}","{""camsl_japan_smart_meters"":1667,""irish_domestic_smart_meters"":1666,""low_carbon_london"":1667}",False,test,57.60431467300061,43.27056626727923,14.33374840572138,24.883115938604632,0.8952659999999999,0.8542183347138352,0,0.0,14.33374840572138,0.0,26.380151515187347,"{""camsl_japan_smart_meters"":{""available_profile_sources"":1423,""logical_devices"":1667,""mean_profile_reuse"":1.6958290946083419,""profile_bootstrap"":true,""selected_unique_profile_sources"":983,""weight"":0.3333333333333333},""irish_domestic_smart_meters"":{""available_profile_sources"":2904,""logical_devices"":1666,""mean_profile_reuse"":1.0,""profile_bootstrap"":false,""selected_unique_profile_sources"":1666,""weight"":0.3333333333333333},""low_carbon_london"":{""available_profile_sources"":5000,""logical_devices"":1667,""mean_profile_reuse"":1.0,""profile_bootstrap"":false,""selected_unique_profile_sources"":1667,""weight"":0.3333333333333333}}",dataset_combinations_mixed_physical_fleet_v1,,,,
predefined_mixed_scenario,S1-A,Similar residential,相似住宅半小时电表融合,aggregate,local_rules,Local SOC rules,O(1) per device,5,4157380,4357380,nominal,5000,"{""camsl_japan_smart_meters"":0.3333333333333333,""irish_domestic_smart_meters"":0.3333333333333333,""low_carbon_london"":0.3333333333333333}","{""camsl_japan_smart_meters"":0.3333333333333333,""irish_domestic_smart_meters"":0.3333333333333333,""low_carbon_london"":0.3333333333333333}","{""camsl_japan_smart_meters"":1667,""irish_domestic_smart_meters"":1666,""low_carbon_london"":1667}",False,test,53.1838880570194,38.7391268286134,14.444761228406001,27.16003240101497,0.8950019999999994,0.872128447934888,0,0.0,14.444761228406001,0.0,26.28285406630159,"{""camsl_japan_smart_meters"":{""available_profile_sources"":1423,""logical_devices"":1667,""mean_profile_reuse"":1.6941056910569106,""profile_bootstrap"":true,""selected_unique_profile_sources"":984,""weight"":0.3333333333333333},""irish_domestic_smart_meters"":{""available_profile_sources"":2904,""logical_devices"":1666,""mean_profile_reuse"":1.0,""profile_bootstrap"":false,""selected_unique_profile_sources"":1666,""weight"":0.3333333333333333},""low_carbon_london"":{""available_profile_sources"":5000,""logical_devices"":1667,""mean_profile_reuse"":1.0,""profile_bootstrap"":false,""selected_unique_profile_sources"":1667,""weight"":0.3333333333333333}}",dataset_combinations_mixed_physical_fleet_v1,,,,
predefined_mixed_scenario,S1-A,Similar residential,相似住宅半小时电表融合,aggregate,local_rules,Local SOC rules,O(1) per device,6,4157381,4357381,nominal,5000,"{""camsl_japan_smart_meters"":0.3333333333333333,""irish_domestic_smart_meters"":0.3333333333333333,""low_carbon_london"":0.3333333333333333}","{""camsl_japan_smart_meters"":0.3333333333333333,""irish_domestic_smart_meters"":0.3333333333333333,""low_carbon_london"":0.3333333333333333}","{""camsl_japan_smart_meters"":1667,""irish_domestic_smart_meters"":1666,""low_carbon_london"":1667}",False,test,57.95496238970007,43.55632189563808,14.398640494061997,24.844534273429122,0.8947860000000001,0.8513839110772989,0,0.0,14.398640494061997,0.0,26.098707816724243,"{""camsl_japan_smart_meters"":{""available_profile_sources"":1423,""logical_devices"":1667,""mean_profile_reuse"":1.6992864424057084,""profile_bootstrap"":true,""selected_unique_profile_sources"":981,""weight"":0.3333333333333333},""irish_domestic_smart_meters"":{""available_profile_sources"":2904,""logical_devices"":1666,""mean_profile_reuse"":1.0,""profile_bootstrap"":false,""selected_unique_profile_sources"":1666,""weight"":0.3333333333333333},""low_carbon_london"":{""available_profile_sources"":5000,""logical_devices"":1667,""mean_profile_reuse"":1.0,""profile_bootstrap"":false,""selected_unique_profile_sources"":1667,""weight"":0.3333333333333333}}",dataset_combinations_mixed_physical_fleet_v1,,,,
predefined_mixed_scenario,S1-A,Similar residential,相似住宅半小时电表融合,aggregate,local_rules,Local SOC rules,O(1) per device,7,4157382,4357382,nominal,5000,"{""camsl_japan_smart_meters"":0.3333333333333333,""irish_domestic_smart_meters"":0.3333333333333333,""low_carbon_london"":0.3333333333333333}","{""camsl_japan_smart_meters"":0.3333333333333333,""irish_domestic_smart_meters"":0.3333333333333333,""low_carbon_london"":0.3333333333333333}","{""camsl_japan_smart_meters"":1667,""irish_domestic_smart_meters"":1666,""low_carbon_london"":1667}",False,test,104.68219061872061,98.47080207278799,6.211388545932617,5.933567600391638,0.8946300000000001,0.6811924151167067,0,0.0,6.211388545932617,0.0,18.762787720121842,"{""camsl_japan_smart_meters"":{""available_profile_sources"":1423,""logical_devices"":1667,""mean_profile_reuse"":1.7167868177136971,""profile_bootstrap"":true,""selected_unique_profile_sources"":971,""weight"":0.3333333333333333},""irish_domestic_smart_meters"":{""available_profile_sources"":2904,""logical_devices"":1666,""mean_profile_reuse"":1.0,""profile_bootstrap"":false,""selected_unique_profile_sources"":1666,""weight"":0.3333333333333333},""low_carbon_london"":{""available_profile_sources"":5000,""logical_devices"":1667,""mean_profile_reuse"":1.0,""profile_bootstrap"":false,""selected_unique_profile_sources"":1667,""weight"":0.3333333333333333}}",dataset_combinations_mixed_physical_fleet_v1,,,,
predefined_mixed_scenario,S1-A,Similar residential,相似住宅半小时电表融合,aggregate,local_rules,Local SOC rules,O(1) per device,8,4157383,4357383,nominal,5000,"{""camsl_japan_smart_meters"":0.3333333333333333,""irish_domestic_smart_meters"":0.3333333333333333,""low_carbon_london"":0.3333333333333333}","{""camsl_japan_smart_meters"":0.3333333333333333,""irish_domestic_smart_meters"":0.3333333333333333,""low_carbon_london"":0.3333333333333333}","{""camsl_japan_smart_meters"":1667,""irish_domestic_smart_meters"":1666,""low_carbon_london"":1667}",False,test,59.618054040425164,45.192372258958414,14.425681781466752,24.196834354380538,0.8949500000000007,0.8429593210129939,0,0.0,14.425681781466752,0.0,26.101210851722282,"{""camsl_japan_smart_meters"":{""available_profile_sources"":1423,""logical_devices"":1667,""mean_profile_reuse"":1.6941056910569106,""profile_bootstrap"":true,""selected_unique_profile_sources"":984,""weight"":0.3333333333333333},""irish_domestic_smart_meters"":{""available_profile_sources"":2904,""logical_devices"":1666,""mean_profile_reuse"":1.0,""profile_bootstrap"":false,""selected_unique_profile_sources"":1666,""weight"":0.3333333333333333},""low_carbon_london"":{""available_profile_sources"":5000,""logical_devices"":1667,""mean_profile_reuse"":1.0,""profile_bootstrap"":false,""selected_unique_profile_sources"":1667,""weight"":0.3333333333333333}}",dataset_combinations_mixed_physical_fleet_v1,,,,
predefined_mixed_scenario,S1-A,Similar residential,相似住宅半小时电表融合,aggregate,local_rules,Local SOC rules,O(1) per device,9,4157384,4357384,nominal,5000,"{""camsl_japan_smart_meters"":0.3333333333333333,""irish_domestic_smart_meters"":0.3333333333333333,""low_carbon_london"":0.3333333333333333}","{""camsl_japan_smart_meters"":0.3333333333333333,""irish_domestic_smart_meters"":0.3333333333333333,""low_carbon_london"":0.3333333333333333}","{""camsl_japan_smart_meters"":1667,""irish_domestic_smart_meters"":1666,""low_carbon_london"":1667}",False,test,115.88173007950672,113.08071474276711,2.801015336739607,2.4171328256989493,0.89528,0.6722762545665483,0,0.0,2.801015336739607,0.0,15.85845290374803,"{""camsl_japan_smart_meters"":{""available_profile_sources"":1423,""logical_devices"":1667,""mean_profile_reuse"":1.6770623742454729,""profile_bootstrap"":true,""selected_unique_profile_sources"":994,""weight"":0.3333333333333333},""irish_domestic_smart_meters"":{""available_profile_sources"":2904,""logical_devices"":1666,""mean_profile_reuse"":1.0,""profile_bootstrap"":false,""selected_unique_profile_sources"":1666,""weight"":0.3333333333333333},""low_carbon_london"":{""available_profile_sources"":5000,""logical_devices"":1667,""mean_profile_reuse"":1.0,""profile_bootstrap"":false,""selected_unique_profile_sources"":1667,""weight"":0.3333333333333333}}",dataset_combinations_mixed_physical_fleet_v1,,,,
predefined_mixed_scenario,S1-A,Similar residential,相似住宅半小时电表融合,aggregate,local_rules,Local SOC rules,O(1) per device,10,4157385,4357385,dominant_plus_15pp,5000,"{""camsl_japan_smart_meters"":0.3333333333333333,""irish_domestic_smart_meters"":0.3333333333333333,""low_carbon_london"":0.3333333333333333}","{""camsl_japan_smart_meters"":0.25833333333333336,""irish_domestic_smart_meters"":0.25833333333333336,""low_carbon_london"":0.48333333333333334}","{""camsl_japan_smart_meters"":1292,""irish_domestic_smart_meters"":1292,""low_carbon_london"":2416}",False,test,117.80349019493677,115.37547961887984,2.4280105760569377,2.0610684556452052,0.8945239999999994,0.6716333726367224,0,0.0,2.4280105760569377,0.0,15.50736475013514,"{""camsl_japan_smart_meters"":{""available_profile_sources"":1423,""logical_devices"":1292,""mean_profile_reuse"":1.0,""profile_bootstrap"":false,""selected_unique_profile_sources"":1292,""weight"":0.25833333333333336},""irish_domestic_smart_meters"":{""available_profile_sources"":2904,""logical_devices"":1292,""mean_profile_reuse"":1.0,""profile_bootstrap"":false,""selected_unique_profile_sources"":1292,""weight"":0.25833333333333336},""low_carbon_london"":{""available_profile_sources"":5000,""logical_devices"":2416,""mean_profile_reuse"":1.0,""profile_bootstrap"":false,""selected_unique_profile_sources"":2416,""weight"":0.48333333333333334}}",dataset_combinations_mixed_physical_fleet_v1,,,,
predefined_mixed_scenario,S1-A,Similar residential,相似住宅半小时电表融合,aggregate,local_rules,Local SOC rules,O(1) per device,11,4157386,4357386,dominant_plus_15pp,5000,"{""camsl_japan_smart_meters"":0.3333333333333333,""irish_domestic_smart_meters"":0.3333333333333333,""low_carbon_london"":0.3333333333333333}","{""camsl_japan_smart_meters"":0.25833333333333336,""irish_domestic_smart_meters"":0.25833333333333336,""low_carbon_london"":0.48333333333333334}","{""camsl_japan_smart_meters"":1292,""irish_domestic_smart_meters"":1292,""low_carbon_london"":2416}",False,test,32.95588651632699,20.11395209630716,12.841934420019832,38.9670428488024,0.8943379999999996,0.9259706610320533,0,0.0,14.375279010093788,1.5333445900739544,26.43315417752171,"{""camsl_japan_smart_meters"":{""available_profile_sources"":1423,""logical_devices"":1292,""mean_profile_reuse"":1.0,""profile_bootstrap"":false,""selected_unique_profile_sources"":1292,""weight"":0.25833333333333336},""irish_domestic_smart_meters"":{""available_profile_sources"":2904,""logical_devices"":1292,""mean_profile_reuse"":1.0,""profile_bootstrap"":false,""selected_unique_profile_sources"":1292,""weight"":0.25833333333333336},""low_carbon_london"":{""available_profile_sources"":5000,""logical_devices"":2416,""mean_profile_reuse"":1.0,""profile_bootstrap"":false,""selected_unique_profile_sources"":2416,""weight"":0.48333333333333334}}",dataset_combinations_mixed_physical_fleet_v1,,,,
predefined_mixed_scenario,S1-A,Similar residential,相似住宅半小时电表融合,aggregate,local_rules,Local SOC rules,O(1) per device,12,4157387,4357387,dominant_plus_15pp,5000,"{""camsl_japan_smart_meters"":0.3333333333333333,""irish_domestic_smart_meters"":0.3333333333333333,""low_carbon_london"":0.3333333333333333}","{""camsl_japan_smart_meters"":0.25833333333333336,""irish_domestic_smart_meters"":0.25833333333333336,""low_carbon_london"":0.48333333333333334}","{""camsl_japan_smart_meters"":1292,""irish_domestic_smart_meters"":1292,""low_carbon_london"":2416}",False,test,99.37521774012586,91.8752641573646,7.499953582761261,7.547106565717665,0.895038,0.6843370733467051,0,0.0,7.499953582761261,0.0,19.867034346282757,"{""camsl_japan_smart_meters"":{""available_profile_sources"":1423,""logical_devices"":1292,""mean_profile_reuse"":1.0,""profile_bootstrap"":false,""selected_unique_profile_sources"":1292,""weight"":0.25833333333333336},""irish_domestic_smart_meters"":{""available_profile_sources"":2904,""logical_devices"":1292,""mean_profile_reuse"":1.0,""profile_bootstrap"":false,""selected_unique_profile_sources"":1292,""weight"":0.25833333333333336},""low_carbon_london"":{""available_profile_sources"":5000,""logical_devices"":2416,""mean_profile_reuse"":1.0,""profile_bootstrap"":false,""selected_unique_profile_sources"":2416,""weight"":0.48333333333333334}}",dataset_combinations_mixed_physical_fleet_v1,,,,
predefined_mixed_scenario,S1-A,Similar residential,相似住宅半小时电表融合,aggregate,local_rules,Local SOC rules,O(1) per device,13,4157388,4357388,dominant_plus_15pp,5000,"{""camsl_japan_smart_meters"":0.3333333333333333,""irish_domestic_smart_meters"":0.3333333333333333,""low_carbon_london"":0.3333333333333333}","{""camsl_japan_smart_meters"":0.25833333333333336,""irish_domestic_smart_meters"":0.25833333333333336,""low_carbon_london"":0.48333333333333334}","{""camsl_japan_smart_meters"":1292,""irish_domestic_smart_meters"":1292,""low_carbon_london"":2416}",False,test,116.52089440085292,113.8380795997133,2.6828148011396213,2.3024323791321586,0.8947660000000004,0.6722215218135535,0,0.0,2.6828148011396213,0.0,15.918229340393802,"{""camsl_japan_smart_meters"":{""available_profile_sources"":1423,""logical_devices"":1292,""mean_profile_reuse"":1.0,""profile_bootstrap"":false,""selected_unique_profile_sources"":1292,""weight"":0.25833333333333336},""irish_domestic_smart_meters"":{""available_profile_sources"":2904,""logical_devices"":1292,""mean_profile_reuse"":1.0,""profile_bootstrap"":false,""selected_unique_profile_sources"":1292,""weight"":0.25833333333333336},""low_carbon_london"":{""available_profile_sources"":5000,""logical_devices"":2416,""mean_profile_reuse"":1.0,""profile_bootstrap"":false,""selected_unique_profile_sources"":2416,""weight"":0.48333333333333334}}",dataset_combinations_mixed_physical_fleet_v1,,,,
predefined_mixed_scenario,S1-A,Similar residential,相似住宅半小时电表融合,aggregate,local_rules,Local SOC rules,O(1) per device,14,4157389,4357389,dominant_plus_15pp,5000,"{""camsl_japan_smart_meters"":0.3333333333333333,""irish_domestic_smart_meters"":0.3333333333333333,""low_carbon_london"":0.3333333333333333}","{""camsl_japan_smart_meters"":0.25833333333333336,""irish_domestic_smart_meters"":0.25833333333333336,""low_carbon_london"":0.48333333333333334}","{""camsl_japan_smart_meters"":1292,""irish_domestic_smart_meters"":1292,""low_carbon_london"":2416}",False,test,101.95823112493407,94.97148228446622,6.986748840467861,6.852559880042124,0.895484,0.6828137511083427,0,0.0,6.986748840467861,0.0,19.75173203646155,"{""camsl_japan_smart_meters"":{""available_profile_sources"":1423,""logical_devices"":1292,""mean_profile_reuse"":1.0,""profile_bootstrap"":false,""selected_unique_profile_sources"":1292,""weight"":0.25833333333333336},""irish_domestic_smart_meters"":{""available_profile_sources"":2904,""logical_devices"":1292,""mean_profile_reuse"":1.0,""profile_bootstrap"":false,""selected_unique_profile_sources"":1292,""weight"":0.25833333333333336},""low_carbon_london"":{""available_profile_sources"":5000,""logical_devices"":2416,""mean_profile_reuse"":1.0,""profile_bootstrap"":false,""selected_unique_profile_sources"":2416,""weight"":0.48333333333333334}}",dataset_combinations_mixed_physical_fleet_v1,,,,
predefined_mixed_scenario,S1-A,Similar residential,相似住宅半小时电表融合,aggregate,local_rules,Local SOC rules,O(1) per device,15,4157390,4357390,dominant_plus_15pp,5000,"{""camsl_japan_smart_meters"":0.3333333333333333,""irish_domestic_smart_meters"":0.3333333333333333,""low_carbon_london"":0.3333333333333333}","{""camsl_japan_smart_meters"":0.25833333333333336,""irish_domestic_smart_meters"":0.25833333333333336,""low_carbon_london"":0.48333333333333334}","{""camsl_japan_smart_meters"":1292,""irish_domestic_smart_meters"":1292,""low_carbon_london"":2416}",False,test,88.02625397074293,77.74403665014428,10.282217320598642,11.68085299189958,0.8946620000000001,0.6942626747575807,0,0.0,10.282217320598642,0.0,22.25725531834406,"{""camsl_japan_smart_meters"":{""available_profile_sources"":1423,""logical_devices"":1292,""mean_profile_reuse"":1.0,""profile_bootstrap"":false,""selected_unique_profile_sources"":1292,""weight"":0.25833333333333336},""irish_domestic_smart_meters"":{""available_profile_sources"":2904,""logical_devices"":1292,""mean_profile_reuse"":1.0,""profile_bootstrap"":false,""selected_unique_profile_sources"":1292,""weight"":0.25833333333333336},""low_carbon_london"":{""available_profile_sources"":5000,""logical_devices"":2416,""mean_profile_reuse"":1.0,""profile_bootstrap"":false,""selected_unique_profile_sources"":2416,""weight"":0.48333333333333334}}",dataset_combinations_mixed_physical_fleet_v1,,,,
predefined_mixed_scenario,S1-A,Similar residential,相似住宅半小时电表融合,aggregate,local_rules,Local SOC rules,O(1) per device,16,4157391,4357391,dominant_plus_15pp,5000,"{""camsl_japan_smart_meters"":0.3333333333333333,""irish_domestic_smart_meters"":0.3333333333333333,""low_carbon_london"":0.3333333333333333}","{""camsl_japan_smart_meters"":0.25833333333333336,""irish_domestic_smart_meters"":0.25833333333333336,""low_carbon_london"":0.48333333333333334}","{""camsl_japan_smart_meters"":1292,""irish_domestic_smart_meters"":1292,""low_carbon_london"":2416}",False,test,34.34285284132739,21.094113585982097,13.248739255345296,38.577864560518016,0.8952839999999993,0.9212914166704044,0,0.0,14.485419781681113,1.2366805263358176,26.423085098273635,"{""camsl_japan_smart_meters"":{""available_profile_sources"":1423,""logical_devices"":1292,""mean_profile_reuse"":1.0,""profile_bootstrap"":false,""selected_unique_profile_sources"":1292,""weight"":0.25833333333333336},""irish_domestic_smart_meters"":{""available_profile_sources"":2904,""logical_devices"":1292,""mean_profile_reuse"":1.0,""profile_bootstrap"":false,""selected_unique_profile_sources"":1292,""weight"":0.25833333333333336},""low_carbon_london"":{""available_profile_sources"":5000,""logical_devices"":2416,""mean_profile_reuse"":1.0,""profile_bootstrap"":false,""selected_unique_profile_sources"":2416,""weight"":0.48333333333333334}}",dataset_combinations_mixed_physical_fleet_v1,,,,
predefined_mixed_scenario,S1-A,Similar residential,相似住宅半小时电表融合,aggregate,local_rules,Local SOC rules,O(1) per device,17,4157392,4357392,dominant_plus_15pp,5000,"{""camsl_japan_smart_meters"":0.3333333333333333,""irish_domestic_smart_meters"":0.3333333333333333,""low_carbon_london"":0.3333333333333333}","{""camsl_japan_smart_meters"":0.25833333333333336,""irish_domestic_smart_meters"":0.25833333333333336,""low_carbon_london"":0.48333333333333334}","{""camsl_japan_smart_meters"":1292,""irish_domestic_smart_meters"":1292,""low_carbon_london"":2416}",False,test,115.39922244505395,112.46673697205486,2.932485472999097,2.541165712269301,0.8944600000000003,0.6726350538101241,0,0.0,2.932485472999097,0.0,15.846363180951561,"{""camsl_japan_smart_meters"":{""available_profile_sources"":1423,""logical_devices"":1292,""mean_profile_reuse"":1.0,""profile_bootstrap"":false,""selected_unique_profile_sources"":1292,""weight"":0.25833333333333336},""irish_domestic_smart_meters"":{""available_profile_sources"":2904,""logical_devices"":1292,""mean_profile_reuse"":1.0,""profile_bootstrap"":false,""selected_unique_profile_sources"":1292,""weight"":0.25833333333333336},""low_carbon_london"":{""available_profile_sources"":5000,""logical_devices"":2416,""mean_profile_reuse"":1.0,""profile_bootstrap"":false,""selected_unique_profile_sources"":2416,""weight"":0.48333333333333334}}",dataset_combinations_mixed_physical_fleet_v1,,,,
predefined_mixed_scenario,S1-A,Similar residential,相似住宅半小时电表融合,aggregate,local_rules,Local SOC rules,O(1) per device,18,4157393,4357393,dominant_plus_15pp,5000,"{""camsl_japan_smart_meters"":0.3333333333333333,""irish_domestic_smart_meters"":0.3333333333333333,""low_carbon_london"":0.3333333333333333}","{""camsl_japan_smart_meters"":0.25833333333333336,""irish_domestic_smart_meters"":0.25833333333333336,""low_carbon_london"":0.48333333333333334}","{""camsl_japan_smart_meters"":1292,""irish_domestic_smart_meters"":1292,""low_carbon_london"":2416}",False,test,116.55953935824265,113.86233501161493,2.6972043466277102,2.314014246691494,0.8944279999999996,0.672190078143404,0,0.0,2.6972043466277102,0.0,15.568344354580965,"{""camsl_japan_smart_meters"":{""available_profile_sources"":1423,""logical_devices"":1292,""mean_profile_reuse"":1.0,""profile_bootstrap"":false,""selected_unique_profile_sources"":1292,""weight"":0.25833333333333336},""irish_domestic_smart_meters"":{""available_profile_sources"":2904,""logical_devices"":1292,""mean_profile_reuse"":1.0,""profile_bootstrap"":false,""selected_unique_profile_sources"":1292,""weight"":0.25833333333333336},""low_carbon_london"":{""available_profile_sources"":5000,""logical_devices"":2416,""mean_profile_reuse"":1.0,""profile_bootstrap"":false,""selected_unique_profile_sources"":2416,""weight"":0.48333333333333334}}",dataset_combinations_mixed_physical_fleet_v1,,,,
predefined_mixed_scenario,S1-A,Similar residential,相似住宅半小时电表融合,aggregate,local_rules,Local SOC rules,O(1) per device,19,4157394,4357394,dominant_plus_15pp,5000,"{""camsl_japan_smart_meters"":0.3333333333333333,""irish_domestic_smart_meters"":0.3333333333333333,""low_carbon_london"":0.3333333333333333}","{""camsl_japan_smart_meters"":0.25833333333333336,""irish_domestic_smart_meters"":0.25833333333333336,""low_carbon_london"":0.48333333333333334}","{""camsl_japan_smart_meters"":1292,""irish_domestic_smart_meters"":1292,""low_carbon_london"":2416}",False,test,87.89492152832275,77.57659100787495,10.318330520447796,11.739393290342587,0.8948320000000002,0.6946254113090147,0,0.0,10.318330520447796,0.0,22.448797275162242,"{""camsl_japan_smart_meters"":{""available_profile_sources"":1423,""logical_devices"":1292,""mean_profile_reuse"":1.0,""profile_bootstrap"":false,""selected_unique_profile_sources"":1292,""weight"":0.25833333333333336},""irish_domestic_smart_meters"":{""available_profile_sources"":2904,""logical_devices"":1292,""mean_profile_reuse"":1.0,""profile_bootstrap"":false,""selected_unique_profile_sources"":1292,""weight"":0.25833333333333336},""low_carbon_london"":{""available_profile_sources"":5000,""logical_devices"":2416,""mean_profile_reuse"":1.0,""profile_bootstrap"":false,""selected_unique_profile_sources"":2416,""weight"":0.48333333333333334}}",dataset_combinations_mixed_physical_fleet_v1,,,,
predefined_mixed_scenario,S1-A,Similar residential,相似住宅半小时电表融合,aggregate,local_rules,Local SOC rules,O(1) per device,20,4157395,4357395,dominant_minus_15pp,5000,"{""camsl_japan_smart_meters"":0.3333333333333333,""irish_domestic_smart_meters"":0.3333333333333333,""low_carbon_london"":0.3333333333333333}","{""camsl_japan_smart_meters"":0.40833333333333327,""irish_domestic_smart_meters"":0.40833333333333327,""low_carbon_london"":0.18333333333333332}","{""camsl_japan_smart_meters"":2042,""irish_domestic_smart_meters"":2042,""low_carbon_london"":916}",False,test,119.49794937160793,117.47620202970307,2.021747341904856,1.6918678124071744,0.8946659999999994,0.6708013883853879,0,0.0,2.021747341904856,0.0,15.34833969894427,"{""camsl_japan_smart_meters"":{""available_profile_sources"":1423,""logical_devices"":2042,""mean_profile_reuse"":1.8855032317636196,""profile_bootstrap"":true,""selected_unique_profile_sources"":1083,""weight"":0.40833333333333327},""irish_domestic_smart_meters"":{""available_profile_sources"":2904,""logical_devices"":2042,""mean_profile_reuse"":1.0,""profile_bootstrap"":false,""selected_unique_profile_sources"":2042,""weight"":0.40833333333333327},""low_carbon_london"":{""available_profile_sources"":5000,""logical_devices"":916,""mean_profile_reuse"":1.0,""profile_bootstrap"":false,""selected_unique_profile_sources"":916,""weight"":0.18333333333333332}}",dataset_combinations_mixed_physical_fleet_v1,,,,
predefined_mixed_scenario,S1-A,Similar residential,相似住宅半小时电表融合,aggregate,local_rules,Local SOC rules,O(1) per device,21,4157396,4357396,dominant_minus_15pp,5000,"{""camsl_japan_smart_meters"":0.3333333333333333,""irish_domestic_smart_meters"":0.3333333333333333,""low_carbon_london"":0.3333333333333333}","{""camsl_japan_smart_meters"":0.40833333333333327,""irish_domestic_smart_meters"":0.40833333333333327,""low_carbon_london"":0.18333333333333332}","{""camsl_japan_smart_meters"":2042,""irish_domestic_smart_meters"":2042,""low_carbon_london"":916}",False,test,117.44510155030538,115.08530607022145,2.3597954800839362,2.009275354130592,0.8953819999999997,0.671395836626422,0,0.0,2.3597954800839362,0.0,15.566898790563357,"{""camsl_japan_smart_meters"":{""available_profile_sources"":1423,""logical_devices"":2042,""mean_profile_reuse"":1.8889916743755781,""profile_bootstrap"":true,""selected_unique_profile_sources"":1081,""weight"":0.40833333333333327},""irish_domestic_smart_meters"":{""available_profile_sources"":2904,""logical_devices"":2042,""mean_profile_reuse"":1.0,""profile_bootstrap"":false,""selected_unique_profile_sources"":2042,""weight"":0.40833333333333327},""low_carbon_london"":{""available_profile_sources"":5000,""logical_devices"":916,""mean_profile_reuse"":1.0,""profile_bootstrap"":false,""selected_unique_profile_sources"":916,""weight"":0.18333333333333332}}",dataset_combinations_mixed_physical_fleet_v1,,,,
predefined_mixed_scenario,S1-A,Similar residential,相似住宅半小时电表融合,aggregate,local_rules,Local SOC rules,O(1) per device,22,4157397,4357397,dominant_minus_15pp,5000,"{""camsl_japan_smart_meters"":0.3333333333333333,""irish_domestic_smart_meters"":0.3333333333333333,""low_carbon_london"":0.3333333333333333}","{""camsl_japan_smart_meters"":0.40833333333333327,""irish_domestic_smart_meters"":0.40833333333333327,""low_carbon_london"":0.18333333333333332}","{""camsl_japan_smart_meters"":2042,""irish_domestic_smart_meters"":2042,""low_carbon_london"":916}",False,test,81.06810566662502,69.10249587165046,11.965609794974549,14.759947449839926,0.8949619999999995,0.7033260182560898,0,0.0,11.965609794974549,0.0,23.792248398414614,"{""camsl_japan_smart_meters"":{""available_profile_sources"":1423,""logical_devices"":2042,""mean_profile_reuse"":1.8682525160109789,""profile_bootstrap"":true,""selected_unique_profile_sources"":1093,""weight"":0.40833333333333327},""irish_domestic_smart_meters"":{""available_profile_sources"":2904,""logical_devices"":2042,""mean_profile_reuse"":1.0,""profile_bootstrap"":false,""selected_unique_profile_sources"":2042,""weight"":0.40833333333333327},""low_carbon_london"":{""available_profile_sources"":5000,""logical_devices"":916,""mean_profile_reuse"":1.0,""profile_bootstrap"":false,""selected_unique_profile_sources"":916,""weight"":0.18333333333333332}}",dataset_combinations_mixed_physical_fleet_v1,,,,
predefined_mixed_scenario,S1-A,Similar residential,相似住宅半小时电表融合,aggregate,local_rules,Local SOC rules,O(1) per device,23,4157398,4357398,dominant_minus_15pp,5000,"{""camsl_japan_smart_meters"":0.3333333333333333,""irish_domestic_smart_meters"":0.3333333333333333,""low_carbon_london"":0.3333333333333333}","{""camsl_japan_smart_meters"":0.40833333333333327,""irish_domestic_smart_meters"":0.40833333333333327,""low_carbon_london"":0.18333333333333332}","{""camsl_japan_smart_meters"":2042,""irish_domestic_smart_meters"":2042,""low_carbon_london"":916}",False,test,118.93112164025422,116.80777437917784,2.123347261076371,1.785358812556337,0.8950420000000001,0.6709596909286188,0,0.0,2.123347261076371,0.0,15.68421352543244,"{""camsl_japan_smart_meters"":{""available_profile_sources"":1423,""logical_devices"":2042,""mean_profile_reuse"":1.8907407407407408,""profile_bootstrap"":true,""selected_unique_profile_sources"":1080,""weight"":0.40833333333333327},""irish_domestic_smart_meters"":{""available_profile_sources"":2904,""logical_devices"":2042,""mean_profile_reuse"":1.0,""profile_bootstrap"":false,""selected_unique_profile_sources"":2042,""weight"":0.40833333333333327},""low_carbon_london"":{""available_profile_sources"":5000,""logical_devices"":916,""mean_profile_reuse"":1.0,""profile_bootstrap"":false,""selected_unique_profile_sources"":916,""weight"":0.18333333333333332}}",dataset_combinations_mixed_physical_fleet_v1,,,,
predefined_mixed_scenario,S1-A,Similar residential,相似住宅半小时电表融合,aggregate,local_rules,Local SOC rules,O(1) per device,24,4157399,4357399,dominant_minus_15pp,5000,"{""camsl_japan_smart_meters"":0.3333333333333333,""irish_domestic_smart_meters"":0.3333333333333333,""low_carbon_london"":0.3333333333333333}","{""camsl_japan_smart_meters"":0.40833333333333327,""irish_domestic_smart_meters"":0.40833333333333327,""low_carbon_london"":0.18333333333333332}","{""camsl_japan_smart_meters"":2042,""irish_domestic_smart_meters"":2042,""low_carbon_london"":916}",False,test,93.42266548412086,85.14310606070234,8.27955942341852,8.862473983709878,0.8955180000000001,0.686970378436425,0,0.0,8.27955942341852,0.0,21.03673426555486,"{""camsl_japan_smart_meters"":{""available_profile_sources"":1423,""logical_devices"":2042,""mean_profile_reuse"":1.873394495412844,""profile_bootstrap"":true,""selected_unique_profile_sources"":1090,""weight"":0.40833333333333327},""irish_domestic_smart_meters"":{""available_profile_sources"":2904,""logical_devices"":2042,""mean_profile_reuse"":1.0,""profile_bootstrap"":false,""selected_unique_profile_sources"":2042,""weight"":0.40833333333333327},""low_carbon_london"":{""available_profile_sources"":5000,""logical_devices"":916,""mean_profile_reuse"":1.0,""profile_bootstrap"":false,""selected_unique_profile_sources"":916,""weight"":0.18333333333333332}}",dataset_combinations_mixed_physical_fleet_v1,,,,
predefined_mixed_scenario,S1-A,Similar residential,相似住宅半小时电表融合,aggregate,local_rules,Local SOC rules,O(1) per device,25,4157400,4357400,dominant_minus_15pp,5000,"{""camsl_japan_smart_meters"":0.3333333333333333,""irish_domestic_smart_meters"":0.3333333333333333,""low_carbon_london"":0.3333333333333333}","{""camsl_japan_smart_meters"":0.40833333333333327,""irish_domestic_smart_meters"":0.40833333333333327,""low_carbon_london"":0.18333333333333332}","{""camsl_japan_smart_meters"":2042,""irish_domestic_smart_meters"":2042,""low_carbon_london"":916}",False,test,116.94909145933657,114.46713971886466,2.481951740471913,2.122249698138863,0.8945560000000002,0.6717217135894394,0,0.0,2.481951740471913,0.0,15.530049998551192,"{""camsl_japan_smart_meters"":{""available_profile_sources"":1423,""logical_devices"":2042,""mean_profile_reuse"":1.8837638376383763,""profile_bootstrap"":true,""selected_unique_profile_sources"":1084,""weight"":0.40833333333333327},""irish_domestic_smart_meters"":{""available_profile_sources"":2904,""logical_devices"":2042,""mean_profile_reuse"":1.0,""profile_bootstrap"":false,""selected_unique_profile_sources"":2042,""weight"":0.40833333333333327},""low_carbon_london"":{""available_profile_sources"":5000,""logical_devices"":916,""mean_profile_reuse"":1.0,""profile_bootstrap"":false,""selected_unique_profile_sources"":916,""weight"":0.18333333333333332}}",dataset_combinations_mixed_physical_fleet_v1,,,,
predefined_mixed_scenario,S1-A,Similar residential,相似住宅半小时电表融合,aggregate,local_rules,Local SOC rules,O(1) per device,26,4157401,4357401,dominant_minus_15pp,5000,"{""camsl_japan_smart_meters"":0.3333333333333333,""irish_domestic_smart_meters"":0.3333333333333333,""low_carbon_london"":0.3333333333333333}","{""camsl_japan_smart_meters"":0.40833333333333327,""irish_domestic_smart_meters"":0.40833333333333327,""low_carbon_london"":0.18333333333333332}","{""camsl_japan_smart_meters"":2042,""irish_domestic_smart_meters"":2042,""low_carbon_london"":916}",False,test,76.09165542782053,62.14547665993992,13.946178767880602,18.328131632133765,0.8947599999999994,0.728301446896528,0,0.0,13.946178767880602,0.0,25.879655857924085,"{""camsl_japan_smart_meters"":{""available_profile_sources"":1423,""logical_devices"":2042,""mean_profile_reuse"":1.9048507462686568,""profile_bootstrap"":true,""selected_unique_profile_sources"":1072,""weight"":0.40833333333333327},""irish_domestic_smart_meters"":{""available_profile_sources"":2904,""logical_devices"":2042,""mean_profile_reuse"":1.0,""profile_bootstrap"":false,""selected_unique_profile_sources"":2042,""weight"":0.40833333333333327},""low_carbon_london"":{""available_profile_sources"":5000,""logical_devices"":916,""mean_profile_reuse"":1.0,""profile_bootstrap"":false,""selected_unique_profile_sources"":916,""weight"":0.18333333333333332}}",dataset_combinations_mixed_physical_fleet_v1,,,,
predefined_mixed_scenario,S1-A,Similar residential,相似住宅半小时电表融合,aggregate,local_rules,Local SOC rules,O(1) per device,27,4157402,4357402,dominant_minus_15pp,5000,"{""camsl_japan_smart_meters"":0.3333333333333333,""irish_domestic_smart_meters"":0.3333333333333333,""low_carbon_london"":0.3333333333333333}","{""camsl_japan_smart_meters"":0.40833333333333327,""irish_domestic_smart_meters"":0.40833333333333327,""low_carbon_london"":0.18333333333333332}","{""camsl_japan_smart_meters"":2042,""irish_domestic_smart_meters"":2042,""low_carbon_london"":916}",False,test,76.15386165036907,62.276968917826906,13.876892732542164,18.222178668039888,0.8944899999999999,0.7328126103904644,0,0.0,13.876892732542164,0.0,25.77299555390213,"{""camsl_japan_smart_meters"":{""available_profile_sources"":1423,""logical_devices"":2042,""mean_profile_reuse"":1.88724584103512,""profile_bootstrap"":true,""selected_unique_profile_sources"":1082,""weight"":0.40833333333333327},""irish_domestic_smart_meters"":{""available_profile_sources"":2904,""logical_devices"":2042,""mean_profile_reuse"":1.0,""profile_bootstrap"":false,""selected_unique_profile_sources"":2042,""weight"":0.40833333333333327},""low_carbon_london"":{""available_profile_sources"":5000,""logical_devices"":916,""mean_profile_reuse"":1.0,""profile_bootstrap"":false,""selected_unique_profile_sources"":916,""weight"":0.18333333333333332}}",dataset_combinations_mixed_physical_fleet_v1,,,,
predefined_mixed_scenario,S1-A,Similar residential,相似住宅半小时电表融合,aggregate,local_rules,Local SOC rules,O(1) per device,28,4157403,4357403,dominant_minus_15pp,5000,"{""camsl_japan_smart_meters"":0.3333333333333333,""irish_domestic_smart_meters"":0.3333333333333333,""low_carbon_london"":0.3333333333333333}","{""camsl_japan_smart_meters"":0.40833333333333327,""irish_domestic_smart_meters"":0.40833333333333327,""low_carbon_london"":0.18333333333333332}","{""camsl_japan_smart_meters"":2042,""irish_domestic_smart_meters"":2042,""low_carbon_london"":916}",False,test,117.44053531021741,115.05048982150673,2.3900454887106797,2.035111201083522,0.8935279999999994,0.671639127418524,0,0.0,2.3900454887106797,0.0,15.597975401374125,"{""camsl_japan_smart_meters"":{""available_profile_sources"":1423,""logical_devices"":2042,""mean_profile_reuse"":1.8768382352941178,""profile_bootstrap"":true,""selected_unique_profile_sources"":1088,""weight"":0.40833333333333327},""irish_domestic_smart_meters"":{""available_profile_sources"":2904,""logical_devices"":2042,""mean_profile_reuse"":1.0,""profile_bootstrap"":false,""selected_unique_profile_sources"":2042,""weight"":0.40833333333333327},""low_carbon_london"":{""available_profile_sources"":5000,""logical_devices"":916,""mean_profile_reuse"":1.0,""profile_bootstrap"":false,""selected_unique_profile_sources"":916,""weight"":0.18333333333333332}}",dataset_combinations_mixed_physical_fleet_v1,,,,
predefined_mixed_scenario,S1-A,Similar residential,相似住宅半小时电表融合,aggregate,local_rules,Local SOC rules,O(1) per device,29,4157404,4357404,dominant_minus_15pp,5000,"{""camsl_japan_smart_meters"":0.3333333333333333,""irish_domestic_smart_meters"":0.3333333333333333,""low_carbon_london"":0.3333333333333333}","{""camsl_japan_smart_meters"":0.40833333333333327,""irish_domestic_smart_meters"":0.40833333333333327,""low_carbon_london"":0.18333333333333332}","{""camsl_japan_smart_meters"":2042,""irish_domestic_smart_meters"":2042,""low_carbon_london"":916}",False,test,119.26312002552302,117.22262858136065,2.0404914441623654,1.7109156994431245,0.8940979999999997,0.6707907647960615,0,0.0,2.0404914441623654,0.0,15.244220989737856,"{""camsl_japan_smart_meters"":{""available_profile_sources"":1423,""logical_devices"":2042,""mean_profile_reuse"":1.873394495412844,""profile_bootstrap"":true,""selected_unique_profile_sources"":1090,""weight"":0.40833333333333327},""irish_domestic_smart_meters"":{""available_profile_sources"":2904,""logical_devices"":2042,""mean_profile_reuse"":1.0,""profile_bootstrap"":false,""selected_unique_profile_sources"":2042,""weight"":0.40833333333333327},""low_carbon_london"":{""available_profile_sources"":5000,""logical_devices"":916,""mean_profile_reuse"":1.0,""profile_bootstrap"":false,""selected_unique_profile_sources"":916,""weight"":0.18333333333333332}}",dataset_combinations_mixed_physical_fleet_v1,,,,
predefined_mixed_scenario,S1-A,Similar residential,相似住宅半小时电表融合,aggregate,mean_field_control,Mean-field control,O(N),0,4157375,4557375,nominal,5000,"{""camsl_japan_smart_meters"":0.3333333333333333,""irish_domestic_smart_meters"":0.3333333333333333,""low_carbon_london"":0.3333333333333333}","{""camsl_japan_smart_meters"":0.3333333333333333,""irish_domestic_smart_meters"":0.3333333333333333,""low_carbon_london"":0.3333333333333333}","{""camsl_japan_smart_meters"":1667,""irish_domestic_smart_meters"":1666,""low_carbon_london"":1667}",False,test,118.77974816885487,112.51903735986953,6.2607108089853325,5.270857116219204,0.8957160000000001,0.2794216570288719,0,0.0,6.269702735542951,0.008991926557618381,0.0,"{""camsl_japan_smart_meters"":{""available_profile_sources"":1423,""logical_devices"":1667,""mean_profile_reuse"":1.6736947791164658,""profile_bootstrap"":true,""selected_unique_profile_sources"":996,""weight"":0.3333333333333333},""irish_domestic_smart_meters"":{""available_profile_sources"":2904,""logical_devices"":1666,""mean_profile_reuse"":1.0,""profile_bootstrap"":false,""selected_unique_profile_sources"":1666,""weight"":0.3333333333333333},""low_carbon_london"":{""available_profile_sources"":5000,""logical_devices"":1667,""mean_profile_reuse"":1.0,""profile_bootstrap"":false,""selected_unique_profile_sources"":1667,""weight"":0.3333333333333333}}",dataset_combinations_mixed_physical_fleet_v1,,,,
predefined_mixed_scenario,S1-A,Similar residential,相似住宅半小时电表融合,aggregate,mean_field_control,Mean-field control,O(N),1,4157376,4557376,nominal,5000,"{""camsl_japan_smart_meters"":0.3333333333333333,""irish_domestic_smart_meters"":0.3333333333333333,""low_carbon_london"":0.3333333333333333}","{""camsl_japan_smart_meters"":0.3333333333333333,""irish_domestic_smart_meters"":0.3333333333333333,""low_carbon_london"":0.3333333333333333}","{""camsl_japan_smart_meters"":1667,""irish_domestic_smart_meters"":1666,""low_carbon_london"":1667}",False,test,119.29567015917064,113.15369129987872,6.141978859291928,5.148534604061463,0.895062,0.2774980715239341,0,0.0,6.151454013931429,0.009475154639500681,0.0,"{""camsl_japan_smart_meters"":{""available_profile_sources"":1423,""logical_devices"":1667,""mean_profile_reuse"":1.7150205761316872,""profile_bootstrap"":true,""selected_unique_profile_sources"":972,""weight"":0.3333333333333333},""irish_domestic_smart_meters"":{""available_profile_sources"":2904,""logical_devices"":1666,""mean_profile_reuse"":1.0,""profile_bootstrap"":false,""selected_unique_profile_sources"":1666,""weight"":0.3333333333333333},""low_carbon_london"":{""available_profile_sources"":5000,""logical_devices"":1667,""mean_profile_reuse"":1.0,""profile_bootstrap"":false,""selected_unique_profile_sources"":1667,""weight"":0.3333333333333333}}",dataset_combinations_mixed_physical_fleet_v1,,,,
predefined_mixed_scenario,S1-A,Similar residential,相似住宅半小时电表融合,aggregate,mean_field_control,Mean-field control,O(N),2,4157377,4557377,nominal,5000,"{""camsl_japan_smart_meters"":0.3333333333333333,""irish_domestic_smart_meters"":0.3333333333333333,""low_carbon_london"":0.3333333333333333}","{""camsl_japan_smart_meters"":0.3333333333333333,""irish_domestic_smart_meters"":0.3333333333333333,""low_carbon_london"":0.3333333333333333}","{""camsl_japan_smart_meters"":1667,""irish_domestic_smart_meters"":1666,""low_carbon_london"":1667}",False,test,118.87531576590331,112.62047999462823,6.2548357712750855,5.261677524030722,0.8940339999999997,0.27926022825524016,0,0.0,6.263916724430395,0.009080953155308307,0.0,"{""camsl_japan_smart_meters"":{""available_profile_sources"":1423,""logical_devices"":1667,""mean_profile_reuse"":1.685540950455005,""profile_bootstrap"":true,""selected_unique_profile_sources"":989,""weight"":0.3333333333333333},""irish_domestic_smart_meters"":{""available_profile_sources"":2904,""logical_devices"":1666,""mean_profile_reuse"":1.0,""profile_bootstrap"":false,""selected_unique_profile_sources"":1666,""weight"":0.3333333333333333},""low_carbon_london"":{""available_profile_sources"":5000,""logical_devices"":1667,""mean_profile_reuse"":1.0,""profile_bootstrap"":false,""selected_unique_profile_sources"":1667,""weight"":0.3333333333333333}}",dataset_combinations_mixed_physical_fleet_v1,,,,
predefined_mixed_scenario,S1-A,Similar residential,相似住宅半小时电表融合,aggregate,mean_field_control,Mean-field control,O(N),3,4157378,4557378,nominal,5000,"{""camsl_japan_smart_meters"":0.3333333333333333,""irish_domestic_smart_meters"":0.3333333333333333,""low_carbon_london"":0.3333333333333333}","{""camsl_japan_smart_meters"":0.3333333333333333,""irish_domestic_smart_meters"":0.3333333333333333,""low_carbon_london"":0.3333333333333333}","{""camsl_japan_smart_meters"":1667,""irish_domestic_smart_meters"":1666,""low_carbon_london"":1667}",False,test,116.71667847098053,109.51318555356883,7.203492917411695,6.1717768289668316,0.8953980000000004,0.2868612408833829,0,0.0,7.203492917411695,0.0,0.0,"{""camsl_japan_smart_meters"":{""available_profile_sources"":1423,""logical_devices"":1667,""mean_profile_reuse"":1.6992864424057084,""profile_bootstrap"":true,""selected_unique_profile_sources"":981,""weight"":0.3333333333333333},""irish_domestic_smart_meters"":{""available_profile_sources"":2904,""logical_devices"":1666,""mean_profile_reuse"":1.0,""profile_bootstrap"":false,""selected_unique_profile_sources"":1666,""weight"":0.3333333333333333},""low_carbon_london"":{""available_profile_sources"":5000,""logical_devices"":1667,""mean_profile_reuse"":1.0,""profile_bootstrap"":false,""selected_unique_profile_sources"":1667,""weight"":0.3333333333333333}}",dataset_combinations_mixed_physical_fleet_v1,,,,
predefined_mixed_scenario,S1-A,Similar residential,相似住宅半小时电表融合,aggregate,mean_field_control,Mean-field control,O(N),4,4157379,4557379,nominal,5000,"{""camsl_japan_smart_meters"":0.3333333333333333,""irish_domestic_smart_meters"":0.3333333333333333,""low_carbon_london"":0.3333333333333333}","{""camsl_japan_smart_meters"":0.3333333333333333,""irish_domestic_smart_meters"":0.3333333333333333,""low_carbon_london"":0.3333333333333333}","{""camsl_japan_smart_meters"":1667,""irish_domestic_smart_meters"":1666,""low_carbon_london"":1667}",False,test,57.60431467300061,35.97289423438854,21.631420438612068,37.55173646523879,0.8952659999999999,0.8296748783214152,0,0.0,21.662484612001165,0.031064173389096745,0.0,"{""camsl_japan_smart_meters"":{""available_profile_sources"":1423,""logical_devices"":1667,""mean_profile_reuse"":1.6958290946083419,""profile_bootstrap"":true,""selected_unique_profile_sources"":983,""weight"":0.3333333333333333},""irish_domestic_smart_meters"":{""available_profile_sources"":2904,""logical_devices"":1666,""mean_profile_reuse"":1.0,""profile_bootstrap"":false,""selected_unique_profile_sources"":1666,""weight"":0.3333333333333333},""low_carbon_london"":{""available_profile_sources"":5000,""logical_devices"":1667,""mean_profile_reuse"":1.0,""profile_bootstrap"":false,""selected_unique_profile_sources"":1667,""weight"":0.3333333333333333}}",dataset_combinations_mixed_physical_fleet_v1,,,,
predefined_mixed_scenario,S1-A,Similar residential,相似住宅半小时电表融合,aggregate,mean_field_control,Mean-field control,O(N),5,4157380,4557380,nominal,5000,"{""camsl_japan_smart_meters"":0.3333333333333333,""irish_domestic_smart_meters"":0.3333333333333333,""low_carbon_london"":0.3333333333333333}","{""camsl_japan_smart_meters"":0.3333333333333333,""irish_domestic_smart_meters"":0.3333333333333333,""low_carbon_london"":0.3333333333333333}","{""camsl_japan_smart_meters"":1667,""irish_domestic_smart_meters"":1666,""low_carbon_london"":1667}",False,test,53.1838880570194,31.452788241376894,21.73109981564251,40.86030677626316,0.8950019999999994,0.8615057024061659,0,0.0,21.75354783319527,0.022448017552757465,0.0,"{""camsl_japan_smart_meters"":{""available_profile_sources"":1423,""logical_devices"":1667,""mean_profile_reuse"":1.6941056910569106,""profile_bootstrap"":true,""selected_unique_profile_sources"":984,""weight"":0.3333333333333333},""irish_domestic_smart_meters"":{""available_profile_sources"":2904,""logical_devices"":1666,""mean_profile_reuse"":1.0,""profile_bootstrap"":false,""selected_unique_profile_sources"":1666,""weight"":0.3333333333333333},""low_carbon_london"":{""available_profile_sources"":5000,""logical_devices"":1667,""mean_profile_reuse"":1.0,""profile_bootstrap"":false,""selected_unique_profile_sources"":1667,""weight"":0.3333333333333333}}",dataset_combinations_mixed_physical_fleet_v1,,,,
predefined_mixed_scenario,S1-A,Similar residential,相似住宅半小时电表融合,aggregate,mean_field_control,Mean-field control,O(N),6,4157381,4557381,nominal,5000,"{""camsl_japan_smart_meters"":0.3333333333333333,""irish_domestic_smart_meters"":0.3333333333333333,""low_carbon_london"":0.3333333333333333}","{""camsl_japan_smart_meters"":0.3333333333333333,""irish_domestic_smart_meters"":0.3333333333333333,""low_carbon_london"":0.3333333333333333}","{""camsl_japan_smart_meters"":1667,""irish_domestic_smart_meters"":1666,""low_carbon_london"":1667}",False,test,57.95496238970007,36.33333459606101,21.62162779363906,37.30763838349367,0.8947860000000001,0.8271539616457313,0,0.0,21.67881235948244,0.057184565843378395,0.0,"{""camsl_japan_smart_meters"":{""available_profile_sources"":1423,""logical_devices"":1667,""mean_profile_reuse"":1.6992864424057084,""profile_bootstrap"":true,""selected_unique_profile_sources"":981,""weight"":0.3333333333333333},""irish_domestic_smart_meters"":{""available_profile_sources"":2904,""logical_devices"":1666,""mean_profile_reuse"":1.0,""profile_bootstrap"":false,""selected_unique_profile_sources"":1666,""weight"":0.3333333333333333},""low_carbon_london"":{""available_profile_sources"":5000,""logical_devices"":1667,""mean_profile_reuse"":1.0,""profile_bootstrap"":false,""selected_unique_profile_sources"":1667,""weight"":0.3333333333333333}}",dataset_combinations_mixed_physical_fleet_v1,,,,
predefined_mixed_scenario,S1-A,Similar residential,相似住宅半小时电表融合,aggregate,mean_field_control,Mean-field control,O(N),7,4157382,4557382,nominal,5000,"{""camsl_japan_smart_meters"":0.3333333333333333,""irish_domestic_smart_meters"":0.3333333333333333,""low_carbon_london"":0.3333333333333333}","{""camsl_japan_smart_meters"":0.3333333333333333,""irish_domestic_smart_meters"":0.3333333333333333,""low_carbon_london"":0.3333333333333333}","{""camsl_japan_smart_meters"":1667,""irish_domestic_smart_meters"":1666,""low_carbon_london"":1667}",False,test,104.68219061872061,88.01177140590833,16.670419212812277,15.924790180910733,0.8946300000000001,0.3054357595822551,0,0.0,18.33932991358267,1.668910700770389,0.0,"{""camsl_japan_smart_meters"":{""available_profile_sources"":1423,""logical_devices"":1667,""mean_profile_reuse"":1.7167868177136971,""profile_bootstrap"":true,""selected_unique_profile_sources"":971,""weight"":0.3333333333333333},""irish_domestic_smart_meters"":{""available_profile_sources"":2904,""logical_devices"":1666,""mean_profile_reuse"":1.0,""profile_bootstrap"":false,""selected_unique_profile_sources"":1666,""weight"":0.3333333333333333},""low_carbon_london"":{""available_profile_sources"":5000,""logical_devices"":1667,""mean_profile_reuse"":1.0,""profile_bootstrap"":false,""selected_unique_profile_sources"":1667,""weight"":0.3333333333333333}}",dataset_combinations_mixed_physical_fleet_v1,,,,
predefined_mixed_scenario,S1-A,Similar residential,相似住宅半小时电表融合,aggregate,mean_field_control,Mean-field control,O(N),8,4157383,4557383,nominal,5000,"{""camsl_japan_smart_meters"":0.3333333333333333,""irish_domestic_smart_meters"":0.3333333333333333,""low_carbon_london"":0.3333333333333333}","{""camsl_japan_smart_meters"":0.3333333333333333,""irish_domestic_smart_meters"":0.3333333333333333,""low_carbon_london"":0.3333333333333333}","{""camsl_japan_smart_meters"":1667,""irish_domestic_smart_meters"":1666,""low_carbon_london"":1667}",False,test,59.618054040425164,37.90863142227653,21.709422618148636,36.4141751480653,0.8949500000000007,0.8138917126176806,0,0.0,21.720705895504018,0.011283277355381111,0.0,"{""camsl_japan_smart_meters"":{""available_profile_sources"":1423,""logical_devices"":1667,""mean_profile_reuse"":1.6941056910569106,""profile_bootstrap"":true,""selected_unique_profile_sources"":984,""weight"":0.3333333333333333},""irish_domestic_smart_meters"":{""available_profile_sources"":2904,""logical_devices"":1666,""mean_profile_reuse"":1.0,""profile_bootstrap"":false,""selected_unique_profile_sources"":1666,""weight"":0.3333333333333333},""low_carbon_london"":{""available_profile_sources"":5000,""logical_devices"":1667,""mean_profile_reuse"":1.0,""profile_bootstrap"":false,""selected_unique_profile_sources"":1667,""weight"":0.3333333333333333}}",dataset_combinations_mixed_physical_fleet_v1,,,,
predefined_mixed_scenario,S1-A,Similar residential,相似住宅半小时电表融合,aggregate,mean_field_control,Mean-field control,O(N),9,4157384,4557384,nominal,5000,"{""camsl_japan_smart_meters"":0.3333333333333333,""irish_domestic_smart_meters"":0.3333333333333333,""low_carbon_london"":0.3333333333333333}","{""camsl_japan_smart_meters"":0.3333333333333333,""irish_domestic_smart_meters"":0.3333333333333333,""low_carbon_london"":0.3333333333333333}","{""camsl_japan_smart_meters"":1667,""irish_domestic_smart_meters"":1666,""low_carbon_london"":1667}",False,test,115.88173007950672,108.17726812721075,7.704461952295966,6.648556202094948,0.89528,0.2896199340086581,0,0.0,7.704461952295966,0.0,0.0,"{""camsl_japan_smart_meters"":{""available_profile_sources"":1423,""logical_devices"":1667,""mean_profile_reuse"":1.6770623742454729,""profile_bootstrap"":true,""selected_unique_profile_sources"":994,""weight"":0.3333333333333333},""irish_domestic_smart_meters"":{""available_profile_sources"":2904,""logical_devices"":1666,""mean_profile_reuse"":1.0,""profile_bootstrap"":false,""selected_unique_profile_sources"":1666,""weight"":0.3333333333333333},""low_carbon_london"":{""available_profile_sources"":5000,""logical_devices"":1667,""mean_profile_reuse"":1.0,""profile_bootstrap"":false,""selected_unique_profile_sources"":1667,""weight"":0.3333333333333333}}",dataset_combinations_mixed_physical_fleet_v1,,,,
predefined_mixed_scenario,S1-A,Similar residential,相似住宅半小时电表融合,aggregate,mean_field_control,Mean-field control,O(N),10,4157385,4557385,dominant_plus_15pp,5000,"{""camsl_japan_smart_meters"":0.3333333333333333,""irish_domestic_smart_meters"":0.3333333333333333,""low_carbon_london"":0.3333333333333333}","{""camsl_japan_smart_meters"":0.25833333333333336,""irish_domestic_smart_meters"":0.25833333333333336,""low_carbon_london"":0.48333333333333334}","{""camsl_japan_smart_meters"":1292,""irish_domestic_smart_meters"":1292,""low_carbon_london"":2416}",False,test,117.80349019493677,111.08228414216674,6.721206052770022,5.705438813101403,0.8945239999999994,0.2817950149024068,0,0.0,6.734231025748225,0.01302497297820334,0.0,"{""camsl_japan_smart_meters"":{""available_profile_sources"":1423,""logical_devices"":1292,""mean_profile_reuse"":1.0,""profile_bootstrap"":false,""selected_unique_profile_sources"":1292,""weight"":0.25833333333333336},""irish_domestic_smart_meters"":{""available_profile_sources"":2904,""logical_devices"":1292,""mean_profile_reuse"":1.0,""profile_bootstrap"":false,""selected_unique_profile_sources"":1292,""weight"":0.25833333333333336},""low_carbon_london"":{""available_profile_sources"":5000,""logical_devices"":2416,""mean_profile_reuse"":1.0,""profile_bootstrap"":false,""selected_unique_profile_sources"":2416,""weight"":0.48333333333333334}}",dataset_combinations_mixed_physical_fleet_v1,,,,
predefined_mixed_scenario,S1-A,Similar residential,相似住宅半小时电表融合,aggregate,mean_field_control,Mean-field control,O(N),11,4157386,4557386,dominant_plus_15pp,5000,"{""camsl_japan_smart_meters"":0.3333333333333333,""irish_domestic_smart_meters"":0.3333333333333333,""low_carbon_london"":0.3333333333333333}","{""camsl_japan_smart_meters"":0.25833333333333336,""irish_domestic_smart_meters"":0.25833333333333336,""low_carbon_london"":0.48333333333333334}","{""camsl_japan_smart_meters"":1292,""irish_domestic_smart_meters"":1292,""low_carbon_london"":2416}",False,test,32.95588651632699,11.473344255870686,21.482542260456306,65.1857514129181,0.8943379999999996,0.9681549758312199,0,0.0,21.57294088316968,0.09039862271336763,0.0,"{""camsl_japan_smart_meters"":{""available_profile_sources"":1423,""logical_devices"":1292,""mean_profile_reuse"":1.0,""profile_bootstrap"":false,""selected_unique_profile_sources"":1292,""weight"":0.25833333333333336},""irish_domestic_smart_meters"":{""available_profile_sources"":2904,""logical_devices"":1292,""mean_profile_reuse"":1.0,""profile_bootstrap"":false,""selected_unique_profile_sources"":1292,""weight"":0.25833333333333336},""low_carbon_london"":{""available_profile_sources"":5000,""logical_devices"":2416,""mean_profile_reuse"":1.0,""profile_bootstrap"":false,""selected_unique_profile_sources"":2416,""weight"":0.48333333333333334}}",dataset_combinations_mixed_physical_fleet_v1,,,,
predefined_mixed_scenario,S1-A,Similar residential,相似住宅半小时电表融合,aggregate,mean_field_control,Mean-field control,O(N),12,4157387,4557387,dominant_plus_15pp,5000,"{""camsl_japan_smart_meters"":0.3333333333333333,""irish_domestic_smart_meters"":0.3333333333333333,""low_carbon_london"":0.3333333333333333}","{""camsl_japan_smart_meters"":0.25833333333333336,""irish_domestic_smart_meters"":0.25833333333333336,""low_carbon_london"":0.48333333333333334}","{""camsl_japan_smart_meters"":1292,""irish_domestic_smart_meters"":1292,""low_carbon_london"":2416}",False,test,99.37521774012586,82.22442289154012,17.15079484858574,17.258623667559096,0.895038,0.36236968205198244,0,0.0,21.355207935690313,4.204413087104573,0.0,"{""camsl_japan_smart_meters"":{""available_profile_sources"":1423,""logical_devices"":1292,""mean_profile_reuse"":1.0,""profile_bootstrap"":false,""selected_unique_profile_sources"":1292,""weight"":0.25833333333333336},""irish_domestic_smart_meters"":{""available_profile_sources"":2904,""logical_devices"":1292,""mean_profile_reuse"":1.0,""profile_bootstrap"":false,""selected_unique_profile_sources"":1292,""weight"":0.25833333333333336},""low_carbon_london"":{""available_profile_sources"":5000,""logical_devices"":2416,""mean_profile_reuse"":1.0,""profile_bootstrap"":false,""selected_unique_profile_sources"":2416,""weight"":0.48333333333333334}}",dataset_combinations_mixed_physical_fleet_v1,,,,
predefined_mixed_scenario,S1-A,Similar residential,相似住宅半小时电表融合,aggregate,mean_field_control,Mean-field control,O(N),13,4157388,4557388,dominant_plus_15pp,5000,"{""camsl_japan_smart_meters"":0.3333333333333333,""irish_domestic_smart_meters"":0.3333333333333333,""low_carbon_london"":0.3333333333333333}","{""camsl_japan_smart_meters"":0.25833333333333336,""irish_domestic_smart_meters"":0.25833333333333336,""low_carbon_london"":0.48333333333333334}","{""camsl_japan_smart_meters"":1292,""irish_domestic_smart_meters"":1292,""low_carbon_london"":2416}",False,test,116.52089440085292,109.19993104136468,7.320963359488247,6.28296186459298,0.8947660000000004,0.2865861377500323,0,0.0,7.320963359488247,0.0,0.0,"{""camsl_japan_smart_meters"":{""available_profile_sources"":1423,""logical_devices"":1292,""mean_profile_reuse"":1.0,""profile_bootstrap"":false,""selected_unique_profile_sources"":1292,""weight"":0.25833333333333336},""irish_domestic_smart_meters"":{""available_profile_sources"":2904,""logical_devices"":1292,""mean_profile_reuse"":1.0,""profile_bootstrap"":false,""selected_unique_profile_sources"":1292,""weight"":0.25833333333333336},""low_carbon_london"":{""available_profile_sources"":5000,""logical_devices"":2416,""mean_profile_reuse"":1.0,""profile_bootstrap"":false,""selected_unique_profile_sources"":2416,""weight"":0.48333333333333334}}",dataset_combinations_mixed_physical_fleet_v1,,,,
predefined_mixed_scenario,S1-A,Similar residential,相似住宅半小时电表融合,aggregate,mean_field_control,Mean-field control,O(N),14,4157389,4557389,dominant_plus_15pp,5000,"{""camsl_japan_smart_meters"":0.3333333333333333,""irish_domestic_smart_meters"":0.3333333333333333,""low_carbon_london"":0.3333333333333333}","{""camsl_japan_smart_meters"":0.25833333333333336,""irish_domestic_smart_meters"":0.25833333333333336,""low_carbon_london"":0.48333333333333334}","{""camsl_japan_smart_meters"":1292,""irish_domestic_smart_meters"":1292,""low_carbon_london"":2416}",False,test,101.95823112493407,85.01443008426492,16.94380104066915,16.618374851861784,0.895484,0.32122163553893096,0,0.0,20.041175501491693,3.0973744608225426,0.0,"{""camsl_japan_smart_meters"":{""available_profile_sources"":1423,""logical_devices"":1292,""mean_profile_reuse"":1.0,""profile_bootstrap"":false,""selected_unique_profile_sources"":1292,""weight"":0.25833333333333336},""irish_domestic_smart_meters"":{""available_profile_sources"":2904,""logical_devices"":1292,""mean_profile_reuse"":1.0,""profile_bootstrap"":false,""selected_unique_profile_sources"":1292,""weight"":0.25833333333333336},""low_carbon_london"":{""available_profile_sources"":5000,""logical_devices"":2416,""mean_profile_reuse"":1.0,""profile_bootstrap"":false,""selected_unique_profile_sources"":2416,""weight"":0.48333333333333334}}",dataset_combinations_mixed_physical_fleet_v1,,,,
predefined_mixed_scenario,S1-A,Similar residential,相似住宅半小时电表融合,aggregate,mean_field_control,Mean-field control,O(N),15,4157390,4557390,dominant_plus_15pp,5000,"{""camsl_japan_smart_meters"":0.3333333333333333,""irish_domestic_smart_meters"":0.3333333333333333,""low_carbon_london"":0.3333333333333333}","{""camsl_japan_smart_meters"":0.25833333333333336,""irish_domestic_smart_meters"":0.25833333333333336,""low_carbon_london"":0.48333333333333334}","{""camsl_japan_smart_meters"":1292,""irish_domestic_smart_meters"":1292,""low_carbon_london"":2416}",False,test,88.02625397074293,71.25643208429904,16.7698218864439,19.050932113977765,0.8946620000000001,0.5432856525925135,0,0.0,19.609124411020602,2.839302524576702,0.0,"{""camsl_japan_smart_meters"":{""available_profile_sources"":1423,""logical_devices"":1292,""mean_profile_reuse"":1.0,""profile_bootstrap"":false,""selected_unique_profile_sources"":1292,""weight"":0.25833333333333336},""irish_domestic_smart_meters"":{""available_profile_sources"":2904,""logical_devices"":1292,""mean_profile_reuse"":1.0,""profile_bootstrap"":false,""selected_unique_profile_sources"":1292,""weight"":0.25833333333333336},""low_carbon_london"":{""available_profile_sources"":5000,""logical_devices"":2416,""mean_profile_reuse"":1.0,""profile_bootstrap"":false,""selected_unique_profile_sources"":2416,""weight"":0.48333333333333334}}",dataset_combinations_mixed_physical_fleet_v1,,,,
predefined_mixed_scenario,S1-A,Similar residential,相似住宅半小时电表融合,aggregate,mean_field_control,Mean-field control,O(N),16,4157391,4557391,dominant_plus_15pp,5000,"{""camsl_japan_smart_meters"":0.3333333333333333,""irish_domestic_smart_meters"":0.3333333333333333,""low_carbon_london"":0.3333333333333333}","{""camsl_japan_smart_meters"":0.25833333333333336,""irish_domestic_smart_meters"":0.25833333333333336,""low_carbon_london"":0.48333333333333334}","{""camsl_japan_smart_meters"":1292,""irish_domestic_smart_meters"":1292,""low_carbon_london"":2416}",False,test,34.34285284132739,12.684691495564909,21.658161345762483,63.06453760795188,0.8952839999999993,0.9645675146749402,0,0.0,21.68505134557324,0.02688999981075608,0.0,"{""camsl_japan_smart_meters"":{""available_profile_sources"":1423,""logical_devices"":1292,""mean_profile_reuse"":1.0,""profile_bootstrap"":false,""selected_unique_profile_sources"":1292,""weight"":0.25833333333333336},""irish_domestic_smart_meters"":{""available_profile_sources"":2904,""logical_devices"":1292,""mean_profile_reuse"":1.0,""profile_bootstrap"":false,""selected_unique_profile_sources"":1292,""weight"":0.25833333333333336},""low_carbon_london"":{""available_profile_sources"":5000,""logical_devices"":2416,""mean_profile_reuse"":1.0,""profile_bootstrap"":false,""selected_unique_profile_sources"":2416,""weight"":0.48333333333333334}}",dataset_combinations_mixed_physical_fleet_v1,,,,
predefined_mixed_scenario,S1-A,Similar residential,相似住宅半小时电表融合,aggregate,mean_field_control,Mean-field control,O(N),17,4157392,4557392,dominant_plus_15pp,5000,"{""camsl_japan_smart_meters"":0.3333333333333333,""irish_domestic_smart_meters"":0.3333333333333333,""low_carbon_london"":0.3333333333333333}","{""camsl_japan_smart_meters"":0.25833333333333336,""irish_domestic_smart_meters"":0.25833333333333336,""low_carbon_london"":0.48333333333333334}","{""camsl_japan_smart_meters"":1292,""irish_domestic_smart_meters"":1292,""low_carbon_london"":2416}",False,test,115.39922244505395,107.40525591208632,7.993966532967636,6.927227379520578,0.8944600000000003,0.29261244577282186,0,0.0,7.993966532967636,0.0,0.0,"{""camsl_japan_smart_meters"":{""available_profile_sources"":1423,""logical_devices"":1292,""mean_profile_reuse"":1.0,""profile_bootstrap"":false,""selected_unique_profile_sources"":1292,""weight"":0.25833333333333336},""irish_domestic_smart_meters"":{""available_profile_sources"":2904,""logical_devices"":1292,""mean_profile_reuse"":1.0,""profile_bootstrap"":false,""selected_unique_profile_sources"":1292,""weight"":0.25833333333333336},""low_carbon_london"":{""available_profile_sources"":5000,""logical_devices"":2416,""mean_profile_reuse"":1.0,""profile_bootstrap"":false,""selected_unique_profile_sources"":2416,""weight"":0.48333333333333334}}",dataset_combinations_mixed_physical_fleet_v1,,,,
predefined_mixed_scenario,S1-A,Similar residential,相似住宅半小时电表融合,aggregate,mean_field_control,Mean-field control,O(N),18,4157393,4557393,dominant_plus_15pp,5000,"{""camsl_japan_smart_meters"":0.3333333333333333,""irish_domestic_smart_meters"":0.3333333333333333,""low_carbon_london"":0.3333333333333333}","{""camsl_japan_smart_meters"":0.25833333333333336,""irish_domestic_smart_meters"":0.25833333333333336,""low_carbon_london"":0.48333333333333334}","{""camsl_japan_smart_meters"":1292,""irish_domestic_smart_meters"":1292,""low_carbon_london"":2416}",False,test,116.55953935824265,109.26176297318823,7.297776385054416,6.260985952102039,0.8944279999999996,0.28622359569604616,0,0.0,7.297776385054416,0.0,0.0,"{""camsl_japan_smart_meters"":{""available_profile_sources"":1423,""logical_devices"":1292,""mean_profile_reuse"":1.0,""profile_bootstrap"":false,""selected_unique_profile_sources"":1292,""weight"":0.25833333333333336},""irish_domestic_smart_meters"":{""available_profile_sources"":2904,""logical_devices"":1292,""mean_profile_reuse"":1.0,""profile_bootstrap"":false,""selected_unique_profile_sources"":1292,""weight"":0.25833333333333336},""low_carbon_london"":{""available_profile_sources"":5000,""logical_devices"":2416,""mean_profile_reuse"":1.0,""profile_bootstrap"":false,""selected_unique_profile_sources"":2416,""weight"":0.48333333333333334}}",dataset_combinations_mixed_physical_fleet_v1,,,,
predefined_mixed_scenario,S1-A,Similar residential,相似住宅半小时电表融合,aggregate,mean_field_control,Mean-field control,O(N),19,4157394,4557394,dominant_plus_15pp,5000,"{""camsl_japan_smart_meters"":0.3333333333333333,""irish_domestic_smart_meters"":0.3333333333333333,""low_carbon_london"":0.3333333333333333}","{""camsl_japan_smart_meters"":0.25833333333333336,""irish_domestic_smart_meters"":0.25833333333333336,""low_carbon_london"":0.48333333333333334}","{""camsl_japan_smart_meters"":1292,""irish_domestic_smart_meters"":1292,""low_carbon_london"":2416}",False,test,87.89492152832275,71.01787749210074,16.877044036222014,19.201387000253085,0.8948320000000002,0.5456933319848237,0,0.0,19.562311444831785,2.6852674086097714,0.0,"{""camsl_japan_smart_meters"":{""available_profile_sources"":1423,""logical_devices"":1292,""mean_profile_reuse"":1.0,""profile_bootstrap"":false,""selected_unique_profile_sources"":1292,""weight"":0.25833333333333336},""irish_domestic_smart_meters"":{""available_profile_sources"":2904,""logical_devices"":1292,""mean_profile_reuse"":1.0,""profile_bootstrap"":false,""selected_unique_profile_sources"":1292,""weight"":0.25833333333333336},""low_carbon_london"":{""available_profile_sources"":5000,""logical_devices"":2416,""mean_profile_reuse"":1.0,""profile_bootstrap"":false,""selected_unique_profile_sources"":2416,""weight"":0.48333333333333334}}",dataset_combinations_mixed_physical_fleet_v1,,,,
predefined_mixed_scenario,S1-A,Similar residential,相似住宅半小时电表融合,aggregate,mean_field_control,Mean-field control,O(N),20,4157395,4557395,dominant_minus_15pp,5000,"{""camsl_japan_smart_meters"":0.3333333333333333,""irish_domestic_smart_meters"":0.3333333333333333,""low_carbon_london"":0.3333333333333333}","{""camsl_japan_smart_meters"":0.40833333333333327,""irish_domestic_smart_meters"":0.40833333333333327,""low_carbon_london"":0.18333333333333332}","{""camsl_japan_smart_meters"":2042,""irish_domestic_smart_meters"":2042,""low_carbon_london"":916}",False,test,119.49794937160793,113.53394396675205,5.964005404855889,4.9908851459110455,0.8946659999999994,0.27779426846705024,0,0.0,5.997709236765704,0.03370383190981601,0.0,"{""camsl_japan_smart_meters"":{""available_profile_sources"":1423,""logical_devices"":2042,""mean_profile_reuse"":1.8855032317636196,""profile_bootstrap"":true,""selected_unique_profile_sources"":1083,""weight"":0.40833333333333327},""irish_domestic_smart_meters"":{""available_profile_sources"":2904,""logical_devices"":2042,""mean_profile_reuse"":1.0,""profile_bootstrap"":false,""selected_unique_profile_sources"":2042,""weight"":0.40833333333333327},""low_carbon_london"":{""available_profile_sources"":5000,""logical_devices"":916,""mean_profile_reuse"":1.0,""profile_bootstrap"":false,""selected_unique_profile_sources"":916,""weight"":0.18333333333333332}}",dataset_combinations_mixed_physical_fleet_v1,,,,
predefined_mixed_scenario,S1-A,Similar residential,相似住宅半小时电表融合,aggregate,mean_field_control,Mean-field control,O(N),21,4157396,4557396,dominant_minus_15pp,5000,"{""camsl_japan_smart_meters"":0.3333333333333333,""irish_domestic_smart_meters"":0.3333333333333333,""low_carbon_london"":0.3333333333333333}","{""camsl_japan_smart_meters"":0.40833333333333327,""irish_domestic_smart_meters"":0.40833333333333327,""low_carbon_london"":0.18333333333333332}","{""camsl_japan_smart_meters"":2042,""irish_domestic_smart_meters"":2042,""low_carbon_london"":916}",False,test,117.44510155030538,110.6786624804886,6.766439069816781,5.761363377865962,0.8953819999999997,0.28494530531131934,0,0.0,6.766439069816781,0.0,0.0,"{""camsl_japan_smart_meters"":{""available_profile_sources"":1423,""logical_devices"":2042,""mean_profile_reuse"":1.8889916743755781,""profile_bootstrap"":true,""selected_unique_profile_sources"":1081,""weight"":0.40833333333333327},""irish_domestic_smart_meters"":{""available_profile_sources"":2904,""logical_devices"":2042,""mean_profile_reuse"":1.0,""profile_bootstrap"":false,""selected_unique_profile_sources"":2042,""weight"":0.40833333333333327},""low_carbon_london"":{""available_profile_sources"":5000,""logical_devices"":916,""mean_profile_reuse"":1.0,""profile_bootstrap"":false,""selected_unique_profile_sources"":916,""weight"":0.18333333333333332}}",dataset_combinations_mixed_physical_fleet_v1,,,,
predefined_mixed_scenario,S1-A,Similar residential,相似住宅半小时电表融合,aggregate,mean_field_control,Mean-field control,O(N),22,4157397,4557397,dominant_minus_15pp,5000,"{""camsl_japan_smart_meters"":0.3333333333333333,""irish_domestic_smart_meters"":0.3333333333333333,""low_carbon_london"":0.3333333333333333}","{""camsl_japan_smart_meters"":0.40833333333333327,""irish_domestic_smart_meters"":0.40833333333333327,""low_carbon_london"":0.18333333333333332}","{""camsl_japan_smart_meters"":2042,""irish_domestic_smart_meters"":2042,""low_carbon_london"":916}",False,test,81.06810566662502,64.67538844120179,16.39271722542323,20.22092053419222,0.8949619999999995,0.6366405225549959,0,0.0,17.50831412545425,1.1155969000310255,0.0,"{""camsl_japan_smart_meters"":{""available_profile_sources"":1423,""logical_devices"":2042,""mean_profile_reuse"":1.8682525160109789,""profile_bootstrap"":true,""selected_unique_profile_sources"":1093,""weight"":0.40833333333333327},""irish_domestic_smart_meters"":{""available_profile_sources"":2904,""logical_devices"":2042,""mean_profile_reuse"":1.0,""profile_bootstrap"":false,""selected_unique_profile_sources"":2042,""weight"":0.40833333333333327},""low_carbon_london"":{""available_profile_sources"":5000,""logical_devices"":916,""mean_profile_reuse"":1.0,""profile_bootstrap"":false,""selected_unique_profile_sources"":916,""weight"":0.18333333333333332}}",dataset_combinations_mixed_physical_fleet_v1,,,,
predefined_mixed_scenario,S1-A,Similar residential,相似住宅半小时电表融合,aggregate,mean_field_control,Mean-field control,O(N),23,4157398,4557398,dominant_minus_15pp,5000,"{""camsl_japan_smart_meters"":0.3333333333333333,""irish_domestic_smart_meters"":0.3333333333333333,""low_carbon_london"":0.3333333333333333}","{""camsl_japan_smart_meters"":0.40833333333333327,""irish_domestic_smart_meters"":0.40833333333333327,""low_carbon_london"":0.18333333333333332}","{""camsl_japan_smart_meters"":2042,""irish_domestic_smart_meters"":2042,""low_carbon_london"":916}",False,test,118.93112164025422,112.77126403992997,6.1598576003242425,5.179348782194061,0.8950420000000001,0.2787871802775705,0,0.0,6.171937302205633,0.012079701881390221,0.0,"{""camsl_japan_smart_meters"":{""available_profile_sources"":1423,""logical_devices"":2042,""mean_profile_reuse"":1.8907407407407408,""profile_bootstrap"":true,""selected_unique_profile_sources"":1080,""weight"":0.40833333333333327},""irish_domestic_smart_meters"":{""available_profile_sources"":2904,""logical_devices"":2042,""mean_profile_reuse"":1.0,""profile_bootstrap"":false,""selected_unique_profile_sources"":2042,""weight"":0.40833333333333327},""low_carbon_london"":{""available_profile_sources"":5000,""logical_devices"":916,""mean_profile_reuse"":1.0,""profile_bootstrap"":false,""selected_unique_profile_sources"":916,""weight"":0.18333333333333332}}",dataset_combinations_mixed_physical_fleet_v1,,,,
predefined_mixed_scenario,S1-A,Similar residential,相似住宅半小时电表融合,aggregate,mean_field_control,Mean-field control,O(N),24,4157399,4557399,dominant_minus_15pp,5000,"{""camsl_japan_smart_meters"":0.3333333333333333,""irish_domestic_smart_meters"":0.3333333333333333,""low_carbon_london"":0.3333333333333333}","{""camsl_japan_smart_meters"":0.40833333333333327,""irish_domestic_smart_meters"":0.40833333333333327,""low_carbon_london"":0.18333333333333332}","{""camsl_japan_smart_meters"":2042,""irish_domestic_smart_meters"":2042,""low_carbon_london"":916}",False,test,93.42266548412086,78.06538357332552,15.35728191079534,16.43849683715739,0.8955180000000001,0.44151486845406107,0,0.0,21.407940258251823,6.050658347456488,0.0,"{""camsl_japan_smart_meters"":{""available_profile_sources"":1423,""logical_devices"":2042,""mean_profile_reuse"":1.873394495412844,""profile_bootstrap"":true,""selected_unique_profile_sources"":1090,""weight"":0.40833333333333327},""irish_domestic_smart_meters"":{""available_profile_sources"":2904,""logical_devices"":2042,""mean_profile_reuse"":1.0,""profile_bootstrap"":false,""selected_unique_profile_sources"":2042,""weight"":0.40833333333333327},""low_carbon_london"":{""available_profile_sources"":5000,""logical_devices"":916,""mean_profile_reuse"":1.0,""profile_bootstrap"":false,""selected_unique_profile_sources"":916,""weight"":0.18333333333333332}}",dataset_combinations_mixed_physical_fleet_v1,,,,
predefined_mixed_scenario,S1-A,Similar residential,相似住宅半小时电表融合,aggregate,mean_field_control,Mean-field control,O(N),25,4157400,4557400,dominant_minus_15pp,5000,"{""camsl_japan_smart_meters"":0.3333333333333333,""irish_domestic_smart_meters"":0.3333333333333333,""low_carbon_london"":0.3333333333333333}","{""camsl_japan_smart_meters"":0.40833333333333327,""irish_domestic_smart_meters"":0.40833333333333327,""low_carbon_london"":0.18333333333333332}","{""camsl_japan_smart_meters"":2042,""irish_domestic_smart_meters"":2042,""low_carbon_london"":916}",False,test,116.94909145933657,109.88504633493851,7.064045124398068,6.040273623548624,0.8945560000000002,0.2863903392893168,0,0.0,7.064045124398068,0.0,0.0,"{""camsl_japan_smart_meters"":{""available_profile_sources"":1423,""logical_devices"":2042,""mean_profile_reuse"":1.8837638376383763,""profile_bootstrap"":true,""selected_unique_profile_sources"":1084,""weight"":0.40833333333333327},""irish_domestic_smart_meters"":{""available_profile_sources"":2904,""logical_devices"":2042,""mean_profile_reuse"":1.0,""profile_bootstrap"":false,""selected_unique_profile_sources"":2042,""weight"":0.40833333333333327},""low_carbon_london"":{""available_profile_sources"":5000,""logical_devices"":916,""mean_profile_reuse"":1.0,""profile_bootstrap"":false,""selected_unique_profile_sources"":916,""weight"":0.18333333333333332}}",dataset_combinations_mixed_physical_fleet_v1,,,,
predefined_mixed_scenario,S1-A,Similar residential,相似住宅半小时电表融合,aggregate,mean_field_control,Mean-field control,O(N),26,4157401,4557401,dominant_minus_15pp,5000,"{""camsl_japan_smart_meters"":0.3333333333333333,""irish_domestic_smart_meters"":0.3333333333333333,""low_carbon_london"":0.3333333333333333}","{""camsl_japan_smart_meters"":0.40833333333333327,""irish_domestic_smart_meters"":0.40833333333333327,""low_carbon_london"":0.18333333333333332}","{""camsl_japan_smart_meters"":2042,""irish_domestic_smart_meters"":2042,""low_carbon_london"":916}",False,test,76.09165542782053,58.32716851980194,17.76448690801859,23.34616957423108,0.8947599999999994,0.6608082640839379,0,0.0,19.76964203368016,2.005155125661577,0.0,"{""camsl_japan_smart_meters"":{""available_profile_sources"":1423,""logical_devices"":2042,""mean_profile_reuse"":1.9048507462686568,""profile_bootstrap"":true,""selected_unique_profile_sources"":1072,""weight"":0.40833333333333327},""irish_domestic_smart_meters"":{""available_profile_sources"":2904,""logical_devices"":2042,""mean_profile_reuse"":1.0,""profile_bootstrap"":false,""selected_unique_profile_sources"":2042,""weight"":0.40833333333333327},""low_carbon_london"":{""available_profile_sources"":5000,""logical_devices"":916,""mean_profile_reuse"":1.0,""profile_bootstrap"":false,""selected_unique_profile_sources"":916,""weight"":0.18333333333333332}}",dataset_combinations_mixed_physical_fleet_v1,,,,
predefined_mixed_scenario,S1-A,Similar residential,相似住宅半小时电表融合,aggregate,mean_field_control,Mean-field control,O(N),27,4157402,4557402,dominant_minus_15pp,5000,"{""camsl_japan_smart_meters"":0.3333333333333333,""irish_domestic_smart_meters"":0.3333333333333333,""low_carbon_london"":0.3333333333333333}","{""camsl_japan_smart_meters"":0.40833333333333327,""irish_domestic_smart_meters"":0.40833333333333327,""low_carbon_london"":0.18333333333333332}","{""camsl_japan_smart_meters"":2042,""irish_domestic_smart_meters"":2042,""low_carbon_london"":916}",False,test,76.15386165036907,58.36962657005735,17.784235080311714,23.353031211944494,0.8944899999999999,0.6617726017971637,0,0.0,19.75594059527411,1.9717055149623948,0.0,"{""camsl_japan_smart_meters"":{""available_profile_sources"":1423,""logical_devices"":2042,""mean_profile_reuse"":1.88724584103512,""profile_bootstrap"":true,""selected_unique_profile_sources"":1082,""weight"":0.40833333333333327},""irish_domestic_smart_meters"":{""available_profile_sources"":2904,""logical_devices"":2042,""mean_profile_reuse"":1.0,""profile_bootstrap"":false,""selected_unique_profile_sources"":2042,""weight"":0.40833333333333327},""low_carbon_london"":{""available_profile_sources"":5000,""logical_devices"":916,""mean_profile_reuse"":1.0,""profile_bootstrap"":false,""selected_unique_profile_sources"":916,""weight"":0.18333333333333332}}",dataset_combinations_mixed_physical_fleet_v1,,,,
predefined_mixed_scenario,S1-A,Similar residential,相似住宅半小时电表融合,aggregate,mean_field_control,Mean-field control,O(N),28,4157403,4557403,dominant_minus_15pp,5000,"{""camsl_japan_smart_meters"":0.3333333333333333,""irish_domestic_smart_meters"":0.3333333333333333,""low_carbon_london"":0.3333333333333333}","{""camsl_japan_smart_meters"":0.40833333333333327,""irish_domestic_smart_meters"":0.40833333333333327,""low_carbon_london"":0.18333333333333332}","{""camsl_japan_smart_meters"":2042,""irish_domestic_smart_meters"":2042,""low_carbon_london"":916}",False,test,117.44053531021741,110.67135649634785,6.769178813869556,5.763920264829238,0.8935279999999994,0.2845424699541727,0,0.0,6.769178813869556,0.0,0.0,"{""camsl_japan_smart_meters"":{""available_profile_sources"":1423,""logical_devices"":2042,""mean_profile_reuse"":1.8768382352941178,""profile_bootstrap"":true,""selected_unique_profile_sources"":1088,""weight"":0.40833333333333327},""irish_domestic_smart_meters"":{""available_profile_sources"":2904,""logical_devices"":2042,""mean_profile_reuse"":1.0,""profile_bootstrap"":false,""selected_unique_profile_sources"":2042,""weight"":0.40833333333333327},""low_carbon_london"":{""available_profile_sources"":5000,""logical_devices"":916,""mean_profile_reuse"":1.0,""profile_bootstrap"":false,""selected_unique_profile_sources"":916,""weight"":0.18333333333333332}}",dataset_combinations_mixed_physical_fleet_v1,,,,
predefined_mixed_scenario,S1-A,Similar residential,相似住宅半小时电表融合,aggregate,mean_field_control,Mean-field control,O(N),29,4157404,4557404,dominant_minus_15pp,5000,"{""camsl_japan_smart_meters"":0.3333333333333333,""irish_domestic_smart_meters"":0.3333333333333333,""low_carbon_london"":0.3333333333333333}","{""camsl_japan_smart_meters"":0.40833333333333327,""irish_domestic_smart_meters"":0.40833333333333327,""low_carbon_london"":0.18333333333333332}","{""camsl_japan_smart_meters"":2042,""irish_domestic_smart_meters"":2042,""low_carbon_london"":916}",False,test,119.26312002552302,113.25907656022264,6.004043465300388,5.034283409670553,0.8940979999999997,0.2779531815703099,0,0.0,6.012458805291191,0.008415339990803137,0.0,"{""camsl_japan_smart_meters"":{""available_profile_sources"":1423,""logical_devices"":2042,""mean_profile_reuse"":1.873394495412844,""profile_bootstrap"":true,""selected_unique_profile_sources"":1090,""weight"":0.40833333333333327},""irish_domestic_smart_meters"":{""available_profile_sources"":2904,""logical_devices"":2042,""mean_profile_reuse"":1.0,""profile_bootstrap"":false,""selected_unique_profile_sources"":2042,""weight"":0.40833333333333327},""low_carbon_london"":{""available_profile_sources"":5000,""logical_devices"":916,""mean_profile_reuse"":1.0,""profile_bootstrap"":false,""selected_unique_profile_sources"":916,""weight"":0.18333333333333332}}",dataset_combinations_mixed_physical_fleet_v1,,,,
predefined_mixed_scenario,S1-A,Similar residential,相似住宅半小时电表融合,aggregate,mpc_optimal,MPC,O(HN),0,4157375,4457375,nominal,5000,"{""camsl_japan_smart_meters"":0.3333333333333333,""irish_domestic_smart_meters"":0.3333333333333333,""low_carbon_london"":0.3333333333333333}","{""camsl_japan_smart_meters"":0.3333333333333333,""irish_domestic_smart_meters"":0.3333333333333333,""low_carbon_london"":0.3333333333333333}","{""camsl_japan_smart_meters"":1667,""irish_domestic_smart_meters"":1666,""low_carbon_london"":1667}",False,test,118.77974816885487,112.50197272893678,6.277775439918082,5.285223732747547,0.8957160000000001,0.3303927120077265,0,0.0,6.277775439918082,2.3684757858670005e-18,0.0,"{""camsl_japan_smart_meters"":{""available_profile_sources"":1423,""logical_devices"":1667,""mean_profile_reuse"":1.6736947791164658,""profile_bootstrap"":true,""selected_unique_profile_sources"":996,""weight"":0.3333333333333333},""irish_domestic_smart_meters"":{""available_profile_sources"":2904,""logical_devices"":1666,""mean_profile_reuse"":1.0,""profile_bootstrap"":false,""selected_unique_profile_sources"":1666,""weight"":0.3333333333333333},""low_carbon_london"":{""available_profile_sources"":5000,""logical_devices"":1667,""mean_profile_reuse"":1.0,""profile_bootstrap"":false,""selected_unique_profile_sources"":1667,""weight"":0.3333333333333333}}",dataset_combinations_mixed_physical_fleet_v1,,,,
predefined_mixed_scenario,S1-A,Similar residential,相似住宅半小时电表融合,aggregate,mpc_optimal,MPC,O(HN),1,4157376,4457376,nominal,5000,"{""camsl_japan_smart_meters"":0.3333333333333333,""irish_domestic_smart_meters"":0.3333333333333333,""low_carbon_london"":0.3333333333333333}","{""camsl_japan_smart_meters"":0.3333333333333333,""irish_domestic_smart_meters"":0.3333333333333333,""low_carbon_london"":0.3333333333333333}","{""camsl_japan_smart_meters"":1667,""irish_domestic_smart_meters"":1666,""low_carbon_london"":1667}",False,test,119.29567015917064,113.1156320257183,6.180038133452346,5.180437919671859,0.895062,0.3259040104852949,0,0.0,6.180038133452346,1.8947806286936004e-17,0.0,"{""camsl_japan_smart_meters"":{""available_profile_sources"":1423,""logical_devices"":1667,""mean_profile_reuse"":1.7150205761316872,""profile_bootstrap"":true,""selected_unique_profile_sources"":972,""weight"":0.3333333333333333},""irish_domestic_smart_meters"":{""available_profile_sources"":2904,""logical_devices"":1666,""mean_profile_reuse"":1.0,""profile_bootstrap"":false,""selected_unique_profile_sources"":1666,""weight"":0.3333333333333333},""low_carbon_london"":{""available_profile_sources"":5000,""logical_devices"":1667,""mean_profile_reuse"":1.0,""profile_bootstrap"":false,""selected_unique_profile_sources"":1667,""weight"":0.3333333333333333}}",dataset_combinations_mixed_physical_fleet_v1,,,,
predefined_mixed_scenario,S1-A,Similar residential,相似住宅半小时电表融合,aggregate,mpc_optimal,MPC,O(HN),2,4157377,4457377,nominal,5000,"{""camsl_japan_smart_meters"":0.3333333333333333,""irish_domestic_smart_meters"":0.3333333333333333,""low_carbon_london"":0.3333333333333333}","{""camsl_japan_smart_meters"":0.3333333333333333,""irish_domestic_smart_meters"":0.3333333333333333,""low_carbon_london"":0.3333333333333333}","{""camsl_japan_smart_meters"":1667,""irish_domestic_smart_meters"":1666,""low_carbon_london"":1667}",False,test,118.87531576590331,112.59769505511862,6.277620710784683,5.280844614660769,0.8940339999999997,0.32910827877084425,0,0.0,6.277620710784683,2.3684757858670005e-18,0.0,"{""camsl_japan_smart_meters"":{""available_profile_sources"":1423,""logical_devices"":1667,""mean_profile_reuse"":1.685540950455005,""profile_bootstrap"":true,""selected_unique_profile_sources"":989,""weight"":0.3333333333333333},""irish_domestic_smart_meters"":{""available_profile_sources"":2904,""logical_devices"":1666,""mean_profile_reuse"":1.0,""profile_bootstrap"":false,""selected_unique_profile_sources"":1666,""weight"":0.3333333333333333},""low_carbon_london"":{""available_profile_sources"":5000,""logical_devices"":1667,""mean_profile_reuse"":1.0,""profile_bootstrap"":false,""selected_unique_profile_sources"":1667,""weight"":0.3333333333333333}}",dataset_combinations_mixed_physical_fleet_v1,,,,
predefined_mixed_scenario,S1-A,Similar residential,相似住宅半小时电表融合,aggregate,mpc_optimal,MPC,O(HN),3,4157378,4457378,nominal,5000,"{""camsl_japan_smart_meters"":0.3333333333333333,""irish_domestic_smart_meters"":0.3333333333333333,""low_carbon_london"":0.3333333333333333}","{""camsl_japan_smart_meters"":0.3333333333333333,""irish_domestic_smart_meters"":0.3333333333333333,""low_carbon_london"":0.3333333333333333}","{""camsl_japan_smart_meters"":1667,""irish_domestic_smart_meters"":1666,""low_carbon_london"":1667}",False,test,116.71667847098053,109.51318555356883,7.203492917411695,6.1717768289668316,0.8953980000000004,0.35034703023002955,0,0.0,7.203492917411695,0.0,0.0,"{""camsl_japan_smart_meters"":{""available_profile_sources"":1423,""logical_devices"":1667,""mean_profile_reuse"":1.6992864424057084,""profile_bootstrap"":true,""selected_unique_profile_sources"":981,""weight"":0.3333333333333333},""irish_domestic_smart_meters"":{""available_profile_sources"":2904,""logical_devices"":1666,""mean_profile_reuse"":1.0,""profile_bootstrap"":false,""selected_unique_profile_sources"":1666,""weight"":0.3333333333333333},""low_carbon_london"":{""available_profile_sources"":5000,""logical_devices"":1667,""mean_profile_reuse"":1.0,""profile_bootstrap"":false,""selected_unique_profile_sources"":1667,""weight"":0.3333333333333333}}",dataset_combinations_mixed_physical_fleet_v1,,,,
predefined_mixed_scenario,S1-A,Similar residential,相似住宅半小时电表融合,aggregate,mpc_optimal,MPC,O(HN),4,4157379,4457379,nominal,5000,"{""camsl_japan_smart_meters"":0.3333333333333333,""irish_domestic_smart_meters"":0.3333333333333333,""low_carbon_london"":0.3333333333333333}","{""camsl_japan_smart_meters"":0.3333333333333333,""irish_domestic_smart_meters"":0.3333333333333333,""low_carbon_london"":0.3333333333333333}","{""camsl_japan_smart_meters"":1667,""irish_domestic_smart_meters"":1666,""low_carbon_london"":1667}",False,test,57.60431467300061,35.92934415744119,21.674970515559412,37.62733857455051,0.8952659999999999,0.8505104745027694,0,0.0,21.674970515559412,1.1368683772161603e-16,0.0,"{""camsl_japan_smart_meters"":{""available_profile_sources"":1423,""logical_devices"":1667,""mean_profile_reuse"":1.6958290946083419,""profile_bootstrap"":true,""selected_unique_profile_sources"":983,""weight"":0.3333333333333333},""irish_domestic_smart_meters"":{""available_profile_sources"":2904,""logical_devices"":1666,""mean_profile_reuse"":1.0,""profile_bootstrap"":false,""selected_unique_profile_sources"":1666,""weight"":0.3333333333333333},""low_carbon_london"":{""available_profile_sources"":5000,""logical_devices"":1667,""mean_profile_reuse"":1.0,""profile_bootstrap"":false,""selected_unique_profile_sources"":1667,""weight"":0.3333333333333333}}",dataset_combinations_mixed_physical_fleet_v1,,,,
predefined_mixed_scenario,S1-A,Similar residential,相似住宅半小时电表融合,aggregate,mpc_optimal,MPC,O(HN),5,4157380,4457380,nominal,5000,"{""camsl_japan_smart_meters"":0.3333333333333333,""irish_domestic_smart_meters"":0.3333333333333333,""low_carbon_london"":0.3333333333333333}","{""camsl_japan_smart_meters"":0.3333333333333333,""irish_domestic_smart_meters"":0.3333333333333333,""low_carbon_london"":0.3333333333333333}","{""camsl_japan_smart_meters"":1667,""irish_domestic_smart_meters"":1666,""low_carbon_london"":1667}",False,test,53.1838880570194,31.43055825411983,21.75332980289957,40.9021051254798,0.8950019999999994,0.8774528174736523,0,0.0,21.75332980289957,3.789561257387201e-17,0.0,"{""camsl_japan_smart_meters"":{""available_profile_sources"":1423,""logical_devices"":1667,""mean_profile_reuse"":1.6941056910569106,""profile_bootstrap"":true,""selected_unique_profile_sources"":984,""weight"":0.3333333333333333},""irish_domestic_smart_meters"":{""available_profile_sources"":2904,""logical_devices"":1666,""mean_profile_reuse"":1.0,""profile_bootstrap"":false,""selected_unique_profile_sources"":1666,""weight"":0.3333333333333333},""low_carbon_london"":{""available_profile_sources"":5000,""logical_devices"":1667,""mean_profile_reuse"":1.0,""profile_bootstrap"":false,""selected_unique_profile_sources"":1667,""weight"":0.3333333333333333}}",dataset_combinations_mixed_physical_fleet_v1,,,,
predefined_mixed_scenario,S1-A,Similar residential,相似住宅半小时电表融合,aggregate,mpc_optimal,MPC,O(HN),6,4157381,4457381,nominal,5000,"{""camsl_japan_smart_meters"":0.3333333333333333,""irish_domestic_smart_meters"":0.3333333333333333,""low_carbon_london"":0.3333333333333333}","{""camsl_japan_smart_meters"":0.3333333333333333,""irish_domestic_smart_meters"":0.3333333333333333,""low_carbon_london"":0.3333333333333333}","{""camsl_japan_smart_meters"":1667,""irish_domestic_smart_meters"":1666,""low_carbon_london"":1667}",False,test,57.95496238970007,36.26985047161968,21.6851119180804,37.41717882977064,0.8947860000000001,0.8491972243257667,0,0.0,21.6851119180804,1.5158245029548803e-16,0.0,"{""camsl_japan_smart_meters"":{""available_profile_sources"":1423,""logical_devices"":1667,""mean_profile_reuse"":1.6992864424057084,""profile_bootstrap"":true,""selected_unique_profile_sources"":981,""weight"":0.3333333333333333},""irish_domestic_smart_meters"":{""available_profile_sources"":2904,""logical_devices"":1666,""mean_profile_reuse"":1.0,""profile_bootstrap"":false,""selected_unique_profile_sources"":1666,""weight"":0.3333333333333333},""low_carbon_london"":{""available_profile_sources"":5000,""logical_devices"":1667,""mean_profile_reuse"":1.0,""profile_bootstrap"":false,""selected_unique_profile_sources"":1667,""weight"":0.3333333333333333}}",dataset_combinations_mixed_physical_fleet_v1,,,,
predefined_mixed_scenario,S1-A,Similar residential,相似住宅半小时电表融合,aggregate,mpc_optimal,MPC,O(HN),7,4157382,4457382,nominal,5000,"{""camsl_japan_smart_meters"":0.3333333333333333,""irish_domestic_smart_meters"":0.3333333333333333,""low_carbon_london"":0.3333333333333333}","{""camsl_japan_smart_meters"":0.3333333333333333,""irish_domestic_smart_meters"":0.3333333333333333,""low_carbon_london"":0.3333333333333333}","{""camsl_japan_smart_meters"":1667,""irish_domestic_smart_meters"":1666,""low_carbon_london"":1667}",False,test,104.68219061872061,87.9988412241216,16.683349394599,15.937142025775945,0.8946300000000001,0.5393494536770533,0,0.0,16.683349394599006,1.0923410324418606e-14,0.0,"{""camsl_japan_smart_meters"":{""available_profile_sources"":1423,""logical_devices"":1667,""mean_profile_reuse"":1.7167868177136971,""profile_bootstrap"":true,""selected_unique_profile_sources"":971,""weight"":0.3333333333333333},""irish_domestic_smart_meters"":{""available_profile_sources"":2904,""logical_devices"":1666,""mean_profile_reuse"":1.0,""profile_bootstrap"":false,""selected_unique_profile_sources"":1666,""weight"":0.3333333333333333},""low_carbon_london"":{""available_profile_sources"":5000,""logical_devices"":1667,""mean_profile_reuse"":1.0,""profile_bootstrap"":false,""selected_unique_profile_sources"":1667,""weight"":0.3333333333333333}}",dataset_combinations_mixed_physical_fleet_v1,,,,
predefined_mixed_scenario,S1-A,Similar residential,相似住宅半小时电表融合,aggregate,mpc_optimal,MPC,O(HN),8,4157383,4457383,nominal,5000,"{""camsl_japan_smart_meters"":0.3333333333333333,""irish_domestic_smart_meters"":0.3333333333333333,""low_carbon_london"":0.3333333333333333}","{""camsl_japan_smart_meters"":0.3333333333333333,""irish_domestic_smart_meters"":0.3333333333333333,""low_carbon_london"":0.3333333333333333}","{""camsl_japan_smart_meters"":1667,""irish_domestic_smart_meters"":1666,""low_carbon_london"":1667}",False,test,59.618054040425164,37.87479075072112,21.743263289704043,36.47093760383492,0.8949500000000007,0.8354522958905937,0,0.0,21.743263289704043,0.0,0.0,"{""camsl_japan_smart_meters"":{""available_profile_sources"":1423,""logical_devices"":1667,""mean_profile_reuse"":1.6941056910569106,""profile_bootstrap"":true,""selected_unique_profile_sources"":984,""weight"":0.3333333333333333},""irish_domestic_smart_meters"":{""available_profile_sources"":2904,""logical_devices"":1666,""mean_profile_reuse"":1.0,""profile_bootstrap"":false,""selected_unique_profile_sources"":1666,""weight"":0.3333333333333333},""low_carbon_london"":{""available_profile_sources"":5000,""logical_devices"":1667,""mean_profile_reuse"":1.0,""profile_bootstrap"":false,""selected_unique_profile_sources"":1667,""weight"":0.3333333333333333}}",dataset_combinations_mixed_physical_fleet_v1,,,,
predefined_mixed_scenario,S1-A,Similar residential,相似住宅半小时电表融合,aggregate,mpc_optimal,MPC,O(HN),9,4157384,4457384,nominal,5000,"{""camsl_japan_smart_meters"":0.3333333333333333,""irish_domestic_smart_meters"":0.3333333333333333,""low_carbon_london"":0.3333333333333333}","{""camsl_japan_smart_meters"":0.3333333333333333,""irish_domestic_smart_meters"":0.3333333333333333,""low_carbon_london"":0.3333333333333333}","{""camsl_japan_smart_meters"":1667,""irish_domestic_smart_meters"":1666,""low_carbon_london"":1667}",False,test,115.88173007950672,108.17726812721075,7.704461952295966,6.648556202094948,0.89528,0.3600645092789092,0,0.0,7.704461952295966,0.0,0.0,"{""camsl_japan_smart_meters"":{""available_profile_sources"":1423,""logical_devices"":1667,""mean_profile_reuse"":1.6770623742454729,""profile_bootstrap"":true,""selected_unique_profile_sources"":994,""weight"":0.3333333333333333},""irish_domestic_smart_meters"":{""available_profile_sources"":2904,""logical_devices"":1666,""mean_profile_reuse"":1.0,""profile_bootstrap"":false,""selected_unique_profile_sources"":1666,""weight"":0.3333333333333333},""low_carbon_london"":{""available_profile_sources"":5000,""logical_devices"":1667,""mean_profile_reuse"":1.0,""profile_bootstrap"":false,""selected_unique_profile_sources"":1667,""weight"":0.3333333333333333}}",dataset_combinations_mixed_physical_fleet_v1,,,,
predefined_mixed_scenario,S1-A,Similar residential,相似住宅半小时电表融合,aggregate,mpc_optimal,MPC,O(HN),10,4157385,4457385,dominant_plus_15pp,5000,"{""camsl_japan_smart_meters"":0.3333333333333333,""irish_domestic_smart_meters"":0.3333333333333333,""low_carbon_london"":0.3333333333333333}","{""camsl_japan_smart_meters"":0.25833333333333336,""irish_domestic_smart_meters"":0.25833333333333336,""low_carbon_london"":0.48333333333333334}","{""camsl_japan_smart_meters"":1292,""irish_domestic_smart_meters"":1292,""low_carbon_london"":2416}",False,test,117.80349019493677,111.06958141892135,6.733908776015427,5.71622179009502,0.8945239999999994,0.3384347012838047,0,0.0,6.733908776015427,2.3684757858670005e-18,0.0,"{""camsl_japan_smart_meters"":{""available_profile_sources"":1423,""logical_devices"":1292,""mean_profile_reuse"":1.0,""profile_bootstrap"":false,""selected_unique_profile_sources"":1292,""weight"":0.25833333333333336},""irish_domestic_smart_meters"":{""available_profile_sources"":2904,""logical_devices"":1292,""mean_profile_reuse"":1.0,""profile_bootstrap"":false,""selected_unique_profile_sources"":1292,""weight"":0.25833333333333336},""low_carbon_london"":{""available_profile_sources"":5000,""logical_devices"":2416,""mean_profile_reuse"":1.0,""profile_bootstrap"":false,""selected_unique_profile_sources"":2416,""weight"":0.48333333333333334}}",dataset_combinations_mixed_physical_fleet_v1,,,,
predefined_mixed_scenario,S1-A,Similar residential,相似住宅半小时电表融合,aggregate,mpc_optimal,MPC,O(HN),11,4157386,4457386,dominant_plus_15pp,5000,"{""camsl_japan_smart_meters"":0.3333333333333333,""irish_domestic_smart_meters"":0.3333333333333333,""low_carbon_london"":0.3333333333333333}","{""camsl_japan_smart_meters"":0.25833333333333336,""irish_domestic_smart_meters"":0.25833333333333336,""low_carbon_london"":0.48333333333333334}","{""camsl_japan_smart_meters"":1292,""irish_domestic_smart_meters"":1292,""low_carbon_london"":2416}",False,test,32.95588651632699,11.372719985723386,21.583166530603606,65.49108160058411,0.8943379999999996,0.9702481839988606,0,0.0,21.583166530603606,1.5158245029548803e-16,0.0,"{""camsl_japan_smart_meters"":{""available_profile_sources"":1423,""logical_devices"":1292,""mean_profile_reuse"":1.0,""profile_bootstrap"":false,""selected_unique_profile_sources"":1292,""weight"":0.25833333333333336},""irish_domestic_smart_meters"":{""available_profile_sources"":2904,""logical_devices"":1292,""mean_profile_reuse"":1.0,""profile_bootstrap"":false,""selected_unique_profile_sources"":1292,""weight"":0.25833333333333336},""low_carbon_london"":{""available_profile_sources"":5000,""logical_devices"":2416,""mean_profile_reuse"":1.0,""profile_bootstrap"":false,""selected_unique_profile_sources"":2416,""weight"":0.48333333333333334}}",dataset_combinations_mixed_physical_fleet_v1,,,,
predefined_mixed_scenario,S1-A,Similar residential,相似住宅半小时电表融合,aggregate,mpc_optimal,MPC,O(HN),12,4157387,4457387,dominant_plus_15pp,5000,"{""camsl_japan_smart_meters"":0.3333333333333333,""irish_domestic_smart_meters"":0.3333333333333333,""low_carbon_london"":0.3333333333333333}","{""camsl_japan_smart_meters"":0.25833333333333336,""irish_domestic_smart_meters"":0.25833333333333336,""low_carbon_london"":0.48333333333333334}","{""camsl_japan_smart_meters"":1292,""irish_domestic_smart_meters"":1292,""low_carbon_london"":2416}",False,test,99.37521774012586,82.21180191991253,17.163415820213334,17.27132398853911,0.895038,0.5855239295472552,0,0.0,17.16341582021334,6.481333988025047e-15,0.0,"{""camsl_japan_smart_meters"":{""available_profile_sources"":1423,""logical_devices"":1292,""mean_profile_reuse"":1.0,""profile_bootstrap"":false,""selected_unique_profile_sources"":1292,""weight"":0.25833333333333336},""irish_domestic_smart_meters"":{""available_profile_sources"":2904,""logical_devices"":1292,""mean_profile_reuse"":1.0,""profile_bootstrap"":false,""selected_unique_profile_sources"":1292,""weight"":0.25833333333333336},""low_carbon_london"":{""available_profile_sources"":5000,""logical_devices"":2416,""mean_profile_reuse"":1.0,""profile_bootstrap"":false,""selected_unique_profile_sources"":2416,""weight"":0.48333333333333334}}",dataset_combinations_mixed_physical_fleet_v1,,,,
predefined_mixed_scenario,S1-A,Similar residential,相似住宅半小时电表融合,aggregate,mpc_optimal,MPC,O(HN),13,4157388,4457388,dominant_plus_15pp,5000,"{""camsl_japan_smart_meters"":0.3333333333333333,""irish_domestic_smart_meters"":0.3333333333333333,""low_carbon_london"":0.3333333333333333}","{""camsl_japan_smart_meters"":0.25833333333333336,""irish_domestic_smart_meters"":0.25833333333333336,""low_carbon_london"":0.48333333333333334}","{""camsl_japan_smart_meters"":1292,""irish_domestic_smart_meters"":1292,""low_carbon_london"":2416}",False,test,116.52089440085292,109.19993104136468,7.320963359488247,6.28296186459298,0.8947660000000004,0.3514897545947011,0,0.0,7.320963359488247,0.0,0.0,"{""camsl_japan_smart_meters"":{""available_profile_sources"":1423,""logical_devices"":1292,""mean_profile_reuse"":1.0,""profile_bootstrap"":false,""selected_unique_profile_sources"":1292,""weight"":0.25833333333333336},""irish_domestic_smart_meters"":{""available_profile_sources"":2904,""logical_devices"":1292,""mean_profile_reuse"":1.0,""profile_bootstrap"":false,""selected_unique_profile_sources"":1292,""weight"":0.25833333333333336},""low_carbon_london"":{""available_profile_sources"":5000,""logical_devices"":2416,""mean_profile_reuse"":1.0,""profile_bootstrap"":false,""selected_unique_profile_sources"":2416,""weight"":0.48333333333333334}}",dataset_combinations_mixed_physical_fleet_v1,,,,
predefined_mixed_scenario,S1-A,Similar residential,相似住宅半小时电表融合,aggregate,mpc_optimal,MPC,O(HN),14,4157389,4457389,dominant_plus_15pp,5000,"{""camsl_japan_smart_meters"":0.3333333333333333,""irish_domestic_smart_meters"":0.3333333333333333,""low_carbon_london"":0.3333333333333333}","{""camsl_japan_smart_meters"":0.25833333333333336,""irish_domestic_smart_meters"":0.25833333333333336,""low_carbon_london"":0.48333333333333334}","{""camsl_japan_smart_meters"":1292,""irish_domestic_smart_meters"":1292,""low_carbon_london"":2416}",False,test,101.95823112493407,84.99532567634395,16.962905448590128,16.63711233652602,0.895484,0.5556143875054304,0,0.0,16.96290544859013,3.4034997042908798e-15,0.0,"{""camsl_japan_smart_meters"":{""available_profile_sources"":1423,""logical_devices"":1292,""mean_profile_reuse"":1.0,""profile_bootstrap"":false,""selected_unique_profile_sources"":1292,""weight"":0.25833333333333336},""irish_domestic_smart_meters"":{""available_profile_sources"":2904,""logical_devices"":1292,""mean_profile_reuse"":1.0,""profile_bootstrap"":false,""selected_unique_profile_sources"":1292,""weight"":0.25833333333333336},""low_carbon_london"":{""available_profile_sources"":5000,""logical_devices"":2416,""mean_profile_reuse"":1.0,""profile_bootstrap"":false,""selected_unique_profile_sources"":2416,""weight"":0.48333333333333334}}",dataset_combinations_mixed_physical_fleet_v1,,,,
predefined_mixed_scenario,S1-A,Similar residential,相似住宅半小时电表融合,aggregate,mpc_optimal,MPC,O(HN),15,4157390,4457390,dominant_plus_15pp,5000,"{""camsl_japan_smart_meters"":0.3333333333333333,""irish_domestic_smart_meters"":0.3333333333333333,""low_carbon_london"":0.3333333333333333}","{""camsl_japan_smart_meters"":0.25833333333333336,""irish_domestic_smart_meters"":0.25833333333333336,""low_carbon_london"":0.48333333333333334}","{""camsl_japan_smart_meters"":1292,""irish_domestic_smart_meters"":1292,""low_carbon_london"":2416}",False,test,88.02625397074293,71.10847043217248,16.917783538570447,19.219020207531916,0.8946620000000001,0.6648274553981337,0,0.0,16.91778353857045,3.919827425609886e-15,0.0,"{""camsl_japan_smart_meters"":{""available_profile_sources"":1423,""logical_devices"":1292,""mean_profile_reuse"":1.0,""profile_bootstrap"":false,""selected_unique_profile_sources"":1292,""weight"":0.25833333333333336},""irish_domestic_smart_meters"":{""available_profile_sources"":2904,""logical_devices"":1292,""mean_profile_reuse"":1.0,""profile_bootstrap"":false,""selected_unique_profile_sources"":1292,""weight"":0.25833333333333336},""low_carbon_london"":{""available_profile_sources"":5000,""logical_devices"":2416,""mean_profile_reuse"":1.0,""profile_bootstrap"":false,""selected_unique_profile_sources"":2416,""weight"":0.48333333333333334}}",dataset_combinations_mixed_physical_fleet_v1,,,,
predefined_mixed_scenario,S1-A,Similar residential,相似住宅半小时电表融合,aggregate,mpc_optimal,MPC,O(HN),16,4157391,4457391,dominant_plus_15pp,5000,"{""camsl_japan_smart_meters"":0.3333333333333333,""irish_domestic_smart_meters"":0.3333333333333333,""low_carbon_london"":0.3333333333333333}","{""camsl_japan_smart_meters"":0.25833333333333336,""irish_domestic_smart_meters"":0.25833333333333336,""low_carbon_london"":0.48333333333333334}","{""camsl_japan_smart_meters"":1292,""irish_domestic_smart_meters"":1292,""low_carbon_london"":2416}",False,test,34.34285284132739,12.651096424440674,21.69175641688672,63.162360206672645,0.8952839999999993,0.9632729057776481,0,0.0,21.69175641688672,3.789561257387201e-17,0.0,"{""camsl_japan_smart_meters"":{""available_profile_sources"":1423,""logical_devices"":1292,""mean_profile_reuse"":1.0,""profile_bootstrap"":false,""selected_unique_profile_sources"":1292,""weight"":0.25833333333333336},""irish_domestic_smart_meters"":{""available_profile_sources"":2904,""logical_devices"":1292,""mean_profile_reuse"":1.0,""profile_bootstrap"":false,""selected_unique_profile_sources"":1292,""weight"":0.25833333333333336},""low_carbon_london"":{""available_profile_sources"":5000,""logical_devices"":2416,""mean_profile_reuse"":1.0,""profile_bootstrap"":false,""selected_unique_profile_sources"":2416,""weight"":0.48333333333333334}}",dataset_combinations_mixed_physical_fleet_v1,,,,
predefined_mixed_scenario,S1-A,Similar residential,相似住宅半小时电表融合,aggregate,mpc_optimal,MPC,O(HN),17,4157392,4457392,dominant_plus_15pp,5000,"{""camsl_japan_smart_meters"":0.3333333333333333,""irish_domestic_smart_meters"":0.3333333333333333,""low_carbon_london"":0.3333333333333333}","{""camsl_japan_smart_meters"":0.25833333333333336,""irish_domestic_smart_meters"":0.25833333333333336,""low_carbon_london"":0.48333333333333334}","{""camsl_japan_smart_meters"":1292,""irish_domestic_smart_meters"":1292,""low_carbon_london"":2416}",False,test,115.39922244505395,107.40525591208632,7.993966532967637,6.927227379520578,0.8944600000000003,0.36522482906243486,0,0.0,7.993966532967637,0.0,0.0,"{""camsl_japan_smart_meters"":{""available_profile_sources"":1423,""logical_devices"":1292,""mean_profile_reuse"":1.0,""profile_bootstrap"":false,""selected_unique_profile_sources"":1292,""weight"":0.25833333333333336},""irish_domestic_smart_meters"":{""available_profile_sources"":2904,""logical_devices"":1292,""mean_profile_reuse"":1.0,""profile_bootstrap"":false,""selected_unique_profile_sources"":1292,""weight"":0.25833333333333336},""low_carbon_london"":{""available_profile_sources"":5000,""logical_devices"":2416,""mean_profile_reuse"":1.0,""profile_bootstrap"":false,""selected_unique_profile_sources"":2416,""weight"":0.48333333333333334}}",dataset_combinations_mixed_physical_fleet_v1,,,,
predefined_mixed_scenario,S1-A,Similar residential,相似住宅半小时电表融合,aggregate,mpc_optimal,MPC,O(HN),18,4157393,4457393,dominant_plus_15pp,5000,"{""camsl_japan_smart_meters"":0.3333333333333333,""irish_domestic_smart_meters"":0.3333333333333333,""low_carbon_london"":0.3333333333333333}","{""camsl_japan_smart_meters"":0.25833333333333336,""irish_domestic_smart_meters"":0.25833333333333336,""low_carbon_london"":0.48333333333333334}","{""camsl_japan_smart_meters"":1292,""irish_domestic_smart_meters"":1292,""low_carbon_london"":2416}",False,test,116.55953935824265,109.26176297318823,7.297776385054416,6.260985952102039,0.8944279999999996,0.3505426107716063,0,0.0,7.297776385054416,0.0,0.0,"{""camsl_japan_smart_meters"":{""available_profile_sources"":1423,""logical_devices"":1292,""mean_profile_reuse"":1.0,""profile_bootstrap"":false,""selected_unique_profile_sources"":1292,""weight"":0.25833333333333336},""irish_domestic_smart_meters"":{""available_profile_sources"":2904,""logical_devices"":1292,""mean_profile_reuse"":1.0,""profile_bootstrap"":false,""selected_unique_profile_sources"":1292,""weight"":0.25833333333333336},""low_carbon_london"":{""available_profile_sources"":5000,""logical_devices"":2416,""mean_profile_reuse"":1.0,""profile_bootstrap"":false,""selected_unique_profile_sources"":2416,""weight"":0.48333333333333334}}",dataset_combinations_mixed_physical_fleet_v1,,,,
predefined_mixed_scenario,S1-A,Similar residential,相似住宅半小时电表融合,aggregate,mpc_optimal,MPC,O(HN),19,4157394,4457394,dominant_plus_15pp,5000,"{""camsl_japan_smart_meters"":0.3333333333333333,""irish_domestic_smart_meters"":0.3333333333333333,""low_carbon_london"":0.3333333333333333}","{""camsl_japan_smart_meters"":0.25833333333333336,""irish_domestic_smart_meters"":0.25833333333333336,""low_carbon_london"":0.48333333333333334}","{""camsl_japan_smart_meters"":1292,""irish_domestic_smart_meters"":1292,""low_carbon_london"":2416}",False,test,87.89492152832275,70.86723876956638,17.027682758756367,19.37277201307867,0.8948320000000002,0.6659919096417005,0,0.0,17.027682758756367,1.0184445879228101e-16,0.0,"{""camsl_japan_smart_meters"":{""available_profile_sources"":1423,""logical_devices"":1292,""mean_profile_reuse"":1.0,""profile_bootstrap"":false,""selected_unique_profile_sources"":1292,""weight"":0.25833333333333336},""irish_domestic_smart_meters"":{""available_profile_sources"":2904,""logical_devices"":1292,""mean_profile_reuse"":1.0,""profile_bootstrap"":false,""selected_unique_profile_sources"":1292,""weight"":0.25833333333333336},""low_carbon_london"":{""available_profile_sources"":5000,""logical_devices"":2416,""mean_profile_reuse"":1.0,""profile_bootstrap"":false,""selected_unique_profile_sources"":2416,""weight"":0.48333333333333334}}",dataset_combinations_mixed_physical_fleet_v1,,,,
predefined_mixed_scenario,S1-A,Similar residential,相似住宅半小时电表融合,aggregate,mpc_optimal,MPC,O(HN),20,4157395,4457395,dominant_minus_15pp,5000,"{""camsl_japan_smart_meters"":0.3333333333333333,""irish_domestic_smart_meters"":0.3333333333333333,""low_carbon_london"":0.3333333333333333}","{""camsl_japan_smart_meters"":0.40833333333333327,""irish_domestic_smart_meters"":0.40833333333333327,""low_carbon_london"":0.18333333333333332}","{""camsl_japan_smart_meters"":2042,""irish_domestic_smart_meters"":2042,""low_carbon_london"":916}",False,test,119.49794937160793,113.5156351969164,5.982314174691525,5.00620655513348,0.8946659999999994,0.3241396609772811,0,0.0,5.982314174691525,0.0,0.0,"{""camsl_japan_smart_meters"":{""available_profile_sources"":1423,""logical_devices"":2042,""mean_profile_reuse"":1.8855032317636196,""profile_bootstrap"":true,""selected_unique_profile_sources"":1083,""weight"":0.40833333333333327},""irish_domestic_smart_meters"":{""available_profile_sources"":2904,""logical_devices"":2042,""mean_profile_reuse"":1.0,""profile_bootstrap"":false,""selected_unique_profile_sources"":2042,""weight"":0.40833333333333327},""low_carbon_london"":{""available_profile_sources"":5000,""logical_devices"":916,""mean_profile_reuse"":1.0,""profile_bootstrap"":false,""selected_unique_profile_sources"":916,""weight"":0.18333333333333332}}",dataset_combinations_mixed_physical_fleet_v1,,,,
predefined_mixed_scenario,S1-A,Similar residential,相似住宅半小时电表融合,aggregate,mpc_optimal,MPC,O(HN),21,4157396,4457396,dominant_minus_15pp,5000,"{""camsl_japan_smart_meters"":0.3333333333333333,""irish_domestic_smart_meters"":0.3333333333333333,""low_carbon_london"":0.3333333333333333}","{""camsl_japan_smart_meters"":0.40833333333333327,""irish_domestic_smart_meters"":0.40833333333333327,""low_carbon_london"":0.18333333333333332}","{""camsl_japan_smart_meters"":2042,""irish_domestic_smart_meters"":2042,""low_carbon_london"":916}",False,test,117.44510155030538,110.6786624804886,6.766439069816781,5.761363377865962,0.8953819999999997,0.34436724274627845,0,0.0,6.766439069816781,0.0,0.0,"{""camsl_japan_smart_meters"":{""available_profile_sources"":1423,""logical_devices"":2042,""mean_profile_reuse"":1.8889916743755781,""profile_bootstrap"":true,""selected_unique_profile_sources"":1081,""weight"":0.40833333333333327},""irish_domestic_smart_meters"":{""available_profile_sources"":2904,""logical_devices"":2042,""mean_profile_reuse"":1.0,""profile_bootstrap"":false,""selected_unique_profile_sources"":2042,""weight"":0.40833333333333327},""low_carbon_london"":{""available_profile_sources"":5000,""logical_devices"":916,""mean_profile_reuse"":1.0,""profile_bootstrap"":false,""selected_unique_profile_sources"":916,""weight"":0.18333333333333332}}",dataset_combinations_mixed_physical_fleet_v1,,,,
predefined_mixed_scenario,S1-A,Similar residential,相似住宅半小时电表融合,aggregate,mpc_optimal,MPC,O(HN),22,4157397,4457397,dominant_minus_15pp,5000,"{""camsl_japan_smart_meters"":0.3333333333333333,""irish_domestic_smart_meters"":0.3333333333333333,""low_carbon_london"":0.3333333333333333}","{""camsl_japan_smart_meters"":0.40833333333333327,""irish_domestic_smart_meters"":0.40833333333333327,""low_carbon_london"":0.18333333333333332}","{""camsl_japan_smart_meters"":2042,""irish_domestic_smart_meters"":2042,""low_carbon_london"":916}",False,test,81.06810566662502,64.66889495861544,16.399210708009573,20.228930444542236,0.8949619999999995,0.6944314785569349,0,0.0,16.399210708009573,0.0,0.0,"{""camsl_japan_smart_meters"":{""available_profile_sources"":1423,""logical_devices"":2042,""mean_profile_reuse"":1.8682525160109789,""profile_bootstrap"":true,""selected_unique_profile_sources"":1093,""weight"":0.40833333333333327},""irish_domestic_smart_meters"":{""available_profile_sources"":2904,""logical_devices"":2042,""mean_profile_reuse"":1.0,""profile_bootstrap"":false,""selected_unique_profile_sources"":2042,""weight"":0.40833333333333327},""low_carbon_london"":{""available_profile_sources"":5000,""logical_devices"":916,""mean_profile_reuse"":1.0,""profile_bootstrap"":false,""selected_unique_profile_sources"":916,""weight"":0.18333333333333332}}",dataset_combinations_mixed_physical_fleet_v1,,,,
predefined_mixed_scenario,S1-A,Similar residential,相似住宅半小时电表融合,aggregate,mpc_optimal,MPC,O(HN),23,4157398,4457398,dominant_minus_15pp,5000,"{""camsl_japan_smart_meters"":0.3333333333333333,""irish_domestic_smart_meters"":0.3333333333333333,""low_carbon_london"":0.3333333333333333}","{""camsl_japan_smart_meters"":0.40833333333333327,""irish_domestic_smart_meters"":0.40833333333333327,""low_carbon_london"":0.18333333333333332}","{""camsl_japan_smart_meters"":2042,""irish_domestic_smart_meters"":2042,""low_carbon_london"":916}",False,test,118.93112164025422,112.76134149025391,6.169780150000304,5.1876918883038945,0.8950420000000001,0.32892913591217665,0,0.0,6.169780150000304,2.3684757858670005e-18,0.0,"{""camsl_japan_smart_meters"":{""available_profile_sources"":1423,""logical_devices"":2042,""mean_profile_reuse"":1.8907407407407408,""profile_bootstrap"":true,""selected_unique_profile_sources"":1080,""weight"":0.40833333333333327},""irish_domestic_smart_meters"":{""available_profile_sources"":2904,""logical_devices"":2042,""mean_profile_reuse"":1.0,""profile_bootstrap"":false,""selected_unique_profile_sources"":2042,""weight"":0.40833333333333327},""low_carbon_london"":{""available_profile_sources"":5000,""logical_devices"":916,""mean_profile_reuse"":1.0,""profile_bootstrap"":false,""selected_unique_profile_sources"":916,""weight"":0.18333333333333332}}",dataset_combinations_mixed_physical_fleet_v1,,,,
predefined_mixed_scenario,S1-A,Similar residential,相似住宅半小时电表融合,aggregate,mpc_optimal,MPC,O(HN),24,4157399,4457399,dominant_minus_15pp,5000,"{""camsl_japan_smart_meters"":0.3333333333333333,""irish_domestic_smart_meters"":0.3333333333333333,""low_carbon_london"":0.3333333333333333}","{""camsl_japan_smart_meters"":0.40833333333333327,""irish_domestic_smart_meters"":0.40833333333333327,""low_carbon_london"":0.18333333333333332}","{""camsl_japan_smart_meters"":2042,""irish_domestic_smart_meters"":2042,""low_carbon_london"":916}",False,test,93.42266548412086,77.90291813949685,15.519747344624008,16.612400496389085,0.8955180000000001,0.6349666698495121,0,0.0,15.519747344624019,6.9029226779093735e-15,0.0,"{""camsl_japan_smart_meters"":{""available_profile_sources"":1423,""logical_devices"":2042,""mean_profile_reuse"":1.873394495412844,""profile_bootstrap"":true,""selected_unique_profile_sources"":1090,""weight"":0.40833333333333327},""irish_domestic_smart_meters"":{""available_profile_sources"":2904,""logical_devices"":2042,""mean_profile_reuse"":1.0,""profile_bootstrap"":false,""selected_unique_profile_sources"":2042,""weight"":0.40833333333333327},""low_carbon_london"":{""available_profile_sources"":5000,""logical_devices"":916,""mean_profile_reuse"":1.0,""profile_bootstrap"":false,""selected_unique_profile_sources"":916,""weight"":0.18333333333333332}}",dataset_combinations_mixed_physical_fleet_v1,,,,
predefined_mixed_scenario,S1-A,Similar residential,相似住宅半小时电表融合,aggregate,mpc_optimal,MPC,O(HN),25,4157400,4457400,dominant_minus_15pp,5000,"{""camsl_japan_smart_meters"":0.3333333333333333,""irish_domestic_smart_meters"":0.3333333333333333,""low_carbon_london"":0.3333333333333333}","{""camsl_japan_smart_meters"":0.40833333333333327,""irish_domestic_smart_meters"":0.40833333333333327,""low_carbon_london"":0.18333333333333332}","{""camsl_japan_smart_meters"":2042,""irish_domestic_smart_meters"":2042,""low_carbon_london"":916}",False,test,116.94909145933657,109.88504633493851,7.064045124398068,6.040273623548624,0.8945560000000002,0.3498026276264901,0,0.0,7.064045124398068,0.0,0.0,"{""camsl_japan_smart_meters"":{""available_profile_sources"":1423,""logical_devices"":2042,""mean_profile_reuse"":1.8837638376383763,""profile_bootstrap"":true,""selected_unique_profile_sources"":1084,""weight"":0.40833333333333327},""irish_domestic_smart_meters"":{""available_profile_sources"":2904,""logical_devices"":2042,""mean_profile_reuse"":1.0,""profile_bootstrap"":false,""selected_unique_profile_sources"":2042,""weight"":0.40833333333333327},""low_carbon_london"":{""available_profile_sources"":5000,""logical_devices"":916,""mean_profile_reuse"":1.0,""profile_bootstrap"":false,""selected_unique_profile_sources"":916,""weight"":0.18333333333333332}}",dataset_combinations_mixed_physical_fleet_v1,,,,
predefined_mixed_scenario,S1-A,Similar residential,相似住宅半小时电表融合,aggregate,mpc_optimal,MPC,O(HN),26,4157401,4457401,dominant_minus_15pp,5000,"{""camsl_japan_smart_meters"":0.3333333333333333,""irish_domestic_smart_meters"":0.3333333333333333,""low_carbon_london"":0.3333333333333333}","{""camsl_japan_smart_meters"":0.40833333333333327,""irish_domestic_smart_meters"":0.40833333333333327,""low_carbon_london"":0.18333333333333332}","{""camsl_japan_smart_meters"":2042,""irish_domestic_smart_meters"":2042,""low_carbon_london"":916}",False,test,76.09165542782053,58.216146204260774,17.875509223559753,23.492075606787406,0.8947599999999994,0.7206610211298187,0,0.0,17.87550922355976,7.498594338054923e-15,0.0,"{""camsl_japan_smart_meters"":{""available_profile_sources"":1423,""logical_devices"":2042,""mean_profile_reuse"":1.9048507462686568,""profile_bootstrap"":true,""selected_unique_profile_sources"":1072,""weight"":0.40833333333333327},""irish_domestic_smart_meters"":{""available_profile_sources"":2904,""logical_devices"":2042,""mean_profile_reuse"":1.0,""profile_bootstrap"":false,""selected_unique_profile_sources"":2042,""weight"":0.40833333333333327},""low_carbon_london"":{""available_profile_sources"":5000,""logical_devices"":916,""mean_profile_reuse"":1.0,""profile_bootstrap"":false,""selected_unique_profile_sources"":916,""weight"":0.18333333333333332}}",dataset_combinations_mixed_physical_fleet_v1,,,,
predefined_mixed_scenario,S1-A,Similar residential,相似住宅半小时电表融合,aggregate,mpc_optimal,MPC,O(HN),27,4157402,4457402,dominant_minus_15pp,5000,"{""camsl_japan_smart_meters"":0.3333333333333333,""irish_domestic_smart_meters"":0.3333333333333333,""low_carbon_london"":0.3333333333333333}","{""camsl_japan_smart_meters"":0.40833333333333327,""irish_domestic_smart_meters"":0.40833333333333327,""low_carbon_london"":0.18333333333333332}","{""camsl_japan_smart_meters"":2042,""irish_domestic_smart_meters"":2042,""low_carbon_london"":916}",False,test,76.15386165036907,58.29188305848847,17.861978591880593,23.455118630604634,0.8944899999999999,0.7203153672908453,0,0.0,17.861978591880593,2.2453150450019166e-15,0.0,"{""camsl_japan_smart_meters"":{""available_profile_sources"":1423,""logical_devices"":2042,""mean_profile_reuse"":1.88724584103512,""profile_bootstrap"":true,""selected_unique_profile_sources"":1082,""weight"":0.40833333333333327},""irish_domestic_smart_meters"":{""available_profile_sources"":2904,""logical_devices"":2042,""mean_profile_reuse"":1.0,""profile_bootstrap"":false,""selected_unique_profile_sources"":2042,""weight"":0.40833333333333327},""low_carbon_london"":{""available_profile_sources"":5000,""logical_devices"":916,""mean_profile_reuse"":1.0,""profile_bootstrap"":false,""selected_unique_profile_sources"":916,""weight"":0.18333333333333332}}",dataset_combinations_mixed_physical_fleet_v1,,,,
predefined_mixed_scenario,S1-A,Similar residential,相似住宅半小时电表融合,aggregate,mpc_optimal,MPC,O(HN),28,4157403,4457403,dominant_minus_15pp,5000,"{""camsl_japan_smart_meters"":0.3333333333333333,""irish_domestic_smart_meters"":0.3333333333333333,""low_carbon_london"":0.3333333333333333}","{""camsl_japan_smart_meters"":0.40833333333333327,""irish_domestic_smart_meters"":0.40833333333333327,""low_carbon_london"":0.18333333333333332}","{""camsl_japan_smart_meters"":2042,""irish_domestic_smart_meters"":2042,""low_carbon_london"":916}",False,test,117.44053531021741,110.67135649634785,6.769178813869556,5.763920264829238,0.8935279999999994,0.34380603381546204,0,0.0,6.769178813869556,0.0,0.0,"{""camsl_japan_smart_meters"":{""available_profile_sources"":1423,""logical_devices"":2042,""mean_profile_reuse"":1.8768382352941178,""profile_bootstrap"":true,""selected_unique_profile_sources"":1088,""weight"":0.40833333333333327},""irish_domestic_smart_meters"":{""available_profile_sources"":2904,""logical_devices"":2042,""mean_profile_reuse"":1.0,""profile_bootstrap"":false,""selected_unique_profile_sources"":2042,""weight"":0.40833333333333327},""low_carbon_london"":{""available_profile_sources"":5000,""logical_devices"":916,""mean_profile_reuse"":1.0,""profile_bootstrap"":false,""selected_unique_profile_sources"":916,""weight"":0.18333333333333332}}",dataset_combinations_mixed_physical_fleet_v1,,,,
predefined_mixed_scenario,S1-A,Similar residential,相似住宅半小时电表融合,aggregate,mpc_optimal,MPC,O(HN),29,4157404,4457404,dominant_minus_15pp,5000,"{""camsl_japan_smart_meters"":0.3333333333333333,""irish_domestic_smart_meters"":0.3333333333333333,""low_carbon_london"":0.3333333333333333}","{""camsl_japan_smart_meters"":0.40833333333333327,""irish_domestic_smart_meters"":0.40833333333333327,""low_carbon_london"":0.18333333333333332}","{""camsl_japan_smart_meters"":2042,""irish_domestic_smart_meters"":2042,""low_carbon_london"":916}",False,test,119.26312002552302,113.24027401813841,6.022846007384619,5.050049006009309,0.8940979999999997,0.3265361577709799,0,0.0,6.022846007384624,4.440892098500626e-15,0.0,"{""camsl_japan_smart_meters"":{""available_profile_sources"":1423,""logical_devices"":2042,""mean_profile_reuse"":1.873394495412844,""profile_bootstrap"":true,""selected_unique_profile_sources"":1090,""weight"":0.40833333333333327},""irish_domestic_smart_meters"":{""available_profile_sources"":2904,""logical_devices"":2042,""mean_profile_reuse"":1.0,""profile_bootstrap"":false,""selected_unique_profile_sources"":2042,""weight"":0.40833333333333327},""low_carbon_london"":{""available_profile_sources"":5000,""logical_devices"":916,""mean_profile_reuse"":1.0,""profile_bootstrap"":false,""selected_unique_profile_sources"":916,""weight"":0.18333333333333332}}",dataset_combinations_mixed_physical_fleet_v1,,,,
predefined_mixed_scenario,S1-A,Similar residential,相似住宅半小时电表融合,aggregate,no_coordination,No coordination,O(0),0,4157375,4157375,nominal,5000,"{""camsl_japan_smart_meters"":0.3333333333333333,""irish_domestic_smart_meters"":0.3333333333333333,""low_carbon_london"":0.3333333333333333}","{""camsl_japan_smart_meters"":0.3333333333333333,""irish_domestic_smart_meters"":0.3333333333333333,""low_carbon_london"":0.3333333333333333}","{""camsl_japan_smart_meters"":1667,""irish_domestic_smart_meters"":1666,""low_carbon_london"":1667}",False,test,118.77974816885487,118.77974816885487,0.0,0.0,0.8957160000000001,1.0,0,0.0,0.0,0.0,0.0,"{""camsl_japan_smart_meters"":{""available_profile_sources"":1423,""logical_devices"":1667,""mean_profile_reuse"":1.6736947791164658,""profile_bootstrap"":true,""selected_unique_profile_sources"":996,""weight"":0.3333333333333333},""irish_domestic_smart_meters"":{""available_profile_sources"":2904,""logical_devices"":1666,""mean_profile_reuse"":1.0,""profile_bootstrap"":false,""selected_unique_profile_sources"":1666,""weight"":0.3333333333333333},""low_carbon_london"":{""available_profile_sources"":5000,""logical_devices"":1667,""mean_profile_reuse"":1.0,""profile_bootstrap"":false,""selected_unique_profile_sources"":1667,""weight"":0.3333333333333333}}",dataset_combinations_mixed_physical_fleet_v1,,,,
predefined_mixed_scenario,S1-A,Similar residential,相似住宅半小时电表融合,aggregate,no_coordination,No coordination,O(0),1,4157376,4157376,nominal,5000,"{""camsl_japan_smart_meters"":0.3333333333333333,""irish_domestic_smart_meters"":0.3333333333333333,""low_carbon_london"":0.3333333333333333}","{""camsl_japan_smart_meters"":0.3333333333333333,""irish_domestic_smart_meters"":0.3333333333333333,""low_carbon_london"":0.3333333333333333}","{""camsl_japan_smart_meters"":1667,""irish_domestic_smart_meters"":1666,""low_carbon_london"":1667}",False,test,119.29567015917064,119.29567015917064,0.0,0.0,0.895062,1.0,0,0.0,0.0,0.0,0.0,"{""camsl_japan_smart_meters"":{""available_profile_sources"":1423,""logical_devices"":1667,""mean_profile_reuse"":1.7150205761316872,""profile_bootstrap"":true,""selected_unique_profile_sources"":972,""weight"":0.3333333333333333},""irish_domestic_smart_meters"":{""available_profile_sources"":2904,""logical_devices"":1666,""mean_profile_reuse"":1.0,""profile_bootstrap"":false,""selected_unique_profile_sources"":1666,""weight"":0.3333333333333333},""low_carbon_london"":{""available_profile_sources"":5000,""logical_devices"":1667,""mean_profile_reuse"":1.0,""profile_bootstrap"":false,""selected_unique_profile_sources"":1667,""weight"":0.3333333333333333}}",dataset_combinations_mixed_physical_fleet_v1,,,,
predefined_mixed_scenario,S1-A,Similar residential,相似住宅半小时电表融合,aggregate,no_coordination,No coordination,O(0),2,4157377,4157377,nominal,5000,"{""camsl_japan_smart_meters"":0.3333333333333333,""irish_domestic_smart_meters"":0.3333333333333333,""low_carbon_london"":0.3333333333333333}","{""camsl_japan_smart_meters"":0.3333333333333333,""irish_domestic_smart_meters"":0.3333333333333333,""low_carbon_london"":0.3333333333333333}","{""camsl_japan_smart_meters"":1667,""irish_domestic_smart_meters"":1666,""low_carbon_london"":1667}",False,test,118.87531576590331,118.87531576590331,0.0,0.0,0.8940339999999997,1.0,0,0.0,0.0,0.0,0.0,"{""camsl_japan_smart_meters"":{""available_profile_sources"":1423,""logical_devices"":1667,""mean_profile_reuse"":1.685540950455005,""profile_bootstrap"":true,""selected_unique_profile_sources"":989,""weight"":0.3333333333333333},""irish_domestic_smart_meters"":{""available_profile_sources"":2904,""logical_devices"":1666,""mean_profile_reuse"":1.0,""profile_bootstrap"":false,""selected_unique_profile_sources"":1666,""weight"":0.3333333333333333},""low_carbon_london"":{""available_profile_sources"":5000,""logical_devices"":1667,""mean_profile_reuse"":1.0,""profile_bootstrap"":false,""selected_unique_profile_sources"":1667,""weight"":0.3333333333333333}}",dataset_combinations_mixed_physical_fleet_v1,,,,
predefined_mixed_scenario,S1-A,Similar residential,相似住宅半小时电表融合,aggregate,no_coordination,No coordination,O(0),3,4157378,4157378,nominal,5000,"{""camsl_japan_smart_meters"":0.3333333333333333,""irish_domestic_smart_meters"":0.3333333333333333,""low_carbon_london"":0.3333333333333333}","{""camsl_japan_smart_meters"":0.3333333333333333,""irish_domestic_smart_meters"":0.3333333333333333,""low_carbon_london"":0.3333333333333333}","{""camsl_japan_smart_meters"":1667,""irish_domestic_smart_meters"":1666,""low_carbon_london"":1667}",False,test,116.71667847098053,116.71667847098053,0.0,0.0,0.8953980000000004,1.0,0,0.0,0.0,0.0,0.0,"{""camsl_japan_smart_meters"":{""available_profile_sources"":1423,""logical_devices"":1667,""mean_profile_reuse"":1.6992864424057084,""profile_bootstrap"":true,""selected_unique_profile_sources"":981,""weight"":0.3333333333333333},""irish_domestic_smart_meters"":{""available_profile_sources"":2904,""logical_devices"":1666,""mean_profile_reuse"":1.0,""profile_bootstrap"":false,""selected_unique_profile_sources"":1666,""weight"":0.3333333333333333},""low_carbon_london"":{""available_profile_sources"":5000,""logical_devices"":1667,""mean_profile_reuse"":1.0,""profile_bootstrap"":false,""selected_unique_profile_sources"":1667,""weight"":0.3333333333333333}}",dataset_combinations_mixed_physical_fleet_v1,,,,
predefined_mixed_scenario,S1-A,Similar residential,相似住宅半小时电表融合,aggregate,no_coordination,No coordination,O(0),4,4157379,4157379,nominal,5000,"{""camsl_japan_smart_meters"":0.3333333333333333,""irish_domestic_smart_meters"":0.3333333333333333,""low_carbon_london"":0.3333333333333333}","{""camsl_japan_smart_meters"":0.3333333333333333,""irish_domestic_smart_meters"":0.3333333333333333,""low_carbon_london"":0.3333333333333333}","{""camsl_japan_smart_meters"":1667,""irish_domestic_smart_meters"":1666,""low_carbon_london"":1667}",False,test,57.60431467300061,57.60431467300061,0.0,0.0,0.8952659999999999,1.0,0,0.0,0.0,0.0,0.0,"{""camsl_japan_smart_meters"":{""available_profile_sources"":1423,""logical_devices"":1667,""mean_profile_reuse"":1.6958290946083419,""profile_bootstrap"":true,""selected_unique_profile_sources"":983,""weight"":0.3333333333333333},""irish_domestic_smart_meters"":{""available_profile_sources"":2904,""logical_devices"":1666,""mean_profile_reuse"":1.0,""profile_bootstrap"":false,""selected_unique_profile_sources"":1666,""weight"":0.3333333333333333},""low_carbon_london"":{""available_profile_sources"":5000,""logical_devices"":1667,""mean_profile_reuse"":1.0,""profile_bootstrap"":false,""selected_unique_profile_sources"":1667,""weight"":0.3333333333333333}}",dataset_combinations_mixed_physical_fleet_v1,,,,
predefined_mixed_scenario,S1-A,Similar residential,相似住宅半小时电表融合,aggregate,no_coordination,No coordination,O(0),5,4157380,4157380,nominal,5000,"{""camsl_japan_smart_meters"":0.3333333333333333,""irish_domestic_smart_meters"":0.3333333333333333,""low_carbon_london"":0.3333333333333333}","{""camsl_japan_smart_meters"":0.3333333333333333,""irish_domestic_smart_meters"":0.3333333333333333,""low_carbon_london"":0.3333333333333333}","{""camsl_japan_smart_meters"":1667,""irish_domestic_smart_meters"":1666,""low_carbon_london"":1667}",False,test,53.1838880570194,53.1838880570194,0.0,0.0,0.8950019999999994,1.0,0,0.0,0.0,0.0,0.0,"{""camsl_japan_smart_meters"":{""available_profile_sources"":1423,""logical_devices"":1667,""mean_profile_reuse"":1.6941056910569106,""profile_bootstrap"":true,""selected_unique_profile_sources"":984,""weight"":0.3333333333333333},""irish_domestic_smart_meters"":{""available_profile_sources"":2904,""logical_devices"":1666,""mean_profile_reuse"":1.0,""profile_bootstrap"":false,""selected_unique_profile_sources"":1666,""weight"":0.3333333333333333},""low_carbon_london"":{""available_profile_sources"":5000,""logical_devices"":1667,""mean_profile_reuse"":1.0,""profile_bootstrap"":false,""selected_unique_profile_sources"":1667,""weight"":0.3333333333333333}}",dataset_combinations_mixed_physical_fleet_v1,,,,
predefined_mixed_scenario,S1-A,Similar residential,相似住宅半小时电表融合,aggregate,no_coordination,No coordination,O(0),6,4157381,4157381,nominal,5000,"{""camsl_japan_smart_meters"":0.3333333333333333,""irish_domestic_smart_meters"":0.3333333333333333,""low_carbon_london"":0.3333333333333333}","{""camsl_japan_smart_meters"":0.3333333333333333,""irish_domestic_smart_meters"":0.3333333333333333,""low_carbon_london"":0.3333333333333333}","{""camsl_japan_smart_meters"":1667,""irish_domestic_smart_meters"":1666,""low_carbon_london"":1667}",False,test,57.95496238970007,57.95496238970007,0.0,0.0,0.8947860000000001,1.0,0,0.0,0.0,0.0,0.0,"{""camsl_japan_smart_meters"":{""available_profile_sources"":1423,""logical_devices"":1667,""mean_profile_reuse"":1.6992864424057084,""profile_bootstrap"":true,""selected_unique_profile_sources"":981,""weight"":0.3333333333333333},""irish_domestic_smart_meters"":{""available_profile_sources"":2904,""logical_devices"":1666,""mean_profile_reuse"":1.0,""profile_bootstrap"":false,""selected_unique_profile_sources"":1666,""weight"":0.3333333333333333},""low_carbon_london"":{""available_profile_sources"":5000,""logical_devices"":1667,""mean_profile_reuse"":1.0,""profile_bootstrap"":false,""selected_unique_profile_sources"":1667,""weight"":0.3333333333333333}}",dataset_combinations_mixed_physical_fleet_v1,,,,
predefined_mixed_scenario,S1-A,Similar residential,相似住宅半小时电表融合,aggregate,no_coordination,No coordination,O(0),7,4157382,4157382,nominal,5000,"{""camsl_japan_smart_meters"":0.3333333333333333,""irish_domestic_smart_meters"":0.3333333333333333,""low_carbon_london"":0.3333333333333333}","{""camsl_japan_smart_meters"":0.3333333333333333,""irish_domestic_smart_meters"":0.3333333333333333,""low_carbon_london"":0.3333333333333333}","{""camsl_japan_smart_meters"":1667,""irish_domestic_smart_meters"":1666,""low_carbon_london"":1667}",False,test,104.68219061872061,104.68219061872061,0.0,0.0,0.8946300000000001,1.0,0,0.0,0.0,0.0,0.0,"{""camsl_japan_smart_meters"":{""available_profile_sources"":1423,""logical_devices"":1667,""mean_profile_reuse"":1.7167868177136971,""profile_bootstrap"":true,""selected_unique_profile_sources"":971,""weight"":0.3333333333333333},""irish_domestic_smart_meters"":{""available_profile_sources"":2904,""logical_devices"":1666,""mean_profile_reuse"":1.0,""profile_bootstrap"":false,""selected_unique_profile_sources"":1666,""weight"":0.3333333333333333},""low_carbon_london"":{""available_profile_sources"":5000,""logical_devices"":1667,""mean_profile_reuse"":1.0,""profile_bootstrap"":false,""selected_unique_profile_sources"":1667,""weight"":0.3333333333333333}}",dataset_combinations_mixed_physical_fleet_v1,,,,
predefined_mixed_scenario,S1-A,Similar residential,相似住宅半小时电表融合,aggregate,no_coordination,No coordination,O(0),8,4157383,4157383,nominal,5000,"{""camsl_japan_smart_meters"":0.3333333333333333,""irish_domestic_smart_meters"":0.3333333333333333,""low_carbon_london"":0.3333333333333333}","{""camsl_japan_smart_meters"":0.3333333333333333,""irish_domestic_smart_meters"":0.3333333333333333,""low_carbon_london"":0.3333333333333333}","{""camsl_japan_smart_meters"":1667,""irish_domestic_smart_meters"":1666,""low_carbon_london"":1667}",False,test,59.618054040425164,59.618054040425164,0.0,0.0,0.8949500000000007,1.0,0,0.0,0.0,0.0,0.0,"{""camsl_japan_smart_meters"":{""available_profile_sources"":1423,""logical_devices"":1667,""mean_profile_reuse"":1.6941056910569106,""profile_bootstrap"":true,""selected_unique_profile_sources"":984,""weight"":0.3333333333333333},""irish_domestic_smart_meters"":{""available_profile_sources"":2904,""logical_devices"":1666,""mean_profile_reuse"":1.0,""profile_bootstrap"":false,""selected_unique_profile_sources"":1666,""weight"":0.3333333333333333},""low_carbon_london"":{""available_profile_sources"":5000,""logical_devices"":1667,""mean_profile_reuse"":1.0,""profile_bootstrap"":false,""selected_unique_profile_sources"":1667,""weight"":0.3333333333333333}}",dataset_combinations_mixed_physical_fleet_v1,,,,
predefined_mixed_scenario,S1-A,Similar residential,相似住宅半小时电表融合,aggregate,no_coordination,No coordination,O(0),9,4157384,4157384,nominal,5000,"{""camsl_japan_smart_meters"":0.3333333333333333,""irish_domestic_smart_meters"":0.3333333333333333,""low_carbon_london"":0.3333333333333333}","{""camsl_japan_smart_meters"":0.3333333333333333,""irish_domestic_smart_meters"":0.3333333333333333,""low_carbon_london"":0.3333333333333333}","{""camsl_japan_smart_meters"":1667,""irish_domestic_smart_meters"":1666,""low_carbon_london"":1667}",False,test,115.88173007950672,115.88173007950672,0.0,0.0,0.89528,1.0,0,0.0,0.0,0.0,0.0,"{""camsl_japan_smart_meters"":{""available_profile_sources"":1423,""logical_devices"":1667,""mean_profile_reuse"":1.6770623742454729,""profile_bootstrap"":true,""selected_unique_profile_sources"":994,""weight"":0.3333333333333333},""irish_domestic_smart_meters"":{""available_profile_sources"":2904,""logical_devices"":1666,""mean_profile_reuse"":1.0,""profile_bootstrap"":false,""selected_unique_profile_sources"":1666,""weight"":0.3333333333333333},""low_carbon_london"":{""available_profile_sources"":5000,""logical_devices"":1667,""mean_profile_reuse"":1.0,""profile_bootstrap"":false,""selected_unique_profile_sources"":1667,""weight"":0.3333333333333333}}",dataset_combinations_mixed_physical_fleet_v1,,,,
predefined_mixed_scenario,S1-A,Similar residential,相似住宅半小时电表融合,aggregate,no_coordination,No coordination,O(0),10,4157385,4157385,dominant_plus_15pp,5000,"{""camsl_japan_smart_meters"":0.3333333333333333,""irish_domestic_smart_meters"":0.3333333333333333,""low_carbon_london"":0.3333333333333333}","{""camsl_japan_smart_meters"":0.25833333333333336,""irish_domestic_smart_meters"":0.25833333333333336,""low_carbon_london"":0.48333333333333334}","{""camsl_japan_smart_meters"":1292,""irish_domestic_smart_meters"":1292,""low_carbon_london"":2416}",False,test,117.80349019493677,117.80349019493677,0.0,0.0,0.8945239999999994,1.0,0,0.0,0.0,0.0,0.0,"{""camsl_japan_smart_meters"":{""available_profile_sources"":1423,""logical_devices"":1292,""mean_profile_reuse"":1.0,""profile_bootstrap"":false,""selected_unique_profile_sources"":1292,""weight"":0.25833333333333336},""irish_domestic_smart_meters"":{""available_profile_sources"":2904,""logical_devices"":1292,""mean_profile_reuse"":1.0,""profile_bootstrap"":false,""selected_unique_profile_sources"":1292,""weight"":0.25833333333333336},""low_carbon_london"":{""available_profile_sources"":5000,""logical_devices"":2416,""mean_profile_reuse"":1.0,""profile_bootstrap"":false,""selected_unique_profile_sources"":2416,""weight"":0.48333333333333334}}",dataset_combinations_mixed_physical_fleet_v1,,,,
predefined_mixed_scenario,S1-A,Similar residential,相似住宅半小时电表融合,aggregate,no_coordination,No coordination,O(0),11,4157386,4157386,dominant_plus_15pp,5000,"{""camsl_japan_smart_meters"":0.3333333333333333,""irish_domestic_smart_meters"":0.3333333333333333,""low_carbon_london"":0.3333333333333333}","{""camsl_japan_smart_meters"":0.25833333333333336,""irish_domestic_smart_meters"":0.25833333333333336,""low_carbon_london"":0.48333333333333334}","{""camsl_japan_smart_meters"":1292,""irish_domestic_smart_meters"":1292,""low_carbon_london"":2416}",False,test,32.95588651632699,32.95588651632699,0.0,0.0,0.8943379999999996,1.0,0,0.0,0.0,0.0,0.0,"{""camsl_japan_smart_meters"":{""available_profile_sources"":1423,""logical_devices"":1292,""mean_profile_reuse"":1.0,""profile_bootstrap"":false,""selected_unique_profile_sources"":1292,""weight"":0.25833333333333336},""irish_domestic_smart_meters"":{""available_profile_sources"":2904,""logical_devices"":1292,""mean_profile_reuse"":1.0,""profile_bootstrap"":false,""selected_unique_profile_sources"":1292,""weight"":0.25833333333333336},""low_carbon_london"":{""available_profile_sources"":5000,""logical_devices"":2416,""mean_profile_reuse"":1.0,""profile_bootstrap"":false,""selected_unique_profile_sources"":2416,""weight"":0.48333333333333334}}",dataset_combinations_mixed_physical_fleet_v1,,,,
predefined_mixed_scenario,S1-A,Similar residential,相似住宅半小时电表融合,aggregate,no_coordination,No coordination,O(0),12,4157387,4157387,dominant_plus_15pp,5000,"{""camsl_japan_smart_meters"":0.3333333333333333,""irish_domestic_smart_meters"":0.3333333333333333,""low_carbon_london"":0.3333333333333333}","{""camsl_japan_smart_meters"":0.25833333333333336,""irish_domestic_smart_meters"":0.25833333333333336,""low_carbon_london"":0.48333333333333334}","{""camsl_japan_smart_meters"":1292,""irish_domestic_smart_meters"":1292,""low_carbon_london"":2416}",False,test,99.37521774012586,99.37521774012586,0.0,0.0,0.895038,1.0,0,0.0,0.0,0.0,0.0,"{""camsl_japan_smart_meters"":{""available_profile_sources"":1423,""logical_devices"":1292,""mean_profile_reuse"":1.0,""profile_bootstrap"":false,""selected_unique_profile_sources"":1292,""weight"":0.25833333333333336},""irish_domestic_smart_meters"":{""available_profile_sources"":2904,""logical_devices"":1292,""mean_profile_reuse"":1.0,""profile_bootstrap"":false,""selected_unique_profile_sources"":1292,""weight"":0.25833333333333336},""low_carbon_london"":{""available_profile_sources"":5000,""logical_devices"":2416,""mean_profile_reuse"":1.0,""profile_bootstrap"":false,""selected_unique_profile_sources"":2416,""weight"":0.48333333333333334}}",dataset_combinations_mixed_physical_fleet_v1,,,,
predefined_mixed_scenario,S1-A,Similar residential,相似住宅半小时电表融合,aggregate,no_coordination,No coordination,O(0),13,4157388,4157388,dominant_plus_15pp,5000,"{""camsl_japan_smart_meters"":0.3333333333333333,""irish_domestic_smart_meters"":0.3333333333333333,""low_carbon_london"":0.3333333333333333}","{""camsl_japan_smart_meters"":0.25833333333333336,""irish_domestic_smart_meters"":0.25833333333333336,""low_carbon_london"":0.48333333333333334}","{""camsl_japan_smart_meters"":1292,""irish_domestic_smart_meters"":1292,""low_carbon_london"":2416}",False,test,116.52089440085292,116.52089440085292,0.0,0.0,0.8947660000000004,1.0,0,0.0,0.0,0.0,0.0,"{""camsl_japan_smart_meters"":{""available_profile_sources"":1423,""logical_devices"":1292,""mean_profile_reuse"":1.0,""profile_bootstrap"":false,""selected_unique_profile_sources"":1292,""weight"":0.25833333333333336},""irish_domestic_smart_meters"":{""available_profile_sources"":2904,""logical_devices"":1292,""mean_profile_reuse"":1.0,""profile_bootstrap"":false,""selected_unique_profile_sources"":1292,""weight"":0.25833333333333336},""low_carbon_london"":{""available_profile_sources"":5000,""logical_devices"":2416,""mean_profile_reuse"":1.0,""profile_bootstrap"":false,""selected_unique_profile_sources"":2416,""weight"":0.48333333333333334}}",dataset_combinations_mixed_physical_fleet_v1,,,,
predefined_mixed_scenario,S1-A,Similar residential,相似住宅半小时电表融合,aggregate,no_coordination,No coordination,O(0),14,4157389,4157389,dominant_plus_15pp,5000,"{""camsl_japan_smart_meters"":0.3333333333333333,""irish_domestic_smart_meters"":0.3333333333333333,""low_carbon_london"":0.3333333333333333}","{""camsl_japan_smart_meters"":0.25833333333333336,""irish_domestic_smart_meters"":0.25833333333333336,""low_carbon_london"":0.48333333333333334}","{""camsl_japan_smart_meters"":1292,""irish_domestic_smart_meters"":1292,""low_carbon_london"":2416}",False,test,101.95823112493407,101.95823112493407,0.0,0.0,0.895484,1.0,0,0.0,0.0,0.0,0.0,"{""camsl_japan_smart_meters"":{""available_profile_sources"":1423,""logical_devices"":1292,""mean_profile_reuse"":1.0,""profile_bootstrap"":false,""selected_unique_profile_sources"":1292,""weight"":0.25833333333333336},""irish_domestic_smart_meters"":{""available_profile_sources"":2904,""logical_devices"":1292,""mean_profile_reuse"":1.0,""profile_bootstrap"":false,""selected_unique_profile_sources"":1292,""weight"":0.25833333333333336},""low_carbon_london"":{""available_profile_sources"":5000,""logical_devices"":2416,""mean_profile_reuse"":1.0,""profile_bootstrap"":false,""selected_unique_profile_sources"":2416,""weight"":0.48333333333333334}}",dataset_combinations_mixed_physical_fleet_v1,,,,
predefined_mixed_scenario,S1-A,Similar residential,相似住宅半小时电表融合,aggregate,no_coordination,No coordination,O(0),15,4157390,4157390,dominant_plus_15pp,5000,"{""camsl_japan_smart_meters"":0.3333333333333333,""irish_domestic_smart_meters"":0.3333333333333333,""low_carbon_london"":0.3333333333333333}","{""camsl_japan_smart_meters"":0.25833333333333336,""irish_domestic_smart_meters"":0.25833333333333336,""low_carbon_london"":0.48333333333333334}","{""camsl_japan_smart_meters"":1292,""irish_domestic_smart_meters"":1292,""low_carbon_london"":2416}",False,test,88.02625397074293,88.02625397074293,0.0,0.0,0.8946620000000001,1.0,0,0.0,0.0,0.0,0.0,"{""camsl_japan_smart_meters"":{""available_profile_sources"":1423,""logical_devices"":1292,""mean_profile_reuse"":1.0,""profile_bootstrap"":false,""selected_unique_profile_sources"":1292,""weight"":0.25833333333333336},""irish_domestic_smart_meters"":{""available_profile_sources"":2904,""logical_devices"":1292,""mean_profile_reuse"":1.0,""profile_bootstrap"":false,""selected_unique_profile_sources"":1292,""weight"":0.25833333333333336},""low_carbon_london"":{""available_profile_sources"":5000,""logical_devices"":2416,""mean_profile_reuse"":1.0,""profile_bootstrap"":false,""selected_unique_profile_sources"":2416,""weight"":0.48333333333333334}}",dataset_combinations_mixed_physical_fleet_v1,,,,
predefined_mixed_scenario,S1-A,Similar residential,相似住宅半小时电表融合,aggregate,no_coordination,No coordination,O(0),16,4157391,4157391,dominant_plus_15pp,5000,"{""camsl_japan_smart_meters"":0.3333333333333333,""irish_domestic_smart_meters"":0.3333333333333333,""low_carbon_london"":0.3333333333333333}","{""camsl_japan_smart_meters"":0.25833333333333336,""irish_domestic_smart_meters"":0.25833333333333336,""low_carbon_london"":0.48333333333333334}","{""camsl_japan_smart_meters"":1292,""irish_domestic_smart_meters"":1292,""low_carbon_london"":2416}",False,test,34.34285284132739,34.34285284132739,0.0,0.0,0.8952839999999993,1.0,0,0.0,0.0,0.0,0.0,"{""camsl_japan_smart_meters"":{""available_profile_sources"":1423,""logical_devices"":1292,""mean_profile_reuse"":1.0,""profile_bootstrap"":false,""selected_unique_profile_sources"":1292,""weight"":0.25833333333333336},""irish_domestic_smart_meters"":{""available_profile_sources"":2904,""logical_devices"":1292,""mean_profile_reuse"":1.0,""profile_bootstrap"":false,""selected_unique_profile_sources"":1292,""weight"":0.25833333333333336},""low_carbon_london"":{""available_profile_sources"":5000,""logical_devices"":2416,""mean_profile_reuse"":1.0,""profile_bootstrap"":false,""selected_unique_profile_sources"":2416,""weight"":0.48333333333333334}}",dataset_combinations_mixed_physical_fleet_v1,,,,
predefined_mixed_scenario,S1-A,Similar residential,相似住宅半小时电表融合,aggregate,no_coordination,No coordination,O(0),17,4157392,4157392,dominant_plus_15pp,5000,"{""camsl_japan_smart_meters"":0.3333333333333333,""irish_domestic_smart_meters"":0.3333333333333333,""low_carbon_london"":0.3333333333333333}","{""camsl_japan_smart_meters"":0.25833333333333336,""irish_domestic_smart_meters"":0.25833333333333336,""low_carbon_london"":0.48333333333333334}","{""camsl_japan_smart_meters"":1292,""irish_domestic_smart_meters"":1292,""low_carbon_london"":2416}",False,test,115.39922244505395,115.39922244505395,0.0,0.0,0.8944600000000003,1.0,0,0.0,0.0,0.0,0.0,"{""camsl_japan_smart_meters"":{""available_profile_sources"":1423,""logical_devices"":1292,""mean_profile_reuse"":1.0,""profile_bootstrap"":false,""selected_unique_profile_sources"":1292,""weight"":0.25833333333333336},""irish_domestic_smart_meters"":{""available_profile_sources"":2904,""logical_devices"":1292,""mean_profile_reuse"":1.0,""profile_bootstrap"":false,""selected_unique_profile_sources"":1292,""weight"":0.25833333333333336},""low_carbon_london"":{""available_profile_sources"":5000,""logical_devices"":2416,""mean_profile_reuse"":1.0,""profile_bootstrap"":false,""selected_unique_profile_sources"":2416,""weight"":0.48333333333333334}}",dataset_combinations_mixed_physical_fleet_v1,,,,
predefined_mixed_scenario,S1-A,Similar residential,相似住宅半小时电表融合,aggregate,no_coordination,No coordination,O(0),18,4157393,4157393,dominant_plus_15pp,5000,"{""camsl_japan_smart_meters"":0.3333333333333333,""irish_domestic_smart_meters"":0.3333333333333333,""low_carbon_london"":0.3333333333333333}","{""camsl_japan_smart_meters"":0.25833333333333336,""irish_domestic_smart_meters"":0.25833333333333336,""low_carbon_london"":0.48333333333333334}","{""camsl_japan_smart_meters"":1292,""irish_domestic_smart_meters"":1292,""low_carbon_london"":2416}",False,test,116.55953935824265,116.55953935824265,0.0,0.0,0.8944279999999996,1.0,0,0.0,0.0,0.0,0.0,"{""camsl_japan_smart_meters"":{""available_profile_sources"":1423,""logical_devices"":1292,""mean_profile_reuse"":1.0,""profile_bootstrap"":false,""selected_unique_profile_sources"":1292,""weight"":0.25833333333333336},""irish_domestic_smart_meters"":{""available_profile_sources"":2904,""logical_devices"":1292,""mean_profile_reuse"":1.0,""profile_bootstrap"":false,""selected_unique_profile_sources"":1292,""weight"":0.25833333333333336},""low_carbon_london"":{""available_profile_sources"":5000,""logical_devices"":2416,""mean_profile_reuse"":1.0,""profile_bootstrap"":false,""selected_unique_profile_sources"":2416,""weight"":0.48333333333333334}}",dataset_combinations_mixed_physical_fleet_v1,,,,
predefined_mixed_scenario,S1-A,Similar residential,相似住宅半小时电表融合,aggregate,no_coordination,No coordination,O(0),19,4157394,4157394,dominant_plus_15pp,5000,"{""camsl_japan_smart_meters"":0.3333333333333333,""irish_domestic_smart_meters"":0.3333333333333333,""low_carbon_london"":0.3333333333333333}","{""camsl_japan_smart_meters"":0.25833333333333336,""irish_domestic_smart_meters"":0.25833333333333336,""low_carbon_london"":0.48333333333333334}","{""camsl_japan_smart_meters"":1292,""irish_domestic_smart_meters"":1292,""low_carbon_london"":2416}",False,test,87.89492152832275,87.89492152832275,0.0,0.0,0.8948320000000002,1.0,0,0.0,0.0,0.0,0.0,"{""camsl_japan_smart_meters"":{""available_profile_sources"":1423,""logical_devices"":1292,""mean_profile_reuse"":1.0,""profile_bootstrap"":false,""selected_unique_profile_sources"":1292,""weight"":0.25833333333333336},""irish_domestic_smart_meters"":{""available_profile_sources"":2904,""logical_devices"":1292,""mean_profile_reuse"":1.0,""profile_bootstrap"":false,""selected_unique_profile_sources"":1292,""weight"":0.25833333333333336},""low_carbon_london"":{""available_profile_sources"":5000,""logical_devices"":2416,""mean_profile_reuse"":1.0,""profile_bootstrap"":false,""selected_unique_profile_sources"":2416,""weight"":0.48333333333333334}}",dataset_combinations_mixed_physical_fleet_v1,,,,
predefined_mixed_scenario,S1-A,Similar residential,相似住宅半小时电表融合,aggregate,no_coordination,No coordination,O(0),20,4157395,4157395,dominant_minus_15pp,5000,"{""camsl_japan_smart_meters"":0.3333333333333333,""irish_domestic_smart_meters"":0.3333333333333333,""low_carbon_london"":0.3333333333333333}","{""camsl_japan_smart_meters"":0.40833333333333327,""irish_domestic_smart_meters"":0.40833333333333327,""low_carbon_london"":0.18333333333333332}","{""camsl_japan_smart_meters"":2042,""irish_domestic_smart_meters"":2042,""low_carbon_london"":916}",False,test,119.49794937160793,119.49794937160793,0.0,0.0,0.8946659999999994,1.0,0,0.0,0.0,0.0,0.0,"{""camsl_japan_smart_meters"":{""available_profile_sources"":1423,""logical_devices"":2042,""mean_profile_reuse"":1.8855032317636196,""profile_bootstrap"":true,""selected_unique_profile_sources"":1083,""weight"":0.40833333333333327},""irish_domestic_smart_meters"":{""available_profile_sources"":2904,""logical_devices"":2042,""mean_profile_reuse"":1.0,""profile_bootstrap"":false,""selected_unique_profile_sources"":2042,""weight"":0.40833333333333327},""low_carbon_london"":{""available_profile_sources"":5000,""logical_devices"":916,""mean_profile_reuse"":1.0,""profile_bootstrap"":false,""selected_unique_profile_sources"":916,""weight"":0.18333333333333332}}",dataset_combinations_mixed_physical_fleet_v1,,,,
predefined_mixed_scenario,S1-A,Similar residential,相似住宅半小时电表融合,aggregate,no_coordination,No coordination,O(0),21,4157396,4157396,dominant_minus_15pp,5000,"{""camsl_japan_smart_meters"":0.3333333333333333,""irish_domestic_smart_meters"":0.3333333333333333,""low_carbon_london"":0.3333333333333333}","{""camsl_japan_smart_meters"":0.40833333333333327,""irish_domestic_smart_meters"":0.40833333333333327,""low_carbon_london"":0.18333333333333332}","{""camsl_japan_smart_meters"":2042,""irish_domestic_smart_meters"":2042,""low_carbon_london"":916}",False,test,117.44510155030538,117.44510155030538,0.0,0.0,0.8953819999999997,1.0,0,0.0,0.0,0.0,0.0,"{""camsl_japan_smart_meters"":{""available_profile_sources"":1423,""logical_devices"":2042,""mean_profile_reuse"":1.8889916743755781,""profile_bootstrap"":true,""selected_unique_profile_sources"":1081,""weight"":0.40833333333333327},""irish_domestic_smart_meters"":{""available_profile_sources"":2904,""logical_devices"":2042,""mean_profile_reuse"":1.0,""profile_bootstrap"":false,""selected_unique_profile_sources"":2042,""weight"":0.40833333333333327},""low_carbon_london"":{""available_profile_sources"":5000,""logical_devices"":916,""mean_profile_reuse"":1.0,""profile_bootstrap"":false,""selected_unique_profile_sources"":916,""weight"":0.18333333333333332}}",dataset_combinations_mixed_physical_fleet_v1,,,,
predefined_mixed_scenario,S1-A,Similar residential,相似住宅半小时电表融合,aggregate,no_coordination,No coordination,O(0),22,4157397,4157397,dominant_minus_15pp,5000,"{""camsl_japan_smart_meters"":0.3333333333333333,""irish_domestic_smart_meters"":0.3333333333333333,""low_carbon_london"":0.3333333333333333}","{""camsl_japan_smart_meters"":0.40833333333333327,""irish_domestic_smart_meters"":0.40833333333333327,""low_carbon_london"":0.18333333333333332}","{""camsl_japan_smart_meters"":2042,""irish_domestic_smart_meters"":2042,""low_carbon_london"":916}",False,test,81.06810566662502,81.06810566662502,0.0,0.0,0.8949619999999995,1.0,0,0.0,0.0,0.0,0.0,"{""camsl_japan_smart_meters"":{""available_profile_sources"":1423,""logical_devices"":2042,""mean_profile_reuse"":1.8682525160109789,""profile_bootstrap"":true,""selected_unique_profile_sources"":1093,""weight"":0.40833333333333327},""irish_domestic_smart_meters"":{""available_profile_sources"":2904,""logical_devices"":2042,""mean_profile_reuse"":1.0,""profile_bootstrap"":false,""selected_unique_profile_sources"":2042,""weight"":0.40833333333333327},""low_carbon_london"":{""available_profile_sources"":5000,""logical_devices"":916,""mean_profile_reuse"":1.0,""profile_bootstrap"":false,""selected_unique_profile_sources"":916,""weight"":0.18333333333333332}}",dataset_combinations_mixed_physical_fleet_v1,,,,
predefined_mixed_scenario,S1-A,Similar residential,相似住宅半小时电表融合,aggregate,no_coordination,No coordination,O(0),23,4157398,4157398,dominant_minus_15pp,5000,"{""camsl_japan_smart_meters"":0.3333333333333333,""irish_domestic_smart_meters"":0.3333333333333333,""low_carbon_london"":0.3333333333333333}","{""camsl_japan_smart_meters"":0.40833333333333327,""irish_domestic_smart_meters"":0.40833333333333327,""low_carbon_london"":0.18333333333333332}","{""camsl_japan_smart_meters"":2042,""irish_domestic_smart_meters"":2042,""low_carbon_london"":916}",False,test,118.93112164025422,118.93112164025422,0.0,0.0,0.8950420000000001,1.0,0,0.0,0.0,0.0,0.0,"{""camsl_japan_smart_meters"":{""available_profile_sources"":1423,""logical_devices"":2042,""mean_profile_reuse"":1.8907407407407408,""profile_bootstrap"":true,""selected_unique_profile_sources"":1080,""weight"":0.40833333333333327},""irish_domestic_smart_meters"":{""available_profile_sources"":2904,""logical_devices"":2042,""mean_profile_reuse"":1.0,""profile_bootstrap"":false,""selected_unique_profile_sources"":2042,""weight"":0.40833333333333327},""low_carbon_london"":{""available_profile_sources"":5000,""logical_devices"":916,""mean_profile_reuse"":1.0,""profile_bootstrap"":false,""selected_unique_profile_sources"":916,""weight"":0.18333333333333332}}",dataset_combinations_mixed_physical_fleet_v1,,,,
predefined_mixed_scenario,S1-A,Similar residential,相似住宅半小时电表融合,aggregate,no_coordination,No coordination,O(0),24,4157399,4157399,dominant_minus_15pp,5000,"{""camsl_japan_smart_meters"":0.3333333333333333,""irish_domestic_smart_meters"":0.3333333333333333,""low_carbon_london"":0.3333333333333333}","{""camsl_japan_smart_meters"":0.40833333333333327,""irish_domestic_smart_meters"":0.40833333333333327,""low_carbon_london"":0.18333333333333332}","{""camsl_japan_smart_meters"":2042,""irish_domestic_smart_meters"":2042,""low_carbon_london"":916}",False,test,93.42266548412086,93.42266548412086,0.0,0.0,0.8955180000000001,1.0,0,0.0,0.0,0.0,0.0,"{""camsl_japan_smart_meters"":{""available_profile_sources"":1423,""logical_devices"":2042,""mean_profile_reuse"":1.873394495412844,""profile_bootstrap"":true,""selected_unique_profile_sources"":1090,""weight"":0.40833333333333327},""irish_domestic_smart_meters"":{""available_profile_sources"":2904,""logical_devices"":2042,""mean_profile_reuse"":1.0,""profile_bootstrap"":false,""selected_unique_profile_sources"":2042,""weight"":0.40833333333333327},""low_carbon_london"":{""available_profile_sources"":5000,""logical_devices"":916,""mean_profile_reuse"":1.0,""profile_bootstrap"":false,""selected_unique_profile_sources"":916,""weight"":0.18333333333333332}}",dataset_combinations_mixed_physical_fleet_v1,,,,
predefined_mixed_scenario,S1-A,Similar residential,相似住宅半小时电表融合,aggregate,no_coordination,No coordination,O(0),25,4157400,4157400,dominant_minus_15pp,5000,"{""camsl_japan_smart_meters"":0.3333333333333333,""irish_domestic_smart_meters"":0.3333333333333333,""low_carbon_london"":0.3333333333333333}","{""camsl_japan_smart_meters"":0.40833333333333327,""irish_domestic_smart_meters"":0.40833333333333327,""low_carbon_london"":0.18333333333333332}","{""camsl_japan_smart_meters"":2042,""irish_domestic_smart_meters"":2042,""low_carbon_london"":916}",False,test,116.94909145933657,116.94909145933657,0.0,0.0,0.8945560000000002,1.0,0,0.0,0.0,0.0,0.0,"{""camsl_japan_smart_meters"":{""available_profile_sources"":1423,""logical_devices"":2042,""mean_profile_reuse"":1.8837638376383763,""profile_bootstrap"":true,""selected_unique_profile_sources"":1084,""weight"":0.40833333333333327},""irish_domestic_smart_meters"":{""available_profile_sources"":2904,""logical_devices"":2042,""mean_profile_reuse"":1.0,""profile_bootstrap"":false,""selected_unique_profile_sources"":2042,""weight"":0.40833333333333327},""low_carbon_london"":{""available_profile_sources"":5000,""logical_devices"":916,""mean_profile_reuse"":1.0,""profile_bootstrap"":false,""selected_unique_profile_sources"":916,""weight"":0.18333333333333332}}",dataset_combinations_mixed_physical_fleet_v1,,,,
predefined_mixed_scenario,S1-A,Similar residential,相似住宅半小时电表融合,aggregate,no_coordination,No coordination,O(0),26,4157401,4157401,dominant_minus_15pp,5000,"{""camsl_japan_smart_meters"":0.3333333333333333,""irish_domestic_smart_meters"":0.3333333333333333,""low_carbon_london"":0.3333333333333333}","{""camsl_japan_smart_meters"":0.40833333333333327,""irish_domestic_smart_meters"":0.40833333333333327,""low_carbon_london"":0.18333333333333332}","{""camsl_japan_smart_meters"":2042,""irish_domestic_smart_meters"":2042,""low_carbon_london"":916}",False,test,76.09165542782053,76.09165542782053,0.0,0.0,0.8947599999999994,1.0,0,0.0,0.0,0.0,0.0,"{""camsl_japan_smart_meters"":{""available_profile_sources"":1423,""logical_devices"":2042,""mean_profile_reuse"":1.9048507462686568,""profile_bootstrap"":true,""selected_unique_profile_sources"":1072,""weight"":0.40833333333333327},""irish_domestic_smart_meters"":{""available_profile_sources"":2904,""logical_devices"":2042,""mean_profile_reuse"":1.0,""profile_bootstrap"":false,""selected_unique_profile_sources"":2042,""weight"":0.40833333333333327},""low_carbon_london"":{""available_profile_sources"":5000,""logical_devices"":916,""mean_profile_reuse"":1.0,""profile_bootstrap"":false,""selected_unique_profile_sources"":916,""weight"":0.18333333333333332}}",dataset_combinations_mixed_physical_fleet_v1,,,,
predefined_mixed_scenario,S1-A,Similar residential,相似住宅半小时电表融合,aggregate,no_coordination,No coordination,O(0),27,4157402,4157402,dominant_minus_15pp,5000,"{""camsl_japan_smart_meters"":0.3333333333333333,""irish_domestic_smart_meters"":0.3333333333333333,""low_carbon_london"":0.3333333333333333}","{""camsl_japan_smart_meters"":0.40833333333333327,""irish_domestic_smart_meters"":0.40833333333333327,""low_carbon_london"":0.18333333333333332}","{""camsl_japan_smart_meters"":2042,""irish_domestic_smart_meters"":2042,""low_carbon_london"":916}",False,test,76.15386165036907,76.15386165036907,0.0,0.0,0.8944899999999999,1.0,0,0.0,0.0,0.0,0.0,"{""camsl_japan_smart_meters"":{""available_profile_sources"":1423,""logical_devices"":2042,""mean_profile_reuse"":1.88724584103512,""profile_bootstrap"":true,""selected_unique_profile_sources"":1082,""weight"":0.40833333333333327},""irish_domestic_smart_meters"":{""available_profile_sources"":2904,""logical_devices"":2042,""mean_profile_reuse"":1.0,""profile_bootstrap"":false,""selected_unique_profile_sources"":2042,""weight"":0.40833333333333327},""low_carbon_london"":{""available_profile_sources"":5000,""logical_devices"":916,""mean_profile_reuse"":1.0,""profile_bootstrap"":false,""selected_unique_profile_sources"":916,""weight"":0.18333333333333332}}",dataset_combinations_mixed_physical_fleet_v1,,,,
predefined_mixed_scenario,S1-A,Similar residential,相似住宅半小时电表融合,aggregate,no_coordination,No coordination,O(0),28,4157403,4157403,dominant_minus_15pp,5000,"{""camsl_japan_smart_meters"":0.3333333333333333,""irish_domestic_smart_meters"":0.3333333333333333,""low_carbon_london"":0.3333333333333333}","{""camsl_japan_smart_meters"":0.40833333333333327,""irish_domestic_smart_meters"":0.40833333333333327,""low_carbon_london"":0.18333333333333332}","{""camsl_japan_smart_meters"":2042,""irish_domestic_smart_meters"":2042,""low_carbon_london"":916}",False,test,117.44053531021741,117.44053531021741,0.0,0.0,0.8935279999999994,1.0,0,0.0,0.0,0.0,0.0,"{""camsl_japan_smart_meters"":{""available_profile_sources"":1423,""logical_devices"":2042,""mean_profile_reuse"":1.8768382352941178,""profile_bootstrap"":true,""selected_unique_profile_sources"":1088,""weight"":0.40833333333333327},""irish_domestic_smart_meters"":{""available_profile_sources"":2904,""logical_devices"":2042,""mean_profile_reuse"":1.0,""profile_bootstrap"":false,""selected_unique_profile_sources"":2042,""weight"":0.40833333333333327},""low_carbon_london"":{""available_profile_sources"":5000,""logical_devices"":916,""mean_profile_reuse"":1.0,""profile_bootstrap"":false,""selected_unique_profile_sources"":916,""weight"":0.18333333333333332}}",dataset_combinations_mixed_physical_fleet_v1,,,,
predefined_mixed_scenario,S1-A,Similar residential,相似住宅半小时电表融合,aggregate,no_coordination,No coordination,O(0),29,4157404,4157404,dominant_minus_15pp,5000,"{""camsl_japan_smart_meters"":0.3333333333333333,""irish_domestic_smart_meters"":0.3333333333333333,""low_carbon_london"":0.3333333333333333}","{""camsl_japan_smart_meters"":0.40833333333333327,""irish_domestic_smart_meters"":0.40833333333333327,""low_carbon_london"":0.18333333333333332}","{""camsl_japan_smart_meters"":2042,""irish_domestic_smart_meters"":2042,""low_carbon_london"":916}",False,test,119.26312002552302,119.26312002552302,0.0,0.0,0.8940979999999997,1.0,0,0.0,0.0,0.0,0.0,"{""camsl_japan_smart_meters"":{""available_profile_sources"":1423,""logical_devices"":2042,""mean_profile_reuse"":1.873394495412844,""profile_bootstrap"":true,""selected_unique_profile_sources"":1090,""weight"":0.40833333333333327},""irish_domestic_smart_meters"":{""available_profile_sources"":2904,""logical_devices"":2042,""mean_profile_reuse"":1.0,""profile_bootstrap"":false,""selected_unique_profile_sources"":2042,""weight"":0.40833333333333327},""low_carbon_london"":{""available_profile_sources"":5000,""logical_devices"":916,""mean_profile_reuse"":1.0,""profile_bootstrap"":false,""selected_unique_profile_sources"":916,""weight"":0.18333333333333332}}",dataset_combinations_mixed_physical_fleet_v1,,,,
predefined_mixed_scenario,S1-A,Similar residential,相似住宅半小时电表融合,aggregate,packetized_energy_management,Packetized Energy Management,O(N log N),0,4157375,4757375,nominal,5000,"{""camsl_japan_smart_meters"":0.3333333333333333,""irish_domestic_smart_meters"":0.3333333333333333,""low_carbon_london"":0.3333333333333333}","{""camsl_japan_smart_meters"":0.3333333333333333,""irish_domestic_smart_meters"":0.3333333333333333,""low_carbon_london"":0.3333333333333333}","{""camsl_japan_smart_meters"":1667,""irish_domestic_smart_meters"":1666,""low_carbon_london"":1667}",False,test,118.77974816885487,112.51273725225495,6.267010916599918,5.276161141283833,0.8957160000000001,0.3433627497352515,0,0.0,6.267010916599918,0.0,0.0,"{""camsl_japan_smart_meters"":{""available_profile_sources"":1423,""logical_devices"":1667,""mean_profile_reuse"":1.6736947791164658,""profile_bootstrap"":true,""selected_unique_profile_sources"":996,""weight"":0.3333333333333333},""irish_domestic_smart_meters"":{""available_profile_sources"":2904,""logical_devices"":1666,""mean_profile_reuse"":1.0,""profile_bootstrap"":false,""selected_unique_profile_sources"":1666,""weight"":0.3333333333333333},""low_carbon_london"":{""available_profile_sources"":5000,""logical_devices"":1667,""mean_profile_reuse"":1.0,""profile_bootstrap"":false,""selected_unique_profile_sources"":1667,""weight"":0.3333333333333333}}",dataset_combinations_mixed_physical_fleet_v1,,,,
predefined_mixed_scenario,S1-A,Similar residential,相似住宅半小时电表融合,aggregate,packetized_energy_management,Packetized Energy Management,O(N log N),1,4157376,4757376,nominal,5000,"{""camsl_japan_smart_meters"":0.3333333333333333,""irish_domestic_smart_meters"":0.3333333333333333,""low_carbon_london"":0.3333333333333333}","{""camsl_japan_smart_meters"":0.3333333333333333,""irish_domestic_smart_meters"":0.3333333333333333,""low_carbon_london"":0.3333333333333333}","{""camsl_japan_smart_meters"":1667,""irish_domestic_smart_meters"":1666,""low_carbon_london"":1667}",False,test,119.29567015917064,113.1312451605271,6.164424998643541,5.167350156479808,0.895062,0.33849804628620334,0,0.0,6.164424998643541,0.0,0.0,"{""camsl_japan_smart_meters"":{""available_profile_sources"":1423,""logical_devices"":1667,""mean_profile_reuse"":1.7150205761316872,""profile_bootstrap"":true,""selected_unique_profile_sources"":972,""weight"":0.3333333333333333},""irish_domestic_smart_meters"":{""available_profile_sources"":2904,""logical_devices"":1666,""mean_profile_reuse"":1.0,""profile_bootstrap"":false,""selected_unique_profile_sources"":1666,""weight"":0.3333333333333333},""low_carbon_london"":{""available_profile_sources"":5000,""logical_devices"":1667,""mean_profile_reuse"":1.0,""profile_bootstrap"":false,""selected_unique_profile_sources"":1667,""weight"":0.3333333333333333}}",dataset_combinations_mixed_physical_fleet_v1,,,,
predefined_mixed_scenario,S1-A,Similar residential,相似住宅半小时电表融合,aggregate,packetized_energy_management,Packetized Energy Management,O(N log N),2,4157377,4757377,nominal,5000,"{""camsl_japan_smart_meters"":0.3333333333333333,""irish_domestic_smart_meters"":0.3333333333333333,""low_carbon_london"":0.3333333333333333}","{""camsl_japan_smart_meters"":0.3333333333333333,""irish_domestic_smart_meters"":0.3333333333333333,""low_carbon_london"":0.3333333333333333}","{""camsl_japan_smart_meters"":1667,""irish_domestic_smart_meters"":1666,""low_carbon_london"":1667}",False,test,118.87531576590331,112.6108259994099,6.264489766493418,5.269798634082988,0.8940339999999997,0.3421312800809638,0,0.0,6.264489766493418,0.0,0.0,"{""camsl_japan_smart_meters"":{""available_profile_sources"":1423,""logical_devices"":1667,""mean_profile_reuse"":1.685540950455005,""profile_bootstrap"":true,""selected_unique_profile_sources"":989,""weight"":0.3333333333333333},""irish_domestic_smart_meters"":{""available_profile_sources"":2904,""logical_devices"":1666,""mean_profile_reuse"":1.0,""profile_bootstrap"":false,""selected_unique_profile_sources"":1666,""weight"":0.3333333333333333},""low_carbon_london"":{""available_profile_sources"":5000,""logical_devices"":1667,""mean_profile_reuse"":1.0,""profile_bootstrap"":false,""selected_unique_profile_sources"":1667,""weight"":0.3333333333333333}}",dataset_combinations_mixed_physical_fleet_v1,,,,
predefined_mixed_scenario,S1-A,Similar residential,相似住宅半小时电表融合,aggregate,packetized_energy_management,Packetized Energy Management,O(N log N),3,4157378,4757378,nominal,5000,"{""camsl_japan_smart_meters"":0.3333333333333333,""irish_domestic_smart_meters"":0.3333333333333333,""low_carbon_london"":0.3333333333333333}","{""camsl_japan_smart_meters"":0.3333333333333333,""irish_domestic_smart_meters"":0.3333333333333333,""low_carbon_london"":0.3333333333333333}","{""camsl_japan_smart_meters"":1667,""irish_domestic_smart_meters"":1666,""low_carbon_london"":1667}",False,test,116.71667847098053,109.51318555356883,7.203492917411695,6.1717768289668316,0.8953980000000004,0.3661295955817474,0,0.0,7.203492917411695,0.0,0.0,"{""camsl_japan_smart_meters"":{""available_profile_sources"":1423,""logical_devices"":1667,""mean_profile_reuse"":1.6992864424057084,""profile_bootstrap"":true,""selected_unique_profile_sources"":981,""weight"":0.3333333333333333},""irish_domestic_smart_meters"":{""available_profile_sources"":2904,""logical_devices"":1666,""mean_profile_reuse"":1.0,""profile_bootstrap"":false,""selected_unique_profile_sources"":1666,""weight"":0.3333333333333333},""low_carbon_london"":{""available_profile_sources"":5000,""logical_devices"":1667,""mean_profile_reuse"":1.0,""profile_bootstrap"":false,""selected_unique_profile_sources"":1667,""weight"":0.3333333333333333}}",dataset_combinations_mixed_physical_fleet_v1,,,,
predefined_mixed_scenario,S1-A,Similar residential,相似住宅半小时电表融合,aggregate,packetized_energy_management,Packetized Energy Management,O(N log N),4,4157379,4757379,nominal,5000,"{""camsl_japan_smart_meters"":0.3333333333333333,""irish_domestic_smart_meters"":0.3333333333333333,""low_carbon_london"":0.3333333333333333}","{""camsl_japan_smart_meters"":0.3333333333333333,""irish_domestic_smart_meters"":0.3333333333333333,""low_carbon_london"":0.3333333333333333}","{""camsl_japan_smart_meters"":1667,""irish_domestic_smart_meters"":1666,""low_carbon_london"":1667}",False,test,57.60431467300061,37.928836531060156,19.675478141940452,34.15625765818274,0.8952659999999999,0.9551441661004156,0,0.0,19.675478141940452,0.0,0.0,"{""camsl_japan_smart_meters"":{""available_profile_sources"":1423,""logical_devices"":1667,""mean_profile_reuse"":1.6958290946083419,""profile_bootstrap"":true,""selected_unique_profile_sources"":983,""weight"":0.3333333333333333},""irish_domestic_smart_meters"":{""available_profile_sources"":2904,""logical_devices"":1666,""mean_profile_reuse"":1.0,""profile_bootstrap"":false,""selected_unique_profile_sources"":1666,""weight"":0.3333333333333333},""low_carbon_london"":{""available_profile_sources"":5000,""logical_devices"":1667,""mean_profile_reuse"":1.0,""profile_bootstrap"":false,""selected_unique_profile_sources"":1667,""weight"":0.3333333333333333}}",dataset_combinations_mixed_physical_fleet_v1,,,,
predefined_mixed_scenario,S1-A,Similar residential,相似住宅半小时电表融合,aggregate,packetized_energy_management,Packetized Energy Management,O(N log N),5,4157380,4757380,nominal,5000,"{""camsl_japan_smart_meters"":0.3333333333333333,""irish_domestic_smart_meters"":0.3333333333333333,""low_carbon_london"":0.3333333333333333}","{""camsl_japan_smart_meters"":0.3333333333333333,""irish_domestic_smart_meters"":0.3333333333333333,""low_carbon_london"":0.3333333333333333}","{""camsl_japan_smart_meters"":1667,""irish_domestic_smart_meters"":1666,""low_carbon_london"":1667}",False,test,53.1838880570194,33.402907605735265,19.78098045128414,37.19355837631989,0.8950019999999994,0.9653387681845808,0,0.0,19.78098045128414,0.0,0.0,"{""camsl_japan_smart_meters"":{""available_profile_sources"":1423,""logical_devices"":1667,""mean_profile_reuse"":1.6941056910569106,""profile_bootstrap"":true,""selected_unique_profile_sources"":984,""weight"":0.3333333333333333},""irish_domestic_smart_meters"":{""available_profile_sources"":2904,""logical_devices"":1666,""mean_profile_reuse"":1.0,""profile_bootstrap"":false,""selected_unique_profile_sources"":1666,""weight"":0.3333333333333333},""low_carbon_london"":{""available_profile_sources"":5000,""logical_devices"":1667,""mean_profile_reuse"":1.0,""profile_bootstrap"":false,""selected_unique_profile_sources"":1667,""weight"":0.3333333333333333}}",dataset_combinations_mixed_physical_fleet_v1,,,,
predefined_mixed_scenario,S1-A,Similar residential,相似住宅半小时电表融合,aggregate,packetized_energy_management,Packetized Energy Management,O(N log N),6,4157381,4757381,nominal,5000,"{""camsl_japan_smart_meters"":0.3333333333333333,""irish_domestic_smart_meters"":0.3333333333333333,""low_carbon_london"":0.3333333333333333}","{""camsl_japan_smart_meters"":0.3333333333333333,""irish_domestic_smart_meters"":0.3333333333333333,""low_carbon_london"":0.3333333333333333}","{""camsl_japan_smart_meters"":1667,""irish_domestic_smart_meters"":1666,""low_carbon_london"":1667}",False,test,57.95496238970007,38.256333842018506,19.69862854768157,33.98954590846644,0.8947860000000001,0.9538186174497666,0,0.0,19.69862854768157,0.0,0.0,"{""camsl_japan_smart_meters"":{""available_profile_sources"":1423,""logical_devices"":1667,""mean_profile_reuse"":1.6992864424057084,""profile_bootstrap"":true,""selected_unique_profile_sources"":981,""weight"":0.3333333333333333},""irish_domestic_smart_meters"":{""available_profile_sources"":2904,""logical_devices"":1666,""mean_profile_reuse"":1.0,""profile_bootstrap"":false,""selected_unique_profile_sources"":1666,""weight"":0.3333333333333333},""low_carbon_london"":{""available_profile_sources"":5000,""logical_devices"":1667,""mean_profile_reuse"":1.0,""profile_bootstrap"":false,""selected_unique_profile_sources"":1667,""weight"":0.3333333333333333}}",dataset_combinations_mixed_physical_fleet_v1,,,,
predefined_mixed_scenario,S1-A,Similar residential,相似住宅半小时电表融合,aggregate,packetized_energy_management,Packetized Energy Management,O(N log N),7,4157382,4757382,nominal,5000,"{""camsl_japan_smart_meters"":0.3333333333333333,""irish_domestic_smart_meters"":0.3333333333333333,""low_carbon_london"":0.3333333333333333}","{""camsl_japan_smart_meters"":0.3333333333333333,""irish_domestic_smart_meters"":0.3333333333333333,""low_carbon_london"":0.3333333333333333}","{""camsl_japan_smart_meters"":1667,""irish_domestic_smart_meters"":1666,""low_carbon_london"":1667}",False,test,104.68219061872061,88.19330064764542,16.488889971075192,15.7513803194394,0.8946300000000001,0.5870966457277357,0,0.0,16.488889971075192,0.0,0.0,"{""camsl_japan_smart_meters"":{""available_profile_sources"":1423,""logical_devices"":1667,""mean_profile_reuse"":1.7167868177136971,""profile_bootstrap"":true,""selected_unique_profile_sources"":971,""weight"":0.3333333333333333},""irish_domestic_smart_meters"":{""available_profile_sources"":2904,""logical_devices"":1666,""mean_profile_reuse"":1.0,""profile_bootstrap"":false,""selected_unique_profile_sources"":1666,""weight"":0.3333333333333333},""low_carbon_london"":{""available_profile_sources"":5000,""logical_devices"":1667,""mean_profile_reuse"":1.0,""profile_bootstrap"":false,""selected_unique_profile_sources"":1667,""weight"":0.3333333333333333}}",dataset_combinations_mixed_physical_fleet_v1,,,,
predefined_mixed_scenario,S1-A,Similar residential,相似住宅半小时电表融合,aggregate,packetized_energy_management,Packetized Energy Management,O(N log N),8,4157383,4757383,nominal,5000,"{""camsl_japan_smart_meters"":0.3333333333333333,""irish_domestic_smart_meters"":0.3333333333333333,""low_carbon_london"":0.3333333333333333}","{""camsl_japan_smart_meters"":0.3333333333333333,""irish_domestic_smart_meters"":0.3333333333333333,""low_carbon_london"":0.3333333333333333}","{""camsl_japan_smart_meters"":1667,""irish_domestic_smart_meters"":1666,""low_carbon_london"":1667}",False,test,59.618054040425164,40.01398915140214,19.604064889023018,32.88276547189901,0.8949500000000007,0.9475673120957685,0,0.0,19.604064889023018,0.0,0.0,"{""camsl_japan_smart_meters"":{""available_profile_sources"":1423,""logical_devices"":1667,""mean_profile_reuse"":1.6941056910569106,""profile_bootstrap"":true,""selected_unique_profile_sources"":984,""weight"":0.3333333333333333},""irish_domestic_smart_meters"":{""available_profile_sources"":2904,""logical_devices"":1666,""mean_profile_reuse"":1.0,""profile_bootstrap"":false,""selected_unique_profile_sources"":1666,""weight"":0.3333333333333333},""low_carbon_london"":{""available_profile_sources"":5000,""logical_devices"":1667,""mean_profile_reuse"":1.0,""profile_bootstrap"":false,""selected_unique_profile_sources"":1667,""weight"":0.3333333333333333}}",dataset_combinations_mixed_physical_fleet_v1,,,,
predefined_mixed_scenario,S1-A,Similar residential,相似住宅半小时电表融合,aggregate,packetized_energy_management,Packetized Energy Management,O(N log N),9,4157384,4757384,nominal,5000,"{""camsl_japan_smart_meters"":0.3333333333333333,""irish_domestic_smart_meters"":0.3333333333333333,""low_carbon_london"":0.3333333333333333}","{""camsl_japan_smart_meters"":0.3333333333333333,""irish_domestic_smart_meters"":0.3333333333333333,""low_carbon_london"":0.3333333333333333}","{""camsl_japan_smart_meters"":1667,""irish_domestic_smart_meters"":1666,""low_carbon_london"":1667}",False,test,115.88173007950672,108.17726812721075,7.704461952295966,6.648556202094948,0.89528,0.3767602925517228,0,0.0,7.704461952295966,0.0,0.0,"{""camsl_japan_smart_meters"":{""available_profile_sources"":1423,""logical_devices"":1667,""mean_profile_reuse"":1.6770623742454729,""profile_bootstrap"":true,""selected_unique_profile_sources"":994,""weight"":0.3333333333333333},""irish_domestic_smart_meters"":{""available_profile_sources"":2904,""logical_devices"":1666,""mean_profile_reuse"":1.0,""profile_bootstrap"":false,""selected_unique_profile_sources"":1666,""weight"":0.3333333333333333},""low_carbon_london"":{""available_profile_sources"":5000,""logical_devices"":1667,""mean_profile_reuse"":1.0,""profile_bootstrap"":false,""selected_unique_profile_sources"":1667,""weight"":0.3333333333333333}}",dataset_combinations_mixed_physical_fleet_v1,,,,
predefined_mixed_scenario,S1-A,Similar residential,相似住宅半小时电表融合,aggregate,packetized_energy_management,Packetized Energy Management,O(N log N),10,4157385,4757385,dominant_plus_15pp,5000,"{""camsl_japan_smart_meters"":0.3333333333333333,""irish_domestic_smart_meters"":0.3333333333333333,""low_carbon_london"":0.3333333333333333}","{""camsl_japan_smart_meters"":0.25833333333333336,""irish_domestic_smart_meters"":0.25833333333333336,""low_carbon_london"":0.48333333333333334}","{""camsl_japan_smart_meters"":1292,""irish_domestic_smart_meters"":1292,""low_carbon_london"":2416}",False,test,117.80349019493677,111.07552991148928,6.727960283447486,5.711172285570073,0.8945239999999994,0.35318373334964176,0,0.0,6.727960283447486,0.0,0.0,"{""camsl_japan_smart_meters"":{""available_profile_sources"":1423,""logical_devices"":1292,""mean_profile_reuse"":1.0,""profile_bootstrap"":false,""selected_unique_profile_sources"":1292,""weight"":0.25833333333333336},""irish_domestic_smart_meters"":{""available_profile_sources"":2904,""logical_devices"":1292,""mean_profile_reuse"":1.0,""profile_bootstrap"":false,""selected_unique_profile_sources"":1292,""weight"":0.25833333333333336},""low_carbon_london"":{""available_profile_sources"":5000,""logical_devices"":2416,""mean_profile_reuse"":1.0,""profile_bootstrap"":false,""selected_unique_profile_sources"":2416,""weight"":0.48333333333333334}}",dataset_combinations_mixed_physical_fleet_v1,,,,
predefined_mixed_scenario,S1-A,Similar residential,相似住宅半小时电表融合,aggregate,packetized_energy_management,Packetized Energy Management,O(N log N),11,4157386,4757386,dominant_plus_15pp,5000,"{""camsl_japan_smart_meters"":0.3333333333333333,""irish_domestic_smart_meters"":0.3333333333333333,""low_carbon_london"":0.3333333333333333}","{""camsl_japan_smart_meters"":0.25833333333333336,""irish_domestic_smart_meters"":0.25833333333333336,""low_carbon_london"":0.48333333333333334}","{""camsl_japan_smart_meters"":1292,""irish_domestic_smart_meters"":1292,""low_carbon_london"":2416}",False,test,32.95588651632699,14.040654544215531,18.91523197211146,57.395609621184015,0.8943379999999996,0.9973046177843775,0,0.0,18.91523197211146,0.0,0.0,"{""camsl_japan_smart_meters"":{""available_profile_sources"":1423,""logical_devices"":1292,""mean_profile_reuse"":1.0,""profile_bootstrap"":false,""selected_unique_profile_sources"":1292,""weight"":0.25833333333333336},""irish_domestic_smart_meters"":{""available_profile_sources"":2904,""logical_devices"":1292,""mean_profile_reuse"":1.0,""profile_bootstrap"":false,""selected_unique_profile_sources"":1292,""weight"":0.25833333333333336},""low_carbon_london"":{""available_profile_sources"":5000,""logical_devices"":2416,""mean_profile_reuse"":1.0,""profile_bootstrap"":false,""selected_unique_profile_sources"":2416,""weight"":0.48333333333333334}}",dataset_combinations_mixed_physical_fleet_v1,,,,
predefined_mixed_scenario,S1-A,Similar residential,相似住宅半小时电表融合,aggregate,packetized_energy_management,Packetized Energy Management,O(N log N),12,4157387,4757387,dominant_plus_15pp,5000,"{""camsl_japan_smart_meters"":0.3333333333333333,""irish_domestic_smart_meters"":0.3333333333333333,""low_carbon_london"":0.3333333333333333}","{""camsl_japan_smart_meters"":0.25833333333333336,""irish_domestic_smart_meters"":0.25833333333333336,""low_carbon_london"":0.48333333333333334}","{""camsl_japan_smart_meters"":1292,""irish_domestic_smart_meters"":1292,""low_carbon_london"":2416}",False,test,99.37521774012586,82.4025147778357,16.972702962290153,17.079412099176608,0.895038,0.6401540262300294,0,0.0,16.972702962290153,0.0,0.0,"{""camsl_japan_smart_meters"":{""available_profile_sources"":1423,""logical_devices"":1292,""mean_profile_reuse"":1.0,""profile_bootstrap"":false,""selected_unique_profile_sources"":1292,""weight"":0.25833333333333336},""irish_domestic_smart_meters"":{""available_profile_sources"":2904,""logical_devices"":1292,""mean_profile_reuse"":1.0,""profile_bootstrap"":false,""selected_unique_profile_sources"":1292,""weight"":0.25833333333333336},""low_carbon_london"":{""available_profile_sources"":5000,""logical_devices"":2416,""mean_profile_reuse"":1.0,""profile_bootstrap"":false,""selected_unique_profile_sources"":2416,""weight"":0.48333333333333334}}",dataset_combinations_mixed_physical_fleet_v1,,,,
predefined_mixed_scenario,S1-A,Similar residential,相似住宅半小时电表融合,aggregate,packetized_energy_management,Packetized Energy Management,O(N log N),13,4157388,4757388,dominant_plus_15pp,5000,"{""camsl_japan_smart_meters"":0.3333333333333333,""irish_domestic_smart_meters"":0.3333333333333333,""low_carbon_london"":0.3333333333333333}","{""camsl_japan_smart_meters"":0.25833333333333336,""irish_domestic_smart_meters"":0.25833333333333336,""low_carbon_london"":0.48333333333333334}","{""camsl_japan_smart_meters"":1292,""irish_domestic_smart_meters"":1292,""low_carbon_london"":2416}",False,test,116.52089440085292,109.19993104136468,7.320963359488245,6.28296186459298,0.8947660000000004,0.3683090598348297,0,0.0,7.320963359488245,0.0,0.0,"{""camsl_japan_smart_meters"":{""available_profile_sources"":1423,""logical_devices"":1292,""mean_profile_reuse"":1.0,""profile_bootstrap"":false,""selected_unique_profile_sources"":1292,""weight"":0.25833333333333336},""irish_domestic_smart_meters"":{""available_profile_sources"":2904,""logical_devices"":1292,""mean_profile_reuse"":1.0,""profile_bootstrap"":false,""selected_unique_profile_sources"":1292,""weight"":0.25833333333333336},""low_carbon_london"":{""available_profile_sources"":5000,""logical_devices"":2416,""mean_profile_reuse"":1.0,""profile_bootstrap"":false,""selected_unique_profile_sources"":2416,""weight"":0.48333333333333334}}",dataset_combinations_mixed_physical_fleet_v1,,,,
predefined_mixed_scenario,S1-A,Similar residential,相似住宅半小时电表融合,aggregate,packetized_energy_management,Packetized Energy Management,O(N log N),14,4157389,4757389,dominant_plus_15pp,5000,"{""camsl_japan_smart_meters"":0.3333333333333333,""irish_domestic_smart_meters"":0.3333333333333333,""low_carbon_london"":0.3333333333333333}","{""camsl_japan_smart_meters"":0.25833333333333336,""irish_domestic_smart_meters"":0.25833333333333336,""low_carbon_london"":0.48333333333333334}","{""camsl_japan_smart_meters"":1292,""irish_domestic_smart_meters"":1292,""low_carbon_london"":2416}",False,test,101.95823112493407,85.19564047729399,16.76259064764008,16.440644823565165,0.895484,0.6052813601739816,0,0.0,16.76259064764008,0.0,0.0,"{""camsl_japan_smart_meters"":{""available_profile_sources"":1423,""logical_devices"":1292,""mean_profile_reuse"":1.0,""profile_bootstrap"":false,""selected_unique_profile_sources"":1292,""weight"":0.25833333333333336},""irish_domestic_smart_meters"":{""available_profile_sources"":2904,""logical_devices"":1292,""mean_profile_reuse"":1.0,""profile_bootstrap"":false,""selected_unique_profile_sources"":1292,""weight"":0.25833333333333336},""low_carbon_london"":{""available_profile_sources"":5000,""logical_devices"":2416,""mean_profile_reuse"":1.0,""profile_bootstrap"":false,""selected_unique_profile_sources"":2416,""weight"":0.48333333333333334}}",dataset_combinations_mixed_physical_fleet_v1,,,,
predefined_mixed_scenario,S1-A,Similar residential,相似住宅半小时电表融合,aggregate,packetized_energy_management,Packetized Energy Management,O(N log N),15,4157390,4757390,dominant_plus_15pp,5000,"{""camsl_japan_smart_meters"":0.3333333333333333,""irish_domestic_smart_meters"":0.3333333333333333,""low_carbon_london"":0.3333333333333333}","{""camsl_japan_smart_meters"":0.25833333333333336,""irish_domestic_smart_meters"":0.25833333333333336,""low_carbon_london"":0.48333333333333334}","{""camsl_japan_smart_meters"":1292,""irish_domestic_smart_meters"":1292,""low_carbon_london"":2416}",False,test,88.02625397074293,71.33722277304935,16.689031197693577,18.959151894888624,0.8946620000000001,0.7372105128304058,0,0.0,16.689031197693577,0.0,0.0,"{""camsl_japan_smart_meters"":{""available_profile_sources"":1423,""logical_devices"":1292,""mean_profile_reuse"":1.0,""profile_bootstrap"":false,""selected_unique_profile_sources"":1292,""weight"":0.25833333333333336},""irish_domestic_smart_meters"":{""available_profile_sources"":2904,""logical_devices"":1292,""mean_profile_reuse"":1.0,""profile_bootstrap"":false,""selected_unique_profile_sources"":1292,""weight"":0.25833333333333336},""low_carbon_london"":{""available_profile_sources"":5000,""logical_devices"":2416,""mean_profile_reuse"":1.0,""profile_bootstrap"":false,""selected_unique_profile_sources"":2416,""weight"":0.48333333333333334}}",dataset_combinations_mixed_physical_fleet_v1,,,,
predefined_mixed_scenario,S1-A,Similar residential,相似住宅半小时电表融合,aggregate,packetized_energy_management,Packetized Energy Management,O(N log N),16,4157391,4757391,dominant_plus_15pp,5000,"{""camsl_japan_smart_meters"":0.3333333333333333,""irish_domestic_smart_meters"":0.3333333333333333,""low_carbon_london"":0.3333333333333333}","{""camsl_japan_smart_meters"":0.25833333333333336,""irish_domestic_smart_meters"":0.25833333333333336,""low_carbon_london"":0.48333333333333334}","{""camsl_japan_smart_meters"":1292,""irish_domestic_smart_meters"":1292,""low_carbon_london"":2416}",False,test,34.34285284132739,15.357601394220708,18.985251447106684,55.28152112121644,0.8952839999999993,0.9958009793421473,0,0.0,18.985251447106684,0.0,0.0,"{""camsl_japan_smart_meters"":{""available_profile_sources"":1423,""logical_devices"":1292,""mean_profile_reuse"":1.0,""profile_bootstrap"":false,""selected_unique_profile_sources"":1292,""weight"":0.25833333333333336},""irish_domestic_smart_meters"":{""available_profile_sources"":2904,""logical_devices"":1292,""mean_profile_reuse"":1.0,""profile_bootstrap"":false,""selected_unique_profile_sources"":1292,""weight"":0.25833333333333336},""low_carbon_london"":{""available_profile_sources"":5000,""logical_devices"":2416,""mean_profile_reuse"":1.0,""profile_bootstrap"":false,""selected_unique_profile_sources"":2416,""weight"":0.48333333333333334}}",dataset_combinations_mixed_physical_fleet_v1,,,,
predefined_mixed_scenario,S1-A,Similar residential,相似住宅半小时电表融合,aggregate,packetized_energy_management,Packetized Energy Management,O(N log N),17,4157392,4757392,dominant_plus_15pp,5000,"{""camsl_japan_smart_meters"":0.3333333333333333,""irish_domestic_smart_meters"":0.3333333333333333,""low_carbon_london"":0.3333333333333333}","{""camsl_japan_smart_meters"":0.25833333333333336,""irish_domestic_smart_meters"":0.25833333333333336,""low_carbon_london"":0.48333333333333334}","{""camsl_japan_smart_meters"":1292,""irish_domestic_smart_meters"":1292,""low_carbon_london"":2416}",False,test,115.39922244505395,107.40525591208632,7.993966532967636,6.927227379520578,0.8944600000000003,0.38319577659297804,0,0.0,7.993966532967636,0.0,0.0,"{""camsl_japan_smart_meters"":{""available_profile_sources"":1423,""logical_devices"":1292,""mean_profile_reuse"":1.0,""profile_bootstrap"":false,""selected_unique_profile_sources"":1292,""weight"":0.25833333333333336},""irish_domestic_smart_meters"":{""available_profile_sources"":2904,""logical_devices"":1292,""mean_profile_reuse"":1.0,""profile_bootstrap"":false,""selected_unique_profile_sources"":1292,""weight"":0.25833333333333336},""low_carbon_london"":{""available_profile_sources"":5000,""logical_devices"":2416,""mean_profile_reuse"":1.0,""profile_bootstrap"":false,""selected_unique_profile_sources"":2416,""weight"":0.48333333333333334}}",dataset_combinations_mixed_physical_fleet_v1,,,,
predefined_mixed_scenario,S1-A,Similar residential,相似住宅半小时电表融合,aggregate,packetized_energy_management,Packetized Energy Management,O(N log N),18,4157393,4757393,dominant_plus_15pp,5000,"{""camsl_japan_smart_meters"":0.3333333333333333,""irish_domestic_smart_meters"":0.3333333333333333,""low_carbon_london"":0.3333333333333333}","{""camsl_japan_smart_meters"":0.25833333333333336,""irish_domestic_smart_meters"":0.25833333333333336,""low_carbon_london"":0.48333333333333334}","{""camsl_japan_smart_meters"":1292,""irish_domestic_smart_meters"":1292,""low_carbon_london"":2416}",False,test,116.55953935824265,109.26176297318823,7.297776385054416,6.260985952102039,0.8944279999999996,0.367222927996867,0,0.0,7.297776385054416,0.0,0.0,"{""camsl_japan_smart_meters"":{""available_profile_sources"":1423,""logical_devices"":1292,""mean_profile_reuse"":1.0,""profile_bootstrap"":false,""selected_unique_profile_sources"":1292,""weight"":0.25833333333333336},""irish_domestic_smart_meters"":{""available_profile_sources"":2904,""logical_devices"":1292,""mean_profile_reuse"":1.0,""profile_bootstrap"":false,""selected_unique_profile_sources"":1292,""weight"":0.25833333333333336},""low_carbon_london"":{""available_profile_sources"":5000,""logical_devices"":2416,""mean_profile_reuse"":1.0,""profile_bootstrap"":false,""selected_unique_profile_sources"":2416,""weight"":0.48333333333333334}}",dataset_combinations_mixed_physical_fleet_v1,,,,
predefined_mixed_scenario,S1-A,Similar residential,相似住宅半小时电表融合,aggregate,packetized_energy_management,Packetized Energy Management,O(N log N),19,4157394,4757394,dominant_plus_15pp,5000,"{""camsl_japan_smart_meters"":0.3333333333333333,""irish_domestic_smart_meters"":0.3333333333333333,""low_carbon_london"":0.3333333333333333}","{""camsl_japan_smart_meters"":0.25833333333333336,""irish_domestic_smart_meters"":0.25833333333333336,""low_carbon_london"":0.48333333333333334}","{""camsl_japan_smart_meters"":1292,""irish_domestic_smart_meters"":1292,""low_carbon_london"":2416}",False,test,87.89492152832275,71.0936486148352,16.801272913487548,19.115180514807793,0.8948320000000002,0.7391836166355348,0,0.0,16.801272913487548,0.0,0.0,"{""camsl_japan_smart_meters"":{""available_profile_sources"":1423,""logical_devices"":1292,""mean_profile_reuse"":1.0,""profile_bootstrap"":false,""selected_unique_profile_sources"":1292,""weight"":0.25833333333333336},""irish_domestic_smart_meters"":{""available_profile_sources"":2904,""logical_devices"":1292,""mean_profile_reuse"":1.0,""profile_bootstrap"":false,""selected_unique_profile_sources"":1292,""weight"":0.25833333333333336},""low_carbon_london"":{""available_profile_sources"":5000,""logical_devices"":2416,""mean_profile_reuse"":1.0,""profile_bootstrap"":false,""selected_unique_profile_sources"":2416,""weight"":0.48333333333333334}}",dataset_combinations_mixed_physical_fleet_v1,,,,
predefined_mixed_scenario,S1-A,Similar residential,相似住宅半小时电表融合,aggregate,packetized_energy_management,Packetized Energy Management,O(N log N),20,4157395,4757395,dominant_minus_15pp,5000,"{""camsl_japan_smart_meters"":0.3333333333333333,""irish_domestic_smart_meters"":0.3333333333333333,""low_carbon_london"":0.3333333333333333}","{""camsl_japan_smart_meters"":0.40833333333333327,""irish_domestic_smart_meters"":0.40833333333333327,""low_carbon_london"":0.18333333333333332}","{""camsl_japan_smart_meters"":2042,""irish_domestic_smart_meters"":2042,""low_carbon_london"":916}",False,test,119.49794937160793,113.53162811312986,5.966321258478076,4.992823131988942,0.8946659999999994,0.33638541518115656,0,0.0,5.966321258478076,0.0,0.0,"{""camsl_japan_smart_meters"":{""available_profile_sources"":1423,""logical_devices"":2042,""mean_profile_reuse"":1.8855032317636196,""profile_bootstrap"":true,""selected_unique_profile_sources"":1083,""weight"":0.40833333333333327},""irish_domestic_smart_meters"":{""available_profile_sources"":2904,""logical_devices"":2042,""mean_profile_reuse"":1.0,""profile_bootstrap"":false,""selected_unique_profile_sources"":2042,""weight"":0.40833333333333327},""low_carbon_london"":{""available_profile_sources"":5000,""logical_devices"":916,""mean_profile_reuse"":1.0,""profile_bootstrap"":false,""selected_unique_profile_sources"":916,""weight"":0.18333333333333332}}",dataset_combinations_mixed_physical_fleet_v1,,,,
predefined_mixed_scenario,S1-A,Similar residential,相似住宅半小时电表融合,aggregate,packetized_energy_management,Packetized Energy Management,O(N log N),21,4157396,4757396,dominant_minus_15pp,5000,"{""camsl_japan_smart_meters"":0.3333333333333333,""irish_domestic_smart_meters"":0.3333333333333333,""low_carbon_london"":0.3333333333333333}","{""camsl_japan_smart_meters"":0.40833333333333327,""irish_domestic_smart_meters"":0.40833333333333327,""low_carbon_london"":0.18333333333333332}","{""camsl_japan_smart_meters"":2042,""irish_domestic_smart_meters"":2042,""low_carbon_london"":916}",False,test,117.44510155030538,110.6786624804886,6.766439069816781,5.761363377865962,0.8953819999999997,0.3586097039627069,0,0.0,6.766439069816781,0.0,0.0,"{""camsl_japan_smart_meters"":{""available_profile_sources"":1423,""logical_devices"":2042,""mean_profile_reuse"":1.8889916743755781,""profile_bootstrap"":true,""selected_unique_profile_sources"":1081,""weight"":0.40833333333333327},""irish_domestic_smart_meters"":{""available_profile_sources"":2904,""logical_devices"":2042,""mean_profile_reuse"":1.0,""profile_bootstrap"":false,""selected_unique_profile_sources"":2042,""weight"":0.40833333333333327},""low_carbon_london"":{""available_profile_sources"":5000,""logical_devices"":916,""mean_profile_reuse"":1.0,""profile_bootstrap"":false,""selected_unique_profile_sources"":916,""weight"":0.18333333333333332}}",dataset_combinations_mixed_physical_fleet_v1,,,,
predefined_mixed_scenario,S1-A,Similar residential,相似住宅半小时电表融合,aggregate,packetized_energy_management,Packetized Energy Management,O(N log N),22,4157397,4757397,dominant_minus_15pp,5000,"{""camsl_japan_smart_meters"":0.3333333333333333,""irish_domestic_smart_meters"":0.3333333333333333,""low_carbon_london"":0.3333333333333333}","{""camsl_japan_smart_meters"":0.40833333333333327,""irish_domestic_smart_meters"":0.40833333333333327,""low_carbon_london"":0.18333333333333332}","{""camsl_japan_smart_meters"":2042,""irish_domestic_smart_meters"":2042,""low_carbon_london"":916}",False,test,81.06810566662502,64.73084686746712,16.33725879915789,20.15251086085732,0.8949619999999995,0.7780417908849971,0,0.0,16.33725879915789,0.0,0.0,"{""camsl_japan_smart_meters"":{""available_profile_sources"":1423,""logical_devices"":2042,""mean_profile_reuse"":1.8682525160109789,""profile_bootstrap"":true,""selected_unique_profile_sources"":1093,""weight"":0.40833333333333327},""irish_domestic_smart_meters"":{""available_profile_sources"":2904,""logical_devices"":2042,""mean_profile_reuse"":1.0,""profile_bootstrap"":false,""selected_unique_profile_sources"":2042,""weight"":0.40833333333333327},""low_carbon_london"":{""available_profile_sources"":5000,""logical_devices"":916,""mean_profile_reuse"":1.0,""profile_bootstrap"":false,""selected_unique_profile_sources"":916,""weight"":0.18333333333333332}}",dataset_combinations_mixed_physical_fleet_v1,,,,
predefined_mixed_scenario,S1-A,Similar residential,相似住宅半小时电表融合,aggregate,packetized_energy_management,Packetized Energy Management,O(N log N),23,4157398,4757398,dominant_minus_15pp,5000,"{""camsl_japan_smart_meters"":0.3333333333333333,""irish_domestic_smart_meters"":0.3333333333333333,""low_carbon_london"":0.3333333333333333}","{""camsl_japan_smart_meters"":0.40833333333333327,""irish_domestic_smart_meters"":0.40833333333333327,""low_carbon_london"":0.18333333333333332}","{""camsl_japan_smart_meters"":2042,""irish_domestic_smart_meters"":2042,""low_carbon_london"":916}",False,test,118.93112164025422,112.77173982981478,6.15938181043944,5.178948727205728,0.8950420000000001,0.3418530203163514,0,0.0,6.15938181043944,0.0,0.0,"{""camsl_japan_smart_meters"":{""available_profile_sources"":1423,""logical_devices"":2042,""mean_profile_reuse"":1.8907407407407408,""profile_bootstrap"":true,""selected_unique_profile_sources"":1080,""weight"":0.40833333333333327},""irish_domestic_smart_meters"":{""available_profile_sources"":2904,""logical_devices"":2042,""mean_profile_reuse"":1.0,""profile_bootstrap"":false,""selected_unique_profile_sources"":2042,""weight"":0.40833333333333327},""low_carbon_london"":{""available_profile_sources"":5000,""logical_devices"":916,""mean_profile_reuse"":1.0,""profile_bootstrap"":false,""selected_unique_profile_sources"":916,""weight"":0.18333333333333332}}",dataset_combinations_mixed_physical_fleet_v1,,,,
predefined_mixed_scenario,S1-A,Similar residential,相似住宅半小时电表融合,aggregate,packetized_energy_management,Packetized Energy Management,O(N log N),24,4157399,4757399,dominant_minus_15pp,5000,"{""camsl_japan_smart_meters"":0.3333333333333333,""irish_domestic_smart_meters"":0.3333333333333333,""low_carbon_london"":0.3333333333333333}","{""camsl_japan_smart_meters"":0.40833333333333327,""irish_domestic_smart_meters"":0.40833333333333327,""low_carbon_london"":0.18333333333333332}","{""camsl_japan_smart_meters"":2042,""irish_domestic_smart_meters"":2042,""low_carbon_london"":916}",False,test,93.42266548412086,78.10782700753691,15.314838476583938,16.39306521305263,0.8955180000000001,0.6882129094831444,0,0.0,15.314838476583938,0.0,0.0,"{""camsl_japan_smart_meters"":{""available_profile_sources"":1423,""logical_devices"":2042,""mean_profile_reuse"":1.873394495412844,""profile_bootstrap"":true,""selected_unique_profile_sources"":1090,""weight"":0.40833333333333327},""irish_domestic_smart_meters"":{""available_profile_sources"":2904,""logical_devices"":2042,""mean_profile_reuse"":1.0,""profile_bootstrap"":false,""selected_unique_profile_sources"":2042,""weight"":0.40833333333333327},""low_carbon_london"":{""available_profile_sources"":5000,""logical_devices"":916,""mean_profile_reuse"":1.0,""profile_bootstrap"":false,""selected_unique_profile_sources"":916,""weight"":0.18333333333333332}}",dataset_combinations_mixed_physical_fleet_v1,,,,
predefined_mixed_scenario,S1-A,Similar residential,相似住宅半小时电表融合,aggregate,packetized_energy_management,Packetized Energy Management,O(N log N),25,4157400,4757400,dominant_minus_15pp,5000,"{""camsl_japan_smart_meters"":0.3333333333333333,""irish_domestic_smart_meters"":0.3333333333333333,""low_carbon_london"":0.3333333333333333}","{""camsl_japan_smart_meters"":0.40833333333333327,""irish_domestic_smart_meters"":0.40833333333333327,""low_carbon_london"":0.18333333333333332}","{""camsl_japan_smart_meters"":2042,""irish_domestic_smart_meters"":2042,""low_carbon_london"":916}",False,test,116.94909145933657,109.88504633493851,7.064045124398068,6.040273623548624,0.8945560000000002,0.3654369183468848,0,0.0,7.064045124398068,0.0,0.0,"{""camsl_japan_smart_meters"":{""available_profile_sources"":1423,""logical_devices"":2042,""mean_profile_reuse"":1.8837638376383763,""profile_bootstrap"":true,""selected_unique_profile_sources"":1084,""weight"":0.40833333333333327},""irish_domestic_smart_meters"":{""available_profile_sources"":2904,""logical_devices"":2042,""mean_profile_reuse"":1.0,""profile_bootstrap"":false,""selected_unique_profile_sources"":2042,""weight"":0.40833333333333327},""low_carbon_london"":{""available_profile_sources"":5000,""logical_devices"":916,""mean_profile_reuse"":1.0,""profile_bootstrap"":false,""selected_unique_profile_sources"":916,""weight"":0.18333333333333332}}",dataset_combinations_mixed_physical_fleet_v1,,,,
predefined_mixed_scenario,S1-A,Similar residential,相似住宅半小时电表融合,aggregate,packetized_energy_management,Packetized Energy Management,O(N log N),26,4157401,4757401,dominant_minus_15pp,5000,"{""camsl_japan_smart_meters"":0.3333333333333333,""irish_domestic_smart_meters"":0.3333333333333333,""low_carbon_london"":0.3333333333333333}","{""camsl_japan_smart_meters"":0.40833333333333327,""irish_domestic_smart_meters"":0.40833333333333327,""low_carbon_london"":0.18333333333333332}","{""camsl_japan_smart_meters"":2042,""irish_domestic_smart_meters"":2042,""low_carbon_london"":916}",False,test,76.09165542782053,58.485271898813295,17.606383529007232,23.138389393707435,0.8947599999999994,0.8251165565553895,0,0.0,17.606383529007232,0.0,0.0,"{""camsl_japan_smart_meters"":{""available_profile_sources"":1423,""logical_devices"":2042,""mean_profile_reuse"":1.9048507462686568,""profile_bootstrap"":true,""selected_unique_profile_sources"":1072,""weight"":0.40833333333333327},""irish_domestic_smart_meters"":{""available_profile_sources"":2904,""logical_devices"":2042,""mean_profile_reuse"":1.0,""profile_bootstrap"":false,""selected_unique_profile_sources"":2042,""weight"":0.40833333333333327},""low_carbon_london"":{""available_profile_sources"":5000,""logical_devices"":916,""mean_profile_reuse"":1.0,""profile_bootstrap"":false,""selected_unique_profile_sources"":916,""weight"":0.18333333333333332}}",dataset_combinations_mixed_physical_fleet_v1,,,,
predefined_mixed_scenario,S1-A,Similar residential,相似住宅半小时电表融合,aggregate,packetized_energy_management,Packetized Energy Management,O(N log N),27,4157402,4757402,dominant_minus_15pp,5000,"{""camsl_japan_smart_meters"":0.3333333333333333,""irish_domestic_smart_meters"":0.3333333333333333,""low_carbon_london"":0.3333333333333333}","{""camsl_japan_smart_meters"":0.40833333333333327,""irish_domestic_smart_meters"":0.40833333333333327,""low_carbon_london"":0.18333333333333332}","{""camsl_japan_smart_meters"":2042,""irish_domestic_smart_meters"":2042,""low_carbon_london"":916}",False,test,76.15386165036907,58.599828536887934,17.554033113481132,23.05074586246679,0.8944899999999999,0.8281827032897014,0,0.0,17.554033113481132,0.0,0.0,"{""camsl_japan_smart_meters"":{""available_profile_sources"":1423,""logical_devices"":2042,""mean_profile_reuse"":1.88724584103512,""profile_bootstrap"":true,""selected_unique_profile_sources"":1082,""weight"":0.40833333333333327},""irish_domestic_smart_meters"":{""available_profile_sources"":2904,""logical_devices"":2042,""mean_profile_reuse"":1.0,""profile_bootstrap"":false,""selected_unique_profile_sources"":2042,""weight"":0.40833333333333327},""low_carbon_london"":{""available_profile_sources"":5000,""logical_devices"":916,""mean_profile_reuse"":1.0,""profile_bootstrap"":false,""selected_unique_profile_sources"":916,""weight"":0.18333333333333332}}",dataset_combinations_mixed_physical_fleet_v1,,,,
predefined_mixed_scenario,S1-A,Similar residential,相似住宅半小时电表融合,aggregate,packetized_energy_management,Packetized Energy Management,O(N log N),28,4157403,4757403,dominant_minus_15pp,5000,"{""camsl_japan_smart_meters"":0.3333333333333333,""irish_domestic_smart_meters"":0.3333333333333333,""low_carbon_london"":0.3333333333333333}","{""camsl_japan_smart_meters"":0.40833333333333327,""irish_domestic_smart_meters"":0.40833333333333327,""low_carbon_london"":0.18333333333333332}","{""camsl_japan_smart_meters"":2042,""irish_domestic_smart_meters"":2042,""low_carbon_london"":916}",False,test,117.44053531021741,110.67135649634785,6.769178813869556,5.763920264829238,0.8935279999999994,0.35894296623087624,0,0.0,6.769178813869556,0.0,0.0,"{""camsl_japan_smart_meters"":{""available_profile_sources"":1423,""logical_devices"":2042,""mean_profile_reuse"":1.8768382352941178,""profile_bootstrap"":true,""selected_unique_profile_sources"":1088,""weight"":0.40833333333333327},""irish_domestic_smart_meters"":{""available_profile_sources"":2904,""logical_devices"":2042,""mean_profile_reuse"":1.0,""profile_bootstrap"":false,""selected_unique_profile_sources"":2042,""weight"":0.40833333333333327},""low_carbon_london"":{""available_profile_sources"":5000,""logical_devices"":916,""mean_profile_reuse"":1.0,""profile_bootstrap"":false,""selected_unique_profile_sources"":916,""weight"":0.18333333333333332}}",dataset_combinations_mixed_physical_fleet_v1,,,,
predefined_mixed_scenario,S1-A,Similar residential,相似住宅半小时电表融合,aggregate,packetized_energy_management,Packetized Energy Management,O(N log N),29,4157404,4757404,dominant_minus_15pp,5000,"{""camsl_japan_smart_meters"":0.3333333333333333,""irish_domestic_smart_meters"":0.3333333333333333,""low_carbon_london"":0.3333333333333333}","{""camsl_japan_smart_meters"":0.40833333333333327,""irish_domestic_smart_meters"":0.40833333333333327,""low_carbon_london"":0.18333333333333332}","{""camsl_japan_smart_meters"":2042,""irish_domestic_smart_meters"":2042,""low_carbon_london"":916}",False,test,119.26312002552302,113.2490502508457,6.0140697746773295,5.042690291340925,0.8940979999999997,0.3389896653804323,0,0.0,6.0140697746773295,0.0,0.0,"{""camsl_japan_smart_meters"":{""available_profile_sources"":1423,""logical_devices"":2042,""mean_profile_reuse"":1.873394495412844,""profile_bootstrap"":true,""selected_unique_profile_sources"":1090,""weight"":0.40833333333333327},""irish_domestic_smart_meters"":{""available_profile_sources"":2904,""logical_devices"":2042,""mean_profile_reuse"":1.0,""profile_bootstrap"":false,""selected_unique_profile_sources"":2042,""weight"":0.40833333333333327},""low_carbon_london"":{""available_profile_sources"":5000,""logical_devices"":916,""mean_profile_reuse"":1.0,""profile_bootstrap"":false,""selected_unique_profile_sources"":916,""weight"":0.18333333333333332}}",dataset_combinations_mixed_physical_fleet_v1,,,,
predefined_mixed_scenario,S1-A,Similar residential,相似住宅半小时电表融合,aggregate,transactive_control,Transactive control,O(N log N),0,4157375,4857375,nominal,5000,"{""camsl_japan_smart_meters"":0.3333333333333333,""irish_domestic_smart_meters"":0.3333333333333333,""low_carbon_london"":0.3333333333333333}","{""camsl_japan_smart_meters"":0.3333333333333333,""irish_domestic_smart_meters"":0.3333333333333333,""low_carbon_london"":0.3333333333333333}","{""camsl_japan_smart_meters"":1667,""irish_domestic_smart_meters"":1666,""low_carbon_london"":1667}",False,test,118.77974816885487,112.50197272893678,6.277775439918082,5.285223732747547,0.8957160000000001,0.32346532105242365,0,0.0,6.624986867170127,0.3472114272520462,0.0,"{""camsl_japan_smart_meters"":{""available_profile_sources"":1423,""logical_devices"":1667,""mean_profile_reuse"":1.6736947791164658,""profile_bootstrap"":true,""selected_unique_profile_sources"":996,""weight"":0.3333333333333333},""irish_domestic_smart_meters"":{""available_profile_sources"":2904,""logical_devices"":1666,""mean_profile_reuse"":1.0,""profile_bootstrap"":false,""selected_unique_profile_sources"":1666,""weight"":0.3333333333333333},""low_carbon_london"":{""available_profile_sources"":5000,""logical_devices"":1667,""mean_profile_reuse"":1.0,""profile_bootstrap"":false,""selected_unique_profile_sources"":1667,""weight"":0.3333333333333333}}",dataset_combinations_mixed_physical_fleet_v1,,,,
predefined_mixed_scenario,S1-A,Similar residential,相似住宅半小时电表融合,aggregate,transactive_control,Transactive control,O(N log N),1,4157376,4857376,nominal,5000,"{""camsl_japan_smart_meters"":0.3333333333333333,""irish_domestic_smart_meters"":0.3333333333333333,""low_carbon_london"":0.3333333333333333}","{""camsl_japan_smart_meters"":0.3333333333333333,""irish_domestic_smart_meters"":0.3333333333333333,""low_carbon_london"":0.3333333333333333}","{""camsl_japan_smart_meters"":1667,""irish_domestic_smart_meters"":1666,""low_carbon_london"":1667}",False,test,119.29567015917064,113.1156320257183,6.180038133452346,5.180437919671859,0.895062,0.3193633463206183,0,0.0,6.414041605091683,0.23400347163933685,0.0,"{""camsl_japan_smart_meters"":{""available_profile_sources"":1423,""logical_devices"":1667,""mean_profile_reuse"":1.7150205761316872,""profile_bootstrap"":true,""selected_unique_profile_sources"":972,""weight"":0.3333333333333333},""irish_domestic_smart_meters"":{""available_profile_sources"":2904,""logical_devices"":1666,""mean_profile_reuse"":1.0,""profile_bootstrap"":false,""selected_unique_profile_sources"":1666,""weight"":0.3333333333333333},""low_carbon_london"":{""available_profile_sources"":5000,""logical_devices"":1667,""mean_profile_reuse"":1.0,""profile_bootstrap"":false,""selected_unique_profile_sources"":1667,""weight"":0.3333333333333333}}",dataset_combinations_mixed_physical_fleet_v1,,,,
predefined_mixed_scenario,S1-A,Similar residential,相似住宅半小时电表融合,aggregate,transactive_control,Transactive control,O(N log N),2,4157377,4857377,nominal,5000,"{""camsl_japan_smart_meters"":0.3333333333333333,""irish_domestic_smart_meters"":0.3333333333333333,""low_carbon_london"":0.3333333333333333}","{""camsl_japan_smart_meters"":0.3333333333333333,""irish_domestic_smart_meters"":0.3333333333333333,""low_carbon_london"":0.3333333333333333}","{""camsl_japan_smart_meters"":1667,""irish_domestic_smart_meters"":1666,""low_carbon_london"":1667}",False,test,118.87531576590331,112.59769505511862,6.277620710784683,5.280844614660769,0.8940339999999997,0.3221509336976116,0,0.0,6.5985975539083634,0.3209768431236797,0.0,"{""camsl_japan_smart_meters"":{""available_profile_sources"":1423,""logical_devices"":1667,""mean_profile_reuse"":1.685540950455005,""profile_bootstrap"":true,""selected_unique_profile_sources"":989,""weight"":0.3333333333333333},""irish_domestic_smart_meters"":{""available_profile_sources"":2904,""logical_devices"":1666,""mean_profile_reuse"":1.0,""profile_bootstrap"":false,""selected_unique_profile_sources"":1666,""weight"":0.3333333333333333},""low_carbon_london"":{""available_profile_sources"":5000,""logical_devices"":1667,""mean_profile_reuse"":1.0,""profile_bootstrap"":false,""selected_unique_profile_sources"":1667,""weight"":0.3333333333333333}}",dataset_combinations_mixed_physical_fleet_v1,,,,
predefined_mixed_scenario,S1-A,Similar residential,相似住宅半小时电表融合,aggregate,transactive_control,Transactive control,O(N log N),3,4157378,4857378,nominal,5000,"{""camsl_japan_smart_meters"":0.3333333333333333,""irish_domestic_smart_meters"":0.3333333333333333,""low_carbon_london"":0.3333333333333333}","{""camsl_japan_smart_meters"":0.3333333333333333,""irish_domestic_smart_meters"":0.3333333333333333,""low_carbon_london"":0.3333333333333333}","{""camsl_japan_smart_meters"":1667,""irish_domestic_smart_meters"":1666,""low_carbon_london"":1667}",False,test,116.71667847098053,109.51318555356883,7.203492917411695,6.1717768289668316,0.8953980000000004,0.32783184764983414,0,0.0,7.203492917411695,0.0,0.0,"{""camsl_japan_smart_meters"":{""available_profile_sources"":1423,""logical_devices"":1667,""mean_profile_reuse"":1.6992864424057084,""profile_bootstrap"":true,""selected_unique_profile_sources"":981,""weight"":0.3333333333333333},""irish_domestic_smart_meters"":{""available_profile_sources"":2904,""logical_devices"":1666,""mean_profile_reuse"":1.0,""profile_bootstrap"":false,""selected_unique_profile_sources"":1666,""weight"":0.3333333333333333},""low_carbon_london"":{""available_profile_sources"":5000,""logical_devices"":1667,""mean_profile_reuse"":1.0,""profile_bootstrap"":false,""selected_unique_profile_sources"":1667,""weight"":0.3333333333333333}}",dataset_combinations_mixed_physical_fleet_v1,,,,
predefined_mixed_scenario,S1-A,Similar residential,相似住宅半小时电表融合,aggregate,transactive_control,Transactive control,O(N log N),4,4157379,4857379,nominal,5000,"{""camsl_japan_smart_meters"":0.3333333333333333,""irish_domestic_smart_meters"":0.3333333333333333,""low_carbon_london"":0.3333333333333333}","{""camsl_japan_smart_meters"":0.3333333333333333,""irish_domestic_smart_meters"":0.3333333333333333,""low_carbon_london"":0.3333333333333333}","{""camsl_japan_smart_meters"":1667,""irish_domestic_smart_meters"":1666,""low_carbon_london"":1667}",False,test,57.60431467300061,35.95456065685197,21.64975401614864,37.5835632088441,0.8952659999999999,0.8867110233512953,0,0.0,21.64975401614864,0.0,0.0,"{""camsl_japan_smart_meters"":{""available_profile_sources"":1423,""logical_devices"":1667,""mean_profile_reuse"":1.6958290946083419,""profile_bootstrap"":true,""selected_unique_profile_sources"":983,""weight"":0.3333333333333333},""irish_domestic_smart_meters"":{""available_profile_sources"":2904,""logical_devices"":1666,""mean_profile_reuse"":1.0,""profile_bootstrap"":false,""selected_unique_profile_sources"":1666,""weight"":0.3333333333333333},""low_carbon_london"":{""available_profile_sources"":5000,""logical_devices"":1667,""mean_profile_reuse"":1.0,""profile_bootstrap"":false,""selected_unique_profile_sources"":1667,""weight"":0.3333333333333333}}",dataset_combinations_mixed_physical_fleet_v1,,,,
predefined_mixed_scenario,S1-A,Similar residential,相似住宅半小时电表融合,aggregate,transactive_control,Transactive control,O(N log N),5,4157380,4857380,nominal,5000,"{""camsl_japan_smart_meters"":0.3333333333333333,""irish_domestic_smart_meters"":0.3333333333333333,""low_carbon_london"":0.3333333333333333}","{""camsl_japan_smart_meters"":0.3333333333333333,""irish_domestic_smart_meters"":0.3333333333333333,""low_carbon_london"":0.3333333333333333}","{""camsl_japan_smart_meters"":1667,""irish_domestic_smart_meters"":1666,""low_carbon_london"":1667}",False,test,53.1838880570194,31.492103697971253,21.69178435904815,40.78638315384539,0.8950019999999994,0.9200052089708222,0,0.0,21.752038345379464,0.06025398633131522,0.0,"{""camsl_japan_smart_meters"":{""available_profile_sources"":1423,""logical_devices"":1667,""mean_profile_reuse"":1.6941056910569106,""profile_bootstrap"":true,""selected_unique_profile_sources"":984,""weight"":0.3333333333333333},""irish_domestic_smart_meters"":{""available_profile_sources"":2904,""logical_devices"":1666,""mean_profile_reuse"":1.0,""profile_bootstrap"":false,""selected_unique_profile_sources"":1666,""weight"":0.3333333333333333},""low_carbon_london"":{""available_profile_sources"":5000,""logical_devices"":1667,""mean_profile_reuse"":1.0,""profile_bootstrap"":false,""selected_unique_profile_sources"":1667,""weight"":0.3333333333333333}}",dataset_combinations_mixed_physical_fleet_v1,,,,
predefined_mixed_scenario,S1-A,Similar residential,相似住宅半小时电表融合,aggregate,transactive_control,Transactive control,O(N log N),6,4157381,4857381,nominal,5000,"{""camsl_japan_smart_meters"":0.3333333333333333,""irish_domestic_smart_meters"":0.3333333333333333,""low_carbon_london"":0.3333333333333333}","{""camsl_japan_smart_meters"":0.3333333333333333,""irish_domestic_smart_meters"":0.3333333333333333,""low_carbon_london"":0.3333333333333333}","{""camsl_japan_smart_meters"":1667,""irish_domestic_smart_meters"":1666,""low_carbon_london"":1667}",False,test,57.95496238970007,36.34973682639256,21.60522556330751,37.27933669947003,0.8947860000000001,0.8855891751347863,0,0.0,21.672068272670007,0.06684270936249609,0.0,"{""camsl_japan_smart_meters"":{""available_profile_sources"":1423,""logical_devices"":1667,""mean_profile_reuse"":1.6992864424057084,""profile_bootstrap"":true,""selected_unique_profile_sources"":981,""weight"":0.3333333333333333},""irish_domestic_smart_meters"":{""available_profile_sources"":2904,""logical_devices"":1666,""mean_profile_reuse"":1.0,""profile_bootstrap"":false,""selected_unique_profile_sources"":1666,""weight"":0.3333333333333333},""low_carbon_london"":{""available_profile_sources"":5000,""logical_devices"":1667,""mean_profile_reuse"":1.0,""profile_bootstrap"":false,""selected_unique_profile_sources"":1667,""weight"":0.3333333333333333}}",dataset_combinations_mixed_physical_fleet_v1,,,,
predefined_mixed_scenario,S1-A,Similar residential,相似住宅半小时电表融合,aggregate,transactive_control,Transactive control,O(N log N),7,4157382,4857382,nominal,5000,"{""camsl_japan_smart_meters"":0.3333333333333333,""irish_domestic_smart_meters"":0.3333333333333333,""low_carbon_london"":0.3333333333333333}","{""camsl_japan_smart_meters"":0.3333333333333333,""irish_domestic_smart_meters"":0.3333333333333333,""low_carbon_london"":0.3333333333333333}","{""camsl_japan_smart_meters"":1667,""irish_domestic_smart_meters"":1666,""low_carbon_london"":1667}",False,test,104.68219061872061,87.9988412241216,16.683349394599,15.937142025775945,0.8946300000000001,0.3791508168070756,0,0.0,18.829229285818926,2.145879891219929,0.0,"{""camsl_japan_smart_meters"":{""available_profile_sources"":1423,""logical_devices"":1667,""mean_profile_reuse"":1.7167868177136971,""profile_bootstrap"":true,""selected_unique_profile_sources"":971,""weight"":0.3333333333333333},""irish_domestic_smart_meters"":{""available_profile_sources"":2904,""logical_devices"":1666,""mean_profile_reuse"":1.0,""profile_bootstrap"":false,""selected_unique_profile_sources"":1666,""weight"":0.3333333333333333},""low_carbon_london"":{""available_profile_sources"":5000,""logical_devices"":1667,""mean_profile_reuse"":1.0,""profile_bootstrap"":false,""selected_unique_profile_sources"":1667,""weight"":0.3333333333333333}}",dataset_combinations_mixed_physical_fleet_v1,,,,
predefined_mixed_scenario,S1-A,Similar residential,相似住宅半小时电表融合,aggregate,transactive_control,Transactive control,O(N log N),8,4157383,4857383,nominal,5000,"{""camsl_japan_smart_meters"":0.3333333333333333,""irish_domestic_smart_meters"":0.3333333333333333,""low_carbon_london"":0.3333333333333333}","{""camsl_japan_smart_meters"":0.3333333333333333,""irish_domestic_smart_meters"":0.3333333333333333,""low_carbon_london"":0.3333333333333333}","{""camsl_japan_smart_meters"":1667,""irish_domestic_smart_meters"":1666,""low_carbon_london"":1667}",False,test,59.618054040425164,37.93558436227812,21.68246967814704,36.36896578919673,0.8949500000000007,0.8708684876219731,0,0.0,21.70175864349985,0.019288965352807545,0.0,"{""camsl_japan_smart_meters"":{""available_profile_sources"":1423,""logical_devices"":1667,""mean_profile_reuse"":1.6941056910569106,""profile_bootstrap"":true,""selected_unique_profile_sources"":984,""weight"":0.3333333333333333},""irish_domestic_smart_meters"":{""available_profile_sources"":2904,""logical_devices"":1666,""mean_profile_reuse"":1.0,""profile_bootstrap"":false,""selected_unique_profile_sources"":1666,""weight"":0.3333333333333333},""low_carbon_london"":{""available_profile_sources"":5000,""logical_devices"":1667,""mean_profile_reuse"":1.0,""profile_bootstrap"":false,""selected_unique_profile_sources"":1667,""weight"":0.3333333333333333}}",dataset_combinations_mixed_physical_fleet_v1,,,,
predefined_mixed_scenario,S1-A,Similar residential,相似住宅半小时电表融合,aggregate,transactive_control,Transactive control,O(N log N),9,4157384,4857384,nominal,5000,"{""camsl_japan_smart_meters"":0.3333333333333333,""irish_domestic_smart_meters"":0.3333333333333333,""low_carbon_london"":0.3333333333333333}","{""camsl_japan_smart_meters"":0.3333333333333333,""irish_domestic_smart_meters"":0.3333333333333333,""low_carbon_london"":0.3333333333333333}","{""camsl_japan_smart_meters"":1667,""irish_domestic_smart_meters"":1666,""low_carbon_london"":1667}",False,test,115.88173007950672,108.17726812721075,7.704461952295966,6.648556202094948,0.89528,0.33345549697647364,0,0.0,7.704461952295966,0.0,0.0,"{""camsl_japan_smart_meters"":{""available_profile_sources"":1423,""logical_devices"":1667,""mean_profile_reuse"":1.6770623742454729,""profile_bootstrap"":true,""selected_unique_profile_sources"":994,""weight"":0.3333333333333333},""irish_domestic_smart_meters"":{""available_profile_sources"":2904,""logical_devices"":1666,""mean_profile_reuse"":1.0,""profile_bootstrap"":false,""selected_unique_profile_sources"":1666,""weight"":0.3333333333333333},""low_carbon_london"":{""available_profile_sources"":5000,""logical_devices"":1667,""mean_profile_reuse"":1.0,""profile_bootstrap"":false,""selected_unique_profile_sources"":1667,""weight"":0.3333333333333333}}",dataset_combinations_mixed_physical_fleet_v1,,,,
predefined_mixed_scenario,S1-A,Similar residential,相似住宅半小时电表融合,aggregate,transactive_control,Transactive control,O(N log N),10,4157385,4857385,dominant_plus_15pp,5000,"{""camsl_japan_smart_meters"":0.3333333333333333,""irish_domestic_smart_meters"":0.3333333333333333,""low_carbon_london"":0.3333333333333333}","{""camsl_japan_smart_meters"":0.25833333333333336,""irish_domestic_smart_meters"":0.25833333333333336,""low_carbon_london"":0.48333333333333334}","{""camsl_japan_smart_meters"":1292,""irish_domestic_smart_meters"":1292,""low_carbon_london"":2416}",False,test,117.80349019493677,111.1031072808449,6.700382914091872,5.687762648631492,0.8945239999999994,0.3402845631279799,0,0.0,6.8495675297417815,0.14918461564991015,0.0,"{""camsl_japan_smart_meters"":{""available_profile_sources"":1423,""logical_devices"":1292,""mean_profile_reuse"":1.0,""profile_bootstrap"":false,""selected_unique_profile_sources"":1292,""weight"":0.25833333333333336},""irish_domestic_smart_meters"":{""available_profile_sources"":2904,""logical_devices"":1292,""mean_profile_reuse"":1.0,""profile_bootstrap"":false,""selected_unique_profile_sources"":1292,""weight"":0.25833333333333336},""low_carbon_london"":{""available_profile_sources"":5000,""logical_devices"":2416,""mean_profile_reuse"":1.0,""profile_bootstrap"":false,""selected_unique_profile_sources"":2416,""weight"":0.48333333333333334}}",dataset_combinations_mixed_physical_fleet_v1,,,,
predefined_mixed_scenario,S1-A,Similar residential,相似住宅半小时电表融合,aggregate,transactive_control,Transactive control,O(N log N),11,4157386,4857386,dominant_plus_15pp,5000,"{""camsl_japan_smart_meters"":0.3333333333333333,""irish_domestic_smart_meters"":0.3333333333333333,""low_carbon_london"":0.3333333333333333}","{""camsl_japan_smart_meters"":0.25833333333333336,""irish_domestic_smart_meters"":0.25833333333333336,""low_carbon_london"":0.48333333333333334}","{""camsl_japan_smart_meters"":1292,""irish_domestic_smart_meters"":1292,""low_carbon_london"":2416}",False,test,32.95588651632699,11.412357063585713,21.54352945274128,65.37080846563842,0.8943379999999996,0.9994640220182064,0,0.0,21.55193786861733,0.00840841587605261,0.0,"{""camsl_japan_smart_meters"":{""available_profile_sources"":1423,""logical_devices"":1292,""mean_profile_reuse"":1.0,""profile_bootstrap"":false,""selected_unique_profile_sources"":1292,""weight"":0.25833333333333336},""irish_domestic_smart_meters"":{""available_profile_sources"":2904,""logical_devices"":1292,""mean_profile_reuse"":1.0,""profile_bootstrap"":false,""selected_unique_profile_sources"":1292,""weight"":0.25833333333333336},""low_carbon_london"":{""available_profile_sources"":5000,""logical_devices"":2416,""mean_profile_reuse"":1.0,""profile_bootstrap"":false,""selected_unique_profile_sources"":2416,""weight"":0.48333333333333334}}",dataset_combinations_mixed_physical_fleet_v1,,,,
predefined_mixed_scenario,S1-A,Similar residential,相似住宅半小时电表融合,aggregate,transactive_control,Transactive control,O(N log N),12,4157387,4857387,dominant_plus_15pp,5000,"{""camsl_japan_smart_meters"":0.3333333333333333,""irish_domestic_smart_meters"":0.3333333333333333,""low_carbon_london"":0.3333333333333333}","{""camsl_japan_smart_meters"":0.25833333333333336,""irish_domestic_smart_meters"":0.25833333333333336,""low_carbon_london"":0.48333333333333334}","{""camsl_japan_smart_meters"":1292,""irish_domestic_smart_meters"":1292,""low_carbon_london"":2416}",False,test,99.37521774012586,82.31884518020946,17.056372559916397,17.1636077362066,0.895038,0.470675261523717,0,0.0,21.60759429768229,4.5512217377658954,0.0,"{""camsl_japan_smart_meters"":{""available_profile_sources"":1423,""logical_devices"":1292,""mean_profile_reuse"":1.0,""profile_bootstrap"":false,""selected_unique_profile_sources"":1292,""weight"":0.25833333333333336},""irish_domestic_smart_meters"":{""available_profile_sources"":2904,""logical_devices"":1292,""mean_profile_reuse"":1.0,""profile_bootstrap"":false,""selected_unique_profile_sources"":1292,""weight"":0.25833333333333336},""low_carbon_london"":{""available_profile_sources"":5000,""logical_devices"":2416,""mean_profile_reuse"":1.0,""profile_bootstrap"":false,""selected_unique_profile_sources"":2416,""weight"":0.48333333333333334}}",dataset_combinations_mixed_physical_fleet_v1,,,,
predefined_mixed_scenario,S1-A,Similar residential,相似住宅半小时电表融合,aggregate,transactive_control,Transactive control,O(N log N),13,4157388,4857388,dominant_plus_15pp,5000,"{""camsl_japan_smart_meters"":0.3333333333333333,""irish_domestic_smart_meters"":0.3333333333333333,""low_carbon_london"":0.3333333333333333}","{""camsl_japan_smart_meters"":0.25833333333333336,""irish_domestic_smart_meters"":0.25833333333333336,""low_carbon_london"":0.48333333333333334}","{""camsl_japan_smart_meters"":1292,""irish_domestic_smart_meters"":1292,""low_carbon_london"":2416}",False,test,116.52089440085292,109.19993104136468,7.320963359488247,6.28296186459298,0.8947660000000004,0.33017586643850655,0,0.0,7.320963359488247,0.0,0.0,"{""camsl_japan_smart_meters"":{""available_profile_sources"":1423,""logical_devices"":1292,""mean_profile_reuse"":1.0,""profile_bootstrap"":false,""selected_unique_profile_sources"":1292,""weight"":0.25833333333333336},""irish_domestic_smart_meters"":{""available_profile_sources"":2904,""logical_devices"":1292,""mean_profile_reuse"":1.0,""profile_bootstrap"":false,""selected_unique_profile_sources"":1292,""weight"":0.25833333333333336},""low_carbon_london"":{""available_profile_sources"":5000,""logical_devices"":2416,""mean_profile_reuse"":1.0,""profile_bootstrap"":false,""selected_unique_profile_sources"":2416,""weight"":0.48333333333333334}}",dataset_combinations_mixed_physical_fleet_v1,,,,
predefined_mixed_scenario,S1-A,Similar residential,相似住宅半小时电表融合,aggregate,transactive_control,Transactive control,O(N log N),14,4157389,4857389,dominant_plus_15pp,5000,"{""camsl_japan_smart_meters"":0.3333333333333333,""irish_domestic_smart_meters"":0.3333333333333333,""low_carbon_london"":0.3333333333333333}","{""camsl_japan_smart_meters"":0.25833333333333336,""irish_domestic_smart_meters"":0.25833333333333336,""low_carbon_london"":0.48333333333333334}","{""camsl_japan_smart_meters"":1292,""irish_domestic_smart_meters"":1292,""low_carbon_london"":2416}",False,test,101.95823112493407,84.99532567634395,16.962905448590128,16.63711233652602,0.895484,0.41380744266324604,0,0.0,20.47601111278493,3.5131056641948044,0.0,"{""camsl_japan_smart_meters"":{""available_profile_sources"":1423,""logical_devices"":1292,""mean_profile_reuse"":1.0,""profile_bootstrap"":false,""selected_unique_profile_sources"":1292,""weight"":0.25833333333333336},""irish_domestic_smart_meters"":{""available_profile_sources"":2904,""logical_devices"":1292,""mean_profile_reuse"":1.0,""profile_bootstrap"":false,""selected_unique_profile_sources"":1292,""weight"":0.25833333333333336},""low_carbon_london"":{""available_profile_sources"":5000,""logical_devices"":2416,""mean_profile_reuse"":1.0,""profile_bootstrap"":false,""selected_unique_profile_sources"":2416,""weight"":0.48333333333333334}}",dataset_combinations_mixed_physical_fleet_v1,,,,
predefined_mixed_scenario,S1-A,Similar residential,相似住宅半小时电表融合,aggregate,transactive_control,Transactive control,O(N log N),15,4157390,4857390,dominant_plus_15pp,5000,"{""camsl_japan_smart_meters"":0.3333333333333333,""irish_domestic_smart_meters"":0.3333333333333333,""low_carbon_london"":0.3333333333333333}","{""camsl_japan_smart_meters"":0.25833333333333336,""irish_domestic_smart_meters"":0.25833333333333336,""low_carbon_london"":0.48333333333333334}","{""camsl_japan_smart_meters"":1292,""irish_domestic_smart_meters"":1292,""low_carbon_london"":2416}",False,test,88.02625397074293,71.10847043217248,16.917783538570447,19.219020207531916,0.8946620000000001,0.6282348960729863,0,0.0,21.014855973471576,4.097072434901127,0.0,"{""camsl_japan_smart_meters"":{""available_profile_sources"":1423,""logical_devices"":1292,""mean_profile_reuse"":1.0,""profile_bootstrap"":false,""selected_unique_profile_sources"":1292,""weight"":0.25833333333333336},""irish_domestic_smart_meters"":{""available_profile_sources"":2904,""logical_devices"":1292,""mean_profile_reuse"":1.0,""profile_bootstrap"":false,""selected_unique_profile_sources"":1292,""weight"":0.25833333333333336},""low_carbon_london"":{""available_profile_sources"":5000,""logical_devices"":2416,""mean_profile_reuse"":1.0,""profile_bootstrap"":false,""selected_unique_profile_sources"":2416,""weight"":0.48333333333333334}}",dataset_combinations_mixed_physical_fleet_v1,,,,
predefined_mixed_scenario,S1-A,Similar residential,相似住宅半小时电表融合,aggregate,transactive_control,Transactive control,O(N log N),16,4157391,4857391,dominant_plus_15pp,5000,"{""camsl_japan_smart_meters"":0.3333333333333333,""irish_domestic_smart_meters"":0.3333333333333333,""low_carbon_london"":0.3333333333333333}","{""camsl_japan_smart_meters"":0.25833333333333336,""irish_domestic_smart_meters"":0.25833333333333336,""low_carbon_london"":0.48333333333333334}","{""camsl_japan_smart_meters"":1292,""irish_domestic_smart_meters"":1292,""low_carbon_london"":2416}",False,test,34.34285284132739,12.679384631525416,21.663468209801977,63.079990209004016,0.8952839999999993,0.9989543878843757,0,0.0,21.663468209801977,0.0,0.0,"{""camsl_japan_smart_meters"":{""available_profile_sources"":1423,""logical_devices"":1292,""mean_profile_reuse"":1.0,""profile_bootstrap"":false,""selected_unique_profile_sources"":1292,""weight"":0.25833333333333336},""irish_domestic_smart_meters"":{""available_profile_sources"":2904,""logical_devices"":1292,""mean_profile_reuse"":1.0,""profile_bootstrap"":false,""selected_unique_profile_sources"":1292,""weight"":0.25833333333333336},""low_carbon_london"":{""available_profile_sources"":5000,""logical_devices"":2416,""mean_profile_reuse"":1.0,""profile_bootstrap"":false,""selected_unique_profile_sources"":2416,""weight"":0.48333333333333334}}",dataset_combinations_mixed_physical_fleet_v1,,,,
predefined_mixed_scenario,S1-A,Similar residential,相似住宅半小时电表融合,aggregate,transactive_control,Transactive control,O(N log N),17,4157392,4857392,dominant_plus_15pp,5000,"{""camsl_japan_smart_meters"":0.3333333333333333,""irish_domestic_smart_meters"":0.3333333333333333,""low_carbon_london"":0.3333333333333333}","{""camsl_japan_smart_meters"":0.25833333333333336,""irish_domestic_smart_meters"":0.25833333333333336,""low_carbon_london"":0.48333333333333334}","{""camsl_japan_smart_meters"":1292,""irish_domestic_smart_meters"":1292,""low_carbon_london"":2416}",False,test,115.39922244505395,107.40525591208632,7.993966532967637,6.927227379520578,0.8944600000000003,0.33509895051555616,0,0.0,7.993966532967637,0.0,0.0,"{""camsl_japan_smart_meters"":{""available_profile_sources"":1423,""logical_devices"":1292,""mean_profile_reuse"":1.0,""profile_bootstrap"":false,""selected_unique_profile_sources"":1292,""weight"":0.25833333333333336},""irish_domestic_smart_meters"":{""available_profile_sources"":2904,""logical_devices"":1292,""mean_profile_reuse"":1.0,""profile_bootstrap"":false,""selected_unique_profile_sources"":1292,""weight"":0.25833333333333336},""low_carbon_london"":{""available_profile_sources"":5000,""logical_devices"":2416,""mean_profile_reuse"":1.0,""profile_bootstrap"":false,""selected_unique_profile_sources"":2416,""weight"":0.48333333333333334}}",dataset_combinations_mixed_physical_fleet_v1,,,,
predefined_mixed_scenario,S1-A,Similar residential,相似住宅半小时电表融合,aggregate,transactive_control,Transactive control,O(N log N),18,4157393,4857393,dominant_plus_15pp,5000,"{""camsl_japan_smart_meters"":0.3333333333333333,""irish_domestic_smart_meters"":0.3333333333333333,""low_carbon_london"":0.3333333333333333}","{""camsl_japan_smart_meters"":0.25833333333333336,""irish_domestic_smart_meters"":0.25833333333333336,""low_carbon_london"":0.48333333333333334}","{""camsl_japan_smart_meters"":1292,""irish_domestic_smart_meters"":1292,""low_carbon_london"":2416}",False,test,116.55953935824265,109.26176297318823,7.297776385054416,6.260985952102039,0.8944279999999996,0.32864707172010493,0,0.0,7.297776385054416,0.0,0.0,"{""camsl_japan_smart_meters"":{""available_profile_sources"":1423,""logical_devices"":1292,""mean_profile_reuse"":1.0,""profile_bootstrap"":false,""selected_unique_profile_sources"":1292,""weight"":0.25833333333333336},""irish_domestic_smart_meters"":{""available_profile_sources"":2904,""logical_devices"":1292,""mean_profile_reuse"":1.0,""profile_bootstrap"":false,""selected_unique_profile_sources"":1292,""weight"":0.25833333333333336},""low_carbon_london"":{""available_profile_sources"":5000,""logical_devices"":2416,""mean_profile_reuse"":1.0,""profile_bootstrap"":false,""selected_unique_profile_sources"":2416,""weight"":0.48333333333333334}}",dataset_combinations_mixed_physical_fleet_v1,,,,
predefined_mixed_scenario,S1-A,Similar residential,相似住宅半小时电表融合,aggregate,transactive_control,Transactive control,O(N log N),19,4157394,4857394,dominant_plus_15pp,5000,"{""camsl_japan_smart_meters"":0.3333333333333333,""irish_domestic_smart_meters"":0.3333333333333333,""low_carbon_london"":0.3333333333333333}","{""camsl_japan_smart_meters"":0.25833333333333336,""irish_domestic_smart_meters"":0.25833333333333336,""low_carbon_london"":0.48333333333333334}","{""camsl_japan_smart_meters"":1292,""irish_domestic_smart_meters"":1292,""low_carbon_london"":2416}",False,test,87.89492152832275,70.86723876956638,17.027682758756367,19.37277201307867,0.8948320000000002,0.6380653419878193,0,0.0,20.99203516306412,3.9643524043077525,0.0,"{""camsl_japan_smart_meters"":{""available_profile_sources"":1423,""logical_devices"":1292,""mean_profile_reuse"":1.0,""profile_bootstrap"":false,""selected_unique_profile_sources"":1292,""weight"":0.25833333333333336},""irish_domestic_smart_meters"":{""available_profile_sources"":2904,""logical_devices"":1292,""mean_profile_reuse"":1.0,""profile_bootstrap"":false,""selected_unique_profile_sources"":1292,""weight"":0.25833333333333336},""low_carbon_london"":{""available_profile_sources"":5000,""logical_devices"":2416,""mean_profile_reuse"":1.0,""profile_bootstrap"":false,""selected_unique_profile_sources"":2416,""weight"":0.48333333333333334}}",dataset_combinations_mixed_physical_fleet_v1,,,,
predefined_mixed_scenario,S1-A,Similar residential,相似住宅半小时电表融合,aggregate,transactive_control,Transactive control,O(N log N),20,4157395,4857395,dominant_minus_15pp,5000,"{""camsl_japan_smart_meters"":0.3333333333333333,""irish_domestic_smart_meters"":0.3333333333333333,""low_carbon_london"":0.3333333333333333}","{""camsl_japan_smart_meters"":0.40833333333333327,""irish_domestic_smart_meters"":0.40833333333333327,""low_carbon_london"":0.18333333333333332}","{""camsl_japan_smart_meters"":2042,""irish_domestic_smart_meters"":2042,""low_carbon_london"":916}",False,test,119.49794937160793,113.5156351969164,5.982314174691525,5.00620655513348,0.8946659999999994,0.31789517658975674,0,0.0,6.295182854676802,0.312868679985276,0.0,"{""camsl_japan_smart_meters"":{""available_profile_sources"":1423,""logical_devices"":2042,""mean_profile_reuse"":1.8855032317636196,""profile_bootstrap"":true,""selected_unique_profile_sources"":1083,""weight"":0.40833333333333327},""irish_domestic_smart_meters"":{""available_profile_sources"":2904,""logical_devices"":2042,""mean_profile_reuse"":1.0,""profile_bootstrap"":false,""selected_unique_profile_sources"":2042,""weight"":0.40833333333333327},""low_carbon_london"":{""available_profile_sources"":5000,""logical_devices"":916,""mean_profile_reuse"":1.0,""profile_bootstrap"":false,""selected_unique_profile_sources"":916,""weight"":0.18333333333333332}}",dataset_combinations_mixed_physical_fleet_v1,,,,
predefined_mixed_scenario,S1-A,Similar residential,相似住宅半小时电表融合,aggregate,transactive_control,Transactive control,O(N log N),21,4157396,4857396,dominant_minus_15pp,5000,"{""camsl_japan_smart_meters"":0.3333333333333333,""irish_domestic_smart_meters"":0.3333333333333333,""low_carbon_london"":0.3333333333333333}","{""camsl_japan_smart_meters"":0.40833333333333327,""irish_domestic_smart_meters"":0.40833333333333327,""low_carbon_london"":0.18333333333333332}","{""camsl_japan_smart_meters"":2042,""irish_domestic_smart_meters"":2042,""low_carbon_london"":916}",False,test,117.44510155030538,110.6786624804886,6.766439069816781,5.761363377865962,0.8953819999999997,0.3232591020427504,0,0.0,6.766439069816781,0.0,0.0,"{""camsl_japan_smart_meters"":{""available_profile_sources"":1423,""logical_devices"":2042,""mean_profile_reuse"":1.8889916743755781,""profile_bootstrap"":true,""selected_unique_profile_sources"":1081,""weight"":0.40833333333333327},""irish_domestic_smart_meters"":{""available_profile_sources"":2904,""logical_devices"":2042,""mean_profile_reuse"":1.0,""profile_bootstrap"":false,""selected_unique_profile_sources"":2042,""weight"":0.40833333333333327},""low_carbon_london"":{""available_profile_sources"":5000,""logical_devices"":916,""mean_profile_reuse"":1.0,""profile_bootstrap"":false,""selected_unique_profile_sources"":916,""weight"":0.18333333333333332}}",dataset_combinations_mixed_physical_fleet_v1,,,,
predefined_mixed_scenario,S1-A,Similar residential,相似住宅半小时电表融合,aggregate,transactive_control,Transactive control,O(N log N),22,4157397,4857397,dominant_minus_15pp,5000,"{""camsl_japan_smart_meters"":0.3333333333333333,""irish_domestic_smart_meters"":0.3333333333333333,""low_carbon_london"":0.3333333333333333}","{""camsl_japan_smart_meters"":0.40833333333333327,""irish_domestic_smart_meters"":0.40833333333333327,""low_carbon_london"":0.18333333333333332}","{""camsl_japan_smart_meters"":2042,""irish_domestic_smart_meters"":2042,""low_carbon_london"":916}",False,test,81.06810566662502,65.23185575310589,15.83624991351912,19.534501001716094,0.8949619999999995,0.7056685748223583,0,0.0,17.17487802314119,1.338628109622071,0.0,"{""camsl_japan_smart_meters"":{""available_profile_sources"":1423,""logical_devices"":2042,""mean_profile_reuse"":1.8682525160109789,""profile_bootstrap"":true,""selected_unique_profile_sources"":1093,""weight"":0.40833333333333327},""irish_domestic_smart_meters"":{""available_profile_sources"":2904,""logical_devices"":2042,""mean_profile_reuse"":1.0,""profile_bootstrap"":false,""selected_unique_profile_sources"":2042,""weight"":0.40833333333333327},""low_carbon_london"":{""available_profile_sources"":5000,""logical_devices"":916,""mean_profile_reuse"":1.0,""profile_bootstrap"":false,""selected_unique_profile_sources"":916,""weight"":0.18333333333333332}}",dataset_combinations_mixed_physical_fleet_v1,,,,
predefined_mixed_scenario,S1-A,Similar residential,相似住宅半小时电表融合,aggregate,transactive_control,Transactive control,O(N log N),23,4157398,4857398,dominant_minus_15pp,5000,"{""camsl_japan_smart_meters"":0.3333333333333333,""irish_domestic_smart_meters"":0.3333333333333333,""low_carbon_london"":0.3333333333333333}","{""camsl_japan_smart_meters"":0.40833333333333327,""irish_domestic_smart_meters"":0.40833333333333327,""low_carbon_london"":0.18333333333333332}","{""camsl_japan_smart_meters"":2042,""irish_domestic_smart_meters"":2042,""low_carbon_london"":916}",False,test,118.93112164025422,112.76134149025391,6.169780150000304,5.1876918883038945,0.8950420000000001,0.32481779291632396,0,0.0,6.405280712592361,0.23550056259205784,0.0,"{""camsl_japan_smart_meters"":{""available_profile_sources"":1423,""logical_devices"":2042,""mean_profile_reuse"":1.8907407407407408,""profile_bootstrap"":true,""selected_unique_profile_sources"":1080,""weight"":0.40833333333333327},""irish_domestic_smart_meters"":{""available_profile_sources"":2904,""logical_devices"":2042,""mean_profile_reuse"":1.0,""profile_bootstrap"":false,""selected_unique_profile_sources"":2042,""weight"":0.40833333333333327},""low_carbon_london"":{""available_profile_sources"":5000,""logical_devices"":916,""mean_profile_reuse"":1.0,""profile_bootstrap"":false,""selected_unique_profile_sources"":916,""weight"":0.18333333333333332}}",dataset_combinations_mixed_physical_fleet_v1,,,,
predefined_mixed_scenario,S1-A,Similar residential,相似住宅半小时电表融合,aggregate,transactive_control,Transactive control,O(N log N),24,4157399,4857399,dominant_minus_15pp,5000,"{""camsl_japan_smart_meters"":0.3333333333333333,""irish_domestic_smart_meters"":0.3333333333333333,""low_carbon_london"":0.3333333333333333}","{""camsl_japan_smart_meters"":0.40833333333333327,""irish_domestic_smart_meters"":0.40833333333333327,""low_carbon_london"":0.18333333333333332}","{""camsl_japan_smart_meters"":2042,""irish_domestic_smart_meters"":2042,""low_carbon_london"":916}",False,test,93.42266548412086,77.90424670439357,15.518418779727284,16.610978395135778,0.8955180000000001,0.5898258213268964,0,0.0,21.60772194807094,6.089303168343658,0.0,"{""camsl_japan_smart_meters"":{""available_profile_sources"":1423,""logical_devices"":2042,""mean_profile_reuse"":1.873394495412844,""profile_bootstrap"":true,""selected_unique_profile_sources"":1090,""weight"":0.40833333333333327},""irish_domestic_smart_meters"":{""available_profile_sources"":2904,""logical_devices"":2042,""mean_profile_reuse"":1.0,""profile_bootstrap"":false,""selected_unique_profile_sources"":2042,""weight"":0.40833333333333327},""low_carbon_london"":{""available_profile_sources"":5000,""logical_devices"":916,""mean_profile_reuse"":1.0,""profile_bootstrap"":false,""selected_unique_profile_sources"":916,""weight"":0.18333333333333332}}",dataset_combinations_mixed_physical_fleet_v1,,,,
predefined_mixed_scenario,S1-A,Similar residential,相似住宅半小时电表融合,aggregate,transactive_control,Transactive control,O(N log N),25,4157400,4857400,dominant_minus_15pp,5000,"{""camsl_japan_smart_meters"":0.3333333333333333,""irish_domestic_smart_meters"":0.3333333333333333,""low_carbon_london"":0.3333333333333333}","{""camsl_japan_smart_meters"":0.40833333333333327,""irish_domestic_smart_meters"":0.40833333333333327,""low_carbon_london"":0.18333333333333332}","{""camsl_japan_smart_meters"":2042,""irish_domestic_smart_meters"":2042,""low_carbon_london"":916}",False,test,116.94909145933657,109.88504633493851,7.064045124398068,6.040273623548624,0.8945560000000002,0.32652105000849957,0,0.0,7.064045124398068,0.0,0.0,"{""camsl_japan_smart_meters"":{""available_profile_sources"":1423,""logical_devices"":2042,""mean_profile_reuse"":1.8837638376383763,""profile_bootstrap"":true,""selected_unique_profile_sources"":1084,""weight"":0.40833333333333327},""irish_domestic_smart_meters"":{""available_profile_sources"":2904,""logical_devices"":2042,""mean_profile_reuse"":1.0,""profile_bootstrap"":false,""selected_unique_profile_sources"":2042,""weight"":0.40833333333333327},""low_carbon_london"":{""available_profile_sources"":5000,""logical_devices"":916,""mean_profile_reuse"":1.0,""profile_bootstrap"":false,""selected_unique_profile_sources"":916,""weight"":0.18333333333333332}}",dataset_combinations_mixed_physical_fleet_v1,,,,
predefined_mixed_scenario,S1-A,Similar residential,相似住宅半小时电表融合,aggregate,transactive_control,Transactive control,O(N log N),26,4157401,4857401,dominant_minus_15pp,5000,"{""camsl_japan_smart_meters"":0.3333333333333333,""irish_domestic_smart_meters"":0.3333333333333333,""low_carbon_london"":0.3333333333333333}","{""camsl_japan_smart_meters"":0.40833333333333327,""irish_domestic_smart_meters"":0.40833333333333327,""low_carbon_london"":0.18333333333333332}","{""camsl_japan_smart_meters"":2042,""irish_domestic_smart_meters"":2042,""low_carbon_london"":916}",False,test,76.09165542782053,58.26002069735257,17.831634730467957,23.434415548210527,0.8947599999999994,0.7418407663298392,0,0.0,19.670184441856602,1.8385497113886473,0.0,"{""camsl_japan_smart_meters"":{""available_profile_sources"":1423,""logical_devices"":2042,""mean_profile_reuse"":1.9048507462686568,""profile_bootstrap"":true,""selected_unique_profile_sources"":1072,""weight"":0.40833333333333327},""irish_domestic_smart_meters"":{""available_profile_sources"":2904,""logical_devices"":2042,""mean_profile_reuse"":1.0,""profile_bootstrap"":false,""selected_unique_profile_sources"":2042,""weight"":0.40833333333333327},""low_carbon_london"":{""available_profile_sources"":5000,""logical_devices"":916,""mean_profile_reuse"":1.0,""profile_bootstrap"":false,""selected_unique_profile_sources"":916,""weight"":0.18333333333333332}}",dataset_combinations_mixed_physical_fleet_v1,,,,
predefined_mixed_scenario,S1-A,Similar residential,相似住宅半小时电表融合,aggregate,transactive_control,Transactive control,O(N log N),27,4157402,4857402,dominant_minus_15pp,5000,"{""camsl_japan_smart_meters"":0.3333333333333333,""irish_domestic_smart_meters"":0.3333333333333333,""low_carbon_london"":0.3333333333333333}","{""camsl_japan_smart_meters"":0.40833333333333327,""irish_domestic_smart_meters"":0.40833333333333327,""low_carbon_london"":0.18333333333333332}","{""camsl_japan_smart_meters"":2042,""irish_domestic_smart_meters"":2042,""low_carbon_london"":916}",False,test,76.15386165036907,58.34447248270807,17.809389167660992,23.386061824974682,0.8944899999999999,0.7420257853263811,0,0.0,19.508422357734403,1.6990331900734128,0.0,"{""camsl_japan_smart_meters"":{""available_profile_sources"":1423,""logical_devices"":2042,""mean_profile_reuse"":1.88724584103512,""profile_bootstrap"":true,""selected_unique_profile_sources"":1082,""weight"":0.40833333333333327},""irish_domestic_smart_meters"":{""available_profile_sources"":2904,""logical_devices"":2042,""mean_profile_reuse"":1.0,""profile_bootstrap"":false,""selected_unique_profile_sources"":2042,""weight"":0.40833333333333327},""low_carbon_london"":{""available_profile_sources"":5000,""logical_devices"":916,""mean_profile_reuse"":1.0,""profile_bootstrap"":false,""selected_unique_profile_sources"":916,""weight"":0.18333333333333332}}",dataset_combinations_mixed_physical_fleet_v1,,,,
predefined_mixed_scenario,S1-A,Similar residential,相似住宅半小时电表融合,aggregate,transactive_control,Transactive control,O(N log N),28,4157403,4857403,dominant_minus_15pp,5000,"{""camsl_japan_smart_meters"":0.3333333333333333,""irish_domestic_smart_meters"":0.3333333333333333,""low_carbon_london"":0.3333333333333333}","{""camsl_japan_smart_meters"":0.40833333333333327,""irish_domestic_smart_meters"":0.40833333333333327,""low_carbon_london"":0.18333333333333332}","{""camsl_japan_smart_meters"":2042,""irish_domestic_smart_meters"":2042,""low_carbon_london"":916}",False,test,117.44053531021741,110.67135649634785,6.769178813869556,5.763920264829238,0.8935279999999994,0.3249558768273764,0,0.0,6.769178813869556,0.0,0.0,"{""camsl_japan_smart_meters"":{""available_profile_sources"":1423,""logical_devices"":2042,""mean_profile_reuse"":1.8768382352941178,""profile_bootstrap"":true,""selected_unique_profile_sources"":1088,""weight"":0.40833333333333327},""irish_domestic_smart_meters"":{""available_profile_sources"":2904,""logical_devices"":2042,""mean_profile_reuse"":1.0,""profile_bootstrap"":false,""selected_unique_profile_sources"":2042,""weight"":0.40833333333333327},""low_carbon_london"":{""available_profile_sources"":5000,""logical_devices"":916,""mean_profile_reuse"":1.0,""profile_bootstrap"":false,""selected_unique_profile_sources"":916,""weight"":0.18333333333333332}}",dataset_combinations_mixed_physical_fleet_v1,,,,
predefined_mixed_scenario,S1-A,Similar residential,相似住宅半小时电表融合,aggregate,transactive_control,Transactive control,O(N log N),29,4157404,4857404,dominant_minus_15pp,5000,"{""camsl_japan_smart_meters"":0.3333333333333333,""irish_domestic_smart_meters"":0.3333333333333333,""low_carbon_london"":0.3333333333333333}","{""camsl_japan_smart_meters"":0.40833333333333327,""irish_domestic_smart_meters"":0.40833333333333327,""low_carbon_london"":0.18333333333333332}","{""camsl_japan_smart_meters"":2042,""irish_domestic_smart_meters"":2042,""low_carbon_london"":916}",False,test,119.26312002552302,113.24027401813841,6.022846007384619,5.050049006009309,0.8940979999999997,0.3200959073118439,0,0.0,6.381850084125885,0.3590040767412655,0.0,"{""camsl_japan_smart_meters"":{""available_profile_sources"":1423,""logical_devices"":2042,""mean_profile_reuse"":1.873394495412844,""profile_bootstrap"":true,""selected_unique_profile_sources"":1090,""weight"":0.40833333333333327},""irish_domestic_smart_meters"":{""available_profile_sources"":2904,""logical_devices"":2042,""mean_profile_reuse"":1.0,""profile_bootstrap"":false,""selected_unique_profile_sources"":2042,""weight"":0.40833333333333327},""low_carbon_london"":{""available_profile_sources"":5000,""logical_devices"":916,""mean_profile_reuse"":1.0,""profile_bootstrap"":false,""selected_unique_profile_sources"":916,""weight"":0.18333333333333332}}",dataset_combinations_mixed_physical_fleet_v1,,,,
predefined_mixed_scenario,S1-A,Similar residential,相似住宅半小时电表融合,aggregate,virtual_battery,Virtual battery,O(N),0,4157375,4657375,nominal,5000,"{""camsl_japan_smart_meters"":0.3333333333333333,""irish_domestic_smart_meters"":0.3333333333333333,""low_carbon_london"":0.3333333333333333}","{""camsl_japan_smart_meters"":0.3333333333333333,""irish_domestic_smart_meters"":0.3333333333333333,""low_carbon_london"":0.3333333333333333}","{""camsl_japan_smart_meters"":1667,""irish_domestic_smart_meters"":1666,""low_carbon_london"":1667}",False,test,118.77974816885487,112.52067021917489,6.259077949679978,5.26948242118025,0.8957160000000001,0.3460405370555024,0,0.0,6.259077949679978,0.0,0.0,"{""camsl_japan_smart_meters"":{""available_profile_sources"":1423,""logical_devices"":1667,""mean_profile_reuse"":1.6736947791164658,""profile_bootstrap"":true,""selected_unique_profile_sources"":996,""weight"":0.3333333333333333},""irish_domestic_smart_meters"":{""available_profile_sources"":2904,""logical_devices"":1666,""mean_profile_reuse"":1.0,""profile_bootstrap"":false,""selected_unique_profile_sources"":1666,""weight"":0.3333333333333333},""low_carbon_london"":{""available_profile_sources"":5000,""logical_devices"":1667,""mean_profile_reuse"":1.0,""profile_bootstrap"":false,""selected_unique_profile_sources"":1667,""weight"":0.3333333333333333}}",dataset_combinations_mixed_physical_fleet_v1,,,,
predefined_mixed_scenario,S1-A,Similar residential,相似住宅半小时电表融合,aggregate,virtual_battery,Virtual battery,O(N),1,4157376,4657376,nominal,5000,"{""camsl_japan_smart_meters"":0.3333333333333333,""irish_domestic_smart_meters"":0.3333333333333333,""low_carbon_london"":0.3333333333333333}","{""camsl_japan_smart_meters"":0.3333333333333333,""irish_domestic_smart_meters"":0.3333333333333333,""low_carbon_london"":0.3333333333333333}","{""camsl_japan_smart_meters"":1667,""irish_domestic_smart_meters"":1666,""low_carbon_london"":1667}",False,test,119.29567015917064,113.14813219738689,6.147537961783754,5.153194540574174,0.895062,0.340549873532568,0,0.0,6.147537961783754,0.0,0.0,"{""camsl_japan_smart_meters"":{""available_profile_sources"":1423,""logical_devices"":1667,""mean_profile_reuse"":1.7150205761316872,""profile_bootstrap"":true,""selected_unique_profile_sources"":972,""weight"":0.3333333333333333},""irish_domestic_smart_meters"":{""available_profile_sources"":2904,""logical_devices"":1666,""mean_profile_reuse"":1.0,""profile_bootstrap"":false,""selected_unique_profile_sources"":1666,""weight"":0.3333333333333333},""low_carbon_london"":{""available_profile_sources"":5000,""logical_devices"":1667,""mean_profile_reuse"":1.0,""profile_bootstrap"":false,""selected_unique_profile_sources"":1667,""weight"":0.3333333333333333}}",dataset_combinations_mixed_physical_fleet_v1,,,,
predefined_mixed_scenario,S1-A,Similar residential,相似住宅半小时电表融合,aggregate,virtual_battery,Virtual battery,O(N),2,4157377,4657377,nominal,5000,"{""camsl_japan_smart_meters"":0.3333333333333333,""irish_domestic_smart_meters"":0.3333333333333333,""low_carbon_london"":0.3333333333333333}","{""camsl_japan_smart_meters"":0.3333333333333333,""irish_domestic_smart_meters"":0.3333333333333333,""low_carbon_london"":0.3333333333333333}","{""camsl_japan_smart_meters"":1667,""irish_domestic_smart_meters"":1666,""low_carbon_london"":1667}",False,test,118.87531576590331,112.6210804346645,6.254235331238798,5.261172423343997,0.8940339999999997,0.34473516126451775,0,0.0,6.254235331238798,0.0,0.0,"{""camsl_japan_smart_meters"":{""available_profile_sources"":1423,""logical_devices"":1667,""mean_profile_reuse"":1.685540950455005,""profile_bootstrap"":true,""selected_unique_profile_sources"":989,""weight"":0.3333333333333333},""irish_domestic_smart_meters"":{""available_profile_sources"":2904,""logical_devices"":1666,""mean_profile_reuse"":1.0,""profile_bootstrap"":false,""selected_unique_profile_sources"":1666,""weight"":0.3333333333333333},""low_carbon_london"":{""available_profile_sources"":5000,""logical_devices"":1667,""mean_profile_reuse"":1.0,""profile_bootstrap"":false,""selected_unique_profile_sources"":1667,""weight"":0.3333333333333333}}",dataset_combinations_mixed_physical_fleet_v1,,,,
predefined_mixed_scenario,S1-A,Similar residential,相似住宅半小时电表融合,aggregate,virtual_battery,Virtual battery,O(N),3,4157378,4657378,nominal,5000,"{""camsl_japan_smart_meters"":0.3333333333333333,""irish_domestic_smart_meters"":0.3333333333333333,""low_carbon_london"":0.3333333333333333}","{""camsl_japan_smart_meters"":0.3333333333333333,""irish_domestic_smart_meters"":0.3333333333333333,""low_carbon_london"":0.3333333333333333}","{""camsl_japan_smart_meters"":1667,""irish_domestic_smart_meters"":1666,""low_carbon_london"":1667}",False,test,116.71667847098053,109.51318555356883,7.203492917411695,6.1717768289668316,0.8953980000000004,0.37200933469734987,0,0.0,7.203492917411695,0.0,0.0,"{""camsl_japan_smart_meters"":{""available_profile_sources"":1423,""logical_devices"":1667,""mean_profile_reuse"":1.6992864424057084,""profile_bootstrap"":true,""selected_unique_profile_sources"":981,""weight"":0.3333333333333333},""irish_domestic_smart_meters"":{""available_profile_sources"":2904,""logical_devices"":1666,""mean_profile_reuse"":1.0,""profile_bootstrap"":false,""selected_unique_profile_sources"":1666,""weight"":0.3333333333333333},""low_carbon_london"":{""available_profile_sources"":5000,""logical_devices"":1667,""mean_profile_reuse"":1.0,""profile_bootstrap"":false,""selected_unique_profile_sources"":1667,""weight"":0.3333333333333333}}",dataset_combinations_mixed_physical_fleet_v1,,,,
predefined_mixed_scenario,S1-A,Similar residential,相似住宅半小时电表融合,aggregate,virtual_battery,Virtual battery,O(N),4,4157379,4657379,nominal,5000,"{""camsl_japan_smart_meters"":0.3333333333333333,""irish_domestic_smart_meters"":0.3333333333333333,""low_carbon_london"":0.3333333333333333}","{""camsl_japan_smart_meters"":0.3333333333333333,""irish_domestic_smart_meters"":0.3333333333333333,""low_carbon_london"":0.3333333333333333}","{""camsl_japan_smart_meters"":1667,""irish_domestic_smart_meters"":1666,""low_carbon_london"":1667}",False,test,57.60431467300061,37.92015352382958,19.684161149171025,34.171331194392415,0.8952659999999999,0.9061107233510091,0,0.0,19.684161149171025,0.0,0.0,"{""camsl_japan_smart_meters"":{""available_profile_sources"":1423,""logical_devices"":1667,""mean_profile_reuse"":1.6958290946083419,""profile_bootstrap"":true,""selected_unique_profile_sources"":983,""weight"":0.3333333333333333},""irish_domestic_smart_meters"":{""available_profile_sources"":2904,""logical_devices"":1666,""mean_profile_reuse"":1.0,""profile_bootstrap"":false,""selected_unique_profile_sources"":1666,""weight"":0.3333333333333333},""low_carbon_london"":{""available_profile_sources"":5000,""logical_devices"":1667,""mean_profile_reuse"":1.0,""profile_bootstrap"":false,""selected_unique_profile_sources"":1667,""weight"":0.3333333333333333}}",dataset_combinations_mixed_physical_fleet_v1,,,,
predefined_mixed_scenario,S1-A,Similar residential,相似住宅半小时电表融合,aggregate,virtual_battery,Virtual battery,O(N),5,4157380,4657380,nominal,5000,"{""camsl_japan_smart_meters"":0.3333333333333333,""irish_domestic_smart_meters"":0.3333333333333333,""low_carbon_london"":0.3333333333333333}","{""camsl_japan_smart_meters"":0.3333333333333333,""irish_domestic_smart_meters"":0.3333333333333333,""low_carbon_london"":0.3333333333333333}","{""camsl_japan_smart_meters"":1667,""irish_domestic_smart_meters"":1666,""low_carbon_london"":1667}",False,test,53.1838880570194,33.17175375869269,20.012134298326718,37.62818971954692,0.8950019999999994,0.9305885239536885,0,0.0,20.012134298326718,0.0,0.0,"{""camsl_japan_smart_meters"":{""available_profile_sources"":1423,""logical_devices"":1667,""mean_profile_reuse"":1.6941056910569106,""profile_bootstrap"":true,""selected_unique_profile_sources"":984,""weight"":0.3333333333333333},""irish_domestic_smart_meters"":{""available_profile_sources"":2904,""logical_devices"":1666,""mean_profile_reuse"":1.0,""profile_bootstrap"":false,""selected_unique_profile_sources"":1666,""weight"":0.3333333333333333},""low_carbon_london"":{""available_profile_sources"":5000,""logical_devices"":1667,""mean_profile_reuse"":1.0,""profile_bootstrap"":false,""selected_unique_profile_sources"":1667,""weight"":0.3333333333333333}}",dataset_combinations_mixed_physical_fleet_v1,,,,
predefined_mixed_scenario,S1-A,Similar residential,相似住宅半小时电表融合,aggregate,virtual_battery,Virtual battery,O(N),6,4157381,4657381,nominal,5000,"{""camsl_japan_smart_meters"":0.3333333333333333,""irish_domestic_smart_meters"":0.3333333333333333,""low_carbon_london"":0.3333333333333333}","{""camsl_japan_smart_meters"":0.3333333333333333,""irish_domestic_smart_meters"":0.3333333333333333,""low_carbon_london"":0.3333333333333333}","{""camsl_japan_smart_meters"":1667,""irish_domestic_smart_meters"":1666,""low_carbon_london"":1667}",False,test,57.95496238970007,38.116911229789,19.838051159911075,34.230116528272916,0.8947860000000001,0.9032515061432357,0,0.0,19.838051159911075,0.0,0.0,"{""camsl_japan_smart_meters"":{""available_profile_sources"":1423,""logical_devices"":1667,""mean_profile_reuse"":1.6992864424057084,""profile_bootstrap"":true,""selected_unique_profile_sources"":981,""weight"":0.3333333333333333},""irish_domestic_smart_meters"":{""available_profile_sources"":2904,""logical_devices"":1666,""mean_profile_reuse"":1.0,""profile_bootstrap"":false,""selected_unique_profile_sources"":1666,""weight"":0.3333333333333333},""low_carbon_london"":{""available_profile_sources"":5000,""logical_devices"":1667,""mean_profile_reuse"":1.0,""profile_bootstrap"":false,""selected_unique_profile_sources"":1667,""weight"":0.3333333333333333}}",dataset_combinations_mixed_physical_fleet_v1,,,,
predefined_mixed_scenario,S1-A,Similar residential,相似住宅半小时电表融合,aggregate,virtual_battery,Virtual battery,O(N),7,4157382,4657382,nominal,5000,"{""camsl_japan_smart_meters"":0.3333333333333333,""irish_domestic_smart_meters"":0.3333333333333333,""low_carbon_london"":0.3333333333333333}","{""camsl_japan_smart_meters"":0.3333333333333333,""irish_domestic_smart_meters"":0.3333333333333333,""low_carbon_london"":0.3333333333333333}","{""camsl_japan_smart_meters"":1667,""irish_domestic_smart_meters"":1666,""low_carbon_london"":1667}",False,test,104.68219061872061,90.19701693135639,14.485173687364217,13.83728559915501,0.8946300000000001,0.5891936042641513,0,0.0,14.485173687364217,0.0,0.0,"{""camsl_japan_smart_meters"":{""available_profile_sources"":1423,""logical_devices"":1667,""mean_profile_reuse"":1.7167868177136971,""profile_bootstrap"":true,""selected_unique_profile_sources"":971,""weight"":0.3333333333333333},""irish_domestic_smart_meters"":{""available_profile_sources"":2904,""logical_devices"":1666,""mean_profile_reuse"":1.0,""profile_bootstrap"":false,""selected_unique_profile_sources"":1666,""weight"":0.3333333333333333},""low_carbon_london"":{""available_profile_sources"":5000,""logical_devices"":1667,""mean_profile_reuse"":1.0,""profile_bootstrap"":false,""selected_unique_profile_sources"":1667,""weight"":0.3333333333333333}}",dataset_combinations_mixed_physical_fleet_v1,,,,
predefined_mixed_scenario,S1-A,Similar residential,相似住宅半小时电表融合,aggregate,virtual_battery,Virtual battery,O(N),8,4157383,4657383,nominal,5000,"{""camsl_japan_smart_meters"":0.3333333333333333,""irish_domestic_smart_meters"":0.3333333333333333,""low_carbon_london"":0.3333333333333333}","{""camsl_japan_smart_meters"":0.3333333333333333,""irish_domestic_smart_meters"":0.3333333333333333,""low_carbon_london"":0.3333333333333333}","{""camsl_japan_smart_meters"":1667,""irish_domestic_smart_meters"":1666,""low_carbon_london"":1667}",False,test,59.618054040425164,39.90077950398386,19.717274536441302,33.07265702277304,0.8949500000000007,0.8941215942766026,0,0.0,19.717274536441302,0.0,0.0,"{""camsl_japan_smart_meters"":{""available_profile_sources"":1423,""logical_devices"":1667,""mean_profile_reuse"":1.6941056910569106,""profile_bootstrap"":true,""selected_unique_profile_sources"":984,""weight"":0.3333333333333333},""irish_domestic_smart_meters"":{""available_profile_sources"":2904,""logical_devices"":1666,""mean_profile_reuse"":1.0,""profile_bootstrap"":false,""selected_unique_profile_sources"":1666,""weight"":0.3333333333333333},""low_carbon_london"":{""available_profile_sources"":5000,""logical_devices"":1667,""mean_profile_reuse"":1.0,""profile_bootstrap"":false,""selected_unique_profile_sources"":1667,""weight"":0.3333333333333333}}",dataset_combinations_mixed_physical_fleet_v1,,,,
predefined_mixed_scenario,S1-A,Similar residential,相似住宅半小时电表融合,aggregate,virtual_battery,Virtual battery,O(N),9,4157384,4657384,nominal,5000,"{""camsl_japan_smart_meters"":0.3333333333333333,""irish_domestic_smart_meters"":0.3333333333333333,""low_carbon_london"":0.3333333333333333}","{""camsl_japan_smart_meters"":0.3333333333333333,""irish_domestic_smart_meters"":0.3333333333333333,""low_carbon_london"":0.3333333333333333}","{""camsl_japan_smart_meters"":1667,""irish_domestic_smart_meters"":1666,""low_carbon_london"":1667}",False,test,115.88173007950672,108.17726812721075,7.704461952295966,6.648556202094948,0.89528,0.38541686019784455,0,0.0,7.704461952295966,0.0,0.0,"{""camsl_japan_smart_meters"":{""available_profile_sources"":1423,""logical_devices"":1667,""mean_profile_reuse"":1.6770623742454729,""profile_bootstrap"":true,""selected_unique_profile_sources"":994,""weight"":0.3333333333333333},""irish_domestic_smart_meters"":{""available_profile_sources"":2904,""logical_devices"":1666,""mean_profile_reuse"":1.0,""profile_bootstrap"":false,""selected_unique_profile_sources"":1666,""weight"":0.3333333333333333},""low_carbon_london"":{""available_profile_sources"":5000,""logical_devices"":1667,""mean_profile_reuse"":1.0,""profile_bootstrap"":false,""selected_unique_profile_sources"":1667,""weight"":0.3333333333333333}}",dataset_combinations_mixed_physical_fleet_v1,,,,
predefined_mixed_scenario,S1-A,Similar residential,相似住宅半小时电表融合,aggregate,virtual_battery,Virtual battery,O(N),10,4157385,4657385,dominant_plus_15pp,5000,"{""camsl_japan_smart_meters"":0.3333333333333333,""irish_domestic_smart_meters"":0.3333333333333333,""low_carbon_london"":0.3333333333333333}","{""camsl_japan_smart_meters"":0.25833333333333336,""irish_domestic_smart_meters"":0.25833333333333336,""low_carbon_london"":0.48333333333333334}","{""camsl_japan_smart_meters"":1292,""irish_domestic_smart_meters"":1292,""low_carbon_london"":2416}",False,test,117.80349019493677,111.08070671304215,6.722783481894618,5.706777847388065,0.8945239999999994,0.3567724268780313,0,0.0,6.722783481894618,0.0,0.0,"{""camsl_japan_smart_meters"":{""available_profile_sources"":1423,""logical_devices"":1292,""mean_profile_reuse"":1.0,""profile_bootstrap"":false,""selected_unique_profile_sources"":1292,""weight"":0.25833333333333336},""irish_domestic_smart_meters"":{""available_profile_sources"":2904,""logical_devices"":1292,""mean_profile_reuse"":1.0,""profile_bootstrap"":false,""selected_unique_profile_sources"":1292,""weight"":0.25833333333333336},""low_carbon_london"":{""available_profile_sources"":5000,""logical_devices"":2416,""mean_profile_reuse"":1.0,""profile_bootstrap"":false,""selected_unique_profile_sources"":2416,""weight"":0.48333333333333334}}",dataset_combinations_mixed_physical_fleet_v1,,,,
predefined_mixed_scenario,S1-A,Similar residential,相似住宅半小时电表融合,aggregate,virtual_battery,Virtual battery,O(N),11,4157386,4657386,dominant_plus_15pp,5000,"{""camsl_japan_smart_meters"":0.3333333333333333,""irish_domestic_smart_meters"":0.3333333333333333,""low_carbon_london"":0.3333333333333333}","{""camsl_japan_smart_meters"":0.25833333333333336,""irish_domestic_smart_meters"":0.25833333333333336,""low_carbon_london"":0.48333333333333334}","{""camsl_japan_smart_meters"":1292,""irish_domestic_smart_meters"":1292,""low_carbon_london"":2416}",False,test,32.95588651632699,14.203848674365254,18.752037841961737,56.90041999832598,0.8943379999999996,0.9996565853728904,0,0.0,18.752037841961737,0.0,0.0,"{""camsl_japan_smart_meters"":{""available_profile_sources"":1423,""logical_devices"":1292,""mean_profile_reuse"":1.0,""profile_bootstrap"":false,""selected_unique_profile_sources"":1292,""weight"":0.25833333333333336},""irish_domestic_smart_meters"":{""available_profile_sources"":2904,""logical_devices"":1292,""mean_profile_reuse"":1.0,""profile_bootstrap"":false,""selected_unique_profile_sources"":1292,""weight"":0.25833333333333336},""low_carbon_london"":{""available_profile_sources"":5000,""logical_devices"":2416,""mean_profile_reuse"":1.0,""profile_bootstrap"":false,""selected_unique_profile_sources"":2416,""weight"":0.48333333333333334}}",dataset_combinations_mixed_physical_fleet_v1,,,,
predefined_mixed_scenario,S1-A,Similar residential,相似住宅半小时电表融合,aggregate,virtual_battery,Virtual battery,O(N),12,4157387,4657387,dominant_plus_15pp,5000,"{""camsl_japan_smart_meters"":0.3333333333333333,""irish_domestic_smart_meters"":0.3333333333333333,""low_carbon_london"":0.3333333333333333}","{""camsl_japan_smart_meters"":0.25833333333333336,""irish_domestic_smart_meters"":0.25833333333333336,""low_carbon_london"":0.48333333333333334}","{""camsl_japan_smart_meters"":1292,""irish_domestic_smart_meters"":1292,""low_carbon_london"":2416}",False,test,99.37521774012586,84.1624862197298,15.21273152039606,15.30837553501374,0.895038,0.6324280208034789,0,0.0,15.21273152039606,0.0,0.0,"{""camsl_japan_smart_meters"":{""available_profile_sources"":1423,""logical_devices"":1292,""mean_profile_reuse"":1.0,""profile_bootstrap"":false,""selected_unique_profile_sources"":1292,""weight"":0.25833333333333336},""irish_domestic_smart_meters"":{""available_profile_sources"":2904,""logical_devices"":1292,""mean_profile_reuse"":1.0,""profile_bootstrap"":false,""selected_unique_profile_sources"":1292,""weight"":0.25833333333333336},""low_carbon_london"":{""available_profile_sources"":5000,""logical_devices"":2416,""mean_profile_reuse"":1.0,""profile_bootstrap"":false,""selected_unique_profile_sources"":2416,""weight"":0.48333333333333334}}",dataset_combinations_mixed_physical_fleet_v1,,,,
predefined_mixed_scenario,S1-A,Similar residential,相似住宅半小时电表融合,aggregate,virtual_battery,Virtual battery,O(N),13,4157388,4657388,dominant_plus_15pp,5000,"{""camsl_japan_smart_meters"":0.3333333333333333,""irish_domestic_smart_meters"":0.3333333333333333,""low_carbon_london"":0.3333333333333333}","{""camsl_japan_smart_meters"":0.25833333333333336,""irish_domestic_smart_meters"":0.25833333333333336,""low_carbon_london"":0.48333333333333334}","{""camsl_japan_smart_meters"":1292,""irish_domestic_smart_meters"":1292,""low_carbon_london"":2416}",False,test,116.52089440085292,109.19993104136468,7.320963359488247,6.28296186459298,0.8947660000000004,0.37401033982589926,0,0.0,7.320963359488247,0.0,0.0,"{""camsl_japan_smart_meters"":{""available_profile_sources"":1423,""logical_devices"":1292,""mean_profile_reuse"":1.0,""profile_bootstrap"":false,""selected_unique_profile_sources"":1292,""weight"":0.25833333333333336},""irish_domestic_smart_meters"":{""available_profile_sources"":2904,""logical_devices"":1292,""mean_profile_reuse"":1.0,""profile_bootstrap"":false,""selected_unique_profile_sources"":1292,""weight"":0.25833333333333336},""low_carbon_london"":{""available_profile_sources"":5000,""logical_devices"":2416,""mean_profile_reuse"":1.0,""profile_bootstrap"":false,""selected_unique_profile_sources"":2416,""weight"":0.48333333333333334}}",dataset_combinations_mixed_physical_fleet_v1,,,,
predefined_mixed_scenario,S1-A,Similar residential,相似住宅半小时电表融合,aggregate,virtual_battery,Virtual battery,O(N),14,4157389,4657389,dominant_plus_15pp,5000,"{""camsl_japan_smart_meters"":0.3333333333333333,""irish_domestic_smart_meters"":0.3333333333333333,""low_carbon_london"":0.3333333333333333}","{""camsl_japan_smart_meters"":0.25833333333333336,""irish_domestic_smart_meters"":0.25833333333333336,""low_carbon_london"":0.48333333333333334}","{""camsl_japan_smart_meters"":1292,""irish_domestic_smart_meters"":1292,""low_carbon_london"":2416}",False,test,101.95823112493407,86.99604186668122,14.962189258252845,14.674822320052803,0.895484,0.6048951652616361,0,0.0,14.962189258252845,0.0,0.0,"{""camsl_japan_smart_meters"":{""available_profile_sources"":1423,""logical_devices"":1292,""mean_profile_reuse"":1.0,""profile_bootstrap"":false,""selected_unique_profile_sources"":1292,""weight"":0.25833333333333336},""irish_domestic_smart_meters"":{""available_profile_sources"":2904,""logical_devices"":1292,""mean_profile_reuse"":1.0,""profile_bootstrap"":false,""selected_unique_profile_sources"":1292,""weight"":0.25833333333333336},""low_carbon_london"":{""available_profile_sources"":5000,""logical_devices"":2416,""mean_profile_reuse"":1.0,""profile_bootstrap"":false,""selected_unique_profile_sources"":2416,""weight"":0.48333333333333334}}",dataset_combinations_mixed_physical_fleet_v1,,,,
predefined_mixed_scenario,S1-A,Similar residential,相似住宅半小时电表融合,aggregate,virtual_battery,Virtual battery,O(N),15,4157390,4657390,dominant_plus_15pp,5000,"{""camsl_japan_smart_meters"":0.3333333333333333,""irish_domestic_smart_meters"":0.3333333333333333,""low_carbon_london"":0.3333333333333333}","{""camsl_japan_smart_meters"":0.25833333333333336,""irish_domestic_smart_meters"":0.25833333333333336,""low_carbon_london"":0.48333333333333334}","{""camsl_japan_smart_meters"":1292,""irish_domestic_smart_meters"":1292,""low_carbon_london"":2416}",False,test,88.02625397074293,72.35210933874623,15.674144631996693,17.806215674253586,0.8946620000000001,0.7016793567567513,0,0.0,15.674144631996693,0.0,0.0,"{""camsl_japan_smart_meters"":{""available_profile_sources"":1423,""logical_devices"":1292,""mean_profile_reuse"":1.0,""profile_bootstrap"":false,""selected_unique_profile_sources"":1292,""weight"":0.25833333333333336},""irish_domestic_smart_meters"":{""available_profile_sources"":2904,""logical_devices"":1292,""mean_profile_reuse"":1.0,""profile_bootstrap"":false,""selected_unique_profile_sources"":1292,""weight"":0.25833333333333336},""low_carbon_london"":{""available_profile_sources"":5000,""logical_devices"":2416,""mean_profile_reuse"":1.0,""profile_bootstrap"":false,""selected_unique_profile_sources"":2416,""weight"":0.48333333333333334}}",dataset_combinations_mixed_physical_fleet_v1,,,,
predefined_mixed_scenario,S1-A,Similar residential,相似住宅半小时电表融合,aggregate,virtual_battery,Virtual battery,O(N),16,4157391,4657391,dominant_plus_15pp,5000,"{""camsl_japan_smart_meters"":0.3333333333333333,""irish_domestic_smart_meters"":0.3333333333333333,""low_carbon_london"":0.3333333333333333}","{""camsl_japan_smart_meters"":0.25833333333333336,""irish_domestic_smart_meters"":0.25833333333333336,""low_carbon_london"":0.48333333333333334}","{""camsl_japan_smart_meters"":1292,""irish_domestic_smart_meters"":1292,""low_carbon_london"":2416}",False,test,34.34285284132739,15.230912374418043,19.11194046690935,55.650415983818576,0.8952839999999993,0.9967040304921699,0,0.0,19.11194046690935,0.0,0.0,"{""camsl_japan_smart_meters"":{""available_profile_sources"":1423,""logical_devices"":1292,""mean_profile_reuse"":1.0,""profile_bootstrap"":false,""selected_unique_profile_sources"":1292,""weight"":0.25833333333333336},""irish_domestic_smart_meters"":{""available_profile_sources"":2904,""logical_devices"":1292,""mean_profile_reuse"":1.0,""profile_bootstrap"":false,""selected_unique_profile_sources"":1292,""weight"":0.25833333333333336},""low_carbon_london"":{""available_profile_sources"":5000,""logical_devices"":2416,""mean_profile_reuse"":1.0,""profile_bootstrap"":false,""selected_unique_profile_sources"":2416,""weight"":0.48333333333333334}}",dataset_combinations_mixed_physical_fleet_v1,,,,
predefined_mixed_scenario,S1-A,Similar residential,相似住宅半小时电表融合,aggregate,virtual_battery,Virtual battery,O(N),17,4157392,4657392,dominant_plus_15pp,5000,"{""camsl_japan_smart_meters"":0.3333333333333333,""irish_domestic_smart_meters"":0.3333333333333333,""low_carbon_london"":0.3333333333333333}","{""camsl_japan_smart_meters"":0.25833333333333336,""irish_domestic_smart_meters"":0.25833333333333336,""low_carbon_london"":0.48333333333333334}","{""camsl_japan_smart_meters"":1292,""irish_domestic_smart_meters"":1292,""low_carbon_london"":2416}",False,test,115.39922244505395,107.40525591208632,7.993966532967636,6.927227379520578,0.8944600000000003,0.3926051484923764,0,0.0,7.993966532967636,0.0,0.0,"{""camsl_japan_smart_meters"":{""available_profile_sources"":1423,""logical_devices"":1292,""mean_profile_reuse"":1.0,""profile_bootstrap"":false,""selected_unique_profile_sources"":1292,""weight"":0.25833333333333336},""irish_domestic_smart_meters"":{""available_profile_sources"":2904,""logical_devices"":1292,""mean_profile_reuse"":1.0,""profile_bootstrap"":false,""selected_unique_profile_sources"":1292,""weight"":0.25833333333333336},""low_carbon_london"":{""available_profile_sources"":5000,""logical_devices"":2416,""mean_profile_reuse"":1.0,""profile_bootstrap"":false,""selected_unique_profile_sources"":2416,""weight"":0.48333333333333334}}",dataset_combinations_mixed_physical_fleet_v1,,,,
predefined_mixed_scenario,S1-A,Similar residential,相似住宅半小时电表融合,aggregate,virtual_battery,Virtual battery,O(N),18,4157393,4657393,dominant_plus_15pp,5000,"{""camsl_japan_smart_meters"":0.3333333333333333,""irish_domestic_smart_meters"":0.3333333333333333,""low_carbon_london"":0.3333333333333333}","{""camsl_japan_smart_meters"":0.25833333333333336,""irish_domestic_smart_meters"":0.25833333333333336,""low_carbon_london"":0.48333333333333334}","{""camsl_japan_smart_meters"":1292,""irish_domestic_smart_meters"":1292,""low_carbon_london"":2416}",False,test,116.55953935824265,109.26176297318823,7.297776385054416,6.260985952102039,0.8944279999999996,0.37183758739663103,0,0.0,7.297776385054416,0.0,0.0,"{""camsl_japan_smart_meters"":{""available_profile_sources"":1423,""logical_devices"":1292,""mean_profile_reuse"":1.0,""profile_bootstrap"":false,""selected_unique_profile_sources"":1292,""weight"":0.25833333333333336},""irish_domestic_smart_meters"":{""available_profile_sources"":2904,""logical_devices"":1292,""mean_profile_reuse"":1.0,""profile_bootstrap"":false,""selected_unique_profile_sources"":1292,""weight"":0.25833333333333336},""low_carbon_london"":{""available_profile_sources"":5000,""logical_devices"":2416,""mean_profile_reuse"":1.0,""profile_bootstrap"":false,""selected_unique_profile_sources"":2416,""weight"":0.48333333333333334}}",dataset_combinations_mixed_physical_fleet_v1,,,,
predefined_mixed_scenario,S1-A,Similar residential,相似住宅半小时电表融合,aggregate,virtual_battery,Virtual battery,O(N),19,4157394,4657394,dominant_plus_15pp,5000,"{""camsl_japan_smart_meters"":0.3333333333333333,""irish_domestic_smart_meters"":0.3333333333333333,""low_carbon_london"":0.3333333333333333}","{""camsl_japan_smart_meters"":0.25833333333333336,""irish_domestic_smart_meters"":0.25833333333333336,""low_carbon_london"":0.48333333333333334}","{""camsl_japan_smart_meters"":1292,""irish_domestic_smart_meters"":1292,""low_carbon_london"":2416}",False,test,87.89492152832275,72.17880702511455,15.716114503208198,17.880571744004495,0.8948320000000002,0.7041135830746372,0,0.0,15.716114503208198,0.0,0.0,"{""camsl_japan_smart_meters"":{""available_profile_sources"":1423,""logical_devices"":1292,""mean_profile_reuse"":1.0,""profile_bootstrap"":false,""selected_unique_profile_sources"":1292,""weight"":0.25833333333333336},""irish_domestic_smart_meters"":{""available_profile_sources"":2904,""logical_devices"":1292,""mean_profile_reuse"":1.0,""profile_bootstrap"":false,""selected_unique_profile_sources"":1292,""weight"":0.25833333333333336},""low_carbon_london"":{""available_profile_sources"":5000,""logical_devices"":2416,""mean_profile_reuse"":1.0,""profile_bootstrap"":false,""selected_unique_profile_sources"":2416,""weight"":0.48333333333333334}}",dataset_combinations_mixed_physical_fleet_v1,,,,
predefined_mixed_scenario,S1-A,Similar residential,相似住宅半小时电表融合,aggregate,virtual_battery,Virtual battery,O(N),20,4157395,4657395,dominant_minus_15pp,5000,"{""camsl_japan_smart_meters"":0.3333333333333333,""irish_domestic_smart_meters"":0.3333333333333333,""low_carbon_london"":0.3333333333333333}","{""camsl_japan_smart_meters"":0.40833333333333327,""irish_domestic_smart_meters"":0.40833333333333327,""low_carbon_london"":0.18333333333333332}","{""camsl_japan_smart_meters"":2042,""irish_domestic_smart_meters"":2042,""low_carbon_london"":916}",False,test,119.49794937160793,113.54367760210812,5.954271769499819,4.982739704581504,0.8946659999999994,0.3382310022408498,0,0.0,5.954271769499819,0.0,0.0,"{""camsl_japan_smart_meters"":{""available_profile_sources"":1423,""logical_devices"":2042,""mean_profile_reuse"":1.8855032317636196,""profile_bootstrap"":true,""selected_unique_profile_sources"":1083,""weight"":0.40833333333333327},""irish_domestic_smart_meters"":{""available_profile_sources"":2904,""logical_devices"":2042,""mean_profile_reuse"":1.0,""profile_bootstrap"":false,""selected_unique_profile_sources"":2042,""weight"":0.40833333333333327},""low_carbon_london"":{""available_profile_sources"":5000,""logical_devices"":916,""mean_profile_reuse"":1.0,""profile_bootstrap"":false,""selected_unique_profile_sources"":916,""weight"":0.18333333333333332}}",dataset_combinations_mixed_physical_fleet_v1,,,,
predefined_mixed_scenario,S1-A,Similar residential,相似住宅半小时电表融合,aggregate,virtual_battery,Virtual battery,O(N),21,4157396,4657396,dominant_minus_15pp,5000,"{""camsl_japan_smart_meters"":0.3333333333333333,""irish_domestic_smart_meters"":0.3333333333333333,""low_carbon_london"":0.3333333333333333}","{""camsl_japan_smart_meters"":0.40833333333333327,""irish_domestic_smart_meters"":0.40833333333333327,""low_carbon_london"":0.18333333333333332}","{""camsl_japan_smart_meters"":2042,""irish_domestic_smart_meters"":2042,""low_carbon_london"":916}",False,test,117.44510155030538,110.6786624804886,6.766439069816781,5.761363377865962,0.8953819999999997,0.36296000858127264,0,0.0,6.766439069816781,0.0,0.0,"{""camsl_japan_smart_meters"":{""available_profile_sources"":1423,""logical_devices"":2042,""mean_profile_reuse"":1.8889916743755781,""profile_bootstrap"":true,""selected_unique_profile_sources"":1081,""weight"":0.40833333333333327},""irish_domestic_smart_meters"":{""available_profile_sources"":2904,""logical_devices"":2042,""mean_profile_reuse"":1.0,""profile_bootstrap"":false,""selected_unique_profile_sources"":2042,""weight"":0.40833333333333327},""low_carbon_london"":{""available_profile_sources"":5000,""logical_devices"":916,""mean_profile_reuse"":1.0,""profile_bootstrap"":false,""selected_unique_profile_sources"":916,""weight"":0.18333333333333332}}",dataset_combinations_mixed_physical_fleet_v1,,,,
predefined_mixed_scenario,S1-A,Similar residential,相似住宅半小时电表融合,aggregate,virtual_battery,Virtual battery,O(N),22,4157397,4657397,dominant_minus_15pp,5000,"{""camsl_japan_smart_meters"":0.3333333333333333,""irish_domestic_smart_meters"":0.3333333333333333,""low_carbon_london"":0.3333333333333333}","{""camsl_japan_smart_meters"":0.40833333333333327,""irish_domestic_smart_meters"":0.40833333333333327,""low_carbon_london"":0.18333333333333332}","{""camsl_japan_smart_meters"":2042,""irish_domestic_smart_meters"":2042,""low_carbon_london"":916}",False,test,81.06810566662502,65.18554303884518,15.882562627779834,19.591629158196227,0.8949619999999995,0.7420541977705056,0,0.0,15.882562627779834,0.0,0.0,"{""camsl_japan_smart_meters"":{""available_profile_sources"":1423,""logical_devices"":2042,""mean_profile_reuse"":1.8682525160109789,""profile_bootstrap"":true,""selected_unique_profile_sources"":1093,""weight"":0.40833333333333327},""irish_domestic_smart_meters"":{""available_profile_sources"":2904,""logical_devices"":2042,""mean_profile_reuse"":1.0,""profile_bootstrap"":false,""selected_unique_profile_sources"":2042,""weight"":0.40833333333333327},""low_carbon_london"":{""available_profile_sources"":5000,""logical_devices"":916,""mean_profile_reuse"":1.0,""profile_bootstrap"":false,""selected_unique_profile_sources"":916,""weight"":0.18333333333333332}}",dataset_combinations_mixed_physical_fleet_v1,,,,
predefined_mixed_scenario,S1-A,Similar residential,相似住宅半小时电表融合,aggregate,virtual_battery,Virtual battery,O(N),23,4157398,4657398,dominant_minus_15pp,5000,"{""camsl_japan_smart_meters"":0.3333333333333333,""irish_domestic_smart_meters"":0.3333333333333333,""low_carbon_london"":0.3333333333333333}","{""camsl_japan_smart_meters"":0.40833333333333327,""irish_domestic_smart_meters"":0.40833333333333327,""low_carbon_london"":0.18333333333333332}","{""camsl_japan_smart_meters"":2042,""irish_domestic_smart_meters"":2042,""low_carbon_london"":916}",False,test,118.93112164025422,112.77972855029441,6.1513930899598055,5.17223162879662,0.8950420000000001,0.3441783443166346,0,0.0,6.1513930899598055,0.0,0.0,"{""camsl_japan_smart_meters"":{""available_profile_sources"":1423,""logical_devices"":2042,""mean_profile_reuse"":1.8907407407407408,""profile_bootstrap"":true,""selected_unique_profile_sources"":1080,""weight"":0.40833333333333327},""irish_domestic_smart_meters"":{""available_profile_sources"":2904,""logical_devices"":2042,""mean_profile_reuse"":1.0,""profile_bootstrap"":false,""selected_unique_profile_sources"":2042,""weight"":0.40833333333333327},""low_carbon_london"":{""available_profile_sources"":5000,""logical_devices"":916,""mean_profile_reuse"":1.0,""profile_bootstrap"":false,""selected_unique_profile_sources"":916,""weight"":0.18333333333333332}}",dataset_combinations_mixed_physical_fleet_v1,,,,
predefined_mixed_scenario,S1-A,Similar residential,相似住宅半小时电表融合,aggregate,virtual_battery,Virtual battery,O(N),24,4157399,4657399,dominant_minus_15pp,5000,"{""camsl_japan_smart_meters"":0.3333333333333333,""irish_domestic_smart_meters"":0.3333333333333333,""low_carbon_london"":0.3333333333333333}","{""camsl_japan_smart_meters"":0.40833333333333327,""irish_domestic_smart_meters"":0.40833333333333327,""low_carbon_london"":0.18333333333333332}","{""camsl_japan_smart_meters"":2042,""irish_domestic_smart_meters"":2042,""low_carbon_london"":916}",False,test,93.42266548412086,79.20060111005638,14.222064374064468,15.223355382085316,0.8955180000000001,0.6696186670738666,0,0.0,14.222064374064468,0.0,0.0,"{""camsl_japan_smart_meters"":{""available_profile_sources"":1423,""logical_devices"":2042,""mean_profile_reuse"":1.873394495412844,""profile_bootstrap"":true,""selected_unique_profile_sources"":1090,""weight"":0.40833333333333327},""irish_domestic_smart_meters"":{""available_profile_sources"":2904,""logical_devices"":2042,""mean_profile_reuse"":1.0,""profile_bootstrap"":false,""selected_unique_profile_sources"":2042,""weight"":0.40833333333333327},""low_carbon_london"":{""available_profile_sources"":5000,""logical_devices"":916,""mean_profile_reuse"":1.0,""profile_bootstrap"":false,""selected_unique_profile_sources"":916,""weight"":0.18333333333333332}}",dataset_combinations_mixed_physical_fleet_v1,,,,
predefined_mixed_scenario,S1-A,Similar residential,相似住宅半小时电表融合,aggregate,virtual_battery,Virtual battery,O(N),25,4157400,4657400,dominant_minus_15pp,5000,"{""camsl_japan_smart_meters"":0.3333333333333333,""irish_domestic_smart_meters"":0.3333333333333333,""low_carbon_london"":0.3333333333333333}","{""camsl_japan_smart_meters"":0.40833333333333327,""irish_domestic_smart_meters"":0.40833333333333327,""low_carbon_london"":0.18333333333333332}","{""camsl_japan_smart_meters"":2042,""irish_domestic_smart_meters"":2042,""low_carbon_london"":916}",False,test,116.94909145933657,109.88504633493851,7.064045124398068,6.040273623548624,0.8945560000000002,0.370440690467659,0,0.0,7.064045124398068,0.0,0.0,"{""camsl_japan_smart_meters"":{""available_profile_sources"":1423,""logical_devices"":2042,""mean_profile_reuse"":1.8837638376383763,""profile_bootstrap"":true,""selected_unique_profile_sources"":1084,""weight"":0.40833333333333327},""irish_domestic_smart_meters"":{""available_profile_sources"":2904,""logical_devices"":2042,""mean_profile_reuse"":1.0,""profile_bootstrap"":false,""selected_unique_profile_sources"":2042,""weight"":0.40833333333333327},""low_carbon_london"":{""available_profile_sources"":5000,""logical_devices"":916,""mean_profile_reuse"":1.0,""profile_bootstrap"":false,""selected_unique_profile_sources"":916,""weight"":0.18333333333333332}}",dataset_combinations_mixed_physical_fleet_v1,,,,
predefined_mixed_scenario,S1-A,Similar residential,相似住宅半小时电表融合,aggregate,virtual_battery,Virtual battery,O(N),26,4157401,4657401,dominant_minus_15pp,5000,"{""camsl_japan_smart_meters"":0.3333333333333333,""irish_domestic_smart_meters"":0.3333333333333333,""low_carbon_london"":0.3333333333333333}","{""camsl_japan_smart_meters"":0.40833333333333327,""irish_domestic_smart_meters"":0.40833333333333327,""low_carbon_london"":0.18333333333333332}","{""camsl_japan_smart_meters"":2042,""irish_domestic_smart_meters"":2042,""low_carbon_london"":916}",False,test,76.09165542782053,59.134008999517285,16.957646428303242,22.285816142335115,0.8947599999999994,0.7734581780529902,0,0.0,16.957646428303242,0.0,0.0,"{""camsl_japan_smart_meters"":{""available_profile_sources"":1423,""logical_devices"":2042,""mean_profile_reuse"":1.9048507462686568,""profile_bootstrap"":true,""selected_unique_profile_sources"":1072,""weight"":0.40833333333333327},""irish_domestic_smart_meters"":{""available_profile_sources"":2904,""logical_devices"":2042,""mean_profile_reuse"":1.0,""profile_bootstrap"":false,""selected_unique_profile_sources"":2042,""weight"":0.40833333333333327},""low_carbon_london"":{""available_profile_sources"":5000,""logical_devices"":916,""mean_profile_reuse"":1.0,""profile_bootstrap"":false,""selected_unique_profile_sources"":916,""weight"":0.18333333333333332}}",dataset_combinations_mixed_physical_fleet_v1,,,,
predefined_mixed_scenario,S1-A,Similar residential,相似住宅半小时电表融合,aggregate,virtual_battery,Virtual battery,O(N),27,4157402,4657402,dominant_minus_15pp,5000,"{""camsl_japan_smart_meters"":0.3333333333333333,""irish_domestic_smart_meters"":0.3333333333333333,""low_carbon_london"":0.3333333333333333}","{""camsl_japan_smart_meters"":0.40833333333333327,""irish_domestic_smart_meters"":0.40833333333333327,""low_carbon_london"":0.18333333333333332}","{""camsl_japan_smart_meters"":2042,""irish_domestic_smart_meters"":2042,""low_carbon_london"":916}",False,test,76.15386165036907,59.286626587005905,16.86723506336316,22.148890020577724,0.8944899999999999,0.7736497973334155,0,0.0,16.86723506336316,0.0,0.0,"{""camsl_japan_smart_meters"":{""available_profile_sources"":1423,""logical_devices"":2042,""mean_profile_reuse"":1.88724584103512,""profile_bootstrap"":true,""selected_unique_profile_sources"":1082,""weight"":0.40833333333333327},""irish_domestic_smart_meters"":{""available_profile_sources"":2904,""logical_devices"":2042,""mean_profile_reuse"":1.0,""profile_bootstrap"":false,""selected_unique_profile_sources"":2042,""weight"":0.40833333333333327},""low_carbon_london"":{""available_profile_sources"":5000,""logical_devices"":916,""mean_profile_reuse"":1.0,""profile_bootstrap"":false,""selected_unique_profile_sources"":916,""weight"":0.18333333333333332}}",dataset_combinations_mixed_physical_fleet_v1,,,,
predefined_mixed_scenario,S1-A,Similar residential,相似住宅半小时电表融合,aggregate,virtual_battery,Virtual battery,O(N),28,4157403,4657403,dominant_minus_15pp,5000,"{""camsl_japan_smart_meters"":0.3333333333333333,""irish_domestic_smart_meters"":0.3333333333333333,""low_carbon_london"":0.3333333333333333}","{""camsl_japan_smart_meters"":0.40833333333333327,""irish_domestic_smart_meters"":0.40833333333333327,""low_carbon_london"":0.18333333333333332}","{""camsl_japan_smart_meters"":2042,""irish_domestic_smart_meters"":2042,""low_carbon_london"":916}",False,test,117.44053531021741,110.67135649634785,6.769178813869554,5.763920264829238,0.8935279999999994,0.36355695900765295,0,0.0,6.769178813869554,0.0,0.0,"{""camsl_japan_smart_meters"":{""available_profile_sources"":1423,""logical_devices"":2042,""mean_profile_reuse"":1.8768382352941178,""profile_bootstrap"":true,""selected_unique_profile_sources"":1088,""weight"":0.40833333333333327},""irish_domestic_smart_meters"":{""available_profile_sources"":2904,""logical_devices"":2042,""mean_profile_reuse"":1.0,""profile_bootstrap"":false,""selected_unique_profile_sources"":2042,""weight"":0.40833333333333327},""low_carbon_london"":{""available_profile_sources"":5000,""logical_devices"":916,""mean_profile_reuse"":1.0,""profile_bootstrap"":false,""selected_unique_profile_sources"":916,""weight"":0.18333333333333332}}",dataset_combinations_mixed_physical_fleet_v1,,,,
predefined_mixed_scenario,S1-A,Similar residential,相似住宅半小时电表融合,aggregate,virtual_battery,Virtual battery,O(N),29,4157404,4657404,dominant_minus_15pp,5000,"{""camsl_japan_smart_meters"":0.3333333333333333,""irish_domestic_smart_meters"":0.3333333333333333,""low_carbon_london"":0.3333333333333333}","{""camsl_japan_smart_meters"":0.40833333333333327,""irish_domestic_smart_meters"":0.40833333333333327,""low_carbon_london"":0.18333333333333332}","{""camsl_japan_smart_meters"":2042,""irish_domestic_smart_meters"":2042,""low_carbon_london"":916}",False,test,119.26312002552302,113.26260525367714,6.000514771845891,5.031324663116091,0.8940979999999997,0.34119205460037966,0,0.0,6.000514771845891,0.0,0.0,"{""camsl_japan_smart_meters"":{""available_profile_sources"":1423,""logical_devices"":2042,""mean_profile_reuse"":1.873394495412844,""profile_bootstrap"":true,""selected_unique_profile_sources"":1090,""weight"":0.40833333333333327},""irish_domestic_smart_meters"":{""available_profile_sources"":2904,""logical_devices"":2042,""mean_profile_reuse"":1.0,""profile_bootstrap"":false,""selected_unique_profile_sources"":2042,""weight"":0.40833333333333327},""low_carbon_london"":{""available_profile_sources"":5000,""logical_devices"":916,""mean_profile_reuse"":1.0,""profile_bootstrap"":false,""selected_unique_profile_sources"":916,""weight"":0.18333333333333332}}",dataset_combinations_mixed_physical_fleet_v1,,,,
predefined_mixed_scenario,S1-A,Similar residential,相似住宅半小时电表融合,ieee33,centralized_optimal,Centralized greedy UB,O(N),0,4657375,5657375,nominal,5000,"{""camsl_japan_smart_meters"":0.3333333333333333,""irish_domestic_smart_meters"":0.3333333333333333,""low_carbon_london"":0.3333333333333333}","{""camsl_japan_smart_meters"":0.3333333333333333,""irish_domestic_smart_meters"":0.3333333333333333,""low_carbon_london"":0.3333333333333333}","{""camsl_japan_smart_meters"":1667,""irish_domestic_smart_meters"":1666,""low_carbon_london"":1667}",False,test,99.3677053844885,77.84224958697521,21.52545579751329,21.662426151659382,0.8950619999999998,0.7048611111111112,0,0.0,21.5254557975133,1.0262605580161713e-14,0.0,"{""camsl_japan_smart_meters"":{""available_profile_sources"":1423,""logical_devices"":1667,""mean_profile_reuse"":1.731048805815161,""profile_bootstrap"":true,""selected_unique_profile_sources"":963,""weight"":0.3333333333333333},""irish_domestic_smart_meters"":{""available_profile_sources"":2904,""logical_devices"":1666,""mean_profile_reuse"":1.0,""profile_bootstrap"":false,""selected_unique_profile_sources"":1666,""weight"":0.3333333333333333},""low_carbon_london"":{""available_profile_sources"":5000,""logical_devices"":1667,""mean_profile_reuse"":1.0,""profile_bootstrap"":false,""selected_unique_profile_sources"":1667,""weight"":0.3333333333333333}}",dataset_combinations_mixed_physical_fleet_v1,,,,
predefined_mixed_scenario,S1-A,Similar residential,相似住宅半小时电表融合,ieee33,centralized_optimal,Centralized greedy UB,O(N),1,4657376,5657376,nominal,5000,"{""camsl_japan_smart_meters"":0.3333333333333333,""irish_domestic_smart_meters"":0.3333333333333333,""low_carbon_london"":0.3333333333333333}","{""camsl_japan_smart_meters"":0.3333333333333333,""irish_domestic_smart_meters"":0.3333333333333333,""low_carbon_london"":0.3333333333333333}","{""camsl_japan_smart_meters"":1667,""irish_domestic_smart_meters"":1666,""low_carbon_london"":1667}",False,test,119.21694493224857,98.35514787870352,20.86179705354505,17.49902001380834,0.8946859999999995,0.4375,0,0.0,20.861797053545057,7.413329209763711e-15,0.0,"{""camsl_japan_smart_meters"":{""available_profile_sources"":1423,""logical_devices"":1667,""mean_profile_reuse"":1.6941056910569106,""profile_bootstrap"":true,""selected_unique_profile_sources"":984,""weight"":0.3333333333333333},""irish_domestic_smart_meters"":{""available_profile_sources"":2904,""logical_devices"":1666,""mean_profile_reuse"":1.0,""profile_bootstrap"":false,""selected_unique_profile_sources"":1666,""weight"":0.3333333333333333},""low_carbon_london"":{""available_profile_sources"":5000,""logical_devices"":1667,""mean_profile_reuse"":1.0,""profile_bootstrap"":false,""selected_unique_profile_sources"":1667,""weight"":0.3333333333333333}}",dataset_combinations_mixed_physical_fleet_v1,,,,
predefined_mixed_scenario,S1-A,Similar residential,相似住宅半小时电表融合,ieee33,centralized_optimal,Centralized greedy UB,O(N),2,4657377,5657377,nominal,5000,"{""camsl_japan_smart_meters"":0.3333333333333333,""irish_domestic_smart_meters"":0.3333333333333333,""low_carbon_london"":0.3333333333333333}","{""camsl_japan_smart_meters"":0.3333333333333333,""irish_domestic_smart_meters"":0.3333333333333333,""low_carbon_london"":0.3333333333333333}","{""camsl_japan_smart_meters"":1667,""irish_domestic_smart_meters"":1666,""low_carbon_london"":1667}",False,test,103.67418776136145,82.45829085540686,21.215896905954587,20.464010728291996,0.894655999999999,0.5694444444444444,0,0.0,21.215896905954594,5.674867982937333e-15,0.0,"{""camsl_japan_smart_meters"":{""available_profile_sources"":1423,""logical_devices"":1667,""mean_profile_reuse"":1.720330237358101,""profile_bootstrap"":true,""selected_unique_profile_sources"":969,""weight"":0.3333333333333333},""irish_domestic_smart_meters"":{""available_profile_sources"":2904,""logical_devices"":1666,""mean_profile_reuse"":1.0,""profile_bootstrap"":false,""selected_unique_profile_sources"":1666,""weight"":0.3333333333333333},""low_carbon_london"":{""available_profile_sources"":5000,""logical_devices"":1667,""mean_profile_reuse"":1.0,""profile_bootstrap"":false,""selected_unique_profile_sources"":1667,""weight"":0.3333333333333333}}",dataset_combinations_mixed_physical_fleet_v1,,,,
predefined_mixed_scenario,S1-A,Similar residential,相似住宅半小时电表融合,ieee33,centralized_optimal,Centralized greedy UB,O(N),3,4657378,5657378,nominal,5000,"{""camsl_japan_smart_meters"":0.3333333333333333,""irish_domestic_smart_meters"":0.3333333333333333,""low_carbon_london"":0.3333333333333333}","{""camsl_japan_smart_meters"":0.3333333333333333,""irish_domestic_smart_meters"":0.3333333333333333,""low_carbon_london"":0.3333333333333333}","{""camsl_japan_smart_meters"":1667,""irish_domestic_smart_meters"":1666,""low_carbon_london"":1667}",False,test,100.84251368366546,79.33065638608228,21.511857297583177,21.33213117342957,0.8949539999999994,0.6388888888888888,0,0.0,21.511857297583184,5.269858623554076e-15,0.0,"{""camsl_japan_smart_meters"":{""available_profile_sources"":1423,""logical_devices"":1667,""mean_profile_reuse"":1.7027579162410622,""profile_bootstrap"":true,""selected_unique_profile_sources"":979,""weight"":0.3333333333333333},""irish_domestic_smart_meters"":{""available_profile_sources"":2904,""logical_devices"":1666,""mean_profile_reuse"":1.0,""profile_bootstrap"":false,""selected_unique_profile_sources"":1666,""weight"":0.3333333333333333},""low_carbon_london"":{""available_profile_sources"":5000,""logical_devices"":1667,""mean_profile_reuse"":1.0,""profile_bootstrap"":false,""selected_unique_profile_sources"":1667,""weight"":0.3333333333333333}}",dataset_combinations_mixed_physical_fleet_v1,,,,
predefined_mixed_scenario,S1-A,Similar residential,相似住宅半小时电表融合,ieee33,centralized_optimal,Centralized greedy UB,O(N),4,4657379,5657379,nominal,5000,"{""camsl_japan_smart_meters"":0.3333333333333333,""irish_domestic_smart_meters"":0.3333333333333333,""low_carbon_london"":0.3333333333333333}","{""camsl_japan_smart_meters"":0.3333333333333333,""irish_domestic_smart_meters"":0.3333333333333333,""low_carbon_london"":0.3333333333333333}","{""camsl_japan_smart_meters"":1667,""irish_domestic_smart_meters"":1666,""low_carbon_london"":1667}",False,test,118.22025518856613,97.03605037497587,21.184204813590263,17.919268385777535,0.8946880000000001,0.4409722222222222,0,0.0,21.184204813590274,1.0354976135810525e-14,0.0,"{""camsl_japan_smart_meters"":{""available_profile_sources"":1423,""logical_devices"":1667,""mean_profile_reuse"":1.6992864424057084,""profile_bootstrap"":true,""selected_unique_profile_sources"":981,""weight"":0.3333333333333333},""irish_domestic_smart_meters"":{""available_profile_sources"":2904,""logical_devices"":1666,""mean_profile_reuse"":1.0,""profile_bootstrap"":false,""selected_unique_profile_sources"":1666,""weight"":0.3333333333333333},""low_carbon_london"":{""available_profile_sources"":5000,""logical_devices"":1667,""mean_profile_reuse"":1.0,""profile_bootstrap"":false,""selected_unique_profile_sources"":1667,""weight"":0.3333333333333333}}",dataset_combinations_mixed_physical_fleet_v1,,,,
predefined_mixed_scenario,S1-A,Similar residential,相似住宅半小时电表融合,ieee33,centralized_optimal,Centralized greedy UB,O(N),5,4657380,5657380,nominal,5000,"{""camsl_japan_smart_meters"":0.3333333333333333,""irish_domestic_smart_meters"":0.3333333333333333,""low_carbon_london"":0.3333333333333333}","{""camsl_japan_smart_meters"":0.3333333333333333,""irish_domestic_smart_meters"":0.3333333333333333,""low_carbon_london"":0.3333333333333333}","{""camsl_japan_smart_meters"":1667,""irish_domestic_smart_meters"":1666,""low_carbon_london"":1667}",False,test,118.5166012881671,97.3208336219443,21.195767666222796,17.884218274776845,0.894162,0.4375,0,0.0,21.195767666222803,2.9084882650446767e-15,0.0,"{""camsl_japan_smart_meters"":{""available_profile_sources"":1423,""logical_devices"":1667,""mean_profile_reuse"":1.683838383838384,""profile_bootstrap"":true,""selected_unique_profile_sources"":990,""weight"":0.3333333333333333},""irish_domestic_smart_meters"":{""available_profile_sources"":2904,""logical_devices"":1666,""mean_profile_reuse"":1.0,""profile_bootstrap"":false,""selected_unique_profile_sources"":1666,""weight"":0.3333333333333333},""low_carbon_london"":{""available_profile_sources"":5000,""logical_devices"":1667,""mean_profile_reuse"":1.0,""profile_bootstrap"":false,""selected_unique_profile_sources"":1667,""weight"":0.3333333333333333}}",dataset_combinations_mixed_physical_fleet_v1,,,,
predefined_mixed_scenario,S1-A,Similar residential,相似住宅半小时电表融合,ieee33,centralized_optimal,Centralized greedy UB,O(N),6,4657381,5657381,nominal,5000,"{""camsl_japan_smart_meters"":0.3333333333333333,""irish_domestic_smart_meters"":0.3333333333333333,""low_carbon_london"":0.3333333333333333}","{""camsl_japan_smart_meters"":0.3333333333333333,""irish_domestic_smart_meters"":0.3333333333333333,""low_carbon_london"":0.3333333333333333}","{""camsl_japan_smart_meters"":1667,""irish_domestic_smart_meters"":1666,""low_carbon_london"":1667}",False,test,118.9945898212779,98.10075101637679,20.893838804901108,17.55864601599307,0.8957160000000004,0.4375,0,0.0,20.893838804901115,9.402848869891992e-15,0.0,"{""camsl_japan_smart_meters"":{""available_profile_sources"":1423,""logical_devices"":1667,""mean_profile_reuse"":1.6992864424057084,""profile_bootstrap"":true,""selected_unique_profile_sources"":981,""weight"":0.3333333333333333},""irish_domestic_smart_meters"":{""available_profile_sources"":2904,""logical_devices"":1666,""mean_profile_reuse"":1.0,""profile_bootstrap"":false,""selected_unique_profile_sources"":1666,""weight"":0.3333333333333333},""low_carbon_london"":{""available_profile_sources"":5000,""logical_devices"":1667,""mean_profile_reuse"":1.0,""profile_bootstrap"":false,""selected_unique_profile_sources"":1667,""weight"":0.3333333333333333}}",dataset_combinations_mixed_physical_fleet_v1,,,,
predefined_mixed_scenario,S1-A,Similar residential,相似住宅半小时电表融合,ieee33,centralized_optimal,Centralized greedy UB,O(N),7,4657382,5657382,nominal,5000,"{""camsl_japan_smart_meters"":0.3333333333333333,""irish_domestic_smart_meters"":0.3333333333333333,""low_carbon_london"":0.3333333333333333}","{""camsl_japan_smart_meters"":0.3333333333333333,""irish_domestic_smart_meters"":0.3333333333333333,""low_carbon_london"":0.3333333333333333}","{""camsl_japan_smart_meters"":1667,""irish_domestic_smart_meters"":1666,""low_carbon_london"":1667}",False,test,87.09713392105506,66.07160926690605,21.025524654149006,24.140317491051505,0.8956439999999998,0.7256944444444444,0,0.0,21.02552465414901,1.9895196601282807e-15,0.0,"{""camsl_japan_smart_meters"":{""available_profile_sources"":1423,""logical_devices"":1667,""mean_profile_reuse"":1.6889564336372846,""profile_bootstrap"":true,""selected_unique_profile_sources"":987,""weight"":0.3333333333333333},""irish_domestic_smart_meters"":{""available_profile_sources"":2904,""logical_devices"":1666,""mean_profile_reuse"":1.0,""profile_bootstrap"":false,""selected_unique_profile_sources"":1666,""weight"":0.3333333333333333},""low_carbon_london"":{""available_profile_sources"":5000,""logical_devices"":1667,""mean_profile_reuse"":1.0,""profile_bootstrap"":false,""selected_unique_profile_sources"":1667,""weight"":0.3333333333333333}}",dataset_combinations_mixed_physical_fleet_v1,,,,
predefined_mixed_scenario,S1-A,Similar residential,相似住宅半小时电表融合,ieee33,centralized_optimal,Centralized greedy UB,O(N),8,4657383,5657383,nominal,5000,"{""camsl_japan_smart_meters"":0.3333333333333333,""irish_domestic_smart_meters"":0.3333333333333333,""low_carbon_london"":0.3333333333333333}","{""camsl_japan_smart_meters"":0.3333333333333333,""irish_domestic_smart_meters"":0.3333333333333333,""low_carbon_london"":0.3333333333333333}","{""camsl_japan_smart_meters"":1667,""irish_domestic_smart_meters"":1666,""low_carbon_london"":1667}",False,test,87.17765553011797,66.32746561639229,20.85018991372569,23.91689680909393,0.8949440000000002,0.7256944444444444,0,0.0,20.850189913725693,4.344968829173013e-15,0.0,"{""camsl_japan_smart_meters"":{""available_profile_sources"":1423,""logical_devices"":1667,""mean_profile_reuse"":1.6923857868020304,""profile_bootstrap"":true,""selected_unique_profile_sources"":985,""weight"":0.3333333333333333},""irish_domestic_smart_meters"":{""available_profile_sources"":2904,""logical_devices"":1666,""mean_profile_reuse"":1.0,""profile_bootstrap"":false,""selected_unique_profile_sources"":1666,""weight"":0.3333333333333333},""low_carbon_london"":{""available_profile_sources"":5000,""logical_devices"":1667,""mean_profile_reuse"":1.0,""profile_bootstrap"":false,""selected_unique_profile_sources"":1667,""weight"":0.3333333333333333}}",dataset_combinations_mixed_physical_fleet_v1,,,,
predefined_mixed_scenario,S1-A,Similar residential,相似住宅半小时电表融合,ieee33,centralized_optimal,Centralized greedy UB,O(N),9,4657384,5657384,nominal,5000,"{""camsl_japan_smart_meters"":0.3333333333333333,""irish_domestic_smart_meters"":0.3333333333333333,""low_carbon_london"":0.3333333333333333}","{""camsl_japan_smart_meters"":0.3333333333333333,""irish_domestic_smart_meters"":0.3333333333333333,""low_carbon_london"":0.3333333333333333}","{""camsl_japan_smart_meters"":1667,""irish_domestic_smart_meters"":1666,""low_carbon_london"":1667}",False,test,117.18441098538555,95.93653059858761,21.24788038679795,18.132002548912276,0.8938899999999997,0.4513888888888889,0,0.0,21.24788038679796,8.659147473129754e-15,0.0,"{""camsl_japan_smart_meters"":{""available_profile_sources"":1423,""logical_devices"":1667,""mean_profile_reuse"":1.683838383838384,""profile_bootstrap"":true,""selected_unique_profile_sources"":990,""weight"":0.3333333333333333},""irish_domestic_smart_meters"":{""available_profile_sources"":2904,""logical_devices"":1666,""mean_profile_reuse"":1.0,""profile_bootstrap"":false,""selected_unique_profile_sources"":1666,""weight"":0.3333333333333333},""low_carbon_london"":{""available_profile_sources"":5000,""logical_devices"":1667,""mean_profile_reuse"":1.0,""profile_bootstrap"":false,""selected_unique_profile_sources"":1667,""weight"":0.3333333333333333}}",dataset_combinations_mixed_physical_fleet_v1,,,,
predefined_mixed_scenario,S1-A,Similar residential,相似住宅半小时电表融合,ieee33,centralized_optimal,Centralized greedy UB,O(N),10,4657385,5657385,dominant_plus_15pp,5000,"{""camsl_japan_smart_meters"":0.3333333333333333,""irish_domestic_smart_meters"":0.3333333333333333,""low_carbon_london"":0.3333333333333333}","{""camsl_japan_smart_meters"":0.25833333333333336,""irish_domestic_smart_meters"":0.25833333333333336,""low_carbon_london"":0.48333333333333334}","{""camsl_japan_smart_meters"":1292,""irish_domestic_smart_meters"":1292,""low_carbon_london"":2416}",False,test,75.76570392262022,55.776845618697024,19.988858303923198,26.38246233987067,0.8947900000000001,0.7569444444444444,0,0.0,19.98885830392321,4.625041090851785e-15,0.0,"{""camsl_japan_smart_meters"":{""available_profile_sources"":1423,""logical_devices"":1292,""mean_profile_reuse"":1.0,""profile_bootstrap"":false,""selected_unique_profile_sources"":1292,""weight"":0.25833333333333336},""irish_domestic_smart_meters"":{""available_profile_sources"":2904,""logical_devices"":1292,""mean_profile_reuse"":1.0,""profile_bootstrap"":false,""selected_unique_profile_sources"":1292,""weight"":0.25833333333333336},""low_carbon_london"":{""available_profile_sources"":5000,""logical_devices"":2416,""mean_profile_reuse"":1.0,""profile_bootstrap"":false,""selected_unique_profile_sources"":2416,""weight"":0.48333333333333334}}",dataset_combinations_mixed_physical_fleet_v1,,,,
predefined_mixed_scenario,S1-A,Similar residential,相似住宅半小时电表融合,ieee33,centralized_optimal,Centralized greedy UB,O(N),11,4657386,5657386,dominant_plus_15pp,5000,"{""camsl_japan_smart_meters"":0.3333333333333333,""irish_domestic_smart_meters"":0.3333333333333333,""low_carbon_london"":0.3333333333333333}","{""camsl_japan_smart_meters"":0.25833333333333336,""irish_domestic_smart_meters"":0.25833333333333336,""low_carbon_london"":0.48333333333333334}","{""camsl_japan_smart_meters"":1292,""irish_domestic_smart_meters"":1292,""low_carbon_london"":2416}",False,test,116.4149542490602,95.02613526522512,21.388818983835073,18.37291361904886,0.8943260000000003,0.4513888888888889,0,0.0,21.38881898383508,5.854872142663225e-15,0.0,"{""camsl_japan_smart_meters"":{""available_profile_sources"":1423,""logical_devices"":1292,""mean_profile_reuse"":1.0,""profile_bootstrap"":false,""selected_unique_profile_sources"":1292,""weight"":0.25833333333333336},""irish_domestic_smart_meters"":{""available_profile_sources"":2904,""logical_devices"":1292,""mean_profile_reuse"":1.0,""profile_bootstrap"":false,""selected_unique_profile_sources"":1292,""weight"":0.25833333333333336},""low_carbon_london"":{""available_profile_sources"":5000,""logical_devices"":2416,""mean_profile_reuse"":1.0,""profile_bootstrap"":false,""selected_unique_profile_sources"":2416,""weight"":0.48333333333333334}}",dataset_combinations_mixed_physical_fleet_v1,,,,
predefined_mixed_scenario,S1-A,Similar residential,相似住宅半小时电表融合,ieee33,centralized_optimal,Centralized greedy UB,O(N),12,4657387,5657387,dominant_plus_15pp,5000,"{""camsl_japan_smart_meters"":0.3333333333333333,""irish_domestic_smart_meters"":0.3333333333333333,""low_carbon_london"":0.3333333333333333}","{""camsl_japan_smart_meters"":0.25833333333333336,""irish_domestic_smart_meters"":0.25833333333333336,""low_carbon_london"":0.48333333333333334}","{""camsl_japan_smart_meters"":1292,""irish_domestic_smart_meters"":1292,""low_carbon_london"":2416}",False,test,115.78958326868634,94.4483710749779,21.341212193708444,18.431029451230327,0.8945400000000001,0.4618055555555556,0,0.0,21.34121219370845,7.995974253086994e-15,0.0,"{""camsl_japan_smart_meters"":{""available_profile_sources"":1423,""logical_devices"":1292,""mean_profile_reuse"":1.0,""profile_bootstrap"":false,""selected_unique_profile_sources"":1292,""weight"":0.25833333333333336},""irish_domestic_smart_meters"":{""available_profile_sources"":2904,""logical_devices"":1292,""mean_profile_reuse"":1.0,""profile_bootstrap"":false,""selected_unique_profile_sources"":1292,""weight"":0.25833333333333336},""low_carbon_london"":{""available_profile_sources"":5000,""logical_devices"":2416,""mean_profile_reuse"":1.0,""profile_bootstrap"":false,""selected_unique_profile_sources"":2416,""weight"":0.48333333333333334}}",dataset_combinations_mixed_physical_fleet_v1,,,,
predefined_mixed_scenario,S1-A,Similar residential,相似住宅半小时电表融合,ieee33,centralized_optimal,Centralized greedy UB,O(N),13,4657388,5657388,dominant_plus_15pp,5000,"{""camsl_japan_smart_meters"":0.3333333333333333,""irish_domestic_smart_meters"":0.3333333333333333,""low_carbon_london"":0.3333333333333333}","{""camsl_japan_smart_meters"":0.25833333333333336,""irish_domestic_smart_meters"":0.25833333333333336,""low_carbon_london"":0.48333333333333334}","{""camsl_japan_smart_meters"":1292,""irish_domestic_smart_meters"":1292,""low_carbon_london"":2416}",False,test,81.53054604710435,61.37910594960846,20.15144009749589,24.716429699677686,0.8951759999999997,0.7361111111111112,0,0.0,20.15144009749589,3.5290289209418308e-15,0.0,"{""camsl_japan_smart_meters"":{""available_profile_sources"":1423,""logical_devices"":1292,""mean_profile_reuse"":1.0,""profile_bootstrap"":false,""selected_unique_profile_sources"":1292,""weight"":0.25833333333333336},""irish_domestic_smart_meters"":{""available_profile_sources"":2904,""logical_devices"":1292,""mean_profile_reuse"":1.0,""profile_bootstrap"":false,""selected_unique_profile_sources"":1292,""weight"":0.25833333333333336},""low_carbon_london"":{""available_profile_sources"":5000,""logical_devices"":2416,""mean_profile_reuse"":1.0,""profile_bootstrap"":false,""selected_unique_profile_sources"":2416,""weight"":0.48333333333333334}}",dataset_combinations_mixed_physical_fleet_v1,,,,
predefined_mixed_scenario,S1-A,Similar residential,相似住宅半小时电表融合,ieee33,centralized_optimal,Centralized greedy UB,O(N),14,4657389,5657389,dominant_plus_15pp,5000,"{""camsl_japan_smart_meters"":0.3333333333333333,""irish_domestic_smart_meters"":0.3333333333333333,""low_carbon_london"":0.3333333333333333}","{""camsl_japan_smart_meters"":0.25833333333333336,""irish_domestic_smart_meters"":0.25833333333333336,""low_carbon_london"":0.48333333333333334}","{""camsl_japan_smart_meters"":1292,""irish_domestic_smart_meters"":1292,""low_carbon_london"":2416}",False,test,76.22127183905698,55.79113810121559,20.430133737841395,26.80371665928129,0.8954239999999997,0.7569444444444444,0,0.0,20.4301337378414,5.128934314294989e-15,0.0,"{""camsl_japan_smart_meters"":{""available_profile_sources"":1423,""logical_devices"":1292,""mean_profile_reuse"":1.0,""profile_bootstrap"":false,""selected_unique_profile_sources"":1292,""weight"":0.25833333333333336},""irish_domestic_smart_meters"":{""available_profile_sources"":2904,""logical_devices"":1292,""mean_profile_reuse"":1.0,""profile_bootstrap"":false,""selected_unique_profile_sources"":1292,""weight"":0.25833333333333336},""low_carbon_london"":{""available_profile_sources"":5000,""logical_devices"":2416,""mean_profile_reuse"":1.0,""profile_bootstrap"":false,""selected_unique_profile_sources"":2416,""weight"":0.48333333333333334}}",dataset_combinations_mixed_physical_fleet_v1,,,,
predefined_mixed_scenario,S1-A,Similar residential,相似住宅半小时电表融合,ieee33,centralized_optimal,Centralized greedy UB,O(N),15,4657390,5657390,dominant_plus_15pp,5000,"{""camsl_japan_smart_meters"":0.3333333333333333,""irish_domestic_smart_meters"":0.3333333333333333,""low_carbon_london"":0.3333333333333333}","{""camsl_japan_smart_meters"":0.25833333333333336,""irish_domestic_smart_meters"":0.25833333333333336,""low_carbon_london"":0.48333333333333334}","{""camsl_japan_smart_meters"":1292,""irish_domestic_smart_meters"":1292,""low_carbon_london"":2416}",False,test,116.27915361730868,95.0791273240383,21.200026293270387,18.23200946494907,0.8948260000000001,0.4513888888888889,0,0.0,21.200026293270398,1.009918075093689e-14,0.0,"{""camsl_japan_smart_meters"":{""available_profile_sources"":1423,""logical_devices"":1292,""mean_profile_reuse"":1.0,""profile_bootstrap"":false,""selected_unique_profile_sources"":1292,""weight"":0.25833333333333336},""irish_domestic_smart_meters"":{""available_profile_sources"":2904,""logical_devices"":1292,""mean_profile_reuse"":1.0,""profile_bootstrap"":false,""selected_unique_profile_sources"":1292,""weight"":0.25833333333333336},""low_carbon_london"":{""available_profile_sources"":5000,""logical_devices"":2416,""mean_profile_reuse"":1.0,""profile_bootstrap"":false,""selected_unique_profile_sources"":2416,""weight"":0.48333333333333334}}",dataset_combinations_mixed_physical_fleet_v1,,,,
predefined_mixed_scenario,S1-A,Similar residential,相似住宅半小时电表融合,ieee33,centralized_optimal,Centralized greedy UB,O(N),16,4657391,5657391,dominant_plus_15pp,5000,"{""camsl_japan_smart_meters"":0.3333333333333333,""irish_domestic_smart_meters"":0.3333333333333333,""low_carbon_london"":0.3333333333333333}","{""camsl_japan_smart_meters"":0.25833333333333336,""irish_domestic_smart_meters"":0.25833333333333336,""low_carbon_london"":0.48333333333333334}","{""camsl_japan_smart_meters"":1292,""irish_domestic_smart_meters"":1292,""low_carbon_london"":2416}",False,test,61.910215668387224,41.07828576249629,20.831929905890934,33.648614660743604,0.8945319999999998,0.8020833333333334,0,0.0,20.831929905890938,3.808509063674137e-15,0.0,"{""camsl_japan_smart_meters"":{""available_profile_sources"":1423,""logical_devices"":1292,""mean_profile_reuse"":1.0,""profile_bootstrap"":false,""selected_unique_profile_sources"":1292,""weight"":0.25833333333333336},""irish_domestic_smart_meters"":{""available_profile_sources"":2904,""logical_devices"":1292,""mean_profile_reuse"":1.0,""profile_bootstrap"":false,""selected_unique_profile_sources"":1292,""weight"":0.25833333333333336},""low_carbon_london"":{""available_profile_sources"":5000,""logical_devices"":2416,""mean_profile_reuse"":1.0,""profile_bootstrap"":false,""selected_unique_profile_sources"":2416,""weight"":0.48333333333333334}}",dataset_combinations_mixed_physical_fleet_v1,,,,
predefined_mixed_scenario,S1-A,Similar residential,相似住宅半小时电表融合,ieee33,centralized_optimal,Centralized greedy UB,O(N),17,4657392,5657392,dominant_plus_15pp,5000,"{""camsl_japan_smart_meters"":0.3333333333333333,""irish_domestic_smart_meters"":0.3333333333333333,""low_carbon_london"":0.3333333333333333}","{""camsl_japan_smart_meters"":0.25833333333333336,""irish_domestic_smart_meters"":0.25833333333333336,""low_carbon_london"":0.48333333333333334}","{""camsl_japan_smart_meters"":1292,""irish_domestic_smart_meters"":1292,""low_carbon_london"":2416}",False,test,118.63779734592659,97.31757845818687,21.320218887739717,17.970848553074337,0.895342,0.4444444444444444,0,0.0,21.32021888773972,3.647452710235181e-15,0.0,"{""camsl_japan_smart_meters"":{""available_profile_sources"":1423,""logical_devices"":1292,""mean_profile_reuse"":1.0,""profile_bootstrap"":false,""selected_unique_profile_sources"":1292,""weight"":0.25833333333333336},""irish_domestic_smart_meters"":{""available_profile_sources"":2904,""logical_devices"":1292,""mean_profile_reuse"":1.0,""profile_bootstrap"":false,""selected_unique_profile_sources"":1292,""weight"":0.25833333333333336},""low_carbon_london"":{""available_profile_sources"":5000,""logical_devices"":2416,""mean_profile_reuse"":1.0,""profile_bootstrap"":false,""selected_unique_profile_sources"":2416,""weight"":0.48333333333333334}}",dataset_combinations_mixed_physical_fleet_v1,,,,
predefined_mixed_scenario,S1-A,Similar residential,相似住宅半小时电表融合,ieee33,centralized_optimal,Centralized greedy UB,O(N),18,4657393,5657393,dominant_plus_15pp,5000,"{""camsl_japan_smart_meters"":0.3333333333333333,""irish_domestic_smart_meters"":0.3333333333333333,""low_carbon_london"":0.3333333333333333}","{""camsl_japan_smart_meters"":0.25833333333333336,""irish_domestic_smart_meters"":0.25833333333333336,""low_carbon_london"":0.48333333333333334}","{""camsl_japan_smart_meters"":1292,""irish_domestic_smart_meters"":1292,""low_carbon_london"":2416}",False,test,85.76416452021755,64.99498055471378,20.769183965503768,24.216622503922093,0.8947740000000001,0.7256944444444444,0,0.0,20.76918396550378,1.1375789199519204e-14,0.0,"{""camsl_japan_smart_meters"":{""available_profile_sources"":1423,""logical_devices"":1292,""mean_profile_reuse"":1.0,""profile_bootstrap"":false,""selected_unique_profile_sources"":1292,""weight"":0.25833333333333336},""irish_domestic_smart_meters"":{""available_profile_sources"":2904,""logical_devices"":1292,""mean_profile_reuse"":1.0,""profile_bootstrap"":false,""selected_unique_profile_sources"":1292,""weight"":0.25833333333333336},""low_carbon_london"":{""available_profile_sources"":5000,""logical_devices"":2416,""mean_profile_reuse"":1.0,""profile_bootstrap"":false,""selected_unique_profile_sources"":2416,""weight"":0.48333333333333334}}",dataset_combinations_mixed_physical_fleet_v1,,,,
predefined_mixed_scenario,S1-A,Similar residential,相似住宅半小时电表融合,ieee33,centralized_optimal,Centralized greedy UB,O(N),19,4657394,5657394,dominant_plus_15pp,5000,"{""camsl_japan_smart_meters"":0.3333333333333333,""irish_domestic_smart_meters"":0.3333333333333333,""low_carbon_london"":0.3333333333333333}","{""camsl_japan_smart_meters"":0.25833333333333336,""irish_domestic_smart_meters"":0.25833333333333336,""low_carbon_london"":0.48333333333333334}","{""camsl_japan_smart_meters"":1292,""irish_domestic_smart_meters"":1292,""low_carbon_london"":2416}",False,test,118.41016684931087,97.4601743554953,20.949992493815568,17.692731165961952,0.8950980000000003,0.4444444444444444,0,0.0,20.949992493815575,5.4356519285647665e-15,0.0,"{""camsl_japan_smart_meters"":{""available_profile_sources"":1423,""logical_devices"":1292,""mean_profile_reuse"":1.0,""profile_bootstrap"":false,""selected_unique_profile_sources"":1292,""weight"":0.25833333333333336},""irish_domestic_smart_meters"":{""available_profile_sources"":2904,""logical_devices"":1292,""mean_profile_reuse"":1.0,""profile_bootstrap"":false,""selected_unique_profile_sources"":1292,""weight"":0.25833333333333336},""low_carbon_london"":{""available_profile_sources"":5000,""logical_devices"":2416,""mean_profile_reuse"":1.0,""profile_bootstrap"":false,""selected_unique_profile_sources"":2416,""weight"":0.48333333333333334}}",dataset_combinations_mixed_physical_fleet_v1,,,,
predefined_mixed_scenario,S1-A,Similar residential,相似住宅半小时电表融合,ieee33,centralized_optimal,Centralized greedy UB,O(N),20,4657395,5657395,dominant_minus_15pp,5000,"{""camsl_japan_smart_meters"":0.3333333333333333,""irish_domestic_smart_meters"":0.3333333333333333,""low_carbon_london"":0.3333333333333333}","{""camsl_japan_smart_meters"":0.40833333333333327,""irish_domestic_smart_meters"":0.40833333333333327,""low_carbon_london"":0.18333333333333332}","{""camsl_japan_smart_meters"":2042,""irish_domestic_smart_meters"":2042,""low_carbon_london"":916}",False,test,93.2690404867517,71.78306400909472,21.485976477656997,23.036557860492778,0.8945960000000003,0.7152777777777778,0,0.0,21.485976477657008,7.939130834226186e-15,0.0,"{""camsl_japan_smart_meters"":{""available_profile_sources"":1423,""logical_devices"":2042,""mean_profile_reuse"":1.8837638376383763,""profile_bootstrap"":true,""selected_unique_profile_sources"":1084,""weight"":0.40833333333333327},""irish_domestic_smart_meters"":{""available_profile_sources"":2904,""logical_devices"":2042,""mean_profile_reuse"":1.0,""profile_bootstrap"":false,""selected_unique_profile_sources"":2042,""weight"":0.40833333333333327},""low_carbon_london"":{""available_profile_sources"":5000,""logical_devices"":916,""mean_profile_reuse"":1.0,""profile_bootstrap"":false,""selected_unique_profile_sources"":916,""weight"":0.18333333333333332}}",dataset_combinations_mixed_physical_fleet_v1,,,,
predefined_mixed_scenario,S1-A,Similar residential,相似住宅半小时电表融合,ieee33,centralized_optimal,Centralized greedy UB,O(N),21,4657396,5657396,dominant_minus_15pp,5000,"{""camsl_japan_smart_meters"":0.3333333333333333,""irish_domestic_smart_meters"":0.3333333333333333,""low_carbon_london"":0.3333333333333333}","{""camsl_japan_smart_meters"":0.40833333333333327,""irish_domestic_smart_meters"":0.40833333333333327,""low_carbon_london"":0.18333333333333332}","{""camsl_japan_smart_meters"":2042,""irish_domestic_smart_meters"":2042,""low_carbon_london"":916}",False,test,92.40298950872925,71.06261895991625,21.340370548813006,23.094891910176766,0.8944959999999992,0.71875,0,0.0,21.340370548813013,6.9260153168215766e-15,0.0,"{""camsl_japan_smart_meters"":{""available_profile_sources"":1423,""logical_devices"":2042,""mean_profile_reuse"":1.9209783631232362,""profile_bootstrap"":true,""selected_unique_profile_sources"":1063,""weight"":0.40833333333333327},""irish_domestic_smart_meters"":{""available_profile_sources"":2904,""logical_devices"":2042,""mean_profile_reuse"":1.0,""profile_bootstrap"":false,""selected_unique_profile_sources"":2042,""weight"":0.40833333333333327},""low_carbon_london"":{""available_profile_sources"":5000,""logical_devices"":916,""mean_profile_reuse"":1.0,""profile_bootstrap"":false,""selected_unique_profile_sources"":916,""weight"":0.18333333333333332}}",dataset_combinations_mixed_physical_fleet_v1,,,,
predefined_mixed_scenario,S1-A,Similar residential,相似住宅半小时电表融合,ieee33,centralized_optimal,Centralized greedy UB,O(N),22,4657397,5657397,dominant_minus_15pp,5000,"{""camsl_japan_smart_meters"":0.3333333333333333,""irish_domestic_smart_meters"":0.3333333333333333,""low_carbon_london"":0.3333333333333333}","{""camsl_japan_smart_meters"":0.40833333333333327,""irish_domestic_smart_meters"":0.40833333333333327,""low_carbon_london"":0.18333333333333332}","{""camsl_japan_smart_meters"":2042,""irish_domestic_smart_meters"":2042,""low_carbon_london"":916}",False,test,102.22662157479874,80.73923432585393,21.48738724894481,21.019365521360395,0.8952979999999999,0.6111111111111112,0,0.0,21.487387248944813,4.811558558988811e-15,0.0,"{""camsl_japan_smart_meters"":{""available_profile_sources"":1423,""logical_devices"":2042,""mean_profile_reuse"":1.8820276497695851,""profile_bootstrap"":true,""selected_unique_profile_sources"":1085,""weight"":0.40833333333333327},""irish_domestic_smart_meters"":{""available_profile_sources"":2904,""logical_devices"":2042,""mean_profile_reuse"":1.0,""profile_bootstrap"":false,""selected_unique_profile_sources"":2042,""weight"":0.40833333333333327},""low_carbon_london"":{""available_profile_sources"":5000,""logical_devices"":916,""mean_profile_reuse"":1.0,""profile_bootstrap"":false,""selected_unique_profile_sources"":916,""weight"":0.18333333333333332}}",dataset_combinations_mixed_physical_fleet_v1,,,,
predefined_mixed_scenario,S1-A,Similar residential,相似住宅半小时电表融合,ieee33,centralized_optimal,Centralized greedy UB,O(N),23,4657398,5657398,dominant_minus_15pp,5000,"{""camsl_japan_smart_meters"":0.3333333333333333,""irish_domestic_smart_meters"":0.3333333333333333,""low_carbon_london"":0.3333333333333333}","{""camsl_japan_smart_meters"":0.40833333333333327,""irish_domestic_smart_meters"":0.40833333333333327,""low_carbon_london"":0.18333333333333332}","{""camsl_japan_smart_meters"":2042,""irish_domestic_smart_meters"":2042,""low_carbon_london"":916}",False,test,116.3221913077552,95.03998401684599,21.282207290909213,18.29591331769412,0.8966560000000001,0.4548611111111111,0,0.0,21.282207290909227,1.5252984060983483e-14,0.0,"{""camsl_japan_smart_meters"":{""available_profile_sources"":1423,""logical_devices"":2042,""mean_profile_reuse"":1.88724584103512,""profile_bootstrap"":true,""selected_unique_profile_sources"":1082,""weight"":0.40833333333333327},""irish_domestic_smart_meters"":{""available_profile_sources"":2904,""logical_devices"":2042,""mean_profile_reuse"":1.0,""profile_bootstrap"":false,""selected_unique_profile_sources"":2042,""weight"":0.40833333333333327},""low_carbon_london"":{""available_profile_sources"":5000,""logical_devices"":916,""mean_profile_reuse"":1.0,""profile_bootstrap"":false,""selected_unique_profile_sources"":916,""weight"":0.18333333333333332}}",dataset_combinations_mixed_physical_fleet_v1,,,,
predefined_mixed_scenario,S1-A,Similar residential,相似住宅半小时电表融合,ieee33,centralized_optimal,Centralized greedy UB,O(N),24,4657399,5657399,dominant_minus_15pp,5000,"{""camsl_japan_smart_meters"":0.3333333333333333,""irish_domestic_smart_meters"":0.3333333333333333,""low_carbon_london"":0.3333333333333333}","{""camsl_japan_smart_meters"":0.40833333333333327,""irish_domestic_smart_meters"":0.40833333333333327,""low_carbon_london"":0.18333333333333332}","{""camsl_japan_smart_meters"":2042,""irish_domestic_smart_meters"":2042,""low_carbon_london"":916}",False,test,119.4510929930663,98.36409264365652,21.087000349409777,17.6532502307315,0.8942439999999996,0.4409722222222222,0,0.0,21.087000349409784,4.609053879297183e-15,0.0,"{""camsl_japan_smart_meters"":{""available_profile_sources"":1423,""logical_devices"":2042,""mean_profile_reuse"":1.86996336996337,""profile_bootstrap"":true,""selected_unique_profile_sources"":1092,""weight"":0.40833333333333327},""irish_domestic_smart_meters"":{""available_profile_sources"":2904,""logical_devices"":2042,""mean_profile_reuse"":1.0,""profile_bootstrap"":false,""selected_unique_profile_sources"":2042,""weight"":0.40833333333333327},""low_carbon_london"":{""available_profile_sources"":5000,""logical_devices"":916,""mean_profile_reuse"":1.0,""profile_bootstrap"":false,""selected_unique_profile_sources"":916,""weight"":0.18333333333333332}}",dataset_combinations_mixed_physical_fleet_v1,,,,
predefined_mixed_scenario,S1-A,Similar residential,相似住宅半小时电表融合,ieee33,centralized_optimal,Centralized greedy UB,O(N),25,4657400,5657400,dominant_minus_15pp,5000,"{""camsl_japan_smart_meters"":0.3333333333333333,""irish_domestic_smart_meters"":0.3333333333333333,""low_carbon_london"":0.3333333333333333}","{""camsl_japan_smart_meters"":0.40833333333333327,""irish_domestic_smart_meters"":0.40833333333333327,""low_carbon_london"":0.18333333333333332}","{""camsl_japan_smart_meters"":2042,""irish_domestic_smart_meters"":2042,""low_carbon_london"":916}",False,test,118.89435512200482,97.82997893892261,21.064376183082217,17.716885012300846,0.895362,0.4444444444444444,0,0.0,21.06437618308222,5.8311873848045554e-15,0.0,"{""camsl_japan_smart_meters"":{""available_profile_sources"":1423,""logical_devices"":2042,""mean_profile_reuse"":1.88724584103512,""profile_bootstrap"":true,""selected_unique_profile_sources"":1082,""weight"":0.40833333333333327},""irish_domestic_smart_meters"":{""available_profile_sources"":2904,""logical_devices"":2042,""mean_profile_reuse"":1.0,""profile_bootstrap"":false,""selected_unique_profile_sources"":2042,""weight"":0.40833333333333327},""low_carbon_london"":{""available_profile_sources"":5000,""logical_devices"":916,""mean_profile_reuse"":1.0,""profile_bootstrap"":false,""selected_unique_profile_sources"":916,""weight"":0.18333333333333332}}",dataset_combinations_mixed_physical_fleet_v1,,,,
predefined_mixed_scenario,S1-A,Similar residential,相似住宅半小时电表融合,ieee33,centralized_optimal,Centralized greedy UB,O(N),26,4657401,5657401,dominant_minus_15pp,5000,"{""camsl_japan_smart_meters"":0.3333333333333333,""irish_domestic_smart_meters"":0.3333333333333333,""low_carbon_london"":0.3333333333333333}","{""camsl_japan_smart_meters"":0.40833333333333327,""irish_domestic_smart_meters"":0.40833333333333327,""low_carbon_london"":0.18333333333333332}","{""camsl_japan_smart_meters"":2042,""irish_domestic_smart_meters"":2042,""low_carbon_london"":916}",False,test,117.2874345015762,96.30190936862883,20.98552513294738,17.892389941111173,0.8947119999999998,0.4409722222222222,0,0.0,20.985525132947384,4.035882739117369e-15,0.0,"{""camsl_japan_smart_meters"":{""available_profile_sources"":1423,""logical_devices"":2042,""mean_profile_reuse"":1.852994555353902,""profile_bootstrap"":true,""selected_unique_profile_sources"":1102,""weight"":0.40833333333333327},""irish_domestic_smart_meters"":{""available_profile_sources"":2904,""logical_devices"":2042,""mean_profile_reuse"":1.0,""profile_bootstrap"":false,""selected_unique_profile_sources"":2042,""weight"":0.40833333333333327},""low_carbon_london"":{""available_profile_sources"":5000,""logical_devices"":916,""mean_profile_reuse"":1.0,""profile_bootstrap"":false,""selected_unique_profile_sources"":916,""weight"":0.18333333333333332}}",dataset_combinations_mixed_physical_fleet_v1,,,,
predefined_mixed_scenario,S1-A,Similar residential,相似住宅半小时电表融合,ieee33,centralized_optimal,Centralized greedy UB,O(N),27,4657402,5657402,dominant_minus_15pp,5000,"{""camsl_japan_smart_meters"":0.3333333333333333,""irish_domestic_smart_meters"":0.3333333333333333,""low_carbon_london"":0.3333333333333333}","{""camsl_japan_smart_meters"":0.40833333333333327,""irish_domestic_smart_meters"":0.40833333333333327,""low_carbon_london"":0.18333333333333332}","{""camsl_japan_smart_meters"":2042,""irish_domestic_smart_meters"":2042,""low_carbon_london"":916}",False,test,96.21695444906057,74.51566393843571,21.701290510624855,22.554538994594775,0.8942839999999996,0.7118055555555556,0,0.0,21.701290510624858,6.5772572573526605e-15,0.0,"{""camsl_japan_smart_meters"":{""available_profile_sources"":1423,""logical_devices"":2042,""mean_profile_reuse"":1.9030754892823858,""profile_bootstrap"":true,""selected_unique_profile_sources"":1073,""weight"":0.40833333333333327},""irish_domestic_smart_meters"":{""available_profile_sources"":2904,""logical_devices"":2042,""mean_profile_reuse"":1.0,""profile_bootstrap"":false,""selected_unique_profile_sources"":2042,""weight"":0.40833333333333327},""low_carbon_london"":{""available_profile_sources"":5000,""logical_devices"":916,""mean_profile_reuse"":1.0,""profile_bootstrap"":false,""selected_unique_profile_sources"":916,""weight"":0.18333333333333332}}",dataset_combinations_mixed_physical_fleet_v1,,,,
predefined_mixed_scenario,S1-A,Similar residential,相似住宅半小时电表融合,ieee33,centralized_optimal,Centralized greedy UB,O(N),28,4657403,5657403,dominant_minus_15pp,5000,"{""camsl_japan_smart_meters"":0.3333333333333333,""irish_domestic_smart_meters"":0.3333333333333333,""low_carbon_london"":0.3333333333333333}","{""camsl_japan_smart_meters"":0.40833333333333327,""irish_domestic_smart_meters"":0.40833333333333327,""low_carbon_london"":0.18333333333333332}","{""camsl_japan_smart_meters"":2042,""irish_domestic_smart_meters"":2042,""low_carbon_london"":916}",False,test,118.52095606968443,97.31390586056253,21.2070502091219,17.893080609857055,0.8952919999999995,0.4409722222222222,0,0.0,21.207050209121903,2.9748055870489525e-15,0.0,"{""camsl_japan_smart_meters"":{""available_profile_sources"":1423,""logical_devices"":2042,""mean_profile_reuse"":1.9245994344957587,""profile_bootstrap"":true,""selected_unique_profile_sources"":1061,""weight"":0.40833333333333327},""irish_domestic_smart_meters"":{""available_profile_sources"":2904,""logical_devices"":2042,""mean_profile_reuse"":1.0,""profile_bootstrap"":false,""selected_unique_profile_sources"":2042,""weight"":0.40833333333333327},""low_carbon_london"":{""available_profile_sources"":5000,""logical_devices"":916,""mean_profile_reuse"":1.0,""profile_bootstrap"":false,""selected_unique_profile_sources"":916,""weight"":0.18333333333333332}}",dataset_combinations_mixed_physical_fleet_v1,,,,
predefined_mixed_scenario,S1-A,Similar residential,相似住宅半小时电表融合,ieee33,centralized_optimal,Centralized greedy UB,O(N),29,4657404,5657404,dominant_minus_15pp,5000,"{""camsl_japan_smart_meters"":0.3333333333333333,""irish_domestic_smart_meters"":0.3333333333333333,""low_carbon_london"":0.3333333333333333}","{""camsl_japan_smart_meters"":0.40833333333333327,""irish_domestic_smart_meters"":0.40833333333333327,""low_carbon_london"":0.18333333333333332}","{""camsl_japan_smart_meters"":2042,""irish_domestic_smart_meters"":2042,""low_carbon_london"":916}",False,test,119.31449170210253,98.20157613472307,21.11291556737946,17.695181252662046,0.8951939999999999,0.4409722222222222,0,0.0,21.112915567379467,5.9164525130957675e-15,0.0,"{""camsl_japan_smart_meters"":{""available_profile_sources"":1423,""logical_devices"":2042,""mean_profile_reuse"":1.8855032317636196,""profile_bootstrap"":true,""selected_unique_profile_sources"":1083,""weight"":0.40833333333333327},""irish_domestic_smart_meters"":{""available_profile_sources"":2904,""logical_devices"":2042,""mean_profile_reuse"":1.0,""profile_bootstrap"":false,""selected_unique_profile_sources"":2042,""weight"":0.40833333333333327},""low_carbon_london"":{""available_profile_sources"":5000,""logical_devices"":916,""mean_profile_reuse"":1.0,""profile_bootstrap"":false,""selected_unique_profile_sources"":916,""weight"":0.18333333333333332}}",dataset_combinations_mixed_physical_fleet_v1,,,,
predefined_mixed_scenario,S1-A,Similar residential,相似住宅半小时电表融合,ieee33,eps_e20_pooled,E20 pooled EPS,O(1),0,4657375,5457375,nominal,5000,"{""camsl_japan_smart_meters"":0.3333333333333333,""irish_domestic_smart_meters"":0.3333333333333333,""low_carbon_london"":0.3333333333333333}","{""camsl_japan_smart_meters"":0.3333333333333333,""irish_domestic_smart_meters"":0.3333333333333333,""low_carbon_london"":0.3333333333333333}","{""camsl_japan_smart_meters"":1667,""irish_domestic_smart_meters"":1666,""low_carbon_london"":1667}",False,test,99.3677053844885,81.64049814552322,17.72720723896527,17.840008653085523,0.8950619999999998,0.5563386900894258,0,0.0,22.711034876106563,4.983827637141291,0.0,"{""camsl_japan_smart_meters"":{""available_profile_sources"":1423,""logical_devices"":1667,""mean_profile_reuse"":1.731048805815161,""profile_bootstrap"":true,""selected_unique_profile_sources"":963,""weight"":0.3333333333333333},""irish_domestic_smart_meters"":{""available_profile_sources"":2904,""logical_devices"":1666,""mean_profile_reuse"":1.0,""profile_bootstrap"":false,""selected_unique_profile_sources"":1666,""weight"":0.3333333333333333},""low_carbon_london"":{""available_profile_sources"":5000,""logical_devices"":1667,""mean_profile_reuse"":1.0,""profile_bootstrap"":false,""selected_unique_profile_sources"":1667,""weight"":0.3333333333333333}}",dataset_combinations_mixed_physical_fleet_v1,2923.875892846746,1992.1904761904761,2927.6451537506405,3257.5428428661157
predefined_mixed_scenario,S1-A,Similar residential,相似住宅半小时电表融合,ieee33,eps_e20_pooled,E20 pooled EPS,O(1),1,4657376,5457376,nominal,5000,"{""camsl_japan_smart_meters"":0.3333333333333333,""irish_domestic_smart_meters"":0.3333333333333333,""low_carbon_london"":0.3333333333333333}","{""camsl_japan_smart_meters"":0.3333333333333333,""irish_domestic_smart_meters"":0.3333333333333333,""low_carbon_london"":0.3333333333333333}","{""camsl_japan_smart_meters"":1667,""irish_domestic_smart_meters"":1666,""low_carbon_london"":1667}",False,test,119.21694493224857,99.77393815235914,19.443006779889437,16.308928895081955,0.8946859999999995,0.461988518063668,0,0.0,23.031378659055704,3.5883718791662655,0.0,"{""camsl_japan_smart_meters"":{""available_profile_sources"":1423,""logical_devices"":1667,""mean_profile_reuse"":1.6941056910569106,""profile_bootstrap"":true,""selected_unique_profile_sources"":984,""weight"":0.3333333333333333},""irish_domestic_smart_meters"":{""available_profile_sources"":2904,""logical_devices"":1666,""mean_profile_reuse"":1.0,""profile_bootstrap"":false,""selected_unique_profile_sources"":1666,""weight"":0.3333333333333333},""low_carbon_london"":{""available_profile_sources"":5000,""logical_devices"":1667,""mean_profile_reuse"":1.0,""profile_bootstrap"":false,""selected_unique_profile_sources"":1667,""weight"":0.3333333333333333}}",dataset_combinations_mixed_physical_fleet_v1,3906.847784353959,2765.2105263157896,3906.847784353959,4033.1940183810057
predefined_mixed_scenario,S1-A,Similar residential,相似住宅半小时电表融合,ieee33,eps_e20_pooled,E20 pooled EPS,O(1),2,4657377,5457377,nominal,5000,"{""camsl_japan_smart_meters"":0.3333333333333333,""irish_domestic_smart_meters"":0.3333333333333333,""low_carbon_london"":0.3333333333333333}","{""camsl_japan_smart_meters"":0.3333333333333333,""irish_domestic_smart_meters"":0.3333333333333333,""low_carbon_london"":0.3333333333333333}","{""camsl_japan_smart_meters"":1667,""irish_domestic_smart_meters"":1666,""low_carbon_london"":1667}",False,test,103.67418776136145,85.33472089685303,18.339466864508424,17.689520661326462,0.894655999999999,0.5353431422116507,0,0.0,23.74383887435128,5.404372009842858,0.0,"{""camsl_japan_smart_meters"":{""available_profile_sources"":1423,""logical_devices"":1667,""mean_profile_reuse"":1.720330237358101,""profile_bootstrap"":true,""selected_unique_profile_sources"":969,""weight"":0.3333333333333333},""irish_domestic_smart_meters"":{""available_profile_sources"":2904,""logical_devices"":1666,""mean_profile_reuse"":1.0,""profile_bootstrap"":false,""selected_unique_profile_sources"":1666,""weight"":0.3333333333333333},""low_carbon_london"":{""available_profile_sources"":5000,""logical_devices"":1667,""mean_profile_reuse"":1.0,""profile_bootstrap"":false,""selected_unique_profile_sources"":1667,""weight"":0.3333333333333333}}",dataset_combinations_mixed_physical_fleet_v1,3221.3397864186663,2071.4285714285716,3221.3397864186663,3335.7106867369307
predefined_mixed_scenario,S1-A,Similar residential,相似住宅半小时电表融合,ieee33,eps_e20_pooled,E20 pooled EPS,O(1),3,4657378,5457378,nominal,5000,"{""camsl_japan_smart_meters"":0.3333333333333333,""irish_domestic_smart_meters"":0.3333333333333333,""low_carbon_london"":0.3333333333333333}","{""camsl_japan_smart_meters"":0.3333333333333333,""irish_domestic_smart_meters"":0.3333333333333333,""low_carbon_london"":0.3333333333333333}","{""camsl_japan_smart_meters"":1667,""irish_domestic_smart_meters"":1666,""low_carbon_london"":1667}",False,test,100.84251368366546,82.81390542400271,18.028608259662747,17.877983799786055,0.8949539999999994,0.5578928332589731,0,0.0,23.143193484163973,5.1145852245012255,0.0,"{""camsl_japan_smart_meters"":{""available_profile_sources"":1423,""logical_devices"":1667,""mean_profile_reuse"":1.7027579162410622,""profile_bootstrap"":true,""selected_unique_profile_sources"":979,""weight"":0.3333333333333333},""irish_domestic_smart_meters"":{""available_profile_sources"":2904,""logical_devices"":1666,""mean_profile_reuse"":1.0,""profile_bootstrap"":false,""selected_unique_profile_sources"":1666,""weight"":0.3333333333333333},""low_carbon_london"":{""available_profile_sources"":5000,""logical_devices"":1667,""mean_profile_reuse"":1.0,""profile_bootstrap"":false,""selected_unique_profile_sources"":1667,""weight"":0.3333333333333333}}",dataset_combinations_mixed_physical_fleet_v1,3033.123580835395,2014.5238095238096,3034.992625083958,3276.1529225017634
predefined_mixed_scenario,S1-A,Similar residential,相似住宅半小时电表融合,ieee33,eps_e20_pooled,E20 pooled EPS,O(1),4,4657379,5457379,nominal,5000,"{""camsl_japan_smart_meters"":0.3333333333333333,""irish_domestic_smart_meters"":0.3333333333333333,""low_carbon_london"":0.3333333333333333}","{""camsl_japan_smart_meters"":0.3333333333333333,""irish_domestic_smart_meters"":0.3333333333333333,""low_carbon_london"":0.3333333333333333}","{""camsl_japan_smart_meters"":1667,""irish_domestic_smart_meters"":1666,""low_carbon_london"":1667}",False,test,118.22025518856613,98.0247821845279,20.19547300403823,17.082921172709053,0.8946880000000001,0.47221409874984527,0,0.0,23.349225802820254,3.1537527987820164,0.0,"{""camsl_japan_smart_meters"":{""available_profile_sources"":1423,""logical_devices"":1667,""mean_profile_reuse"":1.6992864424057084,""profile_bootstrap"":true,""selected_unique_profile_sources"":981,""weight"":0.3333333333333333},""irish_domestic_smart_meters"":{""available_profile_sources"":2904,""logical_devices"":1666,""mean_profile_reuse"":1.0,""profile_bootstrap"":false,""selected_unique_profile_sources"":1666,""weight"":0.3333333333333333},""low_carbon_london"":{""available_profile_sources"":5000,""logical_devices"":1667,""mean_profile_reuse"":1.0,""profile_bootstrap"":false,""selected_unique_profile_sources"":1667,""weight"":0.3333333333333333}}",dataset_combinations_mixed_physical_fleet_v1,3890.25,2747.3684210526317,3890.25,4018.518868344814
predefined_mixed_scenario,S1-A,Similar residential,相似住宅半小时电表融合,ieee33,eps_e20_pooled,E20 pooled EPS,O(1),5,4657380,5457380,nominal,5000,"{""camsl_japan_smart_meters"":0.3333333333333333,""irish_domestic_smart_meters"":0.3333333333333333,""low_carbon_london"":0.3333333333333333}","{""camsl_japan_smart_meters"":0.3333333333333333,""irish_domestic_smart_meters"":0.3333333333333333,""low_carbon_london"":0.3333333333333333}","{""camsl_japan_smart_meters"":1667,""irish_domestic_smart_meters"":1666,""low_carbon_london"":1667}",False,test,118.5166012881671,98.64430649950054,19.872294788666554,16.76751996992225,0.894162,0.4742985321003601,0,0.0,23.133181947550927,3.2608871588843686,0.0,"{""camsl_japan_smart_meters"":{""available_profile_sources"":1423,""logical_devices"":1667,""mean_profile_reuse"":1.683838383838384,""profile_bootstrap"":true,""selected_unique_profile_sources"":990,""weight"":0.3333333333333333},""irish_domestic_smart_meters"":{""available_profile_sources"":2904,""logical_devices"":1666,""mean_profile_reuse"":1.0,""profile_bootstrap"":false,""selected_unique_profile_sources"":1666,""weight"":0.3333333333333333},""low_carbon_london"":{""available_profile_sources"":5000,""logical_devices"":1667,""mean_profile_reuse"":1.0,""profile_bootstrap"":false,""selected_unique_profile_sources"":1667,""weight"":0.3333333333333333}}",dataset_combinations_mixed_physical_fleet_v1,3894.7379006094206,2747.3684210526317,3894.7379006094206,4018.518868344814
predefined_mixed_scenario,S1-A,Similar residential,相似住宅半小时电表融合,ieee33,eps_e20_pooled,E20 pooled EPS,O(1),6,4657381,5457381,nominal,5000,"{""camsl_japan_smart_meters"":0.3333333333333333,""irish_domestic_smart_meters"":0.3333333333333333,""low_carbon_london"":0.3333333333333333}","{""camsl_japan_smart_meters"":0.3333333333333333,""irish_domestic_smart_meters"":0.3333333333333333,""low_carbon_london"":0.3333333333333333}","{""camsl_japan_smart_meters"":1667,""irish_domestic_smart_meters"":1666,""low_carbon_london"":1667}",False,test,118.9945898212779,99.47681885281466,19.517770968463235,16.402233914817185,0.8957160000000004,0.46732706394529205,0,0.0,23.136524127549375,3.618753159086136,0.0,"{""camsl_japan_smart_meters"":{""available_profile_sources"":1423,""logical_devices"":1667,""mean_profile_reuse"":1.6992864424057084,""profile_bootstrap"":true,""selected_unique_profile_sources"":981,""weight"":0.3333333333333333},""irish_domestic_smart_meters"":{""available_profile_sources"":2904,""logical_devices"":1666,""mean_profile_reuse"":1.0,""profile_bootstrap"":false,""selected_unique_profile_sources"":1666,""weight"":0.3333333333333333},""low_carbon_london"":{""available_profile_sources"":5000,""logical_devices"":1667,""mean_profile_reuse"":1.0,""profile_bootstrap"":false,""selected_unique_profile_sources"":1667,""weight"":0.3333333333333333}}",dataset_combinations_mixed_physical_fleet_v1,3903.023171752297,2769.7368421052633,3903.023171752297,4041.3328730008407
predefined_mixed_scenario,S1-A,Similar residential,相似住宅半小时电表融合,ieee33,eps_e20_pooled,E20 pooled EPS,O(1),7,4657382,5457382,nominal,5000,"{""camsl_japan_smart_meters"":0.3333333333333333,""irish_domestic_smart_meters"":0.3333333333333333,""low_carbon_london"":0.3333333333333333}","{""camsl_japan_smart_meters"":0.3333333333333333,""irish_domestic_smart_meters"":0.3333333333333333,""low_carbon_london"":0.3333333333333333}","{""camsl_japan_smart_meters"":1667,""irish_domestic_smart_meters"":1666,""low_carbon_london"":1667}",False,test,87.09713392105506,72.2038533991103,14.893280521944764,17.09962182618322,0.8956439999999998,0.6318827869567178,0,0.0,19.801833400990336,4.9085528790455735,0.0,"{""camsl_japan_smart_meters"":{""available_profile_sources"":1423,""logical_devices"":1667,""mean_profile_reuse"":1.6889564336372846,""profile_bootstrap"":true,""selected_unique_profile_sources"":987,""weight"":0.3333333333333333},""irish_domestic_smart_meters"":{""available_profile_sources"":2904,""logical_devices"":1666,""mean_profile_reuse"":1.0,""profile_bootstrap"":false,""selected_unique_profile_sources"":1666,""weight"":0.3333333333333333},""low_carbon_london"":{""available_profile_sources"":5000,""logical_devices"":1667,""mean_profile_reuse"":1.0,""profile_bootstrap"":false,""selected_unique_profile_sources"":1667,""weight"":0.3333333333333333}}",dataset_combinations_mixed_physical_fleet_v1,2887.95349333428,2412.25,2921.2603567885594,3771.488923882193
predefined_mixed_scenario,S1-A,Similar residential,相似住宅半小时电表融合,ieee33,eps_e20_pooled,E20 pooled EPS,O(1),8,4657383,5457383,nominal,5000,"{""camsl_japan_smart_meters"":0.3333333333333333,""irish_domestic_smart_meters"":0.3333333333333333,""low_carbon_london"":0.3333333333333333}","{""camsl_japan_smart_meters"":0.3333333333333333,""irish_domestic_smart_meters"":0.3333333333333333,""low_carbon_london"":0.3333333333333333}","{""camsl_japan_smart_meters"":1667,""irish_domestic_smart_meters"":1666,""low_carbon_london"":1667}",False,test,87.17765553011797,72.39267563874283,14.784979891375139,16.959597962883112,0.8949440000000002,0.6152526915507673,0,0.0,19.781272422182724,4.996292530807583,0.0,"{""camsl_japan_smart_meters"":{""available_profile_sources"":1423,""logical_devices"":1667,""mean_profile_reuse"":1.6923857868020304,""profile_bootstrap"":true,""selected_unique_profile_sources"":985,""weight"":0.3333333333333333},""irish_domestic_smart_meters"":{""available_profile_sources"":2904,""logical_devices"":1666,""mean_profile_reuse"":1.0,""profile_bootstrap"":false,""selected_unique_profile_sources"":1666,""weight"":0.3333333333333333},""low_carbon_london"":{""available_profile_sources"":5000,""logical_devices"":1667,""mean_profile_reuse"":1.0,""profile_bootstrap"":false,""selected_unique_profile_sources"":1667,""weight"":0.3333333333333333}}",dataset_combinations_mixed_physical_fleet_v1,2916.779436050629,2415.0625,2951.3310071472333,3774.901900996105
predefined_mixed_scenario,S1-A,Similar residential,相似住宅半小时电表融合,ieee33,eps_e20_pooled,E20 pooled EPS,O(1),9,4657384,5457384,nominal,5000,"{""camsl_japan_smart_meters"":0.3333333333333333,""irish_domestic_smart_meters"":0.3333333333333333,""low_carbon_london"":0.3333333333333333}","{""camsl_japan_smart_meters"":0.3333333333333333,""irish_domestic_smart_meters"":0.3333333333333333,""low_carbon_london"":0.3333333333333333}","{""camsl_japan_smart_meters"":1667,""irish_domestic_smart_meters"":1666,""low_carbon_london"":1667}",False,test,117.18441098538555,96.46614026386399,20.718270721521556,17.68005705477788,0.8938899999999997,0.485571552362607,0,0.0,23.625129786238052,2.9068590647164965,0.0,"{""camsl_japan_smart_meters"":{""available_profile_sources"":1423,""logical_devices"":1667,""mean_profile_reuse"":1.683838383838384,""profile_bootstrap"":true,""selected_unique_profile_sources"":990,""weight"":0.3333333333333333},""irish_domestic_smart_meters"":{""available_profile_sources"":2904,""logical_devices"":1666,""mean_profile_reuse"":1.0,""profile_bootstrap"":false,""selected_unique_profile_sources"":1666,""weight"":0.3333333333333333},""low_carbon_london"":{""available_profile_sources"":5000,""logical_devices"":1667,""mean_profile_reuse"":1.0,""profile_bootstrap"":false,""selected_unique_profile_sources"":1667,""weight"":0.3333333333333333}}",dataset_combinations_mixed_physical_fleet_v1,4095.0,2881.0,4095.0,4168.6049103368005
predefined_mixed_scenario,S1-A,Similar residential,相似住宅半小时电表融合,ieee33,eps_e20_pooled,E20 pooled EPS,O(1),10,4657385,5457385,dominant_plus_15pp,5000,"{""camsl_japan_smart_meters"":0.3333333333333333,""irish_domestic_smart_meters"":0.3333333333333333,""low_carbon_london"":0.3333333333333333}","{""camsl_japan_smart_meters"":0.25833333333333336,""irish_domestic_smart_meters"":0.25833333333333336,""low_carbon_london"":0.48333333333333334}","{""camsl_japan_smart_meters"":1292,""irish_domestic_smart_meters"":1292,""low_carbon_london"":2416}",False,test,75.76570392262022,60.945640738828175,14.820063183792048,19.56038473413753,0.8947900000000001,0.6858534380942751,0,0.0,18.636358788411904,3.816295604619856,0.0,"{""camsl_japan_smart_meters"":{""available_profile_sources"":1423,""logical_devices"":1292,""mean_profile_reuse"":1.0,""profile_bootstrap"":false,""selected_unique_profile_sources"":1292,""weight"":0.25833333333333336},""irish_domestic_smart_meters"":{""available_profile_sources"":2904,""logical_devices"":1292,""mean_profile_reuse"":1.0,""profile_bootstrap"":false,""selected_unique_profile_sources"":1292,""weight"":0.25833333333333336},""low_carbon_london"":{""available_profile_sources"":5000,""logical_devices"":2416,""mean_profile_reuse"":1.0,""profile_bootstrap"":false,""selected_unique_profile_sources"":2416,""weight"":0.48333333333333334}}",dataset_combinations_mixed_physical_fleet_v1,3066.075533494278,2834.3076923076924,3119.972541807969,4320.1136596862725
predefined_mixed_scenario,S1-A,Similar residential,相似住宅半小时电表融合,ieee33,eps_e20_pooled,E20 pooled EPS,O(1),11,4657386,5457386,dominant_plus_15pp,5000,"{""camsl_japan_smart_meters"":0.3333333333333333,""irish_domestic_smart_meters"":0.3333333333333333,""low_carbon_london"":0.3333333333333333}","{""camsl_japan_smart_meters"":0.25833333333333336,""irish_domestic_smart_meters"":0.25833333333333336,""low_carbon_london"":0.48333333333333334}","{""camsl_japan_smart_meters"":1292,""irish_domestic_smart_meters"":1292,""low_carbon_london"":2416}",False,test,116.4149542490602,95.86933402030864,20.545620228751556,17.648609116656868,0.8943260000000003,0.48724722318978486,0,0.0,23.50112372970344,2.955503500951884,0.0,"{""camsl_japan_smart_meters"":{""available_profile_sources"":1423,""logical_devices"":1292,""mean_profile_reuse"":1.0,""profile_bootstrap"":false,""selected_unique_profile_sources"":1292,""weight"":0.25833333333333336},""irish_domestic_smart_meters"":{""available_profile_sources"":2904,""logical_devices"":1292,""mean_profile_reuse"":1.0,""profile_bootstrap"":false,""selected_unique_profile_sources"":1292,""weight"":0.25833333333333336},""low_carbon_london"":{""available_profile_sources"":5000,""logical_devices"":2416,""mean_profile_reuse"":1.0,""profile_bootstrap"":false,""selected_unique_profile_sources"":2416,""weight"":0.48333333333333334}}",dataset_combinations_mixed_physical_fleet_v1,4095.0,2843.1111111111113,4095.0,4138.6131624540985
predefined_mixed_scenario,S1-A,Similar residential,相似住宅半小时电表融合,ieee33,eps_e20_pooled,E20 pooled EPS,O(1),12,4657387,5457387,dominant_plus_15pp,5000,"{""camsl_japan_smart_meters"":0.3333333333333333,""irish_domestic_smart_meters"":0.3333333333333333,""low_carbon_london"":0.3333333333333333}","{""camsl_japan_smart_meters"":0.25833333333333336,""irish_domestic_smart_meters"":0.25833333333333336,""low_carbon_london"":0.48333333333333334}","{""camsl_japan_smart_meters"":1292,""irish_domestic_smart_meters"":1292,""low_carbon_london"":2416}",False,test,115.78958326868634,95.6612995912275,20.128283677458846,17.383501269498264,0.8945400000000001,0.48437563913056514,0,0.0,23.32653306539731,3.1982493879384637,0.0,"{""camsl_japan_smart_meters"":{""available_profile_sources"":1423,""logical_devices"":1292,""mean_profile_reuse"":1.0,""profile_bootstrap"":false,""selected_unique_profile_sources"":1292,""weight"":0.25833333333333336},""irish_domestic_smart_meters"":{""available_profile_sources"":2904,""logical_devices"":1292,""mean_profile_reuse"":1.0,""profile_bootstrap"":false,""selected_unique_profile_sources"":1292,""weight"":0.25833333333333336},""low_carbon_london"":{""available_profile_sources"":5000,""logical_devices"":2416,""mean_profile_reuse"":1.0,""profile_bootstrap"":false,""selected_unique_profile_sources"":2416,""weight"":0.48333333333333334}}",dataset_combinations_mixed_physical_fleet_v1,4095.0,2828.8888888888887,4095.0,4125.013232987437
predefined_mixed_scenario,S1-A,Similar residential,相似住宅半小时电表融合,ieee33,eps_e20_pooled,E20 pooled EPS,O(1),13,4657388,5457388,dominant_plus_15pp,5000,"{""camsl_japan_smart_meters"":0.3333333333333333,""irish_domestic_smart_meters"":0.3333333333333333,""low_carbon_london"":0.3333333333333333}","{""camsl_japan_smart_meters"":0.25833333333333336,""irish_domestic_smart_meters"":0.25833333333333336,""low_carbon_london"":0.48333333333333334}","{""camsl_japan_smart_meters"":1292,""irish_domestic_smart_meters"":1292,""low_carbon_london"":2416}",False,test,81.53054604710435,68.73914856866801,12.791397478436332,15.689085991213766,0.8951759999999997,0.6730536451692755,0,0.0,19.35043457010792,6.559037091671595,0.0,"{""camsl_japan_smart_meters"":{""available_profile_sources"":1423,""logical_devices"":1292,""mean_profile_reuse"":1.0,""profile_bootstrap"":false,""selected_unique_profile_sources"":1292,""weight"":0.25833333333333336},""irish_domestic_smart_meters"":{""available_profile_sources"":2904,""logical_devices"":1292,""mean_profile_reuse"":1.0,""profile_bootstrap"":false,""selected_unique_profile_sources"":1292,""weight"":0.25833333333333336},""low_carbon_london"":{""available_profile_sources"":5000,""logical_devices"":2416,""mean_profile_reuse"":1.0,""profile_bootstrap"":false,""selected_unique_profile_sources"":2416,""weight"":0.48333333333333334}}",dataset_combinations_mixed_physical_fleet_v1,2569.562052923066,2227.764705882353,2584.4016665310564,3559.795837047631
predefined_mixed_scenario,S1-A,Similar residential,相似住宅半小时电表融合,ieee33,eps_e20_pooled,E20 pooled EPS,O(1),14,4657389,5457389,dominant_plus_15pp,5000,"{""camsl_japan_smart_meters"":0.3333333333333333,""irish_domestic_smart_meters"":0.3333333333333333,""low_carbon_london"":0.3333333333333333}","{""camsl_japan_smart_meters"":0.25833333333333336,""irish_domestic_smart_meters"":0.25833333333333336,""low_carbon_london"":0.48333333333333334}","{""camsl_japan_smart_meters"":1292,""irish_domestic_smart_meters"":1292,""low_carbon_london"":2416}",False,test,76.22127183905698,61.17830435216548,15.042967486891495,19.735917708976412,0.8954239999999997,0.6858121738080514,0,0.0,18.709021251531592,3.6660537646400955,0.0,"{""camsl_japan_smart_meters"":{""available_profile_sources"":1423,""logical_devices"":1292,""mean_profile_reuse"":1.0,""profile_bootstrap"":false,""selected_unique_profile_sources"":1292,""weight"":0.25833333333333336},""irish_domestic_smart_meters"":{""available_profile_sources"":2904,""logical_devices"":1292,""mean_profile_reuse"":1.0,""profile_bootstrap"":false,""selected_unique_profile_sources"":1292,""weight"":0.25833333333333336},""low_carbon_london"":{""available_profile_sources"":5000,""logical_devices"":2416,""mean_profile_reuse"":1.0,""profile_bootstrap"":false,""selected_unique_profile_sources"":2416,""weight"":0.48333333333333334}}",dataset_combinations_mixed_physical_fleet_v1,3070.60192693754,2860.769230769231,3118.957707336437,4361.133539637399
predefined_mixed_scenario,S1-A,Similar residential,相似住宅半小时电表融合,ieee33,eps_e20_pooled,E20 pooled EPS,O(1),15,4657390,5457390,dominant_plus_15pp,5000,"{""camsl_japan_smart_meters"":0.3333333333333333,""irish_domestic_smart_meters"":0.3333333333333333,""low_carbon_london"":0.3333333333333333}","{""camsl_japan_smart_meters"":0.25833333333333336,""irish_domestic_smart_meters"":0.25833333333333336,""low_carbon_london"":0.48333333333333334}","{""camsl_japan_smart_meters"":1292,""irish_domestic_smart_meters"":1292,""low_carbon_london"":2416}",False,test,116.27915361730868,95.5576955518197,20.721458065488974,17.820441085842656,0.8948260000000001,0.49240901326713643,0,0.0,23.693205256894267,2.9717471914052886,0.0,"{""camsl_japan_smart_meters"":{""available_profile_sources"":1423,""logical_devices"":1292,""mean_profile_reuse"":1.0,""profile_bootstrap"":false,""selected_unique_profile_sources"":1292,""weight"":0.25833333333333336},""irish_domestic_smart_meters"":{""available_profile_sources"":2904,""logical_devices"":1292,""mean_profile_reuse"":1.0,""profile_bootstrap"":false,""selected_unique_profile_sources"":1292,""weight"":0.25833333333333336},""low_carbon_london"":{""available_profile_sources"":5000,""logical_devices"":2416,""mean_profile_reuse"":1.0,""profile_bootstrap"":false,""selected_unique_profile_sources"":2416,""weight"":0.48333333333333334}}",dataset_combinations_mixed_physical_fleet_v1,4095.0,2843.1111111111113,4095.0,4138.6131624540985
predefined_mixed_scenario,S1-A,Similar residential,相似住宅半小时电表融合,ieee33,eps_e20_pooled,E20 pooled EPS,O(1),16,4657391,5457391,dominant_plus_15pp,5000,"{""camsl_japan_smart_meters"":0.3333333333333333,""irish_domestic_smart_meters"":0.3333333333333333,""low_carbon_london"":0.3333333333333333}","{""camsl_japan_smart_meters"":0.25833333333333336,""irish_domestic_smart_meters"":0.25833333333333336,""low_carbon_london"":0.48333333333333334}","{""camsl_japan_smart_meters"":1292,""irish_domestic_smart_meters"":1292,""low_carbon_london"":2416}",False,test,61.910215668387224,46.084687425593756,15.825528242793467,25.562062854958434,0.8945319999999998,0.760577631949944,0,0.0,18.341828711866373,2.516300469072903,0.0,"{""camsl_japan_smart_meters"":{""available_profile_sources"":1423,""logical_devices"":1292,""mean_profile_reuse"":1.0,""profile_bootstrap"":false,""selected_unique_profile_sources"":1292,""weight"":0.25833333333333336},""irish_domestic_smart_meters"":{""available_profile_sources"":2904,""logical_devices"":1292,""mean_profile_reuse"":1.0,""profile_bootstrap"":false,""selected_unique_profile_sources"":1292,""weight"":0.25833333333333336},""low_carbon_london"":{""available_profile_sources"":5000,""logical_devices"":2416,""mean_profile_reuse"":1.0,""profile_bootstrap"":false,""selected_unique_profile_sources"":2416,""weight"":0.48333333333333334}}",dataset_combinations_mixed_physical_fleet_v1,3367.0771061940536,3224.2,3442.806566520906,4860.5153746132755
predefined_mixed_scenario,S1-A,Similar residential,相似住宅半小时电表融合,ieee33,eps_e20_pooled,E20 pooled EPS,O(1),17,4657392,5457392,dominant_plus_15pp,5000,"{""camsl_japan_smart_meters"":0.3333333333333333,""irish_domestic_smart_meters"":0.3333333333333333,""low_carbon_london"":0.3333333333333333}","{""camsl_japan_smart_meters"":0.25833333333333336,""irish_domestic_smart_meters"":0.25833333333333336,""low_carbon_london"":0.48333333333333334}","{""camsl_japan_smart_meters"":1292,""irish_domestic_smart_meters"":1292,""low_carbon_london"":2416}",False,test,118.63779734592659,98.72524280108608,19.912554544840507,16.784325898077036,0.895342,0.4690912541516952,0,0.0,23.433562969851803,3.521008425011296,0.0,"{""camsl_japan_smart_meters"":{""available_profile_sources"":1423,""logical_devices"":1292,""mean_profile_reuse"":1.0,""profile_bootstrap"":false,""selected_unique_profile_sources"":1292,""weight"":0.25833333333333336},""irish_domestic_smart_meters"":{""available_profile_sources"":2904,""logical_devices"":1292,""mean_profile_reuse"":1.0,""profile_bootstrap"":false,""selected_unique_profile_sources"":1292,""weight"":0.25833333333333336},""low_carbon_london"":{""available_profile_sources"":5000,""logical_devices"":2416,""mean_profile_reuse"":1.0,""profile_bootstrap"":false,""selected_unique_profile_sources"":2416,""weight"":0.48333333333333334}}",dataset_combinations_mixed_physical_fleet_v1,3907.441934199131,2751.7894736842104,3907.441934199131,4026.6250114619233
predefined_mixed_scenario,S1-A,Similar residential,相似住宅半小时电表融合,ieee33,eps_e20_pooled,E20 pooled EPS,O(1),18,4657393,5457393,dominant_plus_15pp,5000,"{""camsl_japan_smart_meters"":0.3333333333333333,""irish_domestic_smart_meters"":0.3333333333333333,""low_carbon_london"":0.3333333333333333}","{""camsl_japan_smart_meters"":0.25833333333333336,""irish_domestic_smart_meters"":0.25833333333333336,""low_carbon_london"":0.48333333333333334}","{""camsl_japan_smart_meters"":1292,""irish_domestic_smart_meters"":1292,""low_carbon_london"":2416}",False,test,85.76416452021755,70.9670805335603,14.797083986657238,17.253224664911254,0.8947740000000001,0.6185881458068745,0,0.0,19.820441150297818,5.023357163640576,0.0,"{""camsl_japan_smart_meters"":{""available_profile_sources"":1423,""logical_devices"":1292,""mean_profile_reuse"":1.0,""profile_bootstrap"":false,""selected_unique_profile_sources"":1292,""weight"":0.25833333333333336},""irish_domestic_smart_meters"":{""available_profile_sources"":2904,""logical_devices"":1292,""mean_profile_reuse"":1.0,""profile_bootstrap"":false,""selected_unique_profile_sources"":1292,""weight"":0.25833333333333336},""low_carbon_london"":{""available_profile_sources"":5000,""logical_devices"":2416,""mean_profile_reuse"":1.0,""profile_bootstrap"":false,""selected_unique_profile_sources"":2416,""weight"":0.48333333333333334}}",dataset_combinations_mixed_physical_fleet_v1,2905.42053878086,2409.625,2938.4114527453326,3769.2107416598615
predefined_mixed_scenario,S1-A,Similar residential,相似住宅半小时电表融合,ieee33,eps_e20_pooled,E20 pooled EPS,O(1),19,4657394,5457394,dominant_plus_15pp,5000,"{""camsl_japan_smart_meters"":0.3333333333333333,""irish_domestic_smart_meters"":0.3333333333333333,""low_carbon_london"":0.3333333333333333}","{""camsl_japan_smart_meters"":0.25833333333333336,""irish_domestic_smart_meters"":0.25833333333333336,""low_carbon_london"":0.48333333333333334}","{""camsl_japan_smart_meters"":1292,""irish_domestic_smart_meters"":1292,""low_carbon_london"":2416}",False,test,118.41016684931087,98.62526846692433,19.78489838238654,16.7087834675251,0.8950980000000003,0.47406107180214957,0,0.0,23.277213530979576,3.49231514859304,0.0,"{""camsl_japan_smart_meters"":{""available_profile_sources"":1423,""logical_devices"":1292,""mean_profile_reuse"":1.0,""profile_bootstrap"":false,""selected_unique_profile_sources"":1292,""weight"":0.25833333333333336},""irish_domestic_smart_meters"":{""available_profile_sources"":2904,""logical_devices"":1292,""mean_profile_reuse"":1.0,""profile_bootstrap"":false,""selected_unique_profile_sources"":1292,""weight"":0.25833333333333336},""low_carbon_london"":{""available_profile_sources"":5000,""logical_devices"":2416,""mean_profile_reuse"":1.0,""profile_bootstrap"":false,""selected_unique_profile_sources"":2416,""weight"":0.48333333333333334}}",dataset_combinations_mixed_physical_fleet_v1,3901.9700009063145,2751.7894736842104,3901.9700009063145,4026.6250114619233
predefined_mixed_scenario,S1-A,Similar residential,相似住宅半小时电表融合,ieee33,eps_e20_pooled,E20 pooled EPS,O(1),20,4657395,5457395,dominant_minus_15pp,5000,"{""camsl_japan_smart_meters"":0.3333333333333333,""irish_domestic_smart_meters"":0.3333333333333333,""low_carbon_london"":0.3333333333333333}","{""camsl_japan_smart_meters"":0.40833333333333327,""irish_domestic_smart_meters"":0.40833333333333327,""low_carbon_london"":0.18333333333333332}","{""camsl_japan_smart_meters"":2042,""irish_domestic_smart_meters"":2042,""low_carbon_london"":916}",False,test,93.2690404867517,76.8743170393955,16.3947234473562,17.57788368122536,0.8945960000000003,0.5953880577524358,0,0.0,21.284306976648494,4.889583529292293,0.0,"{""camsl_japan_smart_meters"":{""available_profile_sources"":1423,""logical_devices"":2042,""mean_profile_reuse"":1.8837638376383763,""profile_bootstrap"":true,""selected_unique_profile_sources"":1084,""weight"":0.40833333333333327},""irish_domestic_smart_meters"":{""available_profile_sources"":2904,""logical_devices"":2042,""mean_profile_reuse"":1.0,""profile_bootstrap"":false,""selected_unique_profile_sources"":2042,""weight"":0.40833333333333327},""low_carbon_london"":{""available_profile_sources"":5000,""logical_devices"":916,""mean_profile_reuse"":1.0,""profile_bootstrap"":false,""selected_unique_profile_sources"":916,""weight"":0.18333333333333332}}",dataset_combinations_mixed_physical_fleet_v1,2851.9241095328593,2213.0555555555557,2881.554020689692,3513.5315241248213
predefined_mixed_scenario,S1-A,Similar residential,相似住宅半小时电表融合,ieee33,eps_e20_pooled,E20 pooled EPS,O(1),21,4657396,5457396,dominant_minus_15pp,5000,"{""camsl_japan_smart_meters"":0.3333333333333333,""irish_domestic_smart_meters"":0.3333333333333333,""low_carbon_london"":0.3333333333333333}","{""camsl_japan_smart_meters"":0.40833333333333327,""irish_domestic_smart_meters"":0.40833333333333327,""low_carbon_london"":0.18333333333333332}","{""camsl_japan_smart_meters"":2042,""irish_domestic_smart_meters"":2042,""low_carbon_london"":916}",False,test,92.40298950872925,76.4951410706552,15.907848438074058,17.215729190851828,0.8944959999999992,0.6013751825644662,0,0.0,20.949738499180572,5.041890061106515,0.0,"{""camsl_japan_smart_meters"":{""available_profile_sources"":1423,""logical_devices"":2042,""mean_profile_reuse"":1.9209783631232362,""profile_bootstrap"":true,""selected_unique_profile_sources"":1063,""weight"":0.40833333333333327},""irish_domestic_smart_meters"":{""available_profile_sources"":2904,""logical_devices"":2042,""mean_profile_reuse"":1.0,""profile_bootstrap"":false,""selected_unique_profile_sources"":2042,""weight"":0.40833333333333327},""low_carbon_london"":{""available_profile_sources"":5000,""logical_devices"":916,""mean_profile_reuse"":1.0,""profile_bootstrap"":false,""selected_unique_profile_sources"":916,""weight"":0.18333333333333332}}",dataset_combinations_mixed_physical_fleet_v1,2788.4650734330003,2208.3333333333335,2818.375077632206,3507.6162745889123
predefined_mixed_scenario,S1-A,Similar residential,相似住宅半小时电表融合,ieee33,eps_e20_pooled,E20 pooled EPS,O(1),22,4657397,5457397,dominant_minus_15pp,5000,"{""camsl_japan_smart_meters"":0.3333333333333333,""irish_domestic_smart_meters"":0.3333333333333333,""low_carbon_london"":0.3333333333333333}","{""camsl_japan_smart_meters"":0.40833333333333327,""irish_domestic_smart_meters"":0.40833333333333327,""low_carbon_london"":0.18333333333333332}","{""camsl_japan_smart_meters"":2042,""irish_domestic_smart_meters"":2042,""low_carbon_london"":916}",False,test,102.22662157479874,83.8055908037505,18.421030771048244,18.019798059715445,0.8952979999999999,0.5536371907219206,0,0.0,23.405919487832893,4.984888716784652,0.0,"{""camsl_japan_smart_meters"":{""available_profile_sources"":1423,""logical_devices"":2042,""mean_profile_reuse"":1.8820276497695851,""profile_bootstrap"":true,""selected_unique_profile_sources"":1085,""weight"":0.40833333333333327},""irish_domestic_smart_meters"":{""available_profile_sources"":2904,""logical_devices"":2042,""mean_profile_reuse"":1.0,""profile_bootstrap"":false,""selected_unique_profile_sources"":2042,""weight"":0.40833333333333327},""low_carbon_london"":{""available_profile_sources"":5000,""logical_devices"":916,""mean_profile_reuse"":1.0,""profile_bootstrap"":false,""selected_unique_profile_sources"":916,""weight"":0.18333333333333332}}",dataset_combinations_mixed_physical_fleet_v1,3067.3811217396947,2010.4761904761904,3067.3811217396947,3270.09878362162
predefined_mixed_scenario,S1-A,Similar residential,相似住宅半小时电表融合,ieee33,eps_e20_pooled,E20 pooled EPS,O(1),23,4657398,5457398,dominant_minus_15pp,5000,"{""camsl_japan_smart_meters"":0.3333333333333333,""irish_domestic_smart_meters"":0.3333333333333333,""low_carbon_london"":0.3333333333333333}","{""camsl_japan_smart_meters"":0.40833333333333327,""irish_domestic_smart_meters"":0.40833333333333327,""low_carbon_london"":0.18333333333333332}","{""camsl_japan_smart_meters"":2042,""irish_domestic_smart_meters"":2042,""low_carbon_london"":916}",False,test,116.3221913077552,95.81598903165133,20.506202276103874,17.628796402098665,0.8966560000000001,0.4860163941575855,0,0.0,23.433022772015832,2.9268204959119544,0.0,"{""camsl_japan_smart_meters"":{""available_profile_sources"":1423,""logical_devices"":2042,""mean_profile_reuse"":1.88724584103512,""profile_bootstrap"":true,""selected_unique_profile_sources"":1082,""weight"":0.40833333333333327},""irish_domestic_smart_meters"":{""available_profile_sources"":2904,""logical_devices"":2042,""mean_profile_reuse"":1.0,""profile_bootstrap"":false,""selected_unique_profile_sources"":2042,""weight"":0.40833333333333327},""low_carbon_london"":{""available_profile_sources"":5000,""logical_devices"":916,""mean_profile_reuse"":1.0,""profile_bootstrap"":false,""selected_unique_profile_sources"":916,""weight"":0.18333333333333332}}",dataset_combinations_mixed_physical_fleet_v1,4095.0,2833.6111111111113,4095.0,4121.717017153559
predefined_mixed_scenario,S1-A,Similar residential,相似住宅半小时电表融合,ieee33,eps_e20_pooled,E20 pooled EPS,O(1),24,4657399,5457399,dominant_minus_15pp,5000,"{""camsl_japan_smart_meters"":0.3333333333333333,""irish_domestic_smart_meters"":0.3333333333333333,""low_carbon_london"":0.3333333333333333}","{""camsl_japan_smart_meters"":0.40833333333333327,""irish_domestic_smart_meters"":0.40833333333333327,""low_carbon_london"":0.18333333333333332}","{""camsl_japan_smart_meters"":2042,""irish_domestic_smart_meters"":2042,""low_carbon_london"":916}",False,test,119.4510929930663,99.5770408078168,19.8740521852495,16.637815265870454,0.8942439999999996,0.46530084770651015,0,0.0,23.272250810030542,3.3981986247810383,0.0,"{""camsl_japan_smart_meters"":{""available_profile_sources"":1423,""logical_devices"":2042,""mean_profile_reuse"":1.86996336996337,""profile_bootstrap"":true,""selected_unique_profile_sources"":1092,""weight"":0.40833333333333327},""irish_domestic_smart_meters"":{""available_profile_sources"":2904,""logical_devices"":2042,""mean_profile_reuse"":1.0,""profile_bootstrap"":false,""selected_unique_profile_sources"":2042,""weight"":0.40833333333333327},""low_carbon_london"":{""available_profile_sources"":5000,""logical_devices"":916,""mean_profile_reuse"":1.0,""profile_bootstrap"":false,""selected_unique_profile_sources"":916,""weight"":0.18333333333333332}}",dataset_combinations_mixed_physical_fleet_v1,3903.8248996732527,2783.157894736842,3903.8248996732527,4060.5263005785473
predefined_mixed_scenario,S1-A,Similar residential,相似住宅半小时电表融合,ieee33,eps_e20_pooled,E20 pooled EPS,O(1),25,4657400,5457400,dominant_minus_15pp,5000,"{""camsl_japan_smart_meters"":0.3333333333333333,""irish_domestic_smart_meters"":0.3333333333333333,""low_carbon_london"":0.3333333333333333}","{""camsl_japan_smart_meters"":0.40833333333333327,""irish_domestic_smart_meters"":0.40833333333333327,""low_carbon_london"":0.18333333333333332}","{""camsl_japan_smart_meters"":2042,""irish_domestic_smart_meters"":2042,""low_carbon_london"":916}",False,test,118.89435512200482,98.887765001368,20.006590120636822,16.827199323388257,0.895362,0.46913763207400017,0,0.0,23.278332305849798,3.2717421852129744,0.0,"{""camsl_japan_smart_meters"":{""available_profile_sources"":1423,""logical_devices"":2042,""mean_profile_reuse"":1.88724584103512,""profile_bootstrap"":true,""selected_unique_profile_sources"":1082,""weight"":0.40833333333333327},""irish_domestic_smart_meters"":{""available_profile_sources"":2904,""logical_devices"":2042,""mean_profile_reuse"":1.0,""profile_bootstrap"":false,""selected_unique_profile_sources"":2042,""weight"":0.40833333333333327},""low_carbon_london"":{""available_profile_sources"":5000,""logical_devices"":916,""mean_profile_reuse"":1.0,""profile_bootstrap"":false,""selected_unique_profile_sources"":916,""weight"":0.18333333333333332}}",dataset_combinations_mixed_physical_fleet_v1,3894.297041474795,2756.315789473684,3894.297041474795,4016.192359689165
predefined_mixed_scenario,S1-A,Similar residential,相似住宅半小时电表融合,ieee33,eps_e20_pooled,E20 pooled EPS,O(1),26,4657401,5457401,dominant_minus_15pp,5000,"{""camsl_japan_smart_meters"":0.3333333333333333,""irish_domestic_smart_meters"":0.3333333333333333,""low_carbon_london"":0.3333333333333333}","{""camsl_japan_smart_meters"":0.40833333333333327,""irish_domestic_smart_meters"":0.40833333333333327,""low_carbon_london"":0.18333333333333332}","{""camsl_japan_smart_meters"":2042,""irish_domestic_smart_meters"":2042,""low_carbon_london"":916}",False,test,117.2874345015762,96.9653197707021,20.322114730874105,17.326762084305802,0.8947119999999998,0.4825312200203293,0,0.0,23.211451374704676,2.8893366438305703,0.0,"{""camsl_japan_smart_meters"":{""available_profile_sources"":1423,""logical_devices"":2042,""mean_profile_reuse"":1.852994555353902,""profile_bootstrap"":true,""selected_unique_profile_sources"":1102,""weight"":0.40833333333333327},""irish_domestic_smart_meters"":{""available_profile_sources"":2904,""logical_devices"":2042,""mean_profile_reuse"":1.0,""profile_bootstrap"":false,""selected_unique_profile_sources"":2042,""weight"":0.40833333333333327},""low_carbon_london"":{""available_profile_sources"":5000,""logical_devices"":916,""mean_profile_reuse"":1.0,""profile_bootstrap"":false,""selected_unique_profile_sources"":916,""weight"":0.18333333333333332}}",dataset_combinations_mixed_physical_fleet_v1,4095.0,2881.0,4095.0,4168.6049103368005
predefined_mixed_scenario,S1-A,Similar residential,相似住宅半小时电表融合,ieee33,eps_e20_pooled,E20 pooled EPS,O(1),27,4657402,5457402,dominant_minus_15pp,5000,"{""camsl_japan_smart_meters"":0.3333333333333333,""irish_domestic_smart_meters"":0.3333333333333333,""low_carbon_london"":0.3333333333333333}","{""camsl_japan_smart_meters"":0.40833333333333327,""irish_domestic_smart_meters"":0.40833333333333327,""low_carbon_london"":0.18333333333333332}","{""camsl_japan_smart_meters"":2042,""irish_domestic_smart_meters"":2042,""low_carbon_london"":916}",False,test,96.21695444906057,78.86188080109333,17.355073647967235,18.037438149380836,0.8942839999999996,0.5746891131942503,0,0.0,22.239010363965157,4.883936715997923,0.0,"{""camsl_japan_smart_meters"":{""available_profile_sources"":1423,""logical_devices"":2042,""mean_profile_reuse"":1.9030754892823858,""profile_bootstrap"":true,""selected_unique_profile_sources"":1073,""weight"":0.40833333333333327},""irish_domestic_smart_meters"":{""available_profile_sources"":2904,""logical_devices"":2042,""mean_profile_reuse"":1.0,""profile_bootstrap"":false,""selected_unique_profile_sources"":2042,""weight"":0.40833333333333327},""low_carbon_london"":{""available_profile_sources"":5000,""logical_devices"":916,""mean_profile_reuse"":1.0,""profile_bootstrap"":false,""selected_unique_profile_sources"":916,""weight"":0.18333333333333332}}",dataset_combinations_mixed_physical_fleet_v1,2935.9545337881873,2141.4210526315787,2957.0919836748917,3439.3805482782413
predefined_mixed_scenario,S1-A,Similar residential,相似住宅半小时电表融合,ieee33,eps_e20_pooled,E20 pooled EPS,O(1),28,4657403,5457403,dominant_minus_15pp,5000,"{""camsl_japan_smart_meters"":0.3333333333333333,""irish_domestic_smart_meters"":0.3333333333333333,""low_carbon_london"":0.3333333333333333}","{""camsl_japan_smart_meters"":0.40833333333333327,""irish_domestic_smart_meters"":0.40833333333333327,""low_carbon_london"":0.18333333333333332}","{""camsl_japan_smart_meters"":2042,""irish_domestic_smart_meters"":2042,""low_carbon_london"":916}",False,test,118.52095606968443,98.34828118424812,20.17267488543631,17.02034437992196,0.8952919999999995,0.4772138684594083,0,0.0,23.417999440725804,3.245324555289492,0.0,"{""camsl_japan_smart_meters"":{""available_profile_sources"":1423,""logical_devices"":2042,""mean_profile_reuse"":1.9245994344957587,""profile_bootstrap"":true,""selected_unique_profile_sources"":1061,""weight"":0.40833333333333327},""irish_domestic_smart_meters"":{""available_profile_sources"":2904,""logical_devices"":2042,""mean_profile_reuse"":1.0,""profile_bootstrap"":false,""selected_unique_profile_sources"":2042,""weight"":0.40833333333333327},""low_carbon_london"":{""available_profile_sources"":5000,""logical_devices"":916,""mean_profile_reuse"":1.0,""profile_bootstrap"":false,""selected_unique_profile_sources"":916,""weight"":0.18333333333333332}}",dataset_combinations_mixed_physical_fleet_v1,3890.25,2738.3684210526317,3890.25,4001.484498150248
predefined_mixed_scenario,S1-A,Similar residential,相似住宅半小时电表融合,ieee33,eps_e20_pooled,E20 pooled EPS,O(1),29,4657404,5457404,dominant_minus_15pp,5000,"{""camsl_japan_smart_meters"":0.3333333333333333,""irish_domestic_smart_meters"":0.3333333333333333,""low_carbon_london"":0.3333333333333333}","{""camsl_japan_smart_meters"":0.40833333333333327,""irish_domestic_smart_meters"":0.40833333333333327,""low_carbon_london"":0.18333333333333332}","{""camsl_japan_smart_meters"":2042,""irish_domestic_smart_meters"":2042,""low_carbon_london"":916}",False,test,119.31449170210253,99.69977077507475,19.61472092702778,16.439512625172696,0.8951939999999999,0.46547231131038863,0,0.0,22.979037762946117,3.364316835918341,0.0,"{""camsl_japan_smart_meters"":{""available_profile_sources"":1423,""logical_devices"":2042,""mean_profile_reuse"":1.8855032317636196,""profile_bootstrap"":true,""selected_unique_profile_sources"":1083,""weight"":0.40833333333333327},""irish_domestic_smart_meters"":{""available_profile_sources"":2904,""logical_devices"":2042,""mean_profile_reuse"":1.0,""profile_bootstrap"":false,""selected_unique_profile_sources"":2042,""weight"":0.40833333333333327},""low_carbon_london"":{""available_profile_sources"":5000,""logical_devices"":916,""mean_profile_reuse"":1.0,""profile_bootstrap"":false,""selected_unique_profile_sources"":916,""weight"":0.18333333333333332}}",dataset_combinations_mixed_physical_fleet_v1,3903.2922816843393,2751.7368421052633,3903.2922816843393,4021.929133341965
predefined_mixed_scenario,S1-A,Similar residential,相似住宅半小时电表融合,ieee33,eps_mixed,Mixed EPS,O(1),0,4657375,5557375,nominal,5000,"{""camsl_japan_smart_meters"":0.3333333333333333,""irish_domestic_smart_meters"":0.3333333333333333,""low_carbon_london"":0.3333333333333333}","{""camsl_japan_smart_meters"":0.3333333333333333,""irish_domestic_smart_meters"":0.3333333333333333,""low_carbon_london"":0.3333333333333333}","{""camsl_japan_smart_meters"":1667,""irish_domestic_smart_meters"":1666,""low_carbon_london"":1667}",False,test,99.3677053844885,81.02845643896222,18.339248945526275,18.455944891315838,0.8950619999999998,0.5492230463860889,0,0.0,24.333138205869947,5.99388926034367,0.0,"{""camsl_japan_smart_meters"":{""available_profile_sources"":1423,""logical_devices"":1667,""mean_profile_reuse"":1.731048805815161,""profile_bootstrap"":true,""selected_unique_profile_sources"":963,""weight"":0.3333333333333333},""irish_domestic_smart_meters"":{""available_profile_sources"":2904,""logical_devices"":1666,""mean_profile_reuse"":1.0,""profile_bootstrap"":false,""selected_unique_profile_sources"":1666,""weight"":0.3333333333333333},""low_carbon_london"":{""available_profile_sources"":5000,""logical_devices"":1667,""mean_profile_reuse"":1.0,""profile_bootstrap"":false,""selected_unique_profile_sources"":1667,""weight"":0.3333333333333333}}",dataset_combinations_mixed_physical_fleet_v1,2923.875892846746,3315.0,3412.337687726203,1472.9324012592317
predefined_mixed_scenario,S1-A,Similar residential,相似住宅半小时电表融合,ieee33,eps_mixed,Mixed EPS,O(1),1,4657376,5557376,nominal,5000,"{""camsl_japan_smart_meters"":0.3333333333333333,""irish_domestic_smart_meters"":0.3333333333333333,""low_carbon_london"":0.3333333333333333}","{""camsl_japan_smart_meters"":0.3333333333333333,""irish_domestic_smart_meters"":0.3333333333333333,""low_carbon_london"":0.3333333333333333}","{""camsl_japan_smart_meters"":1667,""irish_domestic_smart_meters"":1666,""low_carbon_london"":1667}",False,test,119.21694493224857,99.75705794913078,19.45988698311778,16.323088126588807,0.8946859999999995,0.4604993801271902,0,0.0,23.006675559680474,3.5467885765626925,0.0,"{""camsl_japan_smart_meters"":{""available_profile_sources"":1423,""logical_devices"":1667,""mean_profile_reuse"":1.6941056910569106,""profile_bootstrap"":true,""selected_unique_profile_sources"":984,""weight"":0.3333333333333333},""irish_domestic_smart_meters"":{""available_profile_sources"":2904,""logical_devices"":1666,""mean_profile_reuse"":1.0,""profile_bootstrap"":false,""selected_unique_profile_sources"":1666,""weight"":0.3333333333333333},""low_carbon_london"":{""available_profile_sources"":5000,""logical_devices"":1667,""mean_profile_reuse"":1.0,""profile_bootstrap"":false,""selected_unique_profile_sources"":1667,""weight"":0.3333333333333333}}",dataset_combinations_mixed_physical_fleet_v1,3906.847784353959,3879.4736842105262,3906.847784353959,1617.3167644993046
predefined_mixed_scenario,S1-A,Similar residential,相似住宅半小时电表融合,ieee33,eps_mixed,Mixed EPS,O(1),2,4657377,5557377,nominal,5000,"{""camsl_japan_smart_meters"":0.3333333333333333,""irish_domestic_smart_meters"":0.3333333333333333,""low_carbon_london"":0.3333333333333333}","{""camsl_japan_smart_meters"":0.3333333333333333,""irish_domestic_smart_meters"":0.3333333333333333,""low_carbon_london"":0.3333333333333333}","{""camsl_japan_smart_meters"":1667,""irish_domestic_smart_meters"":1666,""low_carbon_london"":1667}",False,test,103.67418776136145,84.95059009361542,18.72359766774603,18.060037963204735,0.894655999999999,0.5077208241796868,0,0.0,24.63730653862787,5.913708870881838,0.0,"{""camsl_japan_smart_meters"":{""available_profile_sources"":1423,""logical_devices"":1667,""mean_profile_reuse"":1.720330237358101,""profile_bootstrap"":true,""selected_unique_profile_sources"":969,""weight"":0.3333333333333333},""irish_domestic_smart_meters"":{""available_profile_sources"":2904,""logical_devices"":1666,""mean_profile_reuse"":1.0,""profile_bootstrap"":false,""selected_unique_profile_sources"":1666,""weight"":0.3333333333333333},""low_carbon_london"":{""available_profile_sources"":5000,""logical_devices"":1667,""mean_profile_reuse"":1.0,""profile_bootstrap"":false,""selected_unique_profile_sources"":1667,""weight"":0.3333333333333333}}",dataset_combinations_mixed_physical_fleet_v1,3221.3397864186663,3574.9523809523807,3689.3401878463424,1480.6537579268715
predefined_mixed_scenario,S1-A,Similar residential,相似住宅半小时电表融合,ieee33,eps_mixed,Mixed EPS,O(1),3,4657378,5557378,nominal,5000,"{""camsl_japan_smart_meters"":0.3333333333333333,""irish_domestic_smart_meters"":0.3333333333333333,""low_carbon_london"":0.3333333333333333}","{""camsl_japan_smart_meters"":0.3333333333333333,""irish_domestic_smart_meters"":0.3333333333333333,""low_carbon_london"":0.3333333333333333}","{""camsl_japan_smart_meters"":1667,""irish_domestic_smart_meters"":1666,""low_carbon_london"":1667}",False,test,100.84251368366546,82.64812060212229,18.19439308154317,18.042383531431454,0.8949539999999994,0.5453701860825535,0,0.0,24.361208688956555,6.166815607413385,0.0,"{""camsl_japan_smart_meters"":{""available_profile_sources"":1423,""logical_devices"":1667,""mean_profile_reuse"":1.7027579162410622,""profile_bootstrap"":true,""selected_unique_profile_sources"":979,""weight"":0.3333333333333333},""irish_domestic_smart_meters"":{""available_profile_sources"":2904,""logical_devices"":1666,""mean_profile_reuse"":1.0,""profile_bootstrap"":false,""selected_unique_profile_sources"":1666,""weight"":0.3333333333333333},""low_carbon_london"":{""available_profile_sources"":5000,""logical_devices"":1667,""mean_profile_reuse"":1.0,""profile_bootstrap"":false,""selected_unique_profile_sources"":1667,""weight"":0.3333333333333333}}",dataset_combinations_mixed_physical_fleet_v1,3033.123580835395,3315.0,3440.8326337183435,1472.9324012592317
predefined_mixed_scenario,S1-A,Similar residential,相似住宅半小时电表融合,ieee33,eps_mixed,Mixed EPS,O(1),4,4657379,5557379,nominal,5000,"{""camsl_japan_smart_meters"":0.3333333333333333,""irish_domestic_smart_meters"":0.3333333333333333,""low_carbon_london"":0.3333333333333333}","{""camsl_japan_smart_meters"":0.3333333333333333,""irish_domestic_smart_meters"":0.3333333333333333,""low_carbon_london"":0.3333333333333333}","{""camsl_japan_smart_meters"":1667,""irish_domestic_smart_meters"":1666,""low_carbon_london"":1667}",False,test,118.22025518856613,97.96486940133623,20.255385787229898,17.133600122011014,0.8946880000000001,0.4726835122840705,0,0.0,23.388783979140722,3.1333981919108282,0.0,"{""camsl_japan_smart_meters"":{""available_profile_sources"":1423,""logical_devices"":1667,""mean_profile_reuse"":1.6992864424057084,""profile_bootstrap"":true,""selected_unique_profile_sources"":981,""weight"":0.3333333333333333},""irish_domestic_smart_meters"":{""available_profile_sources"":2904,""logical_devices"":1666,""mean_profile_reuse"":1.0,""profile_bootstrap"":false,""selected_unique_profile_sources"":1666,""weight"":0.3333333333333333},""low_carbon_london"":{""available_profile_sources"":5000,""logical_devices"":1667,""mean_profile_reuse"":1.0,""profile_bootstrap"":false,""selected_unique_profile_sources"":1667,""weight"":0.3333333333333333}}",dataset_combinations_mixed_physical_fleet_v1,3890.25,3879.4736842105262,3890.25,1617.3167644993046
predefined_mixed_scenario,S1-A,Similar residential,相似住宅半小时电表融合,ieee33,eps_mixed,Mixed EPS,O(1),5,4657380,5557380,nominal,5000,"{""camsl_japan_smart_meters"":0.3333333333333333,""irish_domestic_smart_meters"":0.3333333333333333,""low_carbon_london"":0.3333333333333333}","{""camsl_japan_smart_meters"":0.3333333333333333,""irish_domestic_smart_meters"":0.3333333333333333,""low_carbon_london"":0.3333333333333333}","{""camsl_japan_smart_meters"":1667,""irish_domestic_smart_meters"":1666,""low_carbon_london"":1667}",False,test,118.5166012881671,98.59945645113136,19.917144837035732,16.80536281040342,0.894162,0.47687625201079364,0,0.0,23.155094653423767,3.2379498163880314,0.0,"{""camsl_japan_smart_meters"":{""available_profile_sources"":1423,""logical_devices"":1667,""mean_profile_reuse"":1.683838383838384,""profile_bootstrap"":true,""selected_unique_profile_sources"":990,""weight"":0.3333333333333333},""irish_domestic_smart_meters"":{""available_profile_sources"":2904,""logical_devices"":1666,""mean_profile_reuse"":1.0,""profile_bootstrap"":false,""selected_unique_profile_sources"":1666,""weight"":0.3333333333333333},""low_carbon_london"":{""available_profile_sources"":5000,""logical_devices"":1667,""mean_profile_reuse"":1.0,""profile_bootstrap"":false,""selected_unique_profile_sources"":1667,""weight"":0.3333333333333333}}",dataset_combinations_mixed_physical_fleet_v1,3894.7379006094206,3879.4736842105262,3894.7379006094206,1617.3167644993046
predefined_mixed_scenario,S1-A,Similar residential,相似住宅半小时电表融合,ieee33,eps_mixed,Mixed EPS,O(1),6,4657381,5557381,nominal,5000,"{""camsl_japan_smart_meters"":0.3333333333333333,""irish_domestic_smart_meters"":0.3333333333333333,""low_carbon_london"":0.3333333333333333}","{""camsl_japan_smart_meters"":0.3333333333333333,""irish_domestic_smart_meters"":0.3333333333333333,""low_carbon_london"":0.3333333333333333}","{""camsl_japan_smart_meters"":1667,""irish_domestic_smart_meters"":1666,""low_carbon_london"":1667}",False,test,118.9945898212779,99.1863866156703,19.808203205607597,16.64630571470369,0.8957160000000004,0.46898895826355486,0,0.0,23.21551342319143,3.407310217583831,0.0,"{""camsl_japan_smart_meters"":{""available_profile_sources"":1423,""logical_devices"":1667,""mean_profile_reuse"":1.6992864424057084,""profile_bootstrap"":true,""selected_unique_profile_sources"":981,""weight"":0.3333333333333333},""irish_domestic_smart_meters"":{""available_profile_sources"":2904,""logical_devices"":1666,""mean_profile_reuse"":1.0,""profile_bootstrap"":false,""selected_unique_profile_sources"":1666,""weight"":0.3333333333333333},""low_carbon_london"":{""available_profile_sources"":5000,""logical_devices"":1667,""mean_profile_reuse"":1.0,""profile_bootstrap"":false,""selected_unique_profile_sources"":1667,""weight"":0.3333333333333333}}",dataset_combinations_mixed_physical_fleet_v1,3903.023171752297,3879.4736842105262,3903.023171752297,1617.3167644993046
predefined_mixed_scenario,S1-A,Similar residential,相似住宅半小时电表融合,ieee33,eps_mixed,Mixed EPS,O(1),7,4657382,5557382,nominal,5000,"{""camsl_japan_smart_meters"":0.3333333333333333,""irish_domestic_smart_meters"":0.3333333333333333,""low_carbon_london"":0.3333333333333333}","{""camsl_japan_smart_meters"":0.3333333333333333,""irish_domestic_smart_meters"":0.3333333333333333,""low_carbon_london"":0.3333333333333333}","{""camsl_japan_smart_meters"":1667,""irish_domestic_smart_meters"":1666,""low_carbon_london"":1667}",False,test,87.09713392105506,72.24356116653739,14.853572754517668,17.054031614841616,0.8956439999999998,0.6102768497959649,0,0.0,19.79407078117139,4.940498026653724,0.0,"{""camsl_japan_smart_meters"":{""available_profile_sources"":1423,""logical_devices"":1667,""mean_profile_reuse"":1.6889564336372846,""profile_bootstrap"":true,""selected_unique_profile_sources"":987,""weight"":0.3333333333333333},""irish_domestic_smart_meters"":{""available_profile_sources"":2904,""logical_devices"":1666,""mean_profile_reuse"":1.0,""profile_bootstrap"":false,""selected_unique_profile_sources"":1666,""weight"":0.3333333333333333},""low_carbon_london"":{""available_profile_sources"":5000,""logical_devices"":1667,""mean_profile_reuse"":1.0,""profile_bootstrap"":false,""selected_unique_profile_sources"":1667,""weight"":0.3333333333333333}}",dataset_combinations_mixed_physical_fleet_v1,2887.95349333428,2772.5,3040.5956569811315,1640.4206047003106
predefined_mixed_scenario,S1-A,Similar residential,相似住宅半小时电表融合,ieee33,eps_mixed,Mixed EPS,O(1),8,4657383,5557383,nominal,5000,"{""camsl_japan_smart_meters"":0.3333333333333333,""irish_domestic_smart_meters"":0.3333333333333333,""low_carbon_london"":0.3333333333333333}","{""camsl_japan_smart_meters"":0.3333333333333333,""irish_domestic_smart_meters"":0.3333333333333333,""low_carbon_london"":0.3333333333333333}","{""camsl_japan_smart_meters"":1667,""irish_domestic_smart_meters"":1666,""low_carbon_london"":1667}",False,test,87.17765553011797,72.12528387780517,15.052371652312795,17.26631848583326,0.8949440000000002,0.6016780538929845,0,0.0,20.014355971439542,4.961984319126748,0.0,"{""camsl_japan_smart_meters"":{""available_profile_sources"":1423,""logical_devices"":1667,""mean_profile_reuse"":1.6923857868020304,""profile_bootstrap"":true,""selected_unique_profile_sources"":985,""weight"":0.3333333333333333},""irish_domestic_smart_meters"":{""available_profile_sources"":2904,""logical_devices"":1666,""mean_profile_reuse"":1.0,""profile_bootstrap"":false,""selected_unique_profile_sources"":1666,""weight"":0.3333333333333333},""low_carbon_london"":{""available_profile_sources"":5000,""logical_devices"":1667,""mean_profile_reuse"":1.0,""profile_bootstrap"":false,""selected_unique_profile_sources"":1667,""weight"":0.3333333333333333}}",dataset_combinations_mixed_physical_fleet_v1,2916.779436050629,2900.5625,3145.8292591648546,1646.2245896858878
predefined_mixed_scenario,S1-A,Similar residential,相似住宅半小时电表融合,ieee33,eps_mixed,Mixed EPS,O(1),9,4657384,5557384,nominal,5000,"{""camsl_japan_smart_meters"":0.3333333333333333,""irish_domestic_smart_meters"":0.3333333333333333,""low_carbon_london"":0.3333333333333333}","{""camsl_japan_smart_meters"":0.3333333333333333,""irish_domestic_smart_meters"":0.3333333333333333,""low_carbon_london"":0.3333333333333333}","{""camsl_japan_smart_meters"":1667,""irish_domestic_smart_meters"":1666,""low_carbon_london"":1667}",False,test,117.18441098538555,96.49807484874715,20.686336136638406,17.652805490670822,0.8938899999999997,0.48226397496370843,0,0.0,23.605880941162205,2.9195448045238037,0.0,"{""camsl_japan_smart_meters"":{""available_profile_sources"":1423,""logical_devices"":1667,""mean_profile_reuse"":1.683838383838384,""profile_bootstrap"":true,""selected_unique_profile_sources"":990,""weight"":0.3333333333333333},""irish_domestic_smart_meters"":{""available_profile_sources"":2904,""logical_devices"":1666,""mean_profile_reuse"":1.0,""profile_bootstrap"":false,""selected_unique_profile_sources"":1666,""weight"":0.3333333333333333},""low_carbon_london"":{""available_profile_sources"":5000,""logical_devices"":1667,""mean_profile_reuse"":1.0,""profile_bootstrap"":false,""selected_unique_profile_sources"":1667,""weight"":0.3333333333333333}}",dataset_combinations_mixed_physical_fleet_v1,4095.0,4095.0,4095.0,1682.6144675551125
predefined_mixed_scenario,S1-A,Similar residential,相似住宅半小时电表融合,ieee33,eps_mixed,Mixed EPS,O(1),10,4657385,5557385,dominant_plus_15pp,5000,"{""camsl_japan_smart_meters"":0.3333333333333333,""irish_domestic_smart_meters"":0.3333333333333333,""low_carbon_london"":0.3333333333333333}","{""camsl_japan_smart_meters"":0.25833333333333336,""irish_domestic_smart_meters"":0.25833333333333336,""low_carbon_london"":0.48333333333333334}","{""camsl_japan_smart_meters"":1292,""irish_domestic_smart_meters"":1292,""low_carbon_london"":2416}",False,test,75.76570392262022,61.435196994920666,14.330506927699552,18.91423980213442,0.8947900000000001,0.6391410195923282,0,0.0,18.455691575779078,4.125184648079528,0.0,"{""camsl_japan_smart_meters"":{""available_profile_sources"":1423,""logical_devices"":1292,""mean_profile_reuse"":1.0,""profile_bootstrap"":false,""selected_unique_profile_sources"":1292,""weight"":0.25833333333333336},""irish_domestic_smart_meters"":{""available_profile_sources"":2904,""logical_devices"":1292,""mean_profile_reuse"":1.0,""profile_bootstrap"":false,""selected_unique_profile_sources"":1292,""weight"":0.25833333333333336},""low_carbon_london"":{""available_profile_sources"":5000,""logical_devices"":2416,""mean_profile_reuse"":1.0,""profile_bootstrap"":false,""selected_unique_profile_sources"":2416,""weight"":0.48333333333333334}}",dataset_combinations_mixed_physical_fleet_v1,3066.075533494278,3359.769230769231,3434.9952913151387,1901.3270035998005
predefined_mixed_scenario,S1-A,Similar residential,相似住宅半小时电表融合,ieee33,eps_mixed,Mixed EPS,O(1),11,4657386,5557386,dominant_plus_15pp,5000,"{""camsl_japan_smart_meters"":0.3333333333333333,""irish_domestic_smart_meters"":0.3333333333333333,""low_carbon_london"":0.3333333333333333}","{""camsl_japan_smart_meters"":0.25833333333333336,""irish_domestic_smart_meters"":0.25833333333333336,""low_carbon_london"":0.48333333333333334}","{""camsl_japan_smart_meters"":1292,""irish_domestic_smart_meters"":1292,""low_carbon_london"":2416}",False,test,116.4149542490602,95.86976086439088,20.545193384669318,17.648242459224413,0.8943260000000003,0.48833186980899396,0,0.0,23.51892854040514,2.9737351557358234,0.0,"{""camsl_japan_smart_meters"":{""available_profile_sources"":1423,""logical_devices"":1292,""mean_profile_reuse"":1.0,""profile_bootstrap"":false,""selected_unique_profile_sources"":1292,""weight"":0.25833333333333336},""irish_domestic_smart_meters"":{""available_profile_sources"":2904,""logical_devices"":1292,""mean_profile_reuse"":1.0,""profile_bootstrap"":false,""selected_unique_profile_sources"":1292,""weight"":0.25833333333333336},""low_carbon_london"":{""available_profile_sources"":5000,""logical_devices"":2416,""mean_profile_reuse"":1.0,""profile_bootstrap"":false,""selected_unique_profile_sources"":2416,""weight"":0.48333333333333334}}",dataset_combinations_mixed_physical_fleet_v1,4095.0,4095.0,4095.0,1682.6144675551125
predefined_mixed_scenario,S1-A,Similar residential,相似住宅半小时电表融合,ieee33,eps_mixed,Mixed EPS,O(1),12,4657387,5557387,dominant_plus_15pp,5000,"{""camsl_japan_smart_meters"":0.3333333333333333,""irish_domestic_smart_meters"":0.3333333333333333,""low_carbon_london"":0.3333333333333333}","{""camsl_japan_smart_meters"":0.25833333333333336,""irish_domestic_smart_meters"":0.25833333333333336,""low_carbon_london"":0.48333333333333334}","{""camsl_japan_smart_meters"":1292,""irish_domestic_smart_meters"":1292,""low_carbon_london"":2416}",False,test,115.78958326868634,95.36279723146475,20.426786037221586,17.641298518038386,0.8945400000000001,0.48944579960430346,0,0.0,23.44199882621883,3.015212788997242,0.0,"{""camsl_japan_smart_meters"":{""available_profile_sources"":1423,""logical_devices"":1292,""mean_profile_reuse"":1.0,""profile_bootstrap"":false,""selected_unique_profile_sources"":1292,""weight"":0.25833333333333336},""irish_domestic_smart_meters"":{""available_profile_sources"":2904,""logical_devices"":1292,""mean_profile_reuse"":1.0,""profile_bootstrap"":false,""selected_unique_profile_sources"":1292,""weight"":0.25833333333333336},""low_carbon_london"":{""available_profile_sources"":5000,""logical_devices"":2416,""mean_profile_reuse"":1.0,""profile_bootstrap"":false,""selected_unique_profile_sources"":2416,""weight"":0.48333333333333334}}",dataset_combinations_mixed_physical_fleet_v1,4095.0,4095.0,4095.0,1682.6144675551125
predefined_mixed_scenario,S1-A,Similar residential,相似住宅半小时电表融合,ieee33,eps_mixed,Mixed EPS,O(1),13,4657388,5557388,dominant_plus_15pp,5000,"{""camsl_japan_smart_meters"":0.3333333333333333,""irish_domestic_smart_meters"":0.3333333333333333,""low_carbon_london"":0.3333333333333333}","{""camsl_japan_smart_meters"":0.25833333333333336,""irish_domestic_smart_meters"":0.25833333333333336,""low_carbon_london"":0.48333333333333334}","{""camsl_japan_smart_meters"":1292,""irish_domestic_smart_meters"":1292,""low_carbon_london"":2416}",False,test,81.53054604710435,68.77480111981193,12.755744927292424,15.645356919261625,0.8951759999999997,0.5896289533475623,0,0.0,19.393814012362746,6.6380690850703195,0.0,"{""camsl_japan_smart_meters"":{""available_profile_sources"":1423,""logical_devices"":1292,""mean_profile_reuse"":1.0,""profile_bootstrap"":false,""selected_unique_profile_sources"":1292,""weight"":0.25833333333333336},""irish_domestic_smart_meters"":{""available_profile_sources"":2904,""logical_devices"":1292,""mean_profile_reuse"":1.0,""profile_bootstrap"":false,""selected_unique_profile_sources"":1292,""weight"":0.25833333333333336},""low_carbon_london"":{""available_profile_sources"":5000,""logical_devices"":2416,""mean_profile_reuse"":1.0,""profile_bootstrap"":false,""selected_unique_profile_sources"":2416,""weight"":0.48333333333333334}}",dataset_combinations_mixed_physical_fleet_v1,2569.562052923066,2930.529411764706,3066.260111752234,1532.1953981487634
predefined_mixed_scenario,S1-A,Similar residential,相似住宅半小时电表融合,ieee33,eps_mixed,Mixed EPS,O(1),14,4657389,5557389,dominant_plus_15pp,5000,"{""camsl_japan_smart_meters"":0.3333333333333333,""irish_domestic_smart_meters"":0.3333333333333333,""low_carbon_london"":0.3333333333333333}","{""camsl_japan_smart_meters"":0.25833333333333336,""irish_domestic_smart_meters"":0.25833333333333336,""low_carbon_london"":0.48333333333333334}","{""camsl_japan_smart_meters"":1292,""irish_domestic_smart_meters"":1292,""low_carbon_london"":2416}",False,test,76.22127183905698,62.14655232812453,14.074719510932454,18.465605691612648,0.8954239999999997,0.6352146691356276,0,0.0,18.276720386510767,4.202000875578315,0.0,"{""camsl_japan_smart_meters"":{""available_profile_sources"":1423,""logical_devices"":1292,""mean_profile_reuse"":1.0,""profile_bootstrap"":false,""selected_unique_profile_sources"":1292,""weight"":0.25833333333333336},""irish_domestic_smart_meters"":{""available_profile_sources"":2904,""logical_devices"":1292,""mean_profile_reuse"":1.0,""profile_bootstrap"":false,""selected_unique_profile_sources"":1292,""weight"":0.25833333333333336},""low_carbon_london"":{""available_profile_sources"":5000,""logical_devices"":2416,""mean_profile_reuse"":1.0,""profile_bootstrap"":false,""selected_unique_profile_sources"":2416,""weight"":0.48333333333333334}}",dataset_combinations_mixed_physical_fleet_v1,3070.60192693754,3359.769230769231,3439.761787810767,1901.3270035998005
predefined_mixed_scenario,S1-A,Similar residential,相似住宅半小时电表融合,ieee33,eps_mixed,Mixed EPS,O(1),15,4657390,5557390,dominant_plus_15pp,5000,"{""camsl_japan_smart_meters"":0.3333333333333333,""irish_domestic_smart_meters"":0.3333333333333333,""low_carbon_london"":0.3333333333333333}","{""camsl_japan_smart_meters"":0.25833333333333336,""irish_domestic_smart_meters"":0.25833333333333336,""low_carbon_london"":0.48333333333333334}","{""camsl_japan_smart_meters"":1292,""irish_domestic_smart_meters"":1292,""low_carbon_london"":2416}",False,test,116.27915361730868,95.67473994738076,20.604413669927926,17.719782978245604,0.8948260000000001,0.48844749132473386,0,0.0,23.62814427415612,3.023730604228191,0.0,"{""camsl_japan_smart_meters"":{""available_profile_sources"":1423,""logical_devices"":1292,""mean_profile_reuse"":1.0,""profile_bootstrap"":false,""selected_unique_profile_sources"":1292,""weight"":0.25833333333333336},""irish_domestic_smart_meters"":{""available_profile_sources"":2904,""logical_devices"":1292,""mean_profile_reuse"":1.0,""profile_bootstrap"":false,""selected_unique_profile_sources"":1292,""weight"":0.25833333333333336},""low_carbon_london"":{""available_profile_sources"":5000,""logical_devices"":2416,""mean_profile_reuse"":1.0,""profile_bootstrap"":false,""selected_unique_profile_sources"":2416,""weight"":0.48333333333333334}}",dataset_combinations_mixed_physical_fleet_v1,4095.0,4095.0,4095.0,1682.6144675551125
predefined_mixed_scenario,S1-A,Similar residential,相似住宅半小时电表融合,ieee33,eps_mixed,Mixed EPS,O(1),16,4657391,5557391,dominant_plus_15pp,5000,"{""camsl_japan_smart_meters"":0.3333333333333333,""irish_domestic_smart_meters"":0.3333333333333333,""low_carbon_london"":0.3333333333333333}","{""camsl_japan_smart_meters"":0.25833333333333336,""irish_domestic_smart_meters"":0.25833333333333336,""low_carbon_london"":0.48333333333333334}","{""camsl_japan_smart_meters"":1292,""irish_domestic_smart_meters"":1292,""low_carbon_london"":2416}",False,test,61.910215668387224,45.92943662077323,15.980779047613995,25.812830524145863,0.8945319999999998,0.760791642032554,0,0.0,18.396895327857806,2.416116280243812,0.0,"{""camsl_japan_smart_meters"":{""available_profile_sources"":1423,""logical_devices"":1292,""mean_profile_reuse"":1.0,""profile_bootstrap"":false,""selected_unique_profile_sources"":1292,""weight"":0.25833333333333336},""irish_domestic_smart_meters"":{""available_profile_sources"":2904,""logical_devices"":1292,""mean_profile_reuse"":1.0,""profile_bootstrap"":false,""selected_unique_profile_sources"":1292,""weight"":0.25833333333333336},""low_carbon_london"":{""available_profile_sources"":5000,""logical_devices"":2416,""mean_profile_reuse"":1.0,""profile_bootstrap"":false,""selected_unique_profile_sources"":2416,""weight"":0.48333333333333334}}",dataset_combinations_mixed_physical_fleet_v1,3367.0771061940536,3276.0,3475.0068538396195,2149.481160229916
predefined_mixed_scenario,S1-A,Similar residential,相似住宅半小时电表融合,ieee33,eps_mixed,Mixed EPS,O(1),17,4657392,5557392,dominant_plus_15pp,5000,"{""camsl_japan_smart_meters"":0.3333333333333333,""irish_domestic_smart_meters"":0.3333333333333333,""low_carbon_london"":0.3333333333333333}","{""camsl_japan_smart_meters"":0.25833333333333336,""irish_domestic_smart_meters"":0.25833333333333336,""low_carbon_london"":0.48333333333333334}","{""camsl_japan_smart_meters"":1292,""irish_domestic_smart_meters"":1292,""low_carbon_london"":2416}",False,test,118.63779734592659,98.78504306675742,19.852754279169154,16.733920153020108,0.895342,0.4674902366301226,0,0.0,23.366220473380547,3.5134661942113925,0.0,"{""camsl_japan_smart_meters"":{""available_profile_sources"":1423,""logical_devices"":1292,""mean_profile_reuse"":1.0,""profile_bootstrap"":false,""selected_unique_profile_sources"":1292,""weight"":0.25833333333333336},""irish_domestic_smart_meters"":{""available_profile_sources"":2904,""logical_devices"":1292,""mean_profile_reuse"":1.0,""profile_bootstrap"":false,""selected_unique_profile_sources"":1292,""weight"":0.25833333333333336},""low_carbon_london"":{""available_profile_sources"":5000,""logical_devices"":2416,""mean_profile_reuse"":1.0,""profile_bootstrap"":false,""selected_unique_profile_sources"":2416,""weight"":0.48333333333333334}}",dataset_combinations_mixed_physical_fleet_v1,3907.441934199131,3879.4736842105262,3907.441934199131,1617.3167644993046
predefined_mixed_scenario,S1-A,Similar residential,相似住宅半小时电表融合,ieee33,eps_mixed,Mixed EPS,O(1),18,4657393,5557393,dominant_plus_15pp,5000,"{""camsl_japan_smart_meters"":0.3333333333333333,""irish_domestic_smart_meters"":0.3333333333333333,""low_carbon_london"":0.3333333333333333}","{""camsl_japan_smart_meters"":0.25833333333333336,""irish_domestic_smart_meters"":0.25833333333333336,""low_carbon_london"":0.48333333333333334}","{""camsl_japan_smart_meters"":1292,""irish_domestic_smart_meters"":1292,""low_carbon_london"":2416}",False,test,85.76416452021755,71.07763660159142,14.686527918626131,17.12431759906436,0.8947740000000001,0.6016896732050231,0,0.0,19.767001629483087,5.080473710856953,0.0,"{""camsl_japan_smart_meters"":{""available_profile_sources"":1423,""logical_devices"":1292,""mean_profile_reuse"":1.0,""profile_bootstrap"":false,""selected_unique_profile_sources"":1292,""weight"":0.25833333333333336},""irish_domestic_smart_meters"":{""available_profile_sources"":2904,""logical_devices"":1292,""mean_profile_reuse"":1.0,""profile_bootstrap"":false,""selected_unique_profile_sources"":1292,""weight"":0.25833333333333336},""low_carbon_london"":{""available_profile_sources"":5000,""logical_devices"":2416,""mean_profile_reuse"":1.0,""profile_bootstrap"":false,""selected_unique_profile_sources"":2416,""weight"":0.48333333333333334}}",dataset_combinations_mixed_physical_fleet_v1,2905.42053878086,2879.25,3119.8224444754323,1643.8607519166865
predefined_mixed_scenario,S1-A,Similar residential,相似住宅半小时电表融合,ieee33,eps_mixed,Mixed EPS,O(1),19,4657394,5557394,dominant_plus_15pp,5000,"{""camsl_japan_smart_meters"":0.3333333333333333,""irish_domestic_smart_meters"":0.3333333333333333,""low_carbon_london"":0.3333333333333333}","{""camsl_japan_smart_meters"":0.25833333333333336,""irish_domestic_smart_meters"":0.25833333333333336,""low_carbon_london"":0.48333333333333334}","{""camsl_japan_smart_meters"":1292,""irish_domestic_smart_meters"":1292,""low_carbon_london"":2416}",False,test,118.41016684931087,98.6585635681702,19.75160328114068,16.680665019479807,0.8950980000000003,0.4721726241336395,0,0.0,23.238472273788233,3.486868992647557,0.0,"{""camsl_japan_smart_meters"":{""available_profile_sources"":1423,""logical_devices"":1292,""mean_profile_reuse"":1.0,""profile_bootstrap"":false,""selected_unique_profile_sources"":1292,""weight"":0.25833333333333336},""irish_domestic_smart_meters"":{""available_profile_sources"":2904,""logical_devices"":1292,""mean_profile_reuse"":1.0,""profile_bootstrap"":false,""selected_unique_profile_sources"":1292,""weight"":0.25833333333333336},""low_carbon_london"":{""available_profile_sources"":5000,""logical_devices"":2416,""mean_profile_reuse"":1.0,""profile_bootstrap"":false,""selected_unique_profile_sources"":2416,""weight"":0.48333333333333334}}",dataset_combinations_mixed_physical_fleet_v1,3901.9700009063145,3879.4736842105262,3901.9700009063145,1617.3167644993046
predefined_mixed_scenario,S1-A,Similar residential,相似住宅半小时电表融合,ieee33,eps_mixed,Mixed EPS,O(1),20,4657395,5557395,dominant_minus_15pp,5000,"{""camsl_japan_smart_meters"":0.3333333333333333,""irish_domestic_smart_meters"":0.3333333333333333,""low_carbon_london"":0.3333333333333333}","{""camsl_japan_smart_meters"":0.40833333333333327,""irish_domestic_smart_meters"":0.40833333333333327,""low_carbon_london"":0.18333333333333332}","{""camsl_japan_smart_meters"":2042,""irish_domestic_smart_meters"":2042,""low_carbon_london"":916}",False,test,93.2690404867517,76.76547527951287,16.50356520723884,17.69458023917708,0.8945960000000003,0.5652048039245604,0,0.0,22.592589098628007,6.089023891389164,0.0,"{""camsl_japan_smart_meters"":{""available_profile_sources"":1423,""logical_devices"":2042,""mean_profile_reuse"":1.8837638376383763,""profile_bootstrap"":true,""selected_unique_profile_sources"":1084,""weight"":0.40833333333333327},""irish_domestic_smart_meters"":{""available_profile_sources"":2904,""logical_devices"":2042,""mean_profile_reuse"":1.0,""profile_bootstrap"":false,""selected_unique_profile_sources"":2042,""weight"":0.40833333333333327},""low_carbon_london"":{""available_profile_sources"":5000,""logical_devices"":916,""mean_profile_reuse"":1.0,""profile_bootstrap"":false,""selected_unique_profile_sources"":916,""weight"":0.18333333333333332}}",dataset_combinations_mixed_physical_fleet_v1,2851.9241095328593,3279.3888888888887,3391.666871394362,1573.712054507305
predefined_mixed_scenario,S1-A,Similar residential,相似住宅半小时电表融合,ieee33,eps_mixed,Mixed EPS,O(1),21,4657396,5557396,dominant_minus_15pp,5000,"{""camsl_japan_smart_meters"":0.3333333333333333,""irish_domestic_smart_meters"":0.3333333333333333,""low_carbon_london"":0.3333333333333333}","{""camsl_japan_smart_meters"":0.40833333333333327,""irish_domestic_smart_meters"":0.40833333333333327,""low_carbon_london"":0.18333333333333332}","{""camsl_japan_smart_meters"":2042,""irish_domestic_smart_meters"":2042,""low_carbon_london"":916}",False,test,92.40298950872925,76.14525195597024,16.257737552759014,17.59438481286707,0.8944959999999992,0.5714969533551832,0,0.0,22.15215392724671,5.894416374487697,0.0,"{""camsl_japan_smart_meters"":{""available_profile_sources"":1423,""logical_devices"":2042,""mean_profile_reuse"":1.9209783631232362,""profile_bootstrap"":true,""selected_unique_profile_sources"":1063,""weight"":0.40833333333333327},""irish_domestic_smart_meters"":{""available_profile_sources"":2904,""logical_devices"":2042,""mean_profile_reuse"":1.0,""profile_bootstrap"":false,""selected_unique_profile_sources"":2042,""weight"":0.40833333333333327},""low_carbon_london"":{""available_profile_sources"":5000,""logical_devices"":916,""mean_profile_reuse"":1.0,""profile_bootstrap"":false,""selected_unique_profile_sources"":916,""weight"":0.18333333333333332}}",dataset_combinations_mixed_physical_fleet_v1,2788.4650734330003,3089.777777777778,3272.3091760171947,1559.891662252447
predefined_mixed_scenario,S1-A,Similar residential,相似住宅半小时电表融合,ieee33,eps_mixed,Mixed EPS,O(1),22,4657397,5557397,dominant_minus_15pp,5000,"{""camsl_japan_smart_meters"":0.3333333333333333,""irish_domestic_smart_meters"":0.3333333333333333,""low_carbon_london"":0.3333333333333333}","{""camsl_japan_smart_meters"":0.40833333333333327,""irish_domestic_smart_meters"":0.40833333333333327,""low_carbon_london"":0.18333333333333332}","{""camsl_japan_smart_meters"":2042,""irish_domestic_smart_meters"":2042,""low_carbon_london"":916}",False,test,102.22662157479874,83.12308889075692,19.103532684041816,18.687434241445473,0.8952979999999999,0.550520480964144,0,0.0,24.594102353274433,5.490569669232621,0.0,"{""camsl_japan_smart_meters"":{""available_profile_sources"":1423,""logical_devices"":2042,""mean_profile_reuse"":1.8820276497695851,""profile_bootstrap"":true,""selected_unique_profile_sources"":1085,""weight"":0.40833333333333327},""irish_domestic_smart_meters"":{""available_profile_sources"":2904,""logical_devices"":2042,""mean_profile_reuse"":1.0,""profile_bootstrap"":false,""selected_unique_profile_sources"":2042,""weight"":0.40833333333333327},""low_carbon_london"":{""available_profile_sources"":5000,""logical_devices"":916,""mean_profile_reuse"":1.0,""profile_bootstrap"":false,""selected_unique_profile_sources"":916,""weight"":0.18333333333333332}}",dataset_combinations_mixed_physical_fleet_v1,3067.3811217396947,3331.2380952380954,3472.368235695756,1474.0130485474017
predefined_mixed_scenario,S1-A,Similar residential,相似住宅半小时电表融合,ieee33,eps_mixed,Mixed EPS,O(1),23,4657398,5557398,dominant_minus_15pp,5000,"{""camsl_japan_smart_meters"":0.3333333333333333,""irish_domestic_smart_meters"":0.3333333333333333,""low_carbon_london"":0.3333333333333333}","{""camsl_japan_smart_meters"":0.40833333333333327,""irish_domestic_smart_meters"":0.40833333333333327,""low_carbon_london"":0.18333333333333332}","{""camsl_japan_smart_meters"":2042,""irish_domestic_smart_meters"":2042,""low_carbon_london"":916}",False,test,116.3221913077552,96.04282329059033,20.279368017164874,17.43379125614258,0.8966560000000001,0.48530286420660534,0,0.0,23.404694934941006,3.1253269177761323,0.0,"{""camsl_japan_smart_meters"":{""available_profile_sources"":1423,""logical_devices"":2042,""mean_profile_reuse"":1.88724584103512,""profile_bootstrap"":true,""selected_unique_profile_sources"":1082,""weight"":0.40833333333333327},""irish_domestic_smart_meters"":{""available_profile_sources"":2904,""logical_devices"":2042,""mean_profile_reuse"":1.0,""profile_bootstrap"":false,""selected_unique_profile_sources"":2042,""weight"":0.40833333333333327},""low_carbon_london"":{""available_profile_sources"":5000,""logical_devices"":916,""mean_profile_reuse"":1.0,""profile_bootstrap"":false,""selected_unique_profile_sources"":916,""weight"":0.18333333333333332}}",dataset_combinations_mixed_physical_fleet_v1,4095.0,4095.0,4095.0,1682.6144675551125
predefined_mixed_scenario,S1-A,Similar residential,相似住宅半小时电表融合,ieee33,eps_mixed,Mixed EPS,O(1),24,4657399,5557399,dominant_minus_15pp,5000,"{""camsl_japan_smart_meters"":0.3333333333333333,""irish_domestic_smart_meters"":0.3333333333333333,""low_carbon_london"":0.3333333333333333}","{""camsl_japan_smart_meters"":0.40833333333333327,""irish_domestic_smart_meters"":0.40833333333333327,""low_carbon_london"":0.18333333333333332}","{""camsl_japan_smart_meters"":2042,""irish_domestic_smart_meters"":2042,""low_carbon_london"":916}",False,test,119.4510929930663,99.47486301558635,19.97622997747995,16.723354702697858,0.8942439999999996,0.46930634626234163,0,0.0,23.333534663615662,3.3573046861357088,0.0,"{""camsl_japan_smart_meters"":{""available_profile_sources"":1423,""logical_devices"":2042,""mean_profile_reuse"":1.86996336996337,""profile_bootstrap"":true,""selected_unique_profile_sources"":1092,""weight"":0.40833333333333327},""irish_domestic_smart_meters"":{""available_profile_sources"":2904,""logical_devices"":2042,""mean_profile_reuse"":1.0,""profile_bootstrap"":false,""selected_unique_profile_sources"":2042,""weight"":0.40833333333333327},""low_carbon_london"":{""available_profile_sources"":5000,""logical_devices"":916,""mean_profile_reuse"":1.0,""profile_bootstrap"":false,""selected_unique_profile_sources"":916,""weight"":0.18333333333333332}}",dataset_combinations_mixed_physical_fleet_v1,3903.8248996732527,3879.4736842105262,3903.8248996732527,1617.3167644993046
predefined_mixed_scenario,S1-A,Similar residential,相似住宅半小时电表融合,ieee33,eps_mixed,Mixed EPS,O(1),25,4657400,5557400,dominant_minus_15pp,5000,"{""camsl_japan_smart_meters"":0.3333333333333333,""irish_domestic_smart_meters"":0.3333333333333333,""low_carbon_london"":0.3333333333333333}","{""camsl_japan_smart_meters"":0.40833333333333327,""irish_domestic_smart_meters"":0.40833333333333327,""low_carbon_london"":0.18333333333333332}","{""camsl_japan_smart_meters"":2042,""irish_domestic_smart_meters"":2042,""low_carbon_london"":916}",False,test,118.89435512200482,98.71993479686236,20.17442032514247,16.968358425797632,0.895362,0.4699384390108231,0,0.0,23.263259166581133,3.0888388414386654,0.0,"{""camsl_japan_smart_meters"":{""available_profile_sources"":1423,""logical_devices"":2042,""mean_profile_reuse"":1.88724584103512,""profile_bootstrap"":true,""selected_unique_profile_sources"":1082,""weight"":0.40833333333333327},""irish_domestic_smart_meters"":{""available_profile_sources"":2904,""logical_devices"":2042,""mean_profile_reuse"":1.0,""profile_bootstrap"":false,""selected_unique_profile_sources"":2042,""weight"":0.40833333333333327},""low_carbon_london"":{""available_profile_sources"":5000,""logical_devices"":916,""mean_profile_reuse"":1.0,""profile_bootstrap"":false,""selected_unique_profile_sources"":916,""weight"":0.18333333333333332}}",dataset_combinations_mixed_physical_fleet_v1,3894.297041474795,3879.4736842105262,3894.297041474795,1617.3167644993046
predefined_mixed_scenario,S1-A,Similar residential,相似住宅半小时电表融合,ieee33,eps_mixed,Mixed EPS,O(1),26,4657401,5557401,dominant_minus_15pp,5000,"{""camsl_japan_smart_meters"":0.3333333333333333,""irish_domestic_smart_meters"":0.3333333333333333,""low_carbon_london"":0.3333333333333333}","{""camsl_japan_smart_meters"":0.40833333333333327,""irish_domestic_smart_meters"":0.40833333333333327,""low_carbon_london"":0.18333333333333332}","{""camsl_japan_smart_meters"":2042,""irish_domestic_smart_meters"":2042,""low_carbon_london"":916}",False,test,117.2874345015762,97.07826086905627,20.20917363251994,17.230467797680703,0.8947119999999998,0.4750203287740436,0,0.0,23.035734729410848,2.8265610968909045,0.0,"{""camsl_japan_smart_meters"":{""available_profile_sources"":1423,""logical_devices"":2042,""mean_profile_reuse"":1.852994555353902,""profile_bootstrap"":true,""selected_unique_profile_sources"":1102,""weight"":0.40833333333333327},""irish_domestic_smart_meters"":{""available_profile_sources"":2904,""logical_devices"":2042,""mean_profile_reuse"":1.0,""profile_bootstrap"":false,""selected_unique_profile_sources"":2042,""weight"":0.40833333333333327},""low_carbon_london"":{""available_profile_sources"":5000,""logical_devices"":916,""mean_profile_reuse"":1.0,""profile_bootstrap"":false,""selected_unique_profile_sources"":916,""weight"":0.18333333333333332}}",dataset_combinations_mixed_physical_fleet_v1,4095.0,4095.0,4095.0,1682.6144675551125
predefined_mixed_scenario,S1-A,Similar residential,相似住宅半小时电表融合,ieee33,eps_mixed,Mixed EPS,O(1),27,4657402,5557402,dominant_minus_15pp,5000,"{""camsl_japan_smart_meters"":0.3333333333333333,""irish_domestic_smart_meters"":0.3333333333333333,""low_carbon_london"":0.3333333333333333}","{""camsl_japan_smart_meters"":0.40833333333333327,""irish_domestic_smart_meters"":0.40833333333333327,""low_carbon_london"":0.18333333333333332}","{""camsl_japan_smart_meters"":2042,""irish_domestic_smart_meters"":2042,""low_carbon_london"":916}",False,test,96.21695444906057,78.50994396731593,17.707010481744625,18.403212389266724,0.8942839999999996,0.5548527080785562,0,0.0,24.126708283150787,6.419697801406162,0.0,"{""camsl_japan_smart_meters"":{""available_profile_sources"":1423,""logical_devices"":2042,""mean_profile_reuse"":1.9030754892823858,""profile_bootstrap"":true,""selected_unique_profile_sources"":1073,""weight"":0.40833333333333327},""irish_domestic_smart_meters"":{""available_profile_sources"":2904,""logical_devices"":2042,""mean_profile_reuse"":1.0,""profile_bootstrap"":false,""selected_unique_profile_sources"":2042,""weight"":0.40833333333333327},""low_carbon_london"":{""available_profile_sources"":5000,""logical_devices"":916,""mean_profile_reuse"":1.0,""profile_bootstrap"":false,""selected_unique_profile_sources"":916,""weight"":0.18333333333333332}}",dataset_combinations_mixed_physical_fleet_v1,2935.9545337881873,3538.0,3610.549362995583,1565.2970501625643
predefined_mixed_scenario,S1-A,Similar residential,相似住宅半小时电表融合,ieee33,eps_mixed,Mixed EPS,O(1),28,4657403,5557403,dominant_minus_15pp,5000,"{""camsl_japan_smart_meters"":0.3333333333333333,""irish_domestic_smart_meters"":0.3333333333333333,""low_carbon_london"":0.3333333333333333}","{""camsl_japan_smart_meters"":0.40833333333333327,""irish_domestic_smart_meters"":0.40833333333333327,""low_carbon_london"":0.18333333333333332}","{""camsl_japan_smart_meters"":2042,""irish_domestic_smart_meters"":2042,""low_carbon_london"":916}",False,test,118.52095606968443,98.44209871601089,20.07885735367355,16.941187465504555,0.8952919999999995,0.474340115571964,0,0.0,23.285450430903747,3.206593077230198,0.0,"{""camsl_japan_smart_meters"":{""available_profile_sources"":1423,""logical_devices"":2042,""mean_profile_reuse"":1.9245994344957587,""profile_bootstrap"":true,""selected_unique_profile_sources"":1061,""weight"":0.40833333333333327},""irish_domestic_smart_meters"":{""available_profile_sources"":2904,""logical_devices"":2042,""mean_profile_reuse"":1.0,""profile_bootstrap"":false,""selected_unique_profile_sources"":2042,""weight"":0.40833333333333327},""low_carbon_london"":{""available_profile_sources"":5000,""logical_devices"":916,""mean_profile_reuse"":1.0,""profile_bootstrap"":false,""selected_unique_profile_sources"":916,""weight"":0.18333333333333332}}",dataset_combinations_mixed_physical_fleet_v1,3890.25,3879.4736842105262,3890.25,1617.3167644993046
predefined_mixed_scenario,S1-A,Similar residential,相似住宅半小时电表融合,ieee33,eps_mixed,Mixed EPS,O(1),29,4657404,5557404,dominant_minus_15pp,5000,"{""camsl_japan_smart_meters"":0.3333333333333333,""irish_domestic_smart_meters"":0.3333333333333333,""low_carbon_london"":0.3333333333333333}","{""camsl_japan_smart_meters"":0.40833333333333327,""irish_domestic_smart_meters"":0.40833333333333327,""low_carbon_london"":0.18333333333333332}","{""camsl_japan_smart_meters"":2042,""irish_domestic_smart_meters"":2042,""low_carbon_london"":916}",False,test,119.31449170210253,99.67114105409456,19.643350648007967,16.46350780008546,0.8951939999999999,0.4646277416807691,0,0.0,22.949963845785017,3.306613197777047,0.0,"{""camsl_japan_smart_meters"":{""available_profile_sources"":1423,""logical_devices"":2042,""mean_profile_reuse"":1.8855032317636196,""profile_bootstrap"":true,""selected_unique_profile_sources"":1083,""weight"":0.40833333333333327},""irish_domestic_smart_meters"":{""available_profile_sources"":2904,""logical_devices"":2042,""mean_profile_reuse"":1.0,""profile_bootstrap"":false,""selected_unique_profile_sources"":2042,""weight"":0.40833333333333327},""low_carbon_london"":{""available_profile_sources"":5000,""logical_devices"":916,""mean_profile_reuse"":1.0,""profile_bootstrap"":false,""selected_unique_profile_sources"":916,""weight"":0.18333333333333332}}",dataset_combinations_mixed_physical_fleet_v1,3903.2922816843393,3879.4736842105262,3903.2922816843393,1617.3167644993046
predefined_mixed_scenario,S1-A,Similar residential,相似住宅半小时电表融合,ieee33,local_rules,Local SOC rules,O(1) per device,0,4657375,4857375,nominal,5000,"{""camsl_japan_smart_meters"":0.3333333333333333,""irish_domestic_smart_meters"":0.3333333333333333,""low_carbon_london"":0.3333333333333333}","{""camsl_japan_smart_meters"":0.3333333333333333,""irish_domestic_smart_meters"":0.3333333333333333,""low_carbon_london"":0.3333333333333333}","{""camsl_japan_smart_meters"":1667,""irish_domestic_smart_meters"":1666,""low_carbon_london"":1667}",False,test,99.3677053844885,87.30393258819502,12.063772796293483,12.140536756499015,0.8950619999999998,0.5468433355990627,0,0.0,13.010874487381228,0.947101691087747,1.7409663328264846,"{""camsl_japan_smart_meters"":{""available_profile_sources"":1423,""logical_devices"":1667,""mean_profile_reuse"":1.731048805815161,""profile_bootstrap"":true,""selected_unique_profile_sources"":963,""weight"":0.3333333333333333},""irish_domestic_smart_meters"":{""available_profile_sources"":2904,""logical_devices"":1666,""mean_profile_reuse"":1.0,""profile_bootstrap"":false,""selected_unique_profile_sources"":1666,""weight"":0.3333333333333333},""low_carbon_london"":{""available_profile_sources"":5000,""logical_devices"":1667,""mean_profile_reuse"":1.0,""profile_bootstrap"":false,""selected_unique_profile_sources"":1667,""weight"":0.3333333333333333}}",dataset_combinations_mixed_physical_fleet_v1,,,,
predefined_mixed_scenario,S1-A,Similar residential,相似住宅半小时电表融合,ieee33,local_rules,Local SOC rules,O(1) per device,1,4657376,4857376,nominal,5000,"{""camsl_japan_smart_meters"":0.3333333333333333,""irish_domestic_smart_meters"":0.3333333333333333,""low_carbon_london"":0.3333333333333333}","{""camsl_japan_smart_meters"":0.3333333333333333,""irish_domestic_smart_meters"":0.3333333333333333,""low_carbon_london"":0.3333333333333333}","{""camsl_japan_smart_meters"":1667,""irish_domestic_smart_meters"":1666,""low_carbon_london"":1667}",False,test,119.21694493224857,107.34731290680762,11.869632025440946,9.956329641047677,0.8946859999999995,0.540742905011175,0,0.0,12.639633794574673,0.7700017691337254,0.0,"{""camsl_japan_smart_meters"":{""available_profile_sources"":1423,""logical_devices"":1667,""mean_profile_reuse"":1.6941056910569106,""profile_bootstrap"":true,""selected_unique_profile_sources"":984,""weight"":0.3333333333333333},""irish_domestic_smart_meters"":{""available_profile_sources"":2904,""logical_devices"":1666,""mean_profile_reuse"":1.0,""profile_bootstrap"":false,""selected_unique_profile_sources"":1666,""weight"":0.3333333333333333},""low_carbon_london"":{""available_profile_sources"":5000,""logical_devices"":1667,""mean_profile_reuse"":1.0,""profile_bootstrap"":false,""selected_unique_profile_sources"":1667,""weight"":0.3333333333333333}}",dataset_combinations_mixed_physical_fleet_v1,,,,
predefined_mixed_scenario,S1-A,Similar residential,相似住宅半小时电表融合,ieee33,local_rules,Local SOC rules,O(1) per device,2,4657377,4857377,nominal,5000,"{""camsl_japan_smart_meters"":0.3333333333333333,""irish_domestic_smart_meters"":0.3333333333333333,""low_carbon_london"":0.3333333333333333}","{""camsl_japan_smart_meters"":0.3333333333333333,""irish_domestic_smart_meters"":0.3333333333333333,""low_carbon_london"":0.3333333333333333}","{""camsl_japan_smart_meters"":1667,""irish_domestic_smart_meters"":1666,""low_carbon_london"":1667}",False,test,103.67418776136145,91.7214324363866,11.952755324974838,11.52915261076156,0.894655999999999,0.5466093556357311,0,0.0,12.926865705493764,0.9741103805189251,0.9715278091545383,"{""camsl_japan_smart_meters"":{""available_profile_sources"":1423,""logical_devices"":1667,""mean_profile_reuse"":1.720330237358101,""profile_bootstrap"":true,""selected_unique_profile_sources"":969,""weight"":0.3333333333333333},""irish_domestic_smart_meters"":{""available_profile_sources"":2904,""logical_devices"":1666,""mean_profile_reuse"":1.0,""profile_bootstrap"":false,""selected_unique_profile_sources"":1666,""weight"":0.3333333333333333},""low_carbon_london"":{""available_profile_sources"":5000,""logical_devices"":1667,""mean_profile_reuse"":1.0,""profile_bootstrap"":false,""selected_unique_profile_sources"":1667,""weight"":0.3333333333333333}}",dataset_combinations_mixed_physical_fleet_v1,,,,
predefined_mixed_scenario,S1-A,Similar residential,相似住宅半小时电表融合,ieee33,local_rules,Local SOC rules,O(1) per device,3,4657378,4857378,nominal,5000,"{""camsl_japan_smart_meters"":0.3333333333333333,""irish_domestic_smart_meters"":0.3333333333333333,""low_carbon_london"":0.3333333333333333}","{""camsl_japan_smart_meters"":0.3333333333333333,""irish_domestic_smart_meters"":0.3333333333333333,""low_carbon_london"":0.3333333333333333}","{""camsl_japan_smart_meters"":1667,""irish_domestic_smart_meters"":1666,""low_carbon_london"":1667}",False,test,100.84251368366546,88.66605934442997,12.176454339235493,12.074723144478538,0.8949539999999994,0.5463674909876955,0,0.0,13.125747137470217,0.9492927982347229,1.5169536012329876,"{""camsl_japan_smart_meters"":{""available_profile_sources"":1423,""logical_devices"":1667,""mean_profile_reuse"":1.7027579162410622,""profile_bootstrap"":true,""selected_unique_profile_sources"":979,""weight"":0.3333333333333333},""irish_domestic_smart_meters"":{""available_profile_sources"":2904,""logical_devices"":1666,""mean_profile_reuse"":1.0,""profile_bootstrap"":false,""selected_unique_profile_sources"":1666,""weight"":0.3333333333333333},""low_carbon_london"":{""available_profile_sources"":5000,""logical_devices"":1667,""mean_profile_reuse"":1.0,""profile_bootstrap"":false,""selected_unique_profile_sources"":1667,""weight"":0.3333333333333333}}",dataset_combinations_mixed_physical_fleet_v1,,,,
predefined_mixed_scenario,S1-A,Similar residential,相似住宅半小时电表融合,ieee33,local_rules,Local SOC rules,O(1) per device,4,4657379,4857379,nominal,5000,"{""camsl_japan_smart_meters"":0.3333333333333333,""irish_domestic_smart_meters"":0.3333333333333333,""low_carbon_london"":0.3333333333333333}","{""camsl_japan_smart_meters"":0.3333333333333333,""irish_domestic_smart_meters"":0.3333333333333333,""low_carbon_london"":0.3333333333333333}","{""camsl_japan_smart_meters"":1667,""irish_domestic_smart_meters"":1666,""low_carbon_london"":1667}",False,test,118.22025518856613,106.24032513094303,11.979930057623093,10.133568091622385,0.8946880000000001,0.5394787458575014,0,0.0,12.694274918281721,0.7143448606586262,0.0,"{""camsl_japan_smart_meters"":{""available_profile_sources"":1423,""logical_devices"":1667,""mean_profile_reuse"":1.6992864424057084,""profile_bootstrap"":true,""selected_unique_profile_sources"":981,""weight"":0.3333333333333333},""irish_domestic_smart_meters"":{""available_profile_sources"":2904,""logical_devices"":1666,""mean_profile_reuse"":1.0,""profile_bootstrap"":false,""selected_unique_profile_sources"":1666,""weight"":0.3333333333333333},""low_carbon_london"":{""available_profile_sources"":5000,""logical_devices"":1667,""mean_profile_reuse"":1.0,""profile_bootstrap"":false,""selected_unique_profile_sources"":1667,""weight"":0.3333333333333333}}",dataset_combinations_mixed_physical_fleet_v1,,,,
predefined_mixed_scenario,S1-A,Similar residential,相似住宅半小时电表融合,ieee33,local_rules,Local SOC rules,O(1) per device,5,4657380,4857380,nominal,5000,"{""camsl_japan_smart_meters"":0.3333333333333333,""irish_domestic_smart_meters"":0.3333333333333333,""low_carbon_london"":0.3333333333333333}","{""camsl_japan_smart_meters"":0.3333333333333333,""irish_domestic_smart_meters"":0.3333333333333333,""low_carbon_london"":0.3333333333333333}","{""camsl_japan_smart_meters"":1667,""irish_domestic_smart_meters"":1666,""low_carbon_london"":1667}",False,test,118.5166012881671,106.63893655829287,11.877664729874231,10.021941737085667,0.894162,0.5404774850552515,0,0.0,12.777559789506148,0.8998950596319168,0.0,"{""camsl_japan_smart_meters"":{""available_profile_sources"":1423,""logical_devices"":1667,""mean_profile_reuse"":1.683838383838384,""profile_bootstrap"":true,""selected_unique_profile_sources"":990,""weight"":0.3333333333333333},""irish_domestic_smart_meters"":{""available_profile_sources"":2904,""logical_devices"":1666,""mean_profile_reuse"":1.0,""profile_bootstrap"":false,""selected_unique_profile_sources"":1666,""weight"":0.3333333333333333},""low_carbon_london"":{""available_profile_sources"":5000,""logical_devices"":1667,""mean_profile_reuse"":1.0,""profile_bootstrap"":false,""selected_unique_profile_sources"":1667,""weight"":0.3333333333333333}}",dataset_combinations_mixed_physical_fleet_v1,,,,
predefined_mixed_scenario,S1-A,Similar residential,相似住宅半小时电表融合,ieee33,local_rules,Local SOC rules,O(1) per device,6,4657381,4857381,nominal,5000,"{""camsl_japan_smart_meters"":0.3333333333333333,""irish_domestic_smart_meters"":0.3333333333333333,""low_carbon_london"":0.3333333333333333}","{""camsl_japan_smart_meters"":0.3333333333333333,""irish_domestic_smart_meters"":0.3333333333333333,""low_carbon_london"":0.3333333333333333}","{""camsl_japan_smart_meters"":1667,""irish_domestic_smart_meters"":1666,""low_carbon_london"":1667}",False,test,118.9945898212779,107.11437356747163,11.880216253806262,9.983828904868345,0.8957160000000004,0.5402314254795929,0,0.0,12.689125728467118,0.8089094746608583,0.0,"{""camsl_japan_smart_meters"":{""available_profile_sources"":1423,""logical_devices"":1667,""mean_profile_reuse"":1.6992864424057084,""profile_bootstrap"":true,""selected_unique_profile_sources"":981,""weight"":0.3333333333333333},""irish_domestic_smart_meters"":{""available_profile_sources"":2904,""logical_devices"":1666,""mean_profile_reuse"":1.0,""profile_bootstrap"":false,""selected_unique_profile_sources"":1666,""weight"":0.3333333333333333},""low_carbon_london"":{""available_profile_sources"":5000,""logical_devices"":1667,""mean_profile_reuse"":1.0,""profile_bootstrap"":false,""selected_unique_profile_sources"":1667,""weight"":0.3333333333333333}}",dataset_combinations_mixed_physical_fleet_v1,,,,
predefined_mixed_scenario,S1-A,Similar residential,相似住宅半小时电表融合,ieee33,local_rules,Local SOC rules,O(1) per device,7,4657382,4857382,nominal,5000,"{""camsl_japan_smart_meters"":0.3333333333333333,""irish_domestic_smart_meters"":0.3333333333333333,""low_carbon_london"":0.3333333333333333}","{""camsl_japan_smart_meters"":0.3333333333333333,""irish_domestic_smart_meters"":0.3333333333333333,""low_carbon_london"":0.3333333333333333}","{""camsl_japan_smart_meters"":1667,""irish_domestic_smart_meters"":1666,""low_carbon_london"":1667}",False,test,87.09713392105506,74.7221760934185,12.374957827636567,14.208226230329506,0.8956439999999998,0.5564796554087161,0,0.0,13.379762683439433,1.0048048558028633,4.528055517612478,"{""camsl_japan_smart_meters"":{""available_profile_sources"":1423,""logical_devices"":1667,""mean_profile_reuse"":1.6889564336372846,""profile_bootstrap"":true,""selected_unique_profile_sources"":987,""weight"":0.3333333333333333},""irish_domestic_smart_meters"":{""available_profile_sources"":2904,""logical_devices"":1666,""mean_profile_reuse"":1.0,""profile_bootstrap"":false,""selected_unique_profile_sources"":1666,""weight"":0.3333333333333333},""low_carbon_london"":{""available_profile_sources"":5000,""logical_devices"":1667,""mean_profile_reuse"":1.0,""profile_bootstrap"":false,""selected_unique_profile_sources"":1667,""weight"":0.3333333333333333}}",dataset_combinations_mixed_physical_fleet_v1,,,,
predefined_mixed_scenario,S1-A,Similar residential,相似住宅半小时电表融合,ieee33,local_rules,Local SOC rules,O(1) per device,8,4657383,4857383,nominal,5000,"{""camsl_japan_smart_meters"":0.3333333333333333,""irish_domestic_smart_meters"":0.3333333333333333,""low_carbon_london"":0.3333333333333333}","{""camsl_japan_smart_meters"":0.3333333333333333,""irish_domestic_smart_meters"":0.3333333333333333,""low_carbon_london"":0.3333333333333333}","{""camsl_japan_smart_meters"":1667,""irish_domestic_smart_meters"":1666,""low_carbon_london"":1667}",False,test,87.17765553011797,74.75993962333119,12.417715906786777,14.24414986991332,0.8949440000000002,0.5551939888923612,0,0.0,13.20257776480123,0.7848618580144539,4.571861798838037,"{""camsl_japan_smart_meters"":{""available_profile_sources"":1423,""logical_devices"":1667,""mean_profile_reuse"":1.6923857868020304,""profile_bootstrap"":true,""selected_unique_profile_sources"":985,""weight"":0.3333333333333333},""irish_domestic_smart_meters"":{""available_profile_sources"":2904,""logical_devices"":1666,""mean_profile_reuse"":1.0,""profile_bootstrap"":false,""selected_unique_profile_sources"":1666,""weight"":0.3333333333333333},""low_carbon_london"":{""available_profile_sources"":5000,""logical_devices"":1667,""mean_profile_reuse"":1.0,""profile_bootstrap"":false,""selected_unique_profile_sources"":1667,""weight"":0.3333333333333333}}",dataset_combinations_mixed_physical_fleet_v1,,,,
predefined_mixed_scenario,S1-A,Similar residential,相似住宅半小时电表融合,ieee33,local_rules,Local SOC rules,O(1) per device,9,4657384,4857384,nominal,5000,"{""camsl_japan_smart_meters"":0.3333333333333333,""irish_domestic_smart_meters"":0.3333333333333333,""low_carbon_london"":0.3333333333333333}","{""camsl_japan_smart_meters"":0.3333333333333333,""irish_domestic_smart_meters"":0.3333333333333333,""low_carbon_london"":0.3333333333333333}","{""camsl_japan_smart_meters"":1667,""irish_domestic_smart_meters"":1666,""low_carbon_london"":1667}",False,test,117.18441098538555,104.83300036681511,12.351410618570439,10.540148228513795,0.8938899999999997,0.5427488011027727,0,0.0,13.033244816336445,0.6818341977660081,0.0,"{""camsl_japan_smart_meters"":{""available_profile_sources"":1423,""logical_devices"":1667,""mean_profile_reuse"":1.683838383838384,""profile_bootstrap"":true,""selected_unique_profile_sources"":990,""weight"":0.3333333333333333},""irish_domestic_smart_meters"":{""available_profile_sources"":2904,""logical_devices"":1666,""mean_profile_reuse"":1.0,""profile_bootstrap"":false,""selected_unique_profile_sources"":1666,""weight"":0.3333333333333333},""low_carbon_london"":{""available_profile_sources"":5000,""logical_devices"":1667,""mean_profile_reuse"":1.0,""profile_bootstrap"":false,""selected_unique_profile_sources"":1667,""weight"":0.3333333333333333}}",dataset_combinations_mixed_physical_fleet_v1,,,,
predefined_mixed_scenario,S1-A,Similar residential,相似住宅半小时电表融合,ieee33,local_rules,Local SOC rules,O(1) per device,10,4657385,4857385,dominant_plus_15pp,5000,"{""camsl_japan_smart_meters"":0.3333333333333333,""irish_domestic_smart_meters"":0.3333333333333333,""low_carbon_london"":0.3333333333333333}","{""camsl_japan_smart_meters"":0.25833333333333336,""irish_domestic_smart_meters"":0.25833333333333336,""low_carbon_london"":0.48333333333333334}","{""camsl_japan_smart_meters"":1292,""irish_domestic_smart_meters"":1292,""low_carbon_london"":2416}",False,test,75.76570392262022,63.25467906605918,12.511024856561033,16.512781125004253,0.8947900000000001,0.5673919710504398,0,0.0,13.637667896372333,1.126643039811303,8.963315891670781,"{""camsl_japan_smart_meters"":{""available_profile_sources"":1423,""logical_devices"":1292,""mean_profile_reuse"":1.0,""profile_bootstrap"":false,""selected_unique_profile_sources"":1292,""weight"":0.25833333333333336},""irish_domestic_smart_meters"":{""available_profile_sources"":2904,""logical_devices"":1292,""mean_profile_reuse"":1.0,""profile_bootstrap"":false,""selected_unique_profile_sources"":1292,""weight"":0.25833333333333336},""low_carbon_london"":{""available_profile_sources"":5000,""logical_devices"":2416,""mean_profile_reuse"":1.0,""profile_bootstrap"":false,""selected_unique_profile_sources"":2416,""weight"":0.48333333333333334}}",dataset_combinations_mixed_physical_fleet_v1,,,,
predefined_mixed_scenario,S1-A,Similar residential,相似住宅半小时电表融合,ieee33,local_rules,Local SOC rules,O(1) per device,11,4657386,4857386,dominant_plus_15pp,5000,"{""camsl_japan_smart_meters"":0.3333333333333333,""irish_domestic_smart_meters"":0.3333333333333333,""low_carbon_london"":0.3333333333333333}","{""camsl_japan_smart_meters"":0.25833333333333336,""irish_domestic_smart_meters"":0.25833333333333336,""low_carbon_london"":0.48333333333333334}","{""camsl_japan_smart_meters"":1292,""irish_domestic_smart_meters"":1292,""low_carbon_london"":2416}",False,test,116.4149542490602,104.06466939336025,12.350284855699952,10.608847407419443,0.8943260000000003,0.5424264521116989,0,0.0,13.056525282499665,0.706240426799715,0.0,"{""camsl_japan_smart_meters"":{""available_profile_sources"":1423,""logical_devices"":1292,""mean_profile_reuse"":1.0,""profile_bootstrap"":false,""selected_unique_profile_sources"":1292,""weight"":0.25833333333333336},""irish_domestic_smart_meters"":{""available_profile_sources"":2904,""logical_devices"":1292,""mean_profile_reuse"":1.0,""profile_bootstrap"":false,""selected_unique_profile_sources"":1292,""weight"":0.25833333333333336},""low_carbon_london"":{""available_profile_sources"":5000,""logical_devices"":2416,""mean_profile_reuse"":1.0,""profile_bootstrap"":false,""selected_unique_profile_sources"":2416,""weight"":0.48333333333333334}}",dataset_combinations_mixed_physical_fleet_v1,,,,
predefined_mixed_scenario,S1-A,Similar residential,相似住宅半小时电表融合,ieee33,local_rules,Local SOC rules,O(1) per device,12,4657387,4857387,dominant_plus_15pp,5000,"{""camsl_japan_smart_meters"":0.3333333333333333,""irish_domestic_smart_meters"":0.3333333333333333,""low_carbon_london"":0.3333333333333333}","{""camsl_japan_smart_meters"":0.25833333333333336,""irish_domestic_smart_meters"":0.25833333333333336,""low_carbon_london"":0.48333333333333334}","{""camsl_japan_smart_meters"":1292,""irish_domestic_smart_meters"":1292,""low_carbon_london"":2416}",False,test,115.78958326868634,103.51894069502961,12.270642573656737,10.597363102329389,0.8945400000000001,0.5433336369237044,0,0.0,13.088466584765065,0.8178240111083275,0.0,"{""camsl_japan_smart_meters"":{""available_profile_sources"":1423,""logical_devices"":1292,""mean_profile_reuse"":1.0,""profile_bootstrap"":false,""selected_unique_profile_sources"":1292,""weight"":0.25833333333333336},""irish_domestic_smart_meters"":{""available_profile_sources"":2904,""logical_devices"":1292,""mean_profile_reuse"":1.0,""profile_bootstrap"":false,""selected_unique_profile_sources"":1292,""weight"":0.25833333333333336},""low_carbon_london"":{""available_profile_sources"":5000,""logical_devices"":2416,""mean_profile_reuse"":1.0,""profile_bootstrap"":false,""selected_unique_profile_sources"":2416,""weight"":0.48333333333333334}}",dataset_combinations_mixed_physical_fleet_v1,,,,
predefined_mixed_scenario,S1-A,Similar residential,相似住宅半小时电表融合,ieee33,local_rules,Local SOC rules,O(1) per device,13,4657388,4857388,dominant_plus_15pp,5000,"{""camsl_japan_smart_meters"":0.3333333333333333,""irish_domestic_smart_meters"":0.3333333333333333,""low_carbon_london"":0.3333333333333333}","{""camsl_japan_smart_meters"":0.25833333333333336,""irish_domestic_smart_meters"":0.25833333333333336,""low_carbon_london"":0.48333333333333334}","{""camsl_japan_smart_meters"":1292,""irish_domestic_smart_meters"":1292,""low_carbon_london"":2416}",False,test,81.53054604710435,68.78356664711139,12.746979399992961,15.634605700578021,0.8951759999999997,0.5654497255877149,0,0.0,13.667960806458668,0.9209814064657083,6.929001469230972,"{""camsl_japan_smart_meters"":{""available_profile_sources"":1423,""logical_devices"":1292,""mean_profile_reuse"":1.0,""profile_bootstrap"":false,""selected_unique_profile_sources"":1292,""weight"":0.25833333333333336},""irish_domestic_smart_meters"":{""available_profile_sources"":2904,""logical_devices"":1292,""mean_profile_reuse"":1.0,""profile_bootstrap"":false,""selected_unique_profile_sources"":1292,""weight"":0.25833333333333336},""low_carbon_london"":{""available_profile_sources"":5000,""logical_devices"":2416,""mean_profile_reuse"":1.0,""profile_bootstrap"":false,""selected_unique_profile_sources"":2416,""weight"":0.48333333333333334}}",dataset_combinations_mixed_physical_fleet_v1,,,,
predefined_mixed_scenario,S1-A,Similar residential,相似住宅半小时电表融合,ieee33,local_rules,Local SOC rules,O(1) per device,14,4657389,4857389,dominant_plus_15pp,5000,"{""camsl_japan_smart_meters"":0.3333333333333333,""irish_domestic_smart_meters"":0.3333333333333333,""low_carbon_london"":0.3333333333333333}","{""camsl_japan_smart_meters"":0.25833333333333336,""irish_domestic_smart_meters"":0.25833333333333336,""low_carbon_london"":0.48333333333333334}","{""camsl_japan_smart_meters"":1292,""irish_domestic_smart_meters"":1292,""low_carbon_london"":2416}",False,test,76.22127183905698,63.165592922632,13.05567891642498,17.12865529716213,0.8954239999999997,0.5696103601593774,0,0.0,14.227954017019037,1.1722751005940555,8.82192921167132,"{""camsl_japan_smart_meters"":{""available_profile_sources"":1423,""logical_devices"":1292,""mean_profile_reuse"":1.0,""profile_bootstrap"":false,""selected_unique_profile_sources"":1292,""weight"":0.25833333333333336},""irish_domestic_smart_meters"":{""available_profile_sources"":2904,""logical_devices"":1292,""mean_profile_reuse"":1.0,""profile_bootstrap"":false,""selected_unique_profile_sources"":1292,""weight"":0.25833333333333336},""low_carbon_london"":{""available_profile_sources"":5000,""logical_devices"":2416,""mean_profile_reuse"":1.0,""profile_bootstrap"":false,""selected_unique_profile_sources"":2416,""weight"":0.48333333333333334}}",dataset_combinations_mixed_physical_fleet_v1,,,,
predefined_mixed_scenario,S1-A,Similar residential,相似住宅半小时电表融合,ieee33,local_rules,Local SOC rules,O(1) per device,15,4657390,4857390,dominant_plus_15pp,5000,"{""camsl_japan_smart_meters"":0.3333333333333333,""irish_domestic_smart_meters"":0.3333333333333333,""low_carbon_london"":0.3333333333333333}","{""camsl_japan_smart_meters"":0.25833333333333336,""irish_domestic_smart_meters"":0.25833333333333336,""low_carbon_london"":0.48333333333333334}","{""camsl_japan_smart_meters"":1292,""irish_domestic_smart_meters"":1292,""low_carbon_london"":2416}",False,test,116.27915361730868,103.94594351402932,12.333210103279354,10.606553040340932,0.8948260000000001,0.5427146951391808,0,0.0,13.00076283084362,0.6675527275642658,0.0,"{""camsl_japan_smart_meters"":{""available_profile_sources"":1423,""logical_devices"":1292,""mean_profile_reuse"":1.0,""profile_bootstrap"":false,""selected_unique_profile_sources"":1292,""weight"":0.25833333333333336},""irish_domestic_smart_meters"":{""available_profile_sources"":2904,""logical_devices"":1292,""mean_profile_reuse"":1.0,""profile_bootstrap"":false,""selected_unique_profile_sources"":1292,""weight"":0.25833333333333336},""low_carbon_london"":{""available_profile_sources"":5000,""logical_devices"":2416,""mean_profile_reuse"":1.0,""profile_bootstrap"":false,""selected_unique_profile_sources"":2416,""weight"":0.48333333333333334}}",dataset_combinations_mixed_physical_fleet_v1,,,,
predefined_mixed_scenario,S1-A,Similar residential,相似住宅半小时电表融合,ieee33,local_rules,Local SOC rules,O(1) per device,16,4657391,4857391,dominant_plus_15pp,5000,"{""camsl_japan_smart_meters"":0.3333333333333333,""irish_domestic_smart_meters"":0.3333333333333333,""low_carbon_london"":0.3333333333333333}","{""camsl_japan_smart_meters"":0.25833333333333336,""irish_domestic_smart_meters"":0.25833333333333336,""low_carbon_london"":0.48333333333333334}","{""camsl_japan_smart_meters"":1292,""irish_domestic_smart_meters"":1292,""low_carbon_london"":2416}",False,test,61.910215668387224,48.99088922901302,12.919326439374199,20.86784272982449,0.8945319999999998,0.6015742210305555,0,0.0,14.507304608149905,1.5879781687757064,16.827338763091735,"{""camsl_japan_smart_meters"":{""available_profile_sources"":1423,""logical_devices"":1292,""mean_profile_reuse"":1.0,""profile_bootstrap"":false,""selected_unique_profile_sources"":1292,""weight"":0.25833333333333336},""irish_domestic_smart_meters"":{""available_profile_sources"":2904,""logical_devices"":1292,""mean_profile_reuse"":1.0,""profile_bootstrap"":false,""selected_unique_profile_sources"":1292,""weight"":0.25833333333333336},""low_carbon_london"":{""available_profile_sources"":5000,""logical_devices"":2416,""mean_profile_reuse"":1.0,""profile_bootstrap"":false,""selected_unique_profile_sources"":2416,""weight"":0.48333333333333334}}",dataset_combinations_mixed_physical_fleet_v1,,,,
predefined_mixed_scenario,S1-A,Similar residential,相似住宅半小时电表融合,ieee33,local_rules,Local SOC rules,O(1) per device,17,4657392,4857392,dominant_plus_15pp,5000,"{""camsl_japan_smart_meters"":0.3333333333333333,""irish_domestic_smart_meters"":0.3333333333333333,""low_carbon_london"":0.3333333333333333}","{""camsl_japan_smart_meters"":0.25833333333333336,""irish_domestic_smart_meters"":0.25833333333333336,""low_carbon_london"":0.48333333333333334}","{""camsl_japan_smart_meters"":1292,""irish_domestic_smart_meters"":1292,""low_carbon_london"":2416}",False,test,118.63779734592659,106.78757705672993,11.850220289196661,9.988570720546619,0.895342,0.5403486586126028,0,0.0,12.716437078095305,0.866216788898646,0.0,"{""camsl_japan_smart_meters"":{""available_profile_sources"":1423,""logical_devices"":1292,""mean_profile_reuse"":1.0,""profile_bootstrap"":false,""selected_unique_profile_sources"":1292,""weight"":0.25833333333333336},""irish_domestic_smart_meters"":{""available_profile_sources"":2904,""logical_devices"":1292,""mean_profile_reuse"":1.0,""profile_bootstrap"":false,""selected_unique_profile_sources"":1292,""weight"":0.25833333333333336},""low_carbon_london"":{""available_profile_sources"":5000,""logical_devices"":2416,""mean_profile_reuse"":1.0,""profile_bootstrap"":false,""selected_unique_profile_sources"":2416,""weight"":0.48333333333333334}}",dataset_combinations_mixed_physical_fleet_v1,,,,
predefined_mixed_scenario,S1-A,Similar residential,相似住宅半小时电表融合,ieee33,local_rules,Local SOC rules,O(1) per device,18,4657393,4857393,dominant_plus_15pp,5000,"{""camsl_japan_smart_meters"":0.3333333333333333,""irish_domestic_smart_meters"":0.3333333333333333,""low_carbon_london"":0.3333333333333333}","{""camsl_japan_smart_meters"":0.25833333333333336,""irish_domestic_smart_meters"":0.25833333333333336,""low_carbon_london"":0.48333333333333334}","{""camsl_japan_smart_meters"":1292,""irish_domestic_smart_meters"":1292,""low_carbon_london"":2416}",False,test,85.76416452021755,73.42880569753791,12.335358822679643,14.382882281528866,0.8947740000000001,0.5557773376586617,0,0.0,13.432172331920349,1.0968135092407059,5.0797714457349565,"{""camsl_japan_smart_meters"":{""available_profile_sources"":1423,""logical_devices"":1292,""mean_profile_reuse"":1.0,""profile_bootstrap"":false,""selected_unique_profile_sources"":1292,""weight"":0.25833333333333336},""irish_domestic_smart_meters"":{""available_profile_sources"":2904,""logical_devices"":1292,""mean_profile_reuse"":1.0,""profile_bootstrap"":false,""selected_unique_profile_sources"":1292,""weight"":0.25833333333333336},""low_carbon_london"":{""available_profile_sources"":5000,""logical_devices"":2416,""mean_profile_reuse"":1.0,""profile_bootstrap"":false,""selected_unique_profile_sources"":2416,""weight"":0.48333333333333334}}",dataset_combinations_mixed_physical_fleet_v1,,,,
predefined_mixed_scenario,S1-A,Similar residential,相似住宅半小时电表融合,ieee33,local_rules,Local SOC rules,O(1) per device,19,4657394,4857394,dominant_plus_15pp,5000,"{""camsl_japan_smart_meters"":0.3333333333333333,""irish_domestic_smart_meters"":0.3333333333333333,""low_carbon_london"":0.3333333333333333}","{""camsl_japan_smart_meters"":0.25833333333333336,""irish_domestic_smart_meters"":0.25833333333333336,""low_carbon_london"":0.48333333333333334}","{""camsl_japan_smart_meters"":1292,""irish_domestic_smart_meters"":1292,""low_carbon_london"":2416}",False,test,118.41016684931087,106.58807517995328,11.822091669357594,9.984017406547885,0.8950980000000003,0.5410217044323029,0,0.0,12.649039634602447,0.8269479652448555,0.0,"{""camsl_japan_smart_meters"":{""available_profile_sources"":1423,""logical_devices"":1292,""mean_profile_reuse"":1.0,""profile_bootstrap"":false,""selected_unique_profile_sources"":1292,""weight"":0.25833333333333336},""irish_domestic_smart_meters"":{""available_profile_sources"":2904,""logical_devices"":1292,""mean_profile_reuse"":1.0,""profile_bootstrap"":false,""selected_unique_profile_sources"":1292,""weight"":0.25833333333333336},""low_carbon_london"":{""available_profile_sources"":5000,""logical_devices"":2416,""mean_profile_reuse"":1.0,""profile_bootstrap"":false,""selected_unique_profile_sources"":2416,""weight"":0.48333333333333334}}",dataset_combinations_mixed_physical_fleet_v1,,,,
predefined_mixed_scenario,S1-A,Similar residential,相似住宅半小时电表融合,ieee33,local_rules,Local SOC rules,O(1) per device,20,4657395,4857395,dominant_minus_15pp,5000,"{""camsl_japan_smart_meters"":0.3333333333333333,""irish_domestic_smart_meters"":0.3333333333333333,""low_carbon_london"":0.3333333333333333}","{""camsl_japan_smart_meters"":0.40833333333333327,""irish_domestic_smart_meters"":0.40833333333333327,""low_carbon_london"":0.18333333333333332}","{""camsl_japan_smart_meters"":2042,""irish_domestic_smart_meters"":2042,""low_carbon_london"":916}",False,test,93.2690404867517,81.01633030172242,12.252710185029292,13.136953185199443,0.8945960000000003,0.5507477739597502,0,0.0,13.254760347233011,1.0020501622037221,2.9020783679145357,"{""camsl_japan_smart_meters"":{""available_profile_sources"":1423,""logical_devices"":2042,""mean_profile_reuse"":1.8837638376383763,""profile_bootstrap"":true,""selected_unique_profile_sources"":1084,""weight"":0.40833333333333327},""irish_domestic_smart_meters"":{""available_profile_sources"":2904,""logical_devices"":2042,""mean_profile_reuse"":1.0,""profile_bootstrap"":false,""selected_unique_profile_sources"":2042,""weight"":0.40833333333333327},""low_carbon_london"":{""available_profile_sources"":5000,""logical_devices"":916,""mean_profile_reuse"":1.0,""profile_bootstrap"":false,""selected_unique_profile_sources"":916,""weight"":0.18333333333333332}}",dataset_combinations_mixed_physical_fleet_v1,,,,
predefined_mixed_scenario,S1-A,Similar residential,相似住宅半小时电表融合,ieee33,local_rules,Local SOC rules,O(1) per device,21,4657396,4857396,dominant_minus_15pp,5000,"{""camsl_japan_smart_meters"":0.3333333333333333,""irish_domestic_smart_meters"":0.3333333333333333,""low_carbon_london"":0.3333333333333333}","{""camsl_japan_smart_meters"":0.40833333333333327,""irish_domestic_smart_meters"":0.40833333333333327,""low_carbon_london"":0.18333333333333332}","{""camsl_japan_smart_meters"":2042,""irish_domestic_smart_meters"":2042,""low_carbon_london"":916}",False,test,92.40298950872925,80.21754826104537,12.185441247683888,13.187280316869764,0.8944959999999992,0.5513471021289353,0,0.0,13.12524280976953,0.9398015620856416,3.0505703294096134,"{""camsl_japan_smart_meters"":{""available_profile_sources"":1423,""logical_devices"":2042,""mean_profile_reuse"":1.9209783631232362,""profile_bootstrap"":true,""selected_unique_profile_sources"":1063,""weight"":0.40833333333333327},""irish_domestic_smart_meters"":{""available_profile_sources"":2904,""logical_devices"":2042,""mean_profile_reuse"":1.0,""profile_bootstrap"":false,""selected_unique_profile_sources"":2042,""weight"":0.40833333333333327},""low_carbon_london"":{""available_profile_sources"":5000,""logical_devices"":916,""mean_profile_reuse"":1.0,""profile_bootstrap"":false,""selected_unique_profile_sources"":916,""weight"":0.18333333333333332}}",dataset_combinations_mixed_physical_fleet_v1,,,,
predefined_mixed_scenario,S1-A,Similar residential,相似住宅半小时电表融合,ieee33,local_rules,Local SOC rules,O(1) per device,22,4657397,4857397,dominant_minus_15pp,5000,"{""camsl_japan_smart_meters"":0.3333333333333333,""irish_domestic_smart_meters"":0.3333333333333333,""low_carbon_london"":0.3333333333333333}","{""camsl_japan_smart_meters"":0.40833333333333327,""irish_domestic_smart_meters"":0.40833333333333327,""low_carbon_london"":0.18333333333333332}","{""camsl_japan_smart_meters"":2042,""irish_domestic_smart_meters"":2042,""low_carbon_london"":916}",False,test,102.22662157479874,89.93957480839211,12.28704676640663,12.019419772584639,0.8952979999999999,0.545878091028611,0,0.0,13.1001027059554,0.8130559395487699,1.1894680663794843,"{""camsl_japan_smart_meters"":{""available_profile_sources"":1423,""logical_devices"":2042,""mean_profile_reuse"":1.8820276497695851,""profile_bootstrap"":true,""selected_unique_profile_sources"":1085,""weight"":0.40833333333333327},""irish_domestic_smart_meters"":{""available_profile_sources"":2904,""logical_devices"":2042,""mean_profile_reuse"":1.0,""profile_bootstrap"":false,""selected_unique_profile_sources"":2042,""weight"":0.40833333333333327},""low_carbon_london"":{""available_profile_sources"":5000,""logical_devices"":916,""mean_profile_reuse"":1.0,""profile_bootstrap"":false,""selected_unique_profile_sources"":916,""weight"":0.18333333333333332}}",dataset_combinations_mixed_physical_fleet_v1,,,,
predefined_mixed_scenario,S1-A,Similar residential,相似住宅半小时电表融合,ieee33,local_rules,Local SOC rules,O(1) per device,23,4657398,4857398,dominant_minus_15pp,5000,"{""camsl_japan_smart_meters"":0.3333333333333333,""irish_domestic_smart_meters"":0.3333333333333333,""low_carbon_london"":0.3333333333333333}","{""camsl_japan_smart_meters"":0.40833333333333327,""irish_domestic_smart_meters"":0.40833333333333327,""low_carbon_london"":0.18333333333333332}","{""camsl_japan_smart_meters"":2042,""irish_domestic_smart_meters"":2042,""low_carbon_london"":916}",False,test,116.3221913077552,104.03901147858186,12.283179829173351,10.559618668698885,0.8966560000000001,0.5434175230074191,0,0.0,13.113659368188978,0.8304795390156299,0.0,"{""camsl_japan_smart_meters"":{""available_profile_sources"":1423,""logical_devices"":2042,""mean_profile_reuse"":1.88724584103512,""profile_bootstrap"":true,""selected_unique_profile_sources"":1082,""weight"":0.40833333333333327},""irish_domestic_smart_meters"":{""available_profile_sources"":2904,""logical_devices"":2042,""mean_profile_reuse"":1.0,""profile_bootstrap"":false,""selected_unique_profile_sources"":2042,""weight"":0.40833333333333327},""low_carbon_london"":{""available_profile_sources"":5000,""logical_devices"":916,""mean_profile_reuse"":1.0,""profile_bootstrap"":false,""selected_unique_profile_sources"":916,""weight"":0.18333333333333332}}",dataset_combinations_mixed_physical_fleet_v1,,,,
predefined_mixed_scenario,S1-A,Similar residential,相似住宅半小时电表融合,ieee33,local_rules,Local SOC rules,O(1) per device,24,4657399,4857399,dominant_minus_15pp,5000,"{""camsl_japan_smart_meters"":0.3333333333333333,""irish_domestic_smart_meters"":0.3333333333333333,""low_carbon_london"":0.3333333333333333}","{""camsl_japan_smart_meters"":0.40833333333333327,""irish_domestic_smart_meters"":0.40833333333333327,""low_carbon_london"":0.18333333333333332}","{""camsl_japan_smart_meters"":2042,""irish_domestic_smart_meters"":2042,""low_carbon_london"":916}",False,test,119.4510929930663,107.5239164710047,11.927176522061597,9.984987347712197,0.8942439999999996,0.5402404937813089,0,0.0,12.674828533938367,0.7476520118767692,0.0,"{""camsl_japan_smart_meters"":{""available_profile_sources"":1423,""logical_devices"":2042,""mean_profile_reuse"":1.86996336996337,""profile_bootstrap"":true,""selected_unique_profile_sources"":1092,""weight"":0.40833333333333327},""irish_domestic_smart_meters"":{""available_profile_sources"":2904,""logical_devices"":2042,""mean_profile_reuse"":1.0,""profile_bootstrap"":false,""selected_unique_profile_sources"":2042,""weight"":0.40833333333333327},""low_carbon_london"":{""available_profile_sources"":5000,""logical_devices"":916,""mean_profile_reuse"":1.0,""profile_bootstrap"":false,""selected_unique_profile_sources"":916,""weight"":0.18333333333333332}}",dataset_combinations_mixed_physical_fleet_v1,,,,
predefined_mixed_scenario,S1-A,Similar residential,相似住宅半小时电表融合,ieee33,local_rules,Local SOC rules,O(1) per device,25,4657400,4857400,dominant_minus_15pp,5000,"{""camsl_japan_smart_meters"":0.3333333333333333,""irish_domestic_smart_meters"":0.3333333333333333,""low_carbon_london"":0.3333333333333333}","{""camsl_japan_smart_meters"":0.40833333333333327,""irish_domestic_smart_meters"":0.40833333333333327,""low_carbon_london"":0.18333333333333332}","{""camsl_japan_smart_meters"":2042,""irish_domestic_smart_meters"":2042,""low_carbon_london"":916}",False,test,118.89435512200482,107.01465501914757,11.87970010285726,9.99181171441383,0.895362,0.5399641758285519,0,0.0,12.726281371213899,0.8465812683566394,0.0,"{""camsl_japan_smart_meters"":{""available_profile_sources"":1423,""logical_devices"":2042,""mean_profile_reuse"":1.88724584103512,""profile_bootstrap"":true,""selected_unique_profile_sources"":1082,""weight"":0.40833333333333327},""irish_domestic_smart_meters"":{""available_profile_sources"":2904,""logical_devices"":2042,""mean_profile_reuse"":1.0,""profile_bootstrap"":false,""selected_unique_profile_sources"":2042,""weight"":0.40833333333333327},""low_carbon_london"":{""available_profile_sources"":5000,""logical_devices"":916,""mean_profile_reuse"":1.0,""profile_bootstrap"":false,""selected_unique_profile_sources"":916,""weight"":0.18333333333333332}}",dataset_combinations_mixed_physical_fleet_v1,,,,
predefined_mixed_scenario,S1-A,Similar residential,相似住宅半小时电表融合,ieee33,local_rules,Local SOC rules,O(1) per device,26,4657401,4857401,dominant_minus_15pp,5000,"{""camsl_japan_smart_meters"":0.3333333333333333,""irish_domestic_smart_meters"":0.3333333333333333,""low_carbon_london"":0.3333333333333333}","{""camsl_japan_smart_meters"":0.40833333333333327,""irish_domestic_smart_meters"":0.40833333333333327,""low_carbon_london"":0.18333333333333332}","{""camsl_japan_smart_meters"":2042,""irish_domestic_smart_meters"":2042,""low_carbon_london"":916}",False,test,117.2874345015762,105.47343939060023,11.813995110975961,10.072686099052836,0.8947119999999998,0.5403700583222334,0,0.0,12.616774117417929,0.802779006441969,0.0,"{""camsl_japan_smart_meters"":{""available_profile_sources"":1423,""logical_devices"":2042,""mean_profile_reuse"":1.852994555353902,""profile_bootstrap"":true,""selected_unique_profile_sources"":1102,""weight"":0.40833333333333327},""irish_domestic_smart_meters"":{""available_profile_sources"":2904,""logical_devices"":2042,""mean_profile_reuse"":1.0,""profile_bootstrap"":false,""selected_unique_profile_sources"":2042,""weight"":0.40833333333333327},""low_carbon_london"":{""available_profile_sources"":5000,""logical_devices"":916,""mean_profile_reuse"":1.0,""profile_bootstrap"":false,""selected_unique_profile_sources"":916,""weight"":0.18333333333333332}}",dataset_combinations_mixed_physical_fleet_v1,,,,
predefined_mixed_scenario,S1-A,Similar residential,相似住宅半小时电表融合,ieee33,local_rules,Local SOC rules,O(1) per device,27,4657402,4857402,dominant_minus_15pp,5000,"{""camsl_japan_smart_meters"":0.3333333333333333,""irish_domestic_smart_meters"":0.3333333333333333,""low_carbon_london"":0.3333333333333333}","{""camsl_japan_smart_meters"":0.40833333333333327,""irish_domestic_smart_meters"":0.40833333333333327,""low_carbon_london"":0.18333333333333332}","{""camsl_japan_smart_meters"":2042,""irish_domestic_smart_meters"":2042,""low_carbon_london"":916}",False,test,96.21695444906057,83.83251277172134,12.384441677339222,12.87137152516694,0.8942839999999996,0.550431580278265,0,0.0,13.38039214491839,0.9959504675791688,2.3522807183155647,"{""camsl_japan_smart_meters"":{""available_profile_sources"":1423,""logical_devices"":2042,""mean_profile_reuse"":1.9030754892823858,""profile_bootstrap"":true,""selected_unique_profile_sources"":1073,""weight"":0.40833333333333327},""irish_domestic_smart_meters"":{""available_profile_sources"":2904,""logical_devices"":2042,""mean_profile_reuse"":1.0,""profile_bootstrap"":false,""selected_unique_profile_sources"":2042,""weight"":0.40833333333333327},""low_carbon_london"":{""available_profile_sources"":5000,""logical_devices"":916,""mean_profile_reuse"":1.0,""profile_bootstrap"":false,""selected_unique_profile_sources"":916,""weight"":0.18333333333333332}}",dataset_combinations_mixed_physical_fleet_v1,,,,
predefined_mixed_scenario,S1-A,Similar residential,相似住宅半小时电表融合,ieee33,local_rules,Local SOC rules,O(1) per device,28,4657403,4857403,dominant_minus_15pp,5000,"{""camsl_japan_smart_meters"":0.3333333333333333,""irish_domestic_smart_meters"":0.3333333333333333,""low_carbon_london"":0.3333333333333333}","{""camsl_japan_smart_meters"":0.40833333333333327,""irish_domestic_smart_meters"":0.40833333333333327,""low_carbon_london"":0.18333333333333332}","{""camsl_japan_smart_meters"":2042,""irish_domestic_smart_meters"":2042,""low_carbon_london"":916}",False,test,118.52095606968443,106.06897743563441,12.451978634050024,10.506140894382321,0.8952919999999995,0.5423662123660669,0,0.0,13.002404987881668,0.5504263538316442,0.0,"{""camsl_japan_smart_meters"":{""available_profile_sources"":1423,""logical_devices"":2042,""mean_profile_reuse"":1.9245994344957587,""profile_bootstrap"":true,""selected_unique_profile_sources"":1061,""weight"":0.40833333333333327},""irish_domestic_smart_meters"":{""available_profile_sources"":2904,""logical_devices"":2042,""mean_profile_reuse"":1.0,""profile_bootstrap"":false,""selected_unique_profile_sources"":2042,""weight"":0.40833333333333327},""low_carbon_london"":{""available_profile_sources"":5000,""logical_devices"":916,""mean_profile_reuse"":1.0,""profile_bootstrap"":false,""selected_unique_profile_sources"":916,""weight"":0.18333333333333332}}",dataset_combinations_mixed_physical_fleet_v1,,,,
predefined_mixed_scenario,S1-A,Similar residential,相似住宅半小时电表融合,ieee33,local_rules,Local SOC rules,O(1) per device,29,4657404,4857404,dominant_minus_15pp,5000,"{""camsl_japan_smart_meters"":0.3333333333333333,""irish_domestic_smart_meters"":0.3333333333333333,""low_carbon_london"":0.3333333333333333}","{""camsl_japan_smart_meters"":0.40833333333333327,""irish_domestic_smart_meters"":0.40833333333333327,""low_carbon_london"":0.18333333333333332}","{""camsl_japan_smart_meters"":2042,""irish_domestic_smart_meters"":2042,""low_carbon_london"":916}",False,test,119.31449170210253,107.41466272285017,11.899828979252366,9.97349844892535,0.8951939999999999,0.5405300515828562,0,0.0,12.710901568434203,0.811072589181838,0.0,"{""camsl_japan_smart_meters"":{""available_profile_sources"":1423,""logical_devices"":2042,""mean_profile_reuse"":1.8855032317636196,""profile_bootstrap"":true,""selected_unique_profile_sources"":1083,""weight"":0.40833333333333327},""irish_domestic_smart_meters"":{""available_profile_sources"":2904,""logical_devices"":2042,""mean_profile_reuse"":1.0,""profile_bootstrap"":false,""selected_unique_profile_sources"":2042,""weight"":0.40833333333333327},""low_carbon_london"":{""available_profile_sources"":5000,""logical_devices"":916,""mean_profile_reuse"":1.0,""profile_bootstrap"":false,""selected_unique_profile_sources"":916,""weight"":0.18333333333333332}}",dataset_combinations_mixed_physical_fleet_v1,,,,
predefined_mixed_scenario,S1-A,Similar residential,相似住宅半小时电表融合,ieee33,mean_field_control,Mean-field control,O(N),0,4657375,5057375,nominal,5000,"{""camsl_japan_smart_meters"":0.3333333333333333,""irish_domestic_smart_meters"":0.3333333333333333,""low_carbon_london"":0.3333333333333333}","{""camsl_japan_smart_meters"":0.3333333333333333,""irish_domestic_smart_meters"":0.3333333333333333,""low_carbon_london"":0.3333333333333333}","{""camsl_japan_smart_meters"":1667,""irish_domestic_smart_meters"":1666,""low_carbon_london"":1667}",False,test,99.3677053844885,79.2762765258383,20.091428858650204,20.21927424097137,0.8950619999999998,0.6469253156772555,0,0.0,21.5254557975133,1.4340269388630906,0.0,"{""camsl_japan_smart_meters"":{""available_profile_sources"":1423,""logical_devices"":1667,""mean_profile_reuse"":1.731048805815161,""profile_bootstrap"":true,""selected_unique_profile_sources"":963,""weight"":0.3333333333333333},""irish_domestic_smart_meters"":{""available_profile_sources"":2904,""logical_devices"":1666,""mean_profile_reuse"":1.0,""profile_bootstrap"":false,""selected_unique_profile_sources"":1666,""weight"":0.3333333333333333},""low_carbon_london"":{""available_profile_sources"":5000,""logical_devices"":1667,""mean_profile_reuse"":1.0,""profile_bootstrap"":false,""selected_unique_profile_sources"":1667,""weight"":0.3333333333333333}}",dataset_combinations_mixed_physical_fleet_v1,,,,
predefined_mixed_scenario,S1-A,Similar residential,相似住宅半小时电表融合,ieee33,mean_field_control,Mean-field control,O(N),1,4657376,5057376,nominal,5000,"{""camsl_japan_smart_meters"":0.3333333333333333,""irish_domestic_smart_meters"":0.3333333333333333,""low_carbon_london"":0.3333333333333333}","{""camsl_japan_smart_meters"":0.3333333333333333,""irish_domestic_smart_meters"":0.3333333333333333,""low_carbon_london"":0.3333333333333333}","{""camsl_japan_smart_meters"":1667,""irish_domestic_smart_meters"":1666,""low_carbon_london"":1667}",False,test,119.21694493224857,99.15006545973128,20.06687947251728,16.832237635280258,0.8946859999999995,0.3838568345957156,0,0.0,21.101510983915087,1.0346315113978057,0.0,"{""camsl_japan_smart_meters"":{""available_profile_sources"":1423,""logical_devices"":1667,""mean_profile_reuse"":1.6941056910569106,""profile_bootstrap"":true,""selected_unique_profile_sources"":984,""weight"":0.3333333333333333},""irish_domestic_smart_meters"":{""available_profile_sources"":2904,""logical_devices"":1666,""mean_profile_reuse"":1.0,""profile_bootstrap"":false,""selected_unique_profile_sources"":1666,""weight"":0.3333333333333333},""low_carbon_london"":{""available_profile_sources"":5000,""logical_devices"":1667,""mean_profile_reuse"":1.0,""profile_bootstrap"":false,""selected_unique_profile_sources"":1667,""weight"":0.3333333333333333}}",dataset_combinations_mixed_physical_fleet_v1,,,,
predefined_mixed_scenario,S1-A,Similar residential,相似住宅半小时电表融合,ieee33,mean_field_control,Mean-field control,O(N),2,4657377,5057377,nominal,5000,"{""camsl_japan_smart_meters"":0.3333333333333333,""irish_domestic_smart_meters"":0.3333333333333333,""low_carbon_london"":0.3333333333333333}","{""camsl_japan_smart_meters"":0.3333333333333333,""irish_domestic_smart_meters"":0.3333333333333333,""low_carbon_london"":0.3333333333333333}","{""camsl_japan_smart_meters"":1667,""irish_domestic_smart_meters"":1666,""low_carbon_london"":1667}",False,test,103.67418776136145,83.71460115253257,19.959586608828882,19.252223759661483,0.894655999999999,0.6316491358079044,0,0.0,21.23982944672226,1.2802428378933801,0.0,"{""camsl_japan_smart_meters"":{""available_profile_sources"":1423,""logical_devices"":1667,""mean_profile_reuse"":1.720330237358101,""profile_bootstrap"":true,""selected_unique_profile_sources"":969,""weight"":0.3333333333333333},""irish_domestic_smart_meters"":{""available_profile_sources"":2904,""logical_devices"":1666,""mean_profile_reuse"":1.0,""profile_bootstrap"":false,""selected_unique_profile_sources"":1666,""weight"":0.3333333333333333},""low_carbon_london"":{""available_profile_sources"":5000,""logical_devices"":1667,""mean_profile_reuse"":1.0,""profile_bootstrap"":false,""selected_unique_profile_sources"":1667,""weight"":0.3333333333333333}}",dataset_combinations_mixed_physical_fleet_v1,,,,
predefined_mixed_scenario,S1-A,Similar residential,相似住宅半小时电表融合,ieee33,mean_field_control,Mean-field control,O(N),3,4657378,5057378,nominal,5000,"{""camsl_japan_smart_meters"":0.3333333333333333,""irish_domestic_smart_meters"":0.3333333333333333,""low_carbon_london"":0.3333333333333333}","{""camsl_japan_smart_meters"":0.3333333333333333,""irish_domestic_smart_meters"":0.3333333333333333,""low_carbon_london"":0.3333333333333333}","{""camsl_japan_smart_meters"":1667,""irish_domestic_smart_meters"":1666,""low_carbon_london"":1667}",False,test,100.84251368366546,80.64381669166383,20.198696992001633,20.029941989906412,0.8949539999999994,0.6413170579427461,0,0.0,21.517074754357306,1.3183777623556674,0.0,"{""camsl_japan_smart_meters"":{""available_profile_sources"":1423,""logical_devices"":1667,""mean_profile_reuse"":1.7027579162410622,""profile_bootstrap"":true,""selected_unique_profile_sources"":979,""weight"":0.3333333333333333},""irish_domestic_smart_meters"":{""available_profile_sources"":2904,""logical_devices"":1666,""mean_profile_reuse"":1.0,""profile_bootstrap"":false,""selected_unique_profile_sources"":1666,""weight"":0.3333333333333333},""low_carbon_london"":{""available_profile_sources"":5000,""logical_devices"":1667,""mean_profile_reuse"":1.0,""profile_bootstrap"":false,""selected_unique_profile_sources"":1667,""weight"":0.3333333333333333}}",dataset_combinations_mixed_physical_fleet_v1,,,,
predefined_mixed_scenario,S1-A,Similar residential,相似住宅半小时电表融合,ieee33,mean_field_control,Mean-field control,O(N),4,4657379,5057379,nominal,5000,"{""camsl_japan_smart_meters"":0.3333333333333333,""irish_domestic_smart_meters"":0.3333333333333333,""low_carbon_london"":0.3333333333333333}","{""camsl_japan_smart_meters"":0.3333333333333333,""irish_domestic_smart_meters"":0.3333333333333333,""low_carbon_london"":0.3333333333333333}","{""camsl_japan_smart_meters"":1667,""irish_domestic_smart_meters"":1666,""low_carbon_london"":1667}",False,test,118.22025518856613,97.6807197153955,20.539535473170638,17.373956299120852,0.8946880000000001,0.38525019511089426,0,0.0,21.348358203682473,0.8088227305118325,0.0,"{""camsl_japan_smart_meters"":{""available_profile_sources"":1423,""logical_devices"":1667,""mean_profile_reuse"":1.6992864424057084,""profile_bootstrap"":true,""selected_unique_profile_sources"":981,""weight"":0.3333333333333333},""irish_domestic_smart_meters"":{""available_profile_sources"":2904,""logical_devices"":1666,""mean_profile_reuse"":1.0,""profile_bootstrap"":false,""selected_unique_profile_sources"":1666,""weight"":0.3333333333333333},""low_carbon_london"":{""available_profile_sources"":5000,""logical_devices"":1667,""mean_profile_reuse"":1.0,""profile_bootstrap"":false,""selected_unique_profile_sources"":1667,""weight"":0.3333333333333333}}",dataset_combinations_mixed_physical_fleet_v1,,,,
predefined_mixed_scenario,S1-A,Similar residential,相似住宅半小时电表融合,ieee33,mean_field_control,Mean-field control,O(N),5,4657380,5057380,nominal,5000,"{""camsl_japan_smart_meters"":0.3333333333333333,""irish_domestic_smart_meters"":0.3333333333333333,""low_carbon_london"":0.3333333333333333}","{""camsl_japan_smart_meters"":0.3333333333333333,""irish_domestic_smart_meters"":0.3333333333333333,""low_carbon_london"":0.3333333333333333}","{""camsl_japan_smart_meters"":1667,""irish_domestic_smart_meters"":1666,""low_carbon_london"":1667}",False,test,118.5166012881671,98.02728384189386,20.48931744627323,17.288141259176427,0.894162,0.3830397134820468,0,0.0,21.419370726021373,0.9300532797481458,0.0,"{""camsl_japan_smart_meters"":{""available_profile_sources"":1423,""logical_devices"":1667,""mean_profile_reuse"":1.683838383838384,""profile_bootstrap"":true,""selected_unique_profile_sources"":990,""weight"":0.3333333333333333},""irish_domestic_smart_meters"":{""available_profile_sources"":2904,""logical_devices"":1666,""mean_profile_reuse"":1.0,""profile_bootstrap"":false,""selected_unique_profile_sources"":1666,""weight"":0.3333333333333333},""low_carbon_london"":{""available_profile_sources"":5000,""logical_devices"":1667,""mean_profile_reuse"":1.0,""profile_bootstrap"":false,""selected_unique_profile_sources"":1667,""weight"":0.3333333333333333}}",dataset_combinations_mixed_physical_fleet_v1,,,,
predefined_mixed_scenario,S1-A,Similar residential,相似住宅半小时电表融合,ieee33,mean_field_control,Mean-field control,O(N),6,4657381,5057381,nominal,5000,"{""camsl_japan_smart_meters"":0.3333333333333333,""irish_domestic_smart_meters"":0.3333333333333333,""low_carbon_london"":0.3333333333333333}","{""camsl_japan_smart_meters"":0.3333333333333333,""irish_domestic_smart_meters"":0.3333333333333333,""low_carbon_london"":0.3333333333333333}","{""camsl_japan_smart_meters"":1667,""irish_domestic_smart_meters"":1666,""low_carbon_london"":1667}",False,test,118.9945898212779,98.89579523248527,20.098794588792632,16.890511256839243,0.8957160000000004,0.3831190504509118,0,0.0,21.10317249433951,1.0043779055468762,0.0,"{""camsl_japan_smart_meters"":{""available_profile_sources"":1423,""logical_devices"":1667,""mean_profile_reuse"":1.6992864424057084,""profile_bootstrap"":true,""selected_unique_profile_sources"":981,""weight"":0.3333333333333333},""irish_domestic_smart_meters"":{""available_profile_sources"":2904,""logical_devices"":1666,""mean_profile_reuse"":1.0,""profile_bootstrap"":false,""selected_unique_profile_sources"":1666,""weight"":0.3333333333333333},""low_carbon_london"":{""available_profile_sources"":5000,""logical_devices"":1667,""mean_profile_reuse"":1.0,""profile_bootstrap"":false,""selected_unique_profile_sources"":1667,""weight"":0.3333333333333333}}",dataset_combinations_mixed_physical_fleet_v1,,,,
predefined_mixed_scenario,S1-A,Similar residential,相似住宅半小时电表融合,ieee33,mean_field_control,Mean-field control,O(N),7,4657382,5057382,nominal,5000,"{""camsl_japan_smart_meters"":0.3333333333333333,""irish_domestic_smart_meters"":0.3333333333333333,""low_carbon_london"":0.3333333333333333}","{""camsl_japan_smart_meters"":0.3333333333333333,""irish_domestic_smart_meters"":0.3333333333333333,""low_carbon_london"":0.3333333333333333}","{""camsl_japan_smart_meters"":1667,""irish_domestic_smart_meters"":1666,""low_carbon_london"":1667}",False,test,87.09713392105506,66.80121036224206,20.295923558812998,23.302630804372104,0.8956439999999998,0.6817882708821457,0,0.0,21.390270197662208,1.094346638849207,0.0,"{""camsl_japan_smart_meters"":{""available_profile_sources"":1423,""logical_devices"":1667,""mean_profile_reuse"":1.6889564336372846,""profile_bootstrap"":true,""selected_unique_profile_sources"":987,""weight"":0.3333333333333333},""irish_domestic_smart_meters"":{""available_profile_sources"":2904,""logical_devices"":1666,""mean_profile_reuse"":1.0,""profile_bootstrap"":false,""selected_unique_profile_sources"":1666,""weight"":0.3333333333333333},""low_carbon_london"":{""available_profile_sources"":5000,""logical_devices"":1667,""mean_profile_reuse"":1.0,""profile_bootstrap"":false,""selected_unique_profile_sources"":1667,""weight"":0.3333333333333333}}",dataset_combinations_mixed_physical_fleet_v1,,,,
predefined_mixed_scenario,S1-A,Similar residential,相似住宅半小时电表融合,ieee33,mean_field_control,Mean-field control,O(N),8,4657383,5057383,nominal,5000,"{""camsl_japan_smart_meters"":0.3333333333333333,""irish_domestic_smart_meters"":0.3333333333333333,""low_carbon_london"":0.3333333333333333}","{""camsl_japan_smart_meters"":0.3333333333333333,""irish_domestic_smart_meters"":0.3333333333333333,""low_carbon_london"":0.3333333333333333}","{""camsl_japan_smart_meters"":1667,""irish_domestic_smart_meters"":1666,""low_carbon_london"":1667}",False,test,87.17765553011797,66.68364445456146,20.49401107555651,23.508330145992836,0.8949440000000002,0.680993854987017,0,0.0,21.3279236774959,0.8339126019393861,0.0,"{""camsl_japan_smart_meters"":{""available_profile_sources"":1423,""logical_devices"":1667,""mean_profile_reuse"":1.6923857868020304,""profile_bootstrap"":true,""selected_unique_profile_sources"":985,""weight"":0.3333333333333333},""irish_domestic_smart_meters"":{""available_profile_sources"":2904,""logical_devices"":1666,""mean_profile_reuse"":1.0,""profile_bootstrap"":false,""selected_unique_profile_sources"":1666,""weight"":0.3333333333333333},""low_carbon_london"":{""available_profile_sources"":5000,""logical_devices"":1667,""mean_profile_reuse"":1.0,""profile_bootstrap"":false,""selected_unique_profile_sources"":1667,""weight"":0.3333333333333333}}",dataset_combinations_mixed_physical_fleet_v1,,,,
predefined_mixed_scenario,S1-A,Similar residential,相似住宅半小时电表融合,ieee33,mean_field_control,Mean-field control,O(N),9,4657384,5057384,nominal,5000,"{""camsl_japan_smart_meters"":0.3333333333333333,""irish_domestic_smart_meters"":0.3333333333333333,""low_carbon_london"":0.3333333333333333}","{""camsl_japan_smart_meters"":0.3333333333333333,""irish_domestic_smart_meters"":0.3333333333333333,""low_carbon_london"":0.3333333333333333}","{""camsl_japan_smart_meters"":1667,""irish_domestic_smart_meters"":1666,""low_carbon_london"":1667}",False,test,117.18441098538555,96.47633390586842,20.708077079517132,17.671358250970524,0.8938899999999997,0.38821911365614814,0,0.0,21.380558433203618,0.6724813536864893,0.0,"{""camsl_japan_smart_meters"":{""available_profile_sources"":1423,""logical_devices"":1667,""mean_profile_reuse"":1.683838383838384,""profile_bootstrap"":true,""selected_unique_profile_sources"":990,""weight"":0.3333333333333333},""irish_domestic_smart_meters"":{""available_profile_sources"":2904,""logical_devices"":1666,""mean_profile_reuse"":1.0,""profile_bootstrap"":false,""selected_unique_profile_sources"":1666,""weight"":0.3333333333333333},""low_carbon_london"":{""available_profile_sources"":5000,""logical_devices"":1667,""mean_profile_reuse"":1.0,""profile_bootstrap"":false,""selected_unique_profile_sources"":1667,""weight"":0.3333333333333333}}",dataset_combinations_mixed_physical_fleet_v1,,,,
predefined_mixed_scenario,S1-A,Similar residential,相似住宅半小时电表融合,ieee33,mean_field_control,Mean-field control,O(N),10,4657385,5057385,dominant_plus_15pp,5000,"{""camsl_japan_smart_meters"":0.3333333333333333,""irish_domestic_smart_meters"":0.3333333333333333,""low_carbon_london"":0.3333333333333333}","{""camsl_japan_smart_meters"":0.25833333333333336,""irish_domestic_smart_meters"":0.25833333333333336,""low_carbon_london"":0.48333333333333334}","{""camsl_japan_smart_meters"":1292,""irish_domestic_smart_meters"":1292,""low_carbon_london"":2416}",False,test,75.76570392262022,56.198128709951604,19.56757521266861,25.82642831729386,0.8947900000000001,0.7066163196939519,0,0.0,21.390396433939245,1.8228212212706243,0.0,"{""camsl_japan_smart_meters"":{""available_profile_sources"":1423,""logical_devices"":1292,""mean_profile_reuse"":1.0,""profile_bootstrap"":false,""selected_unique_profile_sources"":1292,""weight"":0.25833333333333336},""irish_domestic_smart_meters"":{""available_profile_sources"":2904,""logical_devices"":1292,""mean_profile_reuse"":1.0,""profile_bootstrap"":false,""selected_unique_profile_sources"":1292,""weight"":0.25833333333333336},""low_carbon_london"":{""available_profile_sources"":5000,""logical_devices"":2416,""mean_profile_reuse"":1.0,""profile_bootstrap"":false,""selected_unique_profile_sources"":2416,""weight"":0.48333333333333334}}",dataset_combinations_mixed_physical_fleet_v1,,,,
predefined_mixed_scenario,S1-A,Similar residential,相似住宅半小时电表融合,ieee33,mean_field_control,Mean-field control,O(N),11,4657386,5057386,dominant_plus_15pp,5000,"{""camsl_japan_smart_meters"":0.3333333333333333,""irish_domestic_smart_meters"":0.3333333333333333,""low_carbon_london"":0.3333333333333333}","{""camsl_japan_smart_meters"":0.25833333333333336,""irish_domestic_smart_meters"":0.25833333333333336,""low_carbon_london"":0.48333333333333334}","{""camsl_japan_smart_meters"":1292,""irish_domestic_smart_meters"":1292,""low_carbon_london"":2416}",False,test,116.4149542490602,95.80577612421648,20.60917812484372,17.70320510606574,0.8943260000000003,0.3915106049714024,0,0.0,21.488149770500254,0.8789716456565313,0.0,"{""camsl_japan_smart_meters"":{""available_profile_sources"":1423,""logical_devices"":1292,""mean_profile_reuse"":1.0,""profile_bootstrap"":false,""selected_unique_profile_sources"":1292,""weight"":0.25833333333333336},""irish_domestic_smart_meters"":{""available_profile_sources"":2904,""logical_devices"":1292,""mean_profile_reuse"":1.0,""profile_bootstrap"":false,""selected_unique_profile_sources"":1292,""weight"":0.25833333333333336},""low_carbon_london"":{""available_profile_sources"":5000,""logical_devices"":2416,""mean_profile_reuse"":1.0,""profile_bootstrap"":false,""selected_unique_profile_sources"":2416,""weight"":0.48333333333333334}}",dataset_combinations_mixed_physical_fleet_v1,,,,
predefined_mixed_scenario,S1-A,Similar residential,相似住宅半小时电表融合,ieee33,mean_field_control,Mean-field control,O(N),12,4657387,5057387,dominant_plus_15pp,5000,"{""camsl_japan_smart_meters"":0.3333333333333333,""irish_domestic_smart_meters"":0.3333333333333333,""low_carbon_london"":0.3333333333333333}","{""camsl_japan_smart_meters"":0.25833333333333336,""irish_domestic_smart_meters"":0.25833333333333336,""low_carbon_london"":0.48333333333333334}","{""camsl_japan_smart_meters"":1292,""irish_domestic_smart_meters"":1292,""low_carbon_london"":2416}",False,test,115.78958326868634,95.23366017002225,20.555923098664092,17.75282587464252,0.8945400000000001,0.3917008010540742,0,0.0,21.472638141584113,0.9167150429200187,0.0,"{""camsl_japan_smart_meters"":{""available_profile_sources"":1423,""logical_devices"":1292,""mean_profile_reuse"":1.0,""profile_bootstrap"":false,""selected_unique_profile_sources"":1292,""weight"":0.25833333333333336},""irish_domestic_smart_meters"":{""available_profile_sources"":2904,""logical_devices"":1292,""mean_profile_reuse"":1.0,""profile_bootstrap"":false,""selected_unique_profile_sources"":1292,""weight"":0.25833333333333336},""low_carbon_london"":{""available_profile_sources"":5000,""logical_devices"":2416,""mean_profile_reuse"":1.0,""profile_bootstrap"":false,""selected_unique_profile_sources"":2416,""weight"":0.48333333333333334}}",dataset_combinations_mixed_physical_fleet_v1,,,,
predefined_mixed_scenario,S1-A,Similar residential,相似住宅半小时电表融合,ieee33,mean_field_control,Mean-field control,O(N),13,4657388,5057388,dominant_plus_15pp,5000,"{""camsl_japan_smart_meters"":0.3333333333333333,""irish_domestic_smart_meters"":0.3333333333333333,""low_carbon_london"":0.3333333333333333}","{""camsl_japan_smart_meters"":0.25833333333333336,""irish_domestic_smart_meters"":0.25833333333333336,""low_carbon_london"":0.48333333333333334}","{""camsl_japan_smart_meters"":1292,""irish_domestic_smart_meters"":1292,""low_carbon_london"":2416}",False,test,81.53054604710435,61.680852899930244,19.84969314717411,24.346326756729837,0.8951759999999997,0.6897902086880983,0,0.0,21.327221558383393,1.4775284112092828,0.0,"{""camsl_japan_smart_meters"":{""available_profile_sources"":1423,""logical_devices"":1292,""mean_profile_reuse"":1.0,""profile_bootstrap"":false,""selected_unique_profile_sources"":1292,""weight"":0.25833333333333336},""irish_domestic_smart_meters"":{""available_profile_sources"":2904,""logical_devices"":1292,""mean_profile_reuse"":1.0,""profile_bootstrap"":false,""selected_unique_profile_sources"":1292,""weight"":0.25833333333333336},""low_carbon_london"":{""available_profile_sources"":5000,""logical_devices"":2416,""mean_profile_reuse"":1.0,""profile_bootstrap"":false,""selected_unique_profile_sources"":2416,""weight"":0.48333333333333334}}",dataset_combinations_mixed_physical_fleet_v1,,,,
predefined_mixed_scenario,S1-A,Similar residential,相似住宅半小时电表融合,ieee33,mean_field_control,Mean-field control,O(N),14,4657389,5057389,dominant_plus_15pp,5000,"{""camsl_japan_smart_meters"":0.3333333333333333,""irish_domestic_smart_meters"":0.3333333333333333,""low_carbon_london"":0.3333333333333333}","{""camsl_japan_smart_meters"":0.25833333333333336,""irish_domestic_smart_meters"":0.25833333333333336,""low_carbon_london"":0.48333333333333334}","{""camsl_japan_smart_meters"":1292,""irish_domestic_smart_meters"":1292,""low_carbon_london"":2416}",False,test,76.22127183905698,56.335773905281414,19.885497933775564,26.089170980726045,0.8954239999999997,0.7049998190553869,0,0.0,21.826676354566537,1.9411784207909737,0.0,"{""camsl_japan_smart_meters"":{""available_profile_sources"":1423,""logical_devices"":1292,""mean_profile_reuse"":1.0,""profile_bootstrap"":false,""selected_unique_profile_sources"":1292,""weight"":0.25833333333333336},""irish_domestic_smart_meters"":{""available_profile_sources"":2904,""logical_devices"":1292,""mean_profile_reuse"":1.0,""profile_bootstrap"":false,""selected_unique_profile_sources"":1292,""weight"":0.25833333333333336},""low_carbon_london"":{""available_profile_sources"":5000,""logical_devices"":2416,""mean_profile_reuse"":1.0,""profile_bootstrap"":false,""selected_unique_profile_sources"":2416,""weight"":0.48333333333333334}}",dataset_combinations_mixed_physical_fleet_v1,,,,
predefined_mixed_scenario,S1-A,Similar residential,相似住宅半小时电表融合,ieee33,mean_field_control,Mean-field control,O(N),15,4657390,5057390,dominant_plus_15pp,5000,"{""camsl_japan_smart_meters"":0.3333333333333333,""irish_domestic_smart_meters"":0.3333333333333333,""low_carbon_london"":0.3333333333333333}","{""camsl_japan_smart_meters"":0.25833333333333336,""irish_domestic_smart_meters"":0.25833333333333336,""low_carbon_london"":0.48333333333333334}","{""camsl_japan_smart_meters"":1292,""irish_domestic_smart_meters"":1292,""low_carbon_london"":2416}",False,test,116.27915361730868,95.70786228710851,20.57129133020017,17.691297786620662,0.8948260000000001,0.388758220292445,0,0.0,21.34210134851642,0.7708100183162487,0.0,"{""camsl_japan_smart_meters"":{""available_profile_sources"":1423,""logical_devices"":1292,""mean_profile_reuse"":1.0,""profile_bootstrap"":false,""selected_unique_profile_sources"":1292,""weight"":0.25833333333333336},""irish_domestic_smart_meters"":{""available_profile_sources"":2904,""logical_devices"":1292,""mean_profile_reuse"":1.0,""profile_bootstrap"":false,""selected_unique_profile_sources"":1292,""weight"":0.25833333333333336},""low_carbon_london"":{""available_profile_sources"":5000,""logical_devices"":2416,""mean_profile_reuse"":1.0,""profile_bootstrap"":false,""selected_unique_profile_sources"":2416,""weight"":0.48333333333333334}}",dataset_combinations_mixed_physical_fleet_v1,,,,
predefined_mixed_scenario,S1-A,Similar residential,相似住宅半小时电表融合,ieee33,mean_field_control,Mean-field control,O(N),16,4657391,5057391,dominant_plus_15pp,5000,"{""camsl_japan_smart_meters"":0.3333333333333333,""irish_domestic_smart_meters"":0.3333333333333333,""low_carbon_london"":0.3333333333333333}","{""camsl_japan_smart_meters"":0.25833333333333336,""irish_domestic_smart_meters"":0.25833333333333336,""low_carbon_london"":0.48333333333333334}","{""camsl_japan_smart_meters"":1292,""irish_domestic_smart_meters"":1292,""low_carbon_london"":2416}",False,test,61.910215668387224,41.704004979278444,20.20621068910878,32.63792650528035,0.8945319999999998,0.7540533905823336,0,0.0,21.444376768042492,1.2381660789337132,0.0,"{""camsl_japan_smart_meters"":{""available_profile_sources"":1423,""logical_devices"":1292,""mean_profile_reuse"":1.0,""profile_bootstrap"":false,""selected_unique_profile_sources"":1292,""weight"":0.25833333333333336},""irish_domestic_smart_meters"":{""available_profile_sources"":2904,""logical_devices"":1292,""mean_profile_reuse"":1.0,""profile_bootstrap"":false,""selected_unique_profile_sources"":1292,""weight"":0.25833333333333336},""low_carbon_london"":{""available_profile_sources"":5000,""logical_devices"":2416,""mean_profile_reuse"":1.0,""profile_bootstrap"":false,""selected_unique_profile_sources"":2416,""weight"":0.48333333333333334}}",dataset_combinations_mixed_physical_fleet_v1,,,,
predefined_mixed_scenario,S1-A,Similar residential,相似住宅半小时电表融合,ieee33,mean_field_control,Mean-field control,O(N),17,4657392,5057392,dominant_plus_15pp,5000,"{""camsl_japan_smart_meters"":0.3333333333333333,""irish_domestic_smart_meters"":0.3333333333333333,""low_carbon_london"":0.3333333333333333}","{""camsl_japan_smart_meters"":0.25833333333333336,""irish_domestic_smart_meters"":0.25833333333333336,""low_carbon_london"":0.48333333333333334}","{""camsl_japan_smart_meters"":1292,""irish_domestic_smart_meters"":1292,""low_carbon_london"":2416}",False,test,118.63779734592659,97.98925803366468,20.648539312261907,17.404688703090514,0.895342,0.38301394144112494,0,0.0,21.534119017828658,0.8855797055667558,0.0,"{""camsl_japan_smart_meters"":{""available_profile_sources"":1423,""logical_devices"":1292,""mean_profile_reuse"":1.0,""profile_bootstrap"":false,""selected_unique_profile_sources"":1292,""weight"":0.25833333333333336},""irish_domestic_smart_meters"":{""available_profile_sources"":2904,""logical_devices"":1292,""mean_profile_reuse"":1.0,""profile_bootstrap"":false,""selected_unique_profile_sources"":1292,""weight"":0.25833333333333336},""low_carbon_london"":{""available_profile_sources"":5000,""logical_devices"":2416,""mean_profile_reuse"":1.0,""profile_bootstrap"":false,""selected_unique_profile_sources"":2416,""weight"":0.48333333333333334}}",dataset_combinations_mixed_physical_fleet_v1,,,,
predefined_mixed_scenario,S1-A,Similar residential,相似住宅半小时电表融合,ieee33,mean_field_control,Mean-field control,O(N),18,4657393,5057393,dominant_plus_15pp,5000,"{""camsl_japan_smart_meters"":0.3333333333333333,""irish_domestic_smart_meters"":0.3333333333333333,""low_carbon_london"":0.3333333333333333}","{""camsl_japan_smart_meters"":0.25833333333333336,""irish_domestic_smart_meters"":0.25833333333333336,""low_carbon_london"":0.48333333333333334}","{""camsl_japan_smart_meters"":1292,""irish_domestic_smart_meters"":1292,""low_carbon_london"":2416}",False,test,85.76416452021755,65.56325753936241,20.200906980855137,23.55401827075817,0.8947740000000001,0.6813547723142728,0,0.0,21.587115366139564,1.3862083852844307,0.0,"{""camsl_japan_smart_meters"":{""available_profile_sources"":1423,""logical_devices"":1292,""mean_profile_reuse"":1.0,""profile_bootstrap"":false,""selected_unique_profile_sources"":1292,""weight"":0.25833333333333336},""irish_domestic_smart_meters"":{""available_profile_sources"":2904,""logical_devices"":1292,""mean_profile_reuse"":1.0,""profile_bootstrap"":false,""selected_unique_profile_sources"":1292,""weight"":0.25833333333333336},""low_carbon_london"":{""available_profile_sources"":5000,""logical_devices"":2416,""mean_profile_reuse"":1.0,""profile_bootstrap"":false,""selected_unique_profile_sources"":2416,""weight"":0.48333333333333334}}",dataset_combinations_mixed_physical_fleet_v1,,,,
predefined_mixed_scenario,S1-A,Similar residential,相似住宅半小时电表融合,ieee33,mean_field_control,Mean-field control,O(N),19,4657394,5057394,dominant_plus_15pp,5000,"{""camsl_japan_smart_meters"":0.3333333333333333,""irish_domestic_smart_meters"":0.3333333333333333,""low_carbon_london"":0.3333333333333333}","{""camsl_japan_smart_meters"":0.25833333333333336,""irish_domestic_smart_meters"":0.25833333333333336,""low_carbon_london"":0.48333333333333334}","{""camsl_japan_smart_meters"":1292,""irish_domestic_smart_meters"":1292,""low_carbon_london"":2416}",False,test,118.41016684931087,98.27417765203109,20.13598919727978,17.005287411599465,0.8950980000000003,0.3839449410752238,0,0.0,21.109882902325516,0.9738937050457358,0.0,"{""camsl_japan_smart_meters"":{""available_profile_sources"":1423,""logical_devices"":1292,""mean_profile_reuse"":1.0,""profile_bootstrap"":false,""selected_unique_profile_sources"":1292,""weight"":0.25833333333333336},""irish_domestic_smart_meters"":{""available_profile_sources"":2904,""logical_devices"":1292,""mean_profile_reuse"":1.0,""profile_bootstrap"":false,""selected_unique_profile_sources"":1292,""weight"":0.25833333333333336},""low_carbon_london"":{""available_profile_sources"":5000,""logical_devices"":2416,""mean_profile_reuse"":1.0,""profile_bootstrap"":false,""selected_unique_profile_sources"":2416,""weight"":0.48333333333333334}}",dataset_combinations_mixed_physical_fleet_v1,,,,
predefined_mixed_scenario,S1-A,Similar residential,相似住宅半小时电表融合,ieee33,mean_field_control,Mean-field control,O(N),20,4657395,5057395,dominant_minus_15pp,5000,"{""camsl_japan_smart_meters"":0.3333333333333333,""irish_domestic_smart_meters"":0.3333333333333333,""low_carbon_london"":0.3333333333333333}","{""camsl_japan_smart_meters"":0.40833333333333327,""irish_domestic_smart_meters"":0.40833333333333327,""low_carbon_london"":0.18333333333333332}","{""camsl_japan_smart_meters"":2042,""irish_domestic_smart_meters"":2042,""low_carbon_london"":916}",False,test,93.2690404867517,73.3195913284879,19.9494491582638,21.38914376533926,0.8945960000000003,0.6576710979644756,0,0.0,21.497515310885042,1.5480661526212407,0.0,"{""camsl_japan_smart_meters"":{""available_profile_sources"":1423,""logical_devices"":2042,""mean_profile_reuse"":1.8837638376383763,""profile_bootstrap"":true,""selected_unique_profile_sources"":1084,""weight"":0.40833333333333327},""irish_domestic_smart_meters"":{""available_profile_sources"":2904,""logical_devices"":2042,""mean_profile_reuse"":1.0,""profile_bootstrap"":false,""selected_unique_profile_sources"":2042,""weight"":0.40833333333333327},""low_carbon_london"":{""available_profile_sources"":5000,""logical_devices"":916,""mean_profile_reuse"":1.0,""profile_bootstrap"":false,""selected_unique_profile_sources"":916,""weight"":0.18333333333333332}}",dataset_combinations_mixed_physical_fleet_v1,,,,
predefined_mixed_scenario,S1-A,Similar residential,相似住宅半小时电表融合,ieee33,mean_field_control,Mean-field control,O(N),21,4657396,5057396,dominant_minus_15pp,5000,"{""camsl_japan_smart_meters"":0.3333333333333333,""irish_domestic_smart_meters"":0.3333333333333333,""low_carbon_london"":0.3333333333333333}","{""camsl_japan_smart_meters"":0.40833333333333327,""irish_domestic_smart_meters"":0.40833333333333327,""low_carbon_london"":0.18333333333333332}","{""camsl_japan_smart_meters"":2042,""irish_domestic_smart_meters"":2042,""low_carbon_london"":916}",False,test,92.40298950872925,72.47386298034777,19.92912652838147,21.56762095505447,0.8944959999999992,0.6642954975799208,0,0.0,21.34750906154393,1.4183825331624613,0.0,"{""camsl_japan_smart_meters"":{""available_profile_sources"":1423,""logical_devices"":2042,""mean_profile_reuse"":1.9209783631232362,""profile_bootstrap"":true,""selected_unique_profile_sources"":1063,""weight"":0.40833333333333327},""irish_domestic_smart_meters"":{""available_profile_sources"":2904,""logical_devices"":2042,""mean_profile_reuse"":1.0,""profile_bootstrap"":false,""selected_unique_profile_sources"":2042,""weight"":0.40833333333333327},""low_carbon_london"":{""available_profile_sources"":5000,""logical_devices"":916,""mean_profile_reuse"":1.0,""profile_bootstrap"":false,""selected_unique_profile_sources"":916,""weight"":0.18333333333333332}}",dataset_combinations_mixed_physical_fleet_v1,,,,
predefined_mixed_scenario,S1-A,Similar residential,相似住宅半小时电表融合,ieee33,mean_field_control,Mean-field control,O(N),22,4657397,5057397,dominant_minus_15pp,5000,"{""camsl_japan_smart_meters"":0.3333333333333333,""irish_domestic_smart_meters"":0.3333333333333333,""low_carbon_london"":0.3333333333333333}","{""camsl_japan_smart_meters"":0.40833333333333327,""irish_domestic_smart_meters"":0.40833333333333327,""low_carbon_london"":0.18333333333333332}","{""camsl_japan_smart_meters"":2042,""irish_domestic_smart_meters"":2042,""low_carbon_london"":916}",False,test,102.22662157479874,81.61576392744334,20.610857647355406,20.16192781278068,0.8952979999999999,0.6429737474142768,0,0.0,21.496604104281374,0.885746456925966,0.0,"{""camsl_japan_smart_meters"":{""available_profile_sources"":1423,""logical_devices"":2042,""mean_profile_reuse"":1.8820276497695851,""profile_bootstrap"":true,""selected_unique_profile_sources"":1085,""weight"":0.40833333333333327},""irish_domestic_smart_meters"":{""available_profile_sources"":2904,""logical_devices"":2042,""mean_profile_reuse"":1.0,""profile_bootstrap"":false,""selected_unique_profile_sources"":2042,""weight"":0.40833333333333327},""low_carbon_london"":{""available_profile_sources"":5000,""logical_devices"":916,""mean_profile_reuse"":1.0,""profile_bootstrap"":false,""selected_unique_profile_sources"":916,""weight"":0.18333333333333332}}",dataset_combinations_mixed_physical_fleet_v1,,,,
predefined_mixed_scenario,S1-A,Similar residential,相似住宅半小时电表融合,ieee33,mean_field_control,Mean-field control,O(N),23,4657398,5057398,dominant_minus_15pp,5000,"{""camsl_japan_smart_meters"":0.3333333333333333,""irish_domestic_smart_meters"":0.3333333333333333,""low_carbon_london"":0.3333333333333333}","{""camsl_japan_smart_meters"":0.40833333333333327,""irish_domestic_smart_meters"":0.40833333333333327,""low_carbon_london"":0.18333333333333332}","{""camsl_japan_smart_meters"":2042,""irish_domestic_smart_meters"":2042,""low_carbon_london"":916}",False,test,116.3221913077552,95.71163750249164,20.610553805263557,17.718505449002365,0.8966560000000001,0.39184676240119576,0,0.0,21.394711804770296,0.7841579995067431,0.0,"{""camsl_japan_smart_meters"":{""available_profile_sources"":1423,""logical_devices"":2042,""mean_profile_reuse"":1.88724584103512,""profile_bootstrap"":true,""selected_unique_profile_sources"":1082,""weight"":0.40833333333333327},""irish_domestic_smart_meters"":{""available_profile_sources"":2904,""logical_devices"":2042,""mean_profile_reuse"":1.0,""profile_bootstrap"":false,""selected_unique_profile_sources"":2042,""weight"":0.40833333333333327},""low_carbon_london"":{""available_profile_sources"":5000,""logical_devices"":916,""mean_profile_reuse"":1.0,""profile_bootstrap"":false,""selected_unique_profile_sources"":916,""weight"":0.18333333333333332}}",dataset_combinations_mixed_physical_fleet_v1,,,,
predefined_mixed_scenario,S1-A,Similar residential,相似住宅半小时电表融合,ieee33,mean_field_control,Mean-field control,O(N),24,4657399,5057399,dominant_minus_15pp,5000,"{""camsl_japan_smart_meters"":0.3333333333333333,""irish_domestic_smart_meters"":0.3333333333333333,""low_carbon_london"":0.3333333333333333}","{""camsl_japan_smart_meters"":0.40833333333333327,""irish_domestic_smart_meters"":0.40833333333333327,""low_carbon_london"":0.18333333333333332}","{""camsl_japan_smart_meters"":2042,""irish_domestic_smart_meters"":2042,""low_carbon_london"":916}",False,test,119.4510929930663,98.95703212550423,20.494060867562066,17.15686341082846,0.8942439999999996,0.3802147912853763,0,0.0,21.289590930099706,0.795530062537638,0.0,"{""camsl_japan_smart_meters"":{""available_profile_sources"":1423,""logical_devices"":2042,""mean_profile_reuse"":1.86996336996337,""profile_bootstrap"":true,""selected_unique_profile_sources"":1092,""weight"":0.40833333333333327},""irish_domestic_smart_meters"":{""available_profile_sources"":2904,""logical_devices"":2042,""mean_profile_reuse"":1.0,""profile_bootstrap"":false,""selected_unique_profile_sources"":2042,""weight"":0.40833333333333327},""low_carbon_london"":{""available_profile_sources"":5000,""logical_devices"":916,""mean_profile_reuse"":1.0,""profile_bootstrap"":false,""selected_unique_profile_sources"":916,""weight"":0.18333333333333332}}",dataset_combinations_mixed_physical_fleet_v1,,,,
predefined_mixed_scenario,S1-A,Similar residential,相似住宅半小时电表融合,ieee33,mean_field_control,Mean-field control,O(N),25,4657400,5057400,dominant_minus_15pp,5000,"{""camsl_japan_smart_meters"":0.3333333333333333,""irish_domestic_smart_meters"":0.3333333333333333,""low_carbon_london"":0.3333333333333333}","{""camsl_japan_smart_meters"":0.40833333333333327,""irish_domestic_smart_meters"":0.40833333333333327,""low_carbon_london"":0.18333333333333332}","{""camsl_japan_smart_meters"":2042,""irish_domestic_smart_meters"":2042,""low_carbon_london"":916}",False,test,118.89435512200482,98.59487639736568,20.299478724639144,17.07354289764943,0.895362,0.3788955843202486,0,0.0,21.22640454861839,0.9269258239792423,0.0,"{""camsl_japan_smart_meters"":{""available_profile_sources"":1423,""logical_devices"":2042,""mean_profile_reuse"":1.88724584103512,""profile_bootstrap"":true,""selected_unique_profile_sources"":1082,""weight"":0.40833333333333327},""irish_domestic_smart_meters"":{""available_profile_sources"":2904,""logical_devices"":2042,""mean_profile_reuse"":1.0,""profile_bootstrap"":false,""selected_unique_profile_sources"":2042,""weight"":0.40833333333333327},""low_carbon_london"":{""available_profile_sources"":5000,""logical_devices"":916,""mean_profile_reuse"":1.0,""profile_bootstrap"":false,""selected_unique_profile_sources"":916,""weight"":0.18333333333333332}}",dataset_combinations_mixed_physical_fleet_v1,,,,
predefined_mixed_scenario,S1-A,Similar residential,相似住宅半小时电表融合,ieee33,mean_field_control,Mean-field control,O(N),26,4657401,5057401,dominant_minus_15pp,5000,"{""camsl_japan_smart_meters"":0.3333333333333333,""irish_domestic_smart_meters"":0.3333333333333333,""low_carbon_london"":0.3333333333333333}","{""camsl_japan_smart_meters"":0.40833333333333327,""irish_domestic_smart_meters"":0.40833333333333327,""low_carbon_london"":0.18333333333333332}","{""camsl_japan_smart_meters"":2042,""irish_domestic_smart_meters"":2042,""low_carbon_london"":916}",False,test,117.2874345015762,96.80828208333745,20.47915241823876,17.46065339843676,0.8947119999999998,0.38176847719202045,0,0.0,21.16039207610274,0.6812396578639842,0.0,"{""camsl_japan_smart_meters"":{""available_profile_sources"":1423,""logical_devices"":2042,""mean_profile_reuse"":1.852994555353902,""profile_bootstrap"":true,""selected_unique_profile_sources"":1102,""weight"":0.40833333333333327},""irish_domestic_smart_meters"":{""available_profile_sources"":2904,""logical_devices"":2042,""mean_profile_reuse"":1.0,""profile_bootstrap"":false,""selected_unique_profile_sources"":2042,""weight"":0.40833333333333327},""low_carbon_london"":{""available_profile_sources"":5000,""logical_devices"":916,""mean_profile_reuse"":1.0,""profile_bootstrap"":false,""selected_unique_profile_sources"":916,""weight"":0.18333333333333332}}",dataset_combinations_mixed_physical_fleet_v1,,,,
predefined_mixed_scenario,S1-A,Similar residential,相似住宅半小时电表融合,ieee33,mean_field_control,Mean-field control,O(N),27,4657402,5057402,dominant_minus_15pp,5000,"{""camsl_japan_smart_meters"":0.3333333333333333,""irish_domestic_smart_meters"":0.3333333333333333,""low_carbon_london"":0.3333333333333333}","{""camsl_japan_smart_meters"":0.40833333333333327,""irish_domestic_smart_meters"":0.40833333333333327,""low_carbon_london"":0.18333333333333332}","{""camsl_japan_smart_meters"":2042,""irish_domestic_smart_meters"":2042,""low_carbon_london"":916}",False,test,96.21695444906057,75.85332350891262,20.363630940147946,21.164285501188782,0.8942839999999996,0.6540055275071972,0,0.0,21.70147326688028,1.3378423267323365,0.0,"{""camsl_japan_smart_meters"":{""available_profile_sources"":1423,""logical_devices"":2042,""mean_profile_reuse"":1.9030754892823858,""profile_bootstrap"":true,""selected_unique_profile_sources"":1073,""weight"":0.40833333333333327},""irish_domestic_smart_meters"":{""available_profile_sources"":2904,""logical_devices"":2042,""mean_profile_reuse"":1.0,""profile_bootstrap"":false,""selected_unique_profile_sources"":2042,""weight"":0.40833333333333327},""low_carbon_london"":{""available_profile_sources"":5000,""logical_devices"":916,""mean_profile_reuse"":1.0,""profile_bootstrap"":false,""selected_unique_profile_sources"":916,""weight"":0.18333333333333332}}",dataset_combinations_mixed_physical_fleet_v1,,,,
predefined_mixed_scenario,S1-A,Similar residential,相似住宅半小时电表融合,ieee33,mean_field_control,Mean-field control,O(N),28,4657403,5057403,dominant_minus_15pp,5000,"{""camsl_japan_smart_meters"":0.3333333333333333,""irish_domestic_smart_meters"":0.3333333333333333,""low_carbon_london"":0.3333333333333333}","{""camsl_japan_smart_meters"":0.40833333333333327,""irish_domestic_smart_meters"":0.40833333333333327,""low_carbon_london"":0.18333333333333332}","{""camsl_japan_smart_meters"":2042,""irish_domestic_smart_meters"":2042,""low_carbon_london"":916}",False,test,118.52095606968443,97.77594479327364,20.745011276410793,17.503243278103287,0.8952919999999995,0.38602559063645625,0,0.0,21.331097135054122,0.5860858586433292,0.0,"{""camsl_japan_smart_meters"":{""available_profile_sources"":1423,""logical_devices"":2042,""mean_profile_reuse"":1.9245994344957587,""profile_bootstrap"":true,""selected_unique_profile_sources"":1061,""weight"":0.40833333333333327},""irish_domestic_smart_meters"":{""available_profile_sources"":2904,""logical_devices"":2042,""mean_profile_reuse"":1.0,""profile_bootstrap"":false,""selected_unique_profile_sources"":2042,""weight"":0.40833333333333327},""low_carbon_london"":{""available_profile_sources"":5000,""logical_devices"":916,""mean_profile_reuse"":1.0,""profile_bootstrap"":false,""selected_unique_profile_sources"":916,""weight"":0.18333333333333332}}",dataset_combinations_mixed_physical_fleet_v1,,,,
predefined_mixed_scenario,S1-A,Similar residential,相似住宅半小时电表融合,ieee33,mean_field_control,Mean-field control,O(N),29,4657404,5057404,dominant_minus_15pp,5000,"{""camsl_japan_smart_meters"":0.3333333333333333,""irish_domestic_smart_meters"":0.3333333333333333,""low_carbon_london"":0.3333333333333333}","{""camsl_japan_smart_meters"":0.40833333333333327,""irish_domestic_smart_meters"":0.40833333333333327,""low_carbon_london"":0.18333333333333332}","{""camsl_japan_smart_meters"":2042,""irish_domestic_smart_meters"":2042,""low_carbon_london"":916}",False,test,119.31449170210253,99.18104822787129,20.133443474231235,16.874264967326223,0.8951939999999999,0.3870144536922599,0,0.0,21.250023486237613,1.1165800120063722,0.0,"{""camsl_japan_smart_meters"":{""available_profile_sources"":1423,""logical_devices"":2042,""mean_profile_reuse"":1.8855032317636196,""profile_bootstrap"":true,""selected_unique_profile_sources"":1083,""weight"":0.40833333333333327},""irish_domestic_smart_meters"":{""available_profile_sources"":2904,""logical_devices"":2042,""mean_profile_reuse"":1.0,""profile_bootstrap"":false,""selected_unique_profile_sources"":2042,""weight"":0.40833333333333327},""low_carbon_london"":{""available_profile_sources"":5000,""logical_devices"":916,""mean_profile_reuse"":1.0,""profile_bootstrap"":false,""selected_unique_profile_sources"":916,""weight"":0.18333333333333332}}",dataset_combinations_mixed_physical_fleet_v1,,,,
predefined_mixed_scenario,S1-A,Similar residential,相似住宅半小时电表融合,ieee33,mpc_optimal,MPC,O(HN),0,4657375,4957375,nominal,5000,"{""camsl_japan_smart_meters"":0.3333333333333333,""irish_domestic_smart_meters"":0.3333333333333333,""low_carbon_london"":0.3333333333333333}","{""camsl_japan_smart_meters"":0.3333333333333333,""irish_domestic_smart_meters"":0.3333333333333333,""low_carbon_london"":0.3333333333333333}","{""camsl_japan_smart_meters"":1667,""irish_domestic_smart_meters"":1666,""low_carbon_london"":1667}",False,test,99.3677053844885,77.84224958697521,21.525455797513295,21.662426151659382,0.8950619999999998,0.7118055555555556,0,0.0,21.525455797513295,4.026408835973901e-16,0.0,"{""camsl_japan_smart_meters"":{""available_profile_sources"":1423,""logical_devices"":1667,""mean_profile_reuse"":1.731048805815161,""profile_bootstrap"":true,""selected_unique_profile_sources"":963,""weight"":0.3333333333333333},""irish_domestic_smart_meters"":{""available_profile_sources"":2904,""logical_devices"":1666,""mean_profile_reuse"":1.0,""profile_bootstrap"":false,""selected_unique_profile_sources"":1666,""weight"":0.3333333333333333},""low_carbon_london"":{""available_profile_sources"":5000,""logical_devices"":1667,""mean_profile_reuse"":1.0,""profile_bootstrap"":false,""selected_unique_profile_sources"":1667,""weight"":0.3333333333333333}}",dataset_combinations_mixed_physical_fleet_v1,,,,
predefined_mixed_scenario,S1-A,Similar residential,相似住宅半小时电表融合,ieee33,mpc_optimal,MPC,O(HN),1,4657376,4957376,nominal,5000,"{""camsl_japan_smart_meters"":0.3333333333333333,""irish_domestic_smart_meters"":0.3333333333333333,""low_carbon_london"":0.3333333333333333}","{""camsl_japan_smart_meters"":0.3333333333333333,""irish_domestic_smart_meters"":0.3333333333333333,""low_carbon_london"":0.3333333333333333}","{""camsl_japan_smart_meters"":1667,""irish_domestic_smart_meters"":1666,""low_carbon_london"":1667}",False,test,119.21694493224857,97.94942060372473,21.267524328523834,17.83934686517109,0.8946859999999995,0.4409722222222222,0,0.0,21.267524328523848,1.1183942660863977e-14,0.0,"{""camsl_japan_smart_meters"":{""available_profile_sources"":1423,""logical_devices"":1667,""mean_profile_reuse"":1.6941056910569106,""profile_bootstrap"":true,""selected_unique_profile_sources"":984,""weight"":0.3333333333333333},""irish_domestic_smart_meters"":{""available_profile_sources"":2904,""logical_devices"":1666,""mean_profile_reuse"":1.0,""profile_bootstrap"":false,""selected_unique_profile_sources"":1666,""weight"":0.3333333333333333},""low_carbon_london"":{""available_profile_sources"":5000,""logical_devices"":1667,""mean_profile_reuse"":1.0,""profile_bootstrap"":false,""selected_unique_profile_sources"":1667,""weight"":0.3333333333333333}}",dataset_combinations_mixed_physical_fleet_v1,,,,
predefined_mixed_scenario,S1-A,Similar residential,相似住宅半小时电表融合,ieee33,mpc_optimal,MPC,O(HN),2,4657377,4957377,nominal,5000,"{""camsl_japan_smart_meters"":0.3333333333333333,""irish_domestic_smart_meters"":0.3333333333333333,""low_carbon_london"":0.3333333333333333}","{""camsl_japan_smart_meters"":0.3333333333333333,""irish_domestic_smart_meters"":0.3333333333333333,""low_carbon_london"":0.3333333333333333}","{""camsl_japan_smart_meters"":1667,""irish_domestic_smart_meters"":1666,""low_carbon_london"":1667}",False,test,103.67418776136145,82.43867603640757,21.235511724953884,20.482930402921554,0.894655999999999,0.6493055555555556,0,0.0,21.235511724953888,4.784321087451341e-16,0.0,"{""camsl_japan_smart_meters"":{""available_profile_sources"":1423,""logical_devices"":1667,""mean_profile_reuse"":1.720330237358101,""profile_bootstrap"":true,""selected_unique_profile_sources"":969,""weight"":0.3333333333333333},""irish_domestic_smart_meters"":{""available_profile_sources"":2904,""logical_devices"":1666,""mean_profile_reuse"":1.0,""profile_bootstrap"":false,""selected_unique_profile_sources"":1666,""weight"":0.3333333333333333},""low_carbon_london"":{""available_profile_sources"":5000,""logical_devices"":1667,""mean_profile_reuse"":1.0,""profile_bootstrap"":false,""selected_unique_profile_sources"":1667,""weight"":0.3333333333333333}}",dataset_combinations_mixed_physical_fleet_v1,,,,
predefined_mixed_scenario,S1-A,Similar residential,相似住宅半小时电表融合,ieee33,mpc_optimal,MPC,O(HN),3,4657378,4957378,nominal,5000,"{""camsl_japan_smart_meters"":0.3333333333333333,""irish_domestic_smart_meters"":0.3333333333333333,""low_carbon_london"":0.3333333333333333}","{""camsl_japan_smart_meters"":0.3333333333333333,""irish_domestic_smart_meters"":0.3333333333333333,""low_carbon_london"":0.3333333333333333}","{""camsl_japan_smart_meters"":1667,""irish_domestic_smart_meters"":1666,""low_carbon_london"":1667}",False,test,100.84251368366546,79.32855588282688,21.513957800838586,21.334214127511807,0.8949539999999994,0.6666666666666666,0,0.0,21.513957800838586,4.973799150320702e-16,0.0,"{""camsl_japan_smart_meters"":{""available_profile_sources"":1423,""logical_devices"":1667,""mean_profile_reuse"":1.7027579162410622,""profile_bootstrap"":true,""selected_unique_profile_sources"":979,""weight"":0.3333333333333333},""irish_domestic_smart_meters"":{""available_profile_sources"":2904,""logical_devices"":1666,""mean_profile_reuse"":1.0,""profile_bootstrap"":false,""selected_unique_profile_sources"":1666,""weight"":0.3333333333333333},""low_carbon_london"":{""available_profile_sources"":5000,""logical_devices"":1667,""mean_profile_reuse"":1.0,""profile_bootstrap"":false,""selected_unique_profile_sources"":1667,""weight"":0.3333333333333333}}",dataset_combinations_mixed_physical_fleet_v1,,,,
predefined_mixed_scenario,S1-A,Similar residential,相似住宅半小时电表融合,ieee33,mpc_optimal,MPC,O(HN),4,4657379,4957379,nominal,5000,"{""camsl_japan_smart_meters"":0.3333333333333333,""irish_domestic_smart_meters"":0.3333333333333333,""low_carbon_london"":0.3333333333333333}","{""camsl_japan_smart_meters"":0.3333333333333333,""irish_domestic_smart_meters"":0.3333333333333333,""low_carbon_london"":0.3333333333333333}","{""camsl_japan_smart_meters"":1667,""irish_domestic_smart_meters"":1666,""low_carbon_london"":1667}",False,test,118.22025518856613,96.71534619621711,21.504908992349016,18.190545231058593,0.8946880000000001,0.4409722222222222,0,0.0,21.504908992349016,4.0027240781152305e-16,0.0,"{""camsl_japan_smart_meters"":{""available_profile_sources"":1423,""logical_devices"":1667,""mean_profile_reuse"":1.6992864424057084,""profile_bootstrap"":true,""selected_unique_profile_sources"":981,""weight"":0.3333333333333333},""irish_domestic_smart_meters"":{""available_profile_sources"":2904,""logical_devices"":1666,""mean_profile_reuse"":1.0,""profile_bootstrap"":false,""selected_unique_profile_sources"":1666,""weight"":0.3333333333333333},""low_carbon_london"":{""available_profile_sources"":5000,""logical_devices"":1667,""mean_profile_reuse"":1.0,""profile_bootstrap"":false,""selected_unique_profile_sources"":1667,""weight"":0.3333333333333333}}",dataset_combinations_mixed_physical_fleet_v1,,,,
predefined_mixed_scenario,S1-A,Similar residential,相似住宅半小时电表融合,ieee33,mpc_optimal,MPC,O(HN),5,4657380,4957380,nominal,5000,"{""camsl_japan_smart_meters"":0.3333333333333333,""irish_domestic_smart_meters"":0.3333333333333333,""low_carbon_london"":0.3333333333333333}","{""camsl_japan_smart_meters"":0.3333333333333333,""irish_domestic_smart_meters"":0.3333333333333333,""low_carbon_london"":0.3333333333333333}","{""camsl_japan_smart_meters"":1667,""irish_domestic_smart_meters"":1666,""low_carbon_london"":1667}",False,test,118.5166012881671,96.95809868660552,21.558502601561575,18.19028082752995,0.894162,0.4409722222222222,0,0.0,21.558502601561575,7.579122514774402e-17,0.0,"{""camsl_japan_smart_meters"":{""available_profile_sources"":1423,""logical_devices"":1667,""mean_profile_reuse"":1.683838383838384,""profile_bootstrap"":true,""selected_unique_profile_sources"":990,""weight"":0.3333333333333333},""irish_domestic_smart_meters"":{""available_profile_sources"":2904,""logical_devices"":1666,""mean_profile_reuse"":1.0,""profile_bootstrap"":false,""selected_unique_profile_sources"":1666,""weight"":0.3333333333333333},""low_carbon_london"":{""available_profile_sources"":5000,""logical_devices"":1667,""mean_profile_reuse"":1.0,""profile_bootstrap"":false,""selected_unique_profile_sources"":1667,""weight"":0.3333333333333333}}",dataset_combinations_mixed_physical_fleet_v1,,,,
predefined_mixed_scenario,S1-A,Similar residential,相似住宅半小时电表融合,ieee33,mpc_optimal,MPC,O(HN),6,4657381,4957381,nominal,5000,"{""camsl_japan_smart_meters"":0.3333333333333333,""irish_domestic_smart_meters"":0.3333333333333333,""low_carbon_london"":0.3333333333333333}","{""camsl_japan_smart_meters"":0.3333333333333333,""irish_domestic_smart_meters"":0.3333333333333333,""low_carbon_london"":0.3333333333333333}","{""camsl_japan_smart_meters"":1667,""irish_domestic_smart_meters"":1666,""low_carbon_london"":1667}",False,test,118.9945898212779,97.70977461183202,21.284815209445885,17.887212554297037,0.8957160000000004,0.4375,0,0.0,21.284815209445892,5.876188424736028e-15,0.0,"{""camsl_japan_smart_meters"":{""available_profile_sources"":1423,""logical_devices"":1667,""mean_profile_reuse"":1.6992864424057084,""profile_bootstrap"":true,""selected_unique_profile_sources"":981,""weight"":0.3333333333333333},""irish_domestic_smart_meters"":{""available_profile_sources"":2904,""logical_devices"":1666,""mean_profile_reuse"":1.0,""profile_bootstrap"":false,""selected_unique_profile_sources"":1666,""weight"":0.3333333333333333},""low_carbon_london"":{""available_profile_sources"":5000,""logical_devices"":1667,""mean_profile_reuse"":1.0,""profile_bootstrap"":false,""selected_unique_profile_sources"":1667,""weight"":0.3333333333333333}}",dataset_combinations_mixed_physical_fleet_v1,,,,
predefined_mixed_scenario,S1-A,Similar residential,相似住宅半小时电表融合,ieee33,mpc_optimal,MPC,O(HN),7,4657382,4957382,nominal,5000,"{""camsl_japan_smart_meters"":0.3333333333333333,""irish_domestic_smart_meters"":0.3333333333333333,""low_carbon_london"":0.3333333333333333}","{""camsl_japan_smart_meters"":0.3333333333333333,""irish_domestic_smart_meters"":0.3333333333333333,""low_carbon_london"":0.3333333333333333}","{""camsl_japan_smart_meters"":1667,""irish_domestic_smart_meters"":1666,""low_carbon_london"":1667}",False,test,87.09713392105506,65.70727854239793,21.38985537865713,24.558621410028163,0.8956439999999998,0.7395833333333334,0,0.0,21.389855378657142,6.683838667716676e-15,0.0,"{""camsl_japan_smart_meters"":{""available_profile_sources"":1423,""logical_devices"":1667,""mean_profile_reuse"":1.6889564336372846,""profile_bootstrap"":true,""selected_unique_profile_sources"":987,""weight"":0.3333333333333333},""irish_domestic_smart_meters"":{""available_profile_sources"":2904,""logical_devices"":1666,""mean_profile_reuse"":1.0,""profile_bootstrap"":false,""selected_unique_profile_sources"":1666,""weight"":0.3333333333333333},""low_carbon_london"":{""available_profile_sources"":5000,""logical_devices"":1667,""mean_profile_reuse"":1.0,""profile_bootstrap"":false,""selected_unique_profile_sources"":1667,""weight"":0.3333333333333333}}",dataset_combinations_mixed_physical_fleet_v1,,,,
predefined_mixed_scenario,S1-A,Similar residential,相似住宅半小时电表融合,ieee33,mpc_optimal,MPC,O(HN),8,4657383,4957383,nominal,5000,"{""camsl_japan_smart_meters"":0.3333333333333333,""irish_domestic_smart_meters"":0.3333333333333333,""low_carbon_london"":0.3333333333333333}","{""camsl_japan_smart_meters"":0.3333333333333333,""irish_domestic_smart_meters"":0.3333333333333333,""low_carbon_london"":0.3333333333333333}","{""camsl_japan_smart_meters"":1667,""irish_domestic_smart_meters"":1666,""low_carbon_london"":1667}",False,test,87.17765553011797,65.85037631005525,21.327279220062728,24.464157805545263,0.8949440000000002,0.7395833333333334,0,0.0,21.32727922006273,2.415845301584341e-15,0.0,"{""camsl_japan_smart_meters"":{""available_profile_sources"":1423,""logical_devices"":1667,""mean_profile_reuse"":1.6923857868020304,""profile_bootstrap"":true,""selected_unique_profile_sources"":985,""weight"":0.3333333333333333},""irish_domestic_smart_meters"":{""available_profile_sources"":2904,""logical_devices"":1666,""mean_profile_reuse"":1.0,""profile_bootstrap"":false,""selected_unique_profile_sources"":1666,""weight"":0.3333333333333333},""low_carbon_london"":{""available_profile_sources"":5000,""logical_devices"":1667,""mean_profile_reuse"":1.0,""profile_bootstrap"":false,""selected_unique_profile_sources"":1667,""weight"":0.3333333333333333}}",dataset_combinations_mixed_physical_fleet_v1,,,,
predefined_mixed_scenario,S1-A,Similar residential,相似住宅半小时电表融合,ieee33,mpc_optimal,MPC,O(HN),9,4657384,4957384,nominal,5000,"{""camsl_japan_smart_meters"":0.3333333333333333,""irish_domestic_smart_meters"":0.3333333333333333,""low_carbon_london"":0.3333333333333333}","{""camsl_japan_smart_meters"":0.3333333333333333,""irish_domestic_smart_meters"":0.3333333333333333,""low_carbon_london"":0.3333333333333333}","{""camsl_japan_smart_meters"":1667,""irish_domestic_smart_meters"":1666,""low_carbon_london"":1667}",False,test,117.18441098538555,95.64060067008177,21.543810315303787,18.384536077917893,0.8938899999999997,0.4444444444444444,0,0.0,21.543810315303787,3.7895612573872007e-16,0.0,"{""camsl_japan_smart_meters"":{""available_profile_sources"":1423,""logical_devices"":1667,""mean_profile_reuse"":1.683838383838384,""profile_bootstrap"":true,""selected_unique_profile_sources"":990,""weight"":0.3333333333333333},""irish_domestic_smart_meters"":{""available_profile_sources"":2904,""logical_devices"":1666,""mean_profile_reuse"":1.0,""profile_bootstrap"":false,""selected_unique_profile_sources"":1666,""weight"":0.3333333333333333},""low_carbon_london"":{""available_profile_sources"":5000,""logical_devices"":1667,""mean_profile_reuse"":1.0,""profile_bootstrap"":false,""selected_unique_profile_sources"":1667,""weight"":0.3333333333333333}}",dataset_combinations_mixed_physical_fleet_v1,,,,
predefined_mixed_scenario,S1-A,Similar residential,相似住宅半小时电表融合,ieee33,mpc_optimal,MPC,O(HN),10,4657385,4957385,dominant_plus_15pp,5000,"{""camsl_japan_smart_meters"":0.3333333333333333,""irish_domestic_smart_meters"":0.3333333333333333,""low_carbon_london"":0.3333333333333333}","{""camsl_japan_smart_meters"":0.25833333333333336,""irish_domestic_smart_meters"":0.25833333333333336,""low_carbon_london"":0.48333333333333334}","{""camsl_japan_smart_meters"":1292,""irish_domestic_smart_meters"":1292,""low_carbon_london"":2416}",False,test,75.76570392262022,54.291372452617026,21.474331470003193,28.343076561309328,0.8947900000000001,0.7743055555555556,0,0.0,21.47433147000323,3.982355186356774e-14,0.0,"{""camsl_japan_smart_meters"":{""available_profile_sources"":1423,""logical_devices"":1292,""mean_profile_reuse"":1.0,""profile_bootstrap"":false,""selected_unique_profile_sources"":1292,""weight"":0.25833333333333336},""irish_domestic_smart_meters"":{""available_profile_sources"":2904,""logical_devices"":1292,""mean_profile_reuse"":1.0,""profile_bootstrap"":false,""selected_unique_profile_sources"":1292,""weight"":0.25833333333333336},""low_carbon_london"":{""available_profile_sources"":5000,""logical_devices"":2416,""mean_profile_reuse"":1.0,""profile_bootstrap"":false,""selected_unique_profile_sources"":2416,""weight"":0.48333333333333334}}",dataset_combinations_mixed_physical_fleet_v1,,,,
predefined_mixed_scenario,S1-A,Similar residential,相似住宅半小时电表融合,ieee33,mpc_optimal,MPC,O(HN),11,4657386,4957386,dominant_plus_15pp,5000,"{""camsl_japan_smart_meters"":0.3333333333333333,""irish_domestic_smart_meters"":0.3333333333333333,""low_carbon_london"":0.3333333333333333}","{""camsl_japan_smart_meters"":0.25833333333333336,""irish_domestic_smart_meters"":0.25833333333333336,""low_carbon_london"":0.48333333333333334}","{""camsl_japan_smart_meters"":1292,""irish_domestic_smart_meters"":1292,""low_carbon_london"":2416}",False,test,116.4149542490602,94.81211943045221,21.602834818607985,18.55675240174944,0.8943260000000003,0.4513888888888889,0,0.0,21.602834818608,1.404032445861958e-14,0.0,"{""camsl_japan_smart_meters"":{""available_profile_sources"":1423,""logical_devices"":1292,""mean_profile_reuse"":1.0,""profile_bootstrap"":false,""selected_unique_profile_sources"":1292,""weight"":0.25833333333333336},""irish_domestic_smart_meters"":{""available_profile_sources"":2904,""logical_devices"":1292,""mean_profile_reuse"":1.0,""profile_bootstrap"":false,""selected_unique_profile_sources"":1292,""weight"":0.25833333333333336},""low_carbon_london"":{""available_profile_sources"":5000,""logical_devices"":2416,""mean_profile_reuse"":1.0,""profile_bootstrap"":false,""selected_unique_profile_sources"":2416,""weight"":0.48333333333333334}}",dataset_combinations_mixed_physical_fleet_v1,,,,
predefined_mixed_scenario,S1-A,Similar residential,相似住宅半小时电表融合,ieee33,mpc_optimal,MPC,O(HN),12,4657387,4957387,dominant_plus_15pp,5000,"{""camsl_japan_smart_meters"":0.3333333333333333,""irish_domestic_smart_meters"":0.3333333333333333,""low_carbon_london"":0.3333333333333333}","{""camsl_japan_smart_meters"":0.25833333333333336,""irish_domestic_smart_meters"":0.25833333333333336,""low_carbon_london"":0.48333333333333334}","{""camsl_japan_smart_meters"":1292,""irish_domestic_smart_meters"":1292,""low_carbon_london"":2416}",False,test,115.78958326868634,94.1783158130434,21.611267455642945,18.66425877489742,0.8945400000000001,0.4548611111111111,0,0.0,21.611267455642956,5.760133111228545e-15,0.0,"{""camsl_japan_smart_meters"":{""available_profile_sources"":1423,""logical_devices"":1292,""mean_profile_reuse"":1.0,""profile_bootstrap"":false,""selected_unique_profile_sources"":1292,""weight"":0.25833333333333336},""irish_domestic_smart_meters"":{""available_profile_sources"":2904,""logical_devices"":1292,""mean_profile_reuse"":1.0,""profile_bootstrap"":false,""selected_unique_profile_sources"":1292,""weight"":0.25833333333333336},""low_carbon_london"":{""available_profile_sources"":5000,""logical_devices"":2416,""mean_profile_reuse"":1.0,""profile_bootstrap"":false,""selected_unique_profile_sources"":2416,""weight"":0.48333333333333334}}",dataset_combinations_mixed_physical_fleet_v1,,,,
predefined_mixed_scenario,S1-A,Similar residential,相似住宅半小时电表融合,ieee33,mpc_optimal,MPC,O(HN),13,4657388,4957388,dominant_plus_15pp,5000,"{""camsl_japan_smart_meters"":0.3333333333333333,""irish_domestic_smart_meters"":0.3333333333333333,""low_carbon_london"":0.3333333333333333}","{""camsl_japan_smart_meters"":0.25833333333333336,""irish_domestic_smart_meters"":0.25833333333333336,""low_carbon_london"":0.48333333333333334}","{""camsl_japan_smart_meters"":1292,""irish_domestic_smart_meters"":1292,""low_carbon_london"":2416}",False,test,81.53054604710435,60.09172251207106,21.43882353503329,26.295449465832096,0.8951759999999997,0.7569444444444444,0,0.0,21.438823535033293,6.394884621840902e-15,0.0,"{""camsl_japan_smart_meters"":{""available_profile_sources"":1423,""logical_devices"":1292,""mean_profile_reuse"":1.0,""profile_bootstrap"":false,""selected_unique_profile_sources"":1292,""weight"":0.25833333333333336},""irish_domestic_smart_meters"":{""available_profile_sources"":2904,""logical_devices"":1292,""mean_profile_reuse"":1.0,""profile_bootstrap"":false,""selected_unique_profile_sources"":1292,""weight"":0.25833333333333336},""low_carbon_london"":{""available_profile_sources"":5000,""logical_devices"":2416,""mean_profile_reuse"":1.0,""profile_bootstrap"":false,""selected_unique_profile_sources"":2416,""weight"":0.48333333333333334}}",dataset_combinations_mixed_physical_fleet_v1,,,,
predefined_mixed_scenario,S1-A,Similar residential,相似住宅半小时电表融合,ieee33,mpc_optimal,MPC,O(HN),14,4657389,4957389,dominant_plus_15pp,5000,"{""camsl_japan_smart_meters"":0.3333333333333333,""irish_domestic_smart_meters"":0.3333333333333333,""low_carbon_london"":0.3333333333333333}","{""camsl_japan_smart_meters"":0.25833333333333336,""irish_domestic_smart_meters"":0.25833333333333336,""low_carbon_london"":0.48333333333333334}","{""camsl_japan_smart_meters"":1292,""irish_domestic_smart_meters"":1292,""low_carbon_london"":2416}",False,test,76.22127183905698,54.29383216719598,21.927439671861002,28.768136693076062,0.8954239999999997,0.7743055555555556,0,0.0,21.92743967186104,3.819226416605185e-14,0.0,"{""camsl_japan_smart_meters"":{""available_profile_sources"":1423,""logical_devices"":1292,""mean_profile_reuse"":1.0,""profile_bootstrap"":false,""selected_unique_profile_sources"":1292,""weight"":0.25833333333333336},""irish_domestic_smart_meters"":{""available_profile_sources"":2904,""logical_devices"":1292,""mean_profile_reuse"":1.0,""profile_bootstrap"":false,""selected_unique_profile_sources"":1292,""weight"":0.25833333333333336},""low_carbon_london"":{""available_profile_sources"":5000,""logical_devices"":2416,""mean_profile_reuse"":1.0,""profile_bootstrap"":false,""selected_unique_profile_sources"":2416,""weight"":0.48333333333333334}}",dataset_combinations_mixed_physical_fleet_v1,,,,
predefined_mixed_scenario,S1-A,Similar residential,相似住宅半小时电表融合,ieee33,mpc_optimal,MPC,O(HN),15,4657390,4957390,dominant_plus_15pp,5000,"{""camsl_japan_smart_meters"":0.3333333333333333,""irish_domestic_smart_meters"":0.3333333333333333,""low_carbon_london"":0.3333333333333333}","{""camsl_japan_smart_meters"":0.25833333333333336,""irish_domestic_smart_meters"":0.25833333333333336,""low_carbon_london"":0.48333333333333334}","{""camsl_japan_smart_meters"":1292,""irish_domestic_smart_meters"":1292,""low_carbon_london"":2416}",False,test,116.27915361730868,94.82622700935383,21.452926607954854,18.449503578740778,0.8948260000000001,0.4409722222222222,0,0.0,21.45292660795486,5.381176985489825e-15,0.0,"{""camsl_japan_smart_meters"":{""available_profile_sources"":1423,""logical_devices"":1292,""mean_profile_reuse"":1.0,""profile_bootstrap"":false,""selected_unique_profile_sources"":1292,""weight"":0.25833333333333336},""irish_domestic_smart_meters"":{""available_profile_sources"":2904,""logical_devices"":1292,""mean_profile_reuse"":1.0,""profile_bootstrap"":false,""selected_unique_profile_sources"":1292,""weight"":0.25833333333333336},""low_carbon_london"":{""available_profile_sources"":5000,""logical_devices"":2416,""mean_profile_reuse"":1.0,""profile_bootstrap"":false,""selected_unique_profile_sources"":2416,""weight"":0.48333333333333334}}",dataset_combinations_mixed_physical_fleet_v1,,,,
predefined_mixed_scenario,S1-A,Similar residential,相似住宅半小时电表融合,ieee33,mpc_optimal,MPC,O(HN),16,4657391,4957391,dominant_plus_15pp,5000,"{""camsl_japan_smart_meters"":0.3333333333333333,""irish_domestic_smart_meters"":0.3333333333333333,""low_carbon_london"":0.3333333333333333}","{""camsl_japan_smart_meters"":0.25833333333333336,""irish_domestic_smart_meters"":0.25833333333333336,""low_carbon_london"":0.48333333333333334}","{""camsl_japan_smart_meters"":1292,""irish_domestic_smart_meters"":1292,""low_carbon_london"":2416}",False,test,61.910215668387224,40.209271098871525,21.7009445695157,35.05228391668598,0.8945319999999998,0.8159722222222222,0,0.0,21.7009445695157,2.7474319116057204e-16,0.0,"{""camsl_japan_smart_meters"":{""available_profile_sources"":1423,""logical_devices"":1292,""mean_profile_reuse"":1.0,""profile_bootstrap"":false,""selected_unique_profile_sources"":1292,""weight"":0.25833333333333336},""irish_domestic_smart_meters"":{""available_profile_sources"":2904,""logical_devices"":1292,""mean_profile_reuse"":1.0,""profile_bootstrap"":false,""selected_unique_profile_sources"":1292,""weight"":0.25833333333333336},""low_carbon_london"":{""available_profile_sources"":5000,""logical_devices"":2416,""mean_profile_reuse"":1.0,""profile_bootstrap"":false,""selected_unique_profile_sources"":2416,""weight"":0.48333333333333334}}",dataset_combinations_mixed_physical_fleet_v1,,,,
predefined_mixed_scenario,S1-A,Similar residential,相似住宅半小时电表融合,ieee33,mpc_optimal,MPC,O(HN),17,4657392,4957392,dominant_plus_15pp,5000,"{""camsl_japan_smart_meters"":0.3333333333333333,""irish_domestic_smart_meters"":0.3333333333333333,""low_carbon_london"":0.3333333333333333}","{""camsl_japan_smart_meters"":0.25833333333333336,""irish_domestic_smart_meters"":0.25833333333333336,""low_carbon_london"":0.48333333333333334}","{""camsl_japan_smart_meters"":1292,""irish_domestic_smart_meters"":1292,""low_carbon_london"":2416}",False,test,118.63779734592659,96.9760603805165,21.661736965410086,18.2587147182515,0.895342,0.4409722222222222,0,0.0,21.661736965410086,4.736951571734001e-18,0.0,"{""camsl_japan_smart_meters"":{""available_profile_sources"":1423,""logical_devices"":1292,""mean_profile_reuse"":1.0,""profile_bootstrap"":false,""selected_unique_profile_sources"":1292,""weight"":0.25833333333333336},""irish_domestic_smart_meters"":{""available_profile_sources"":2904,""logical_devices"":1292,""mean_profile_reuse"":1.0,""profile_bootstrap"":false,""selected_unique_profile_sources"":1292,""weight"":0.25833333333333336},""low_carbon_london"":{""available_profile_sources"":5000,""logical_devices"":2416,""mean_profile_reuse"":1.0,""profile_bootstrap"":false,""selected_unique_profile_sources"":2416,""weight"":0.48333333333333334}}",dataset_combinations_mixed_physical_fleet_v1,,,,
predefined_mixed_scenario,S1-A,Similar residential,相似住宅半小时电表融合,ieee33,mpc_optimal,MPC,O(HN),18,4657393,4957393,dominant_plus_15pp,5000,"{""camsl_japan_smart_meters"":0.3333333333333333,""irish_domestic_smart_meters"":0.3333333333333333,""low_carbon_london"":0.3333333333333333}","{""camsl_japan_smart_meters"":0.25833333333333336,""irish_domestic_smart_meters"":0.25833333333333336,""low_carbon_london"":0.48333333333333334}","{""camsl_japan_smart_meters"":1292,""irish_domestic_smart_meters"":1292,""low_carbon_london"":2416}",False,test,85.76416452021755,64.17712237464895,21.587042145568596,25.17023545478578,0.8947740000000001,0.75,0,0.0,21.587042145568596,5.305385760342081e-16,0.0,"{""camsl_japan_smart_meters"":{""available_profile_sources"":1423,""logical_devices"":1292,""mean_profile_reuse"":1.0,""profile_bootstrap"":false,""selected_unique_profile_sources"":1292,""weight"":0.25833333333333336},""irish_domestic_smart_meters"":{""available_profile_sources"":2904,""logical_devices"":1292,""mean_profile_reuse"":1.0,""profile_bootstrap"":false,""selected_unique_profile_sources"":1292,""weight"":0.25833333333333336},""low_carbon_london"":{""available_profile_sources"":5000,""logical_devices"":2416,""mean_profile_reuse"":1.0,""profile_bootstrap"":false,""selected_unique_profile_sources"":2416,""weight"":0.48333333333333334}}",dataset_combinations_mixed_physical_fleet_v1,,,,
predefined_mixed_scenario,S1-A,Similar residential,相似住宅半小时电表融合,ieee33,mpc_optimal,MPC,O(HN),19,4657394,4957394,dominant_plus_15pp,5000,"{""camsl_japan_smart_meters"":0.3333333333333333,""irish_domestic_smart_meters"":0.3333333333333333,""low_carbon_london"":0.3333333333333333}","{""camsl_japan_smart_meters"":0.25833333333333336,""irish_domestic_smart_meters"":0.25833333333333336,""low_carbon_london"":0.48333333333333334}","{""camsl_japan_smart_meters"":1292,""irish_domestic_smart_meters"":1292,""low_carbon_london"":2416}",False,test,118.41016684931087,97.13822856693605,21.27193828237482,17.964621491873707,0.8950980000000003,0.4409722222222222,0,0.0,21.271938282374823,4.239571656701931e-16,0.0,"{""camsl_japan_smart_meters"":{""available_profile_sources"":1423,""logical_devices"":1292,""mean_profile_reuse"":1.0,""profile_bootstrap"":false,""selected_unique_profile_sources"":1292,""weight"":0.25833333333333336},""irish_domestic_smart_meters"":{""available_profile_sources"":2904,""logical_devices"":1292,""mean_profile_reuse"":1.0,""profile_bootstrap"":false,""selected_unique_profile_sources"":1292,""weight"":0.25833333333333336},""low_carbon_london"":{""available_profile_sources"":5000,""logical_devices"":2416,""mean_profile_reuse"":1.0,""profile_bootstrap"":false,""selected_unique_profile_sources"":2416,""weight"":0.48333333333333334}}",dataset_combinations_mixed_physical_fleet_v1,,,,
predefined_mixed_scenario,S1-A,Similar residential,相似住宅半小时电表融合,ieee33,mpc_optimal,MPC,O(HN),20,4657395,4957395,dominant_minus_15pp,5000,"{""camsl_japan_smart_meters"":0.3333333333333333,""irish_domestic_smart_meters"":0.3333333333333333,""low_carbon_london"":0.3333333333333333}","{""camsl_japan_smart_meters"":0.40833333333333327,""irish_domestic_smart_meters"":0.40833333333333327,""low_carbon_london"":0.18333333333333332}","{""camsl_japan_smart_meters"":2042,""irish_domestic_smart_meters"":2042,""low_carbon_london"":916}",False,test,93.2690404867517,71.77232714397813,21.496713342773575,23.048069574412583,0.8945960000000003,0.7256944444444444,0,0.0,21.496713342773575,3.2815232013187292e-15,0.0,"{""camsl_japan_smart_meters"":{""available_profile_sources"":1423,""logical_devices"":2042,""mean_profile_reuse"":1.8837638376383763,""profile_bootstrap"":true,""selected_unique_profile_sources"":1084,""weight"":0.40833333333333327},""irish_domestic_smart_meters"":{""available_profile_sources"":2904,""logical_devices"":2042,""mean_profile_reuse"":1.0,""profile_bootstrap"":false,""selected_unique_profile_sources"":2042,""weight"":0.40833333333333327},""low_carbon_london"":{""available_profile_sources"":5000,""logical_devices"":916,""mean_profile_reuse"":1.0,""profile_bootstrap"":false,""selected_unique_profile_sources"":916,""weight"":0.18333333333333332}}",dataset_combinations_mixed_physical_fleet_v1,,,,
predefined_mixed_scenario,S1-A,Similar residential,相似住宅半小时电表融合,ieee33,mpc_optimal,MPC,O(HN),21,4657396,4957396,dominant_minus_15pp,5000,"{""camsl_japan_smart_meters"":0.3333333333333333,""irish_domestic_smart_meters"":0.3333333333333333,""low_carbon_london"":0.3333333333333333}","{""camsl_japan_smart_meters"":0.40833333333333327,""irish_domestic_smart_meters"":0.40833333333333327,""low_carbon_london"":0.18333333333333332}","{""camsl_japan_smart_meters"":2042,""irish_domestic_smart_meters"":2042,""low_carbon_london"":916}",False,test,92.40298950872925,71.05627696177494,21.346712546954304,23.10175532247006,0.8944959999999992,0.7291666666666666,0,0.0,21.34671254695431,6.223762246312011e-15,0.0,"{""camsl_japan_smart_meters"":{""available_profile_sources"":1423,""logical_devices"":2042,""mean_profile_reuse"":1.9209783631232362,""profile_bootstrap"":true,""selected_unique_profile_sources"":1063,""weight"":0.40833333333333327},""irish_domestic_smart_meters"":{""available_profile_sources"":2904,""logical_devices"":2042,""mean_profile_reuse"":1.0,""profile_bootstrap"":false,""selected_unique_profile_sources"":2042,""weight"":0.40833333333333327},""low_carbon_london"":{""available_profile_sources"":5000,""logical_devices"":916,""mean_profile_reuse"":1.0,""profile_bootstrap"":false,""selected_unique_profile_sources"":916,""weight"":0.18333333333333332}}",dataset_combinations_mixed_physical_fleet_v1,,,,
predefined_mixed_scenario,S1-A,Similar residential,相似住宅半小时电表融合,ieee33,mpc_optimal,MPC,O(HN),22,4657397,4957397,dominant_minus_15pp,5000,"{""camsl_japan_smart_meters"":0.3333333333333333,""irish_domestic_smart_meters"":0.3333333333333333,""low_carbon_london"":0.3333333333333333}","{""camsl_japan_smart_meters"":0.40833333333333327,""irish_domestic_smart_meters"":0.40833333333333327,""low_carbon_london"":0.18333333333333332}","{""camsl_japan_smart_meters"":2042,""irish_domestic_smart_meters"":2042,""low_carbon_london"":916}",False,test,102.22662157479874,80.73152598393122,21.495095590867514,21.026905966113397,0.8952979999999999,0.6631944444444444,0,0.0,21.495095590867518,3.4769224536527566e-15,0.0,"{""camsl_japan_smart_meters"":{""available_profile_sources"":1423,""logical_devices"":2042,""mean_profile_reuse"":1.8820276497695851,""profile_bootstrap"":true,""selected_unique_profile_sources"":1085,""weight"":0.40833333333333327},""irish_domestic_smart_meters"":{""available_profile_sources"":2904,""logical_devices"":2042,""mean_profile_reuse"":1.0,""profile_bootstrap"":false,""selected_unique_profile_sources"":2042,""weight"":0.40833333333333327},""low_carbon_london"":{""available_profile_sources"":5000,""logical_devices"":916,""mean_profile_reuse"":1.0,""profile_bootstrap"":false,""selected_unique_profile_sources"":916,""weight"":0.18333333333333332}}",dataset_combinations_mixed_physical_fleet_v1,,,,
predefined_mixed_scenario,S1-A,Similar residential,相似住宅半小时电表融合,ieee33,mpc_optimal,MPC,O(HN),23,4657398,4957398,dominant_minus_15pp,5000,"{""camsl_japan_smart_meters"":0.3333333333333333,""irish_domestic_smart_meters"":0.3333333333333333,""low_carbon_london"":0.3333333333333333}","{""camsl_japan_smart_meters"":0.40833333333333327,""irish_domestic_smart_meters"":0.40833333333333327,""low_carbon_london"":0.18333333333333332}","{""camsl_japan_smart_meters"":2042,""irish_domestic_smart_meters"":2042,""low_carbon_london"":916}",False,test,116.3221913077552,94.80370367727512,21.518487630480077,18.499039081501074,0.8966560000000001,0.4513888888888889,0,0.0,21.518487630480085,7.749652771356824e-15,0.0,"{""camsl_japan_smart_meters"":{""available_profile_sources"":1423,""logical_devices"":2042,""mean_profile_reuse"":1.88724584103512,""profile_bootstrap"":true,""selected_unique_profile_sources"":1082,""weight"":0.40833333333333327},""irish_domestic_smart_meters"":{""available_profile_sources"":2904,""logical_devices"":2042,""mean_profile_reuse"":1.0,""profile_bootstrap"":false,""selected_unique_profile_sources"":2042,""weight"":0.40833333333333327},""low_carbon_london"":{""available_profile_sources"":5000,""logical_devices"":916,""mean_profile_reuse"":1.0,""profile_bootstrap"":false,""selected_unique_profile_sources"":916,""weight"":0.18333333333333332}}",dataset_combinations_mixed_physical_fleet_v1,,,,
predefined_mixed_scenario,S1-A,Similar residential,相似住宅半小时电表融合,ieee33,mpc_optimal,MPC,O(HN),24,4657399,4957399,dominant_minus_15pp,5000,"{""camsl_japan_smart_meters"":0.3333333333333333,""irish_domestic_smart_meters"":0.3333333333333333,""low_carbon_london"":0.3333333333333333}","{""camsl_japan_smart_meters"":0.40833333333333327,""irish_domestic_smart_meters"":0.40833333333333327,""low_carbon_london"":0.18333333333333332}","{""camsl_japan_smart_meters"":2042,""irish_domestic_smart_meters"":2042,""low_carbon_london"":916}",False,test,119.4510929930663,97.9576386837925,21.493454309273798,17.993518326802935,0.8942439999999996,0.4375,0,0.0,21.4934543092738,5.011694762894573e-15,0.0,"{""camsl_japan_smart_meters"":{""available_profile_sources"":1423,""logical_devices"":2042,""mean_profile_reuse"":1.86996336996337,""profile_bootstrap"":true,""selected_unique_profile_sources"":1092,""weight"":0.40833333333333327},""irish_domestic_smart_meters"":{""available_profile_sources"":2904,""logical_devices"":2042,""mean_profile_reuse"":1.0,""profile_bootstrap"":false,""selected_unique_profile_sources"":2042,""weight"":0.40833333333333327},""low_carbon_london"":{""available_profile_sources"":5000,""logical_devices"":916,""mean_profile_reuse"":1.0,""profile_bootstrap"":false,""selected_unique_profile_sources"":916,""weight"":0.18333333333333332}}",dataset_combinations_mixed_physical_fleet_v1,,,,
predefined_mixed_scenario,S1-A,Similar residential,相似住宅半小时电表融合,ieee33,mpc_optimal,MPC,O(HN),25,4657400,4957400,dominant_minus_15pp,5000,"{""camsl_japan_smart_meters"":0.3333333333333333,""irish_domestic_smart_meters"":0.3333333333333333,""low_carbon_london"":0.3333333333333333}","{""camsl_japan_smart_meters"":0.40833333333333327,""irish_domestic_smart_meters"":0.40833333333333327,""low_carbon_london"":0.18333333333333332}","{""camsl_japan_smart_meters"":2042,""irish_domestic_smart_meters"":2042,""low_carbon_london"":916}",False,test,118.89435512200482,97.48741203082872,21.406943091176096,18.005012154874066,0.895362,0.4409722222222222,0,0.0,21.406943091176096,3.0316490059097607e-16,0.0,"{""camsl_japan_smart_meters"":{""available_profile_sources"":1423,""logical_devices"":2042,""mean_profile_reuse"":1.88724584103512,""profile_bootstrap"":true,""selected_unique_profile_sources"":1082,""weight"":0.40833333333333327},""irish_domestic_smart_meters"":{""available_profile_sources"":2904,""logical_devices"":2042,""mean_profile_reuse"":1.0,""profile_bootstrap"":false,""selected_unique_profile_sources"":2042,""weight"":0.40833333333333327},""low_carbon_london"":{""available_profile_sources"":5000,""logical_devices"":916,""mean_profile_reuse"":1.0,""profile_bootstrap"":false,""selected_unique_profile_sources"":916,""weight"":0.18333333333333332}}",dataset_combinations_mixed_physical_fleet_v1,,,,
predefined_mixed_scenario,S1-A,Similar residential,相似住宅半小时电表融合,ieee33,mpc_optimal,MPC,O(HN),26,4657401,4957401,dominant_minus_15pp,5000,"{""camsl_japan_smart_meters"":0.3333333333333333,""irish_domestic_smart_meters"":0.3333333333333333,""low_carbon_london"":0.3333333333333333}","{""camsl_japan_smart_meters"":0.40833333333333327,""irish_domestic_smart_meters"":0.40833333333333327,""low_carbon_london"":0.18333333333333332}","{""camsl_japan_smart_meters"":2042,""irish_domestic_smart_meters"":2042,""low_carbon_london"":916}",False,test,117.2874345015762,95.97592139688945,21.31151310468676,18.170329324067836,0.8947119999999998,0.4479166666666667,0,0.0,21.31151310468676,2.0842586915629605e-16,0.0,"{""camsl_japan_smart_meters"":{""available_profile_sources"":1423,""logical_devices"":2042,""mean_profile_reuse"":1.852994555353902,""profile_bootstrap"":true,""selected_unique_profile_sources"":1102,""weight"":0.40833333333333327},""irish_domestic_smart_meters"":{""available_profile_sources"":2904,""logical_devices"":2042,""mean_profile_reuse"":1.0,""profile_bootstrap"":false,""selected_unique_profile_sources"":2042,""weight"":0.40833333333333327},""low_carbon_london"":{""available_profile_sources"":5000,""logical_devices"":916,""mean_profile_reuse"":1.0,""profile_bootstrap"":false,""selected_unique_profile_sources"":916,""weight"":0.18333333333333332}}",dataset_combinations_mixed_physical_fleet_v1,,,,
predefined_mixed_scenario,S1-A,Similar residential,相似住宅半小时电表融合,ieee33,mpc_optimal,MPC,O(HN),27,4657402,4957402,dominant_minus_15pp,5000,"{""camsl_japan_smart_meters"":0.3333333333333333,""irish_domestic_smart_meters"":0.3333333333333333,""low_carbon_london"":0.3333333333333333}","{""camsl_japan_smart_meters"":0.40833333333333327,""irish_domestic_smart_meters"":0.40833333333333327,""low_carbon_london"":0.18333333333333332}","{""camsl_japan_smart_meters"":2042,""irish_domestic_smart_meters"":2042,""low_carbon_london"":916}",False,test,96.21695444906057,74.51555192995116,21.701402519109404,22.554655407014177,0.8942839999999996,0.71875,0,0.0,21.701402519109415,1.076235397097965e-14,0.0,"{""camsl_japan_smart_meters"":{""available_profile_sources"":1423,""logical_devices"":2042,""mean_profile_reuse"":1.9030754892823858,""profile_bootstrap"":true,""selected_unique_profile_sources"":1073,""weight"":0.40833333333333327},""irish_domestic_smart_meters"":{""available_profile_sources"":2904,""logical_devices"":2042,""mean_profile_reuse"":1.0,""profile_bootstrap"":false,""selected_unique_profile_sources"":2042,""weight"":0.40833333333333327},""low_carbon_london"":{""available_profile_sources"":5000,""logical_devices"":916,""mean_profile_reuse"":1.0,""profile_bootstrap"":false,""selected_unique_profile_sources"":916,""weight"":0.18333333333333332}}",dataset_combinations_mixed_physical_fleet_v1,,,,
predefined_mixed_scenario,S1-A,Similar residential,相似住宅半小时电表融合,ieee33,mpc_optimal,MPC,O(HN),28,4657403,4957403,dominant_minus_15pp,5000,"{""camsl_japan_smart_meters"":0.3333333333333333,""irish_domestic_smart_meters"":0.3333333333333333,""low_carbon_london"":0.3333333333333333}","{""camsl_japan_smart_meters"":0.40833333333333327,""irish_domestic_smart_meters"":0.40833333333333327,""low_carbon_london"":0.18333333333333332}","{""camsl_japan_smart_meters"":2042,""irish_domestic_smart_meters"":2042,""low_carbon_london"":916}",False,test,118.52095606968443,96.9844413241534,21.53651474553104,18.171060595282942,0.8952919999999995,0.4444444444444444,0,0.0,21.536514745531044,3.6782428954514515e-15,0.0,"{""camsl_japan_smart_meters"":{""available_profile_sources"":1423,""logical_devices"":2042,""mean_profile_reuse"":1.9245994344957587,""profile_bootstrap"":true,""selected_unique_profile_sources"":1061,""weight"":0.40833333333333327},""irish_domestic_smart_meters"":{""available_profile_sources"":2904,""logical_devices"":2042,""mean_profile_reuse"":1.0,""profile_bootstrap"":false,""selected_unique_profile_sources"":2042,""weight"":0.40833333333333327},""low_carbon_london"":{""available_profile_sources"":5000,""logical_devices"":916,""mean_profile_reuse"":1.0,""profile_bootstrap"":false,""selected_unique_profile_sources"":916,""weight"":0.18333333333333332}}",dataset_combinations_mixed_physical_fleet_v1,,,,
predefined_mixed_scenario,S1-A,Similar residential,相似住宅半小时电表融合,ieee33,mpc_optimal,MPC,O(HN),29,4657404,4957404,dominant_minus_15pp,5000,"{""camsl_japan_smart_meters"":0.3333333333333333,""irish_domestic_smart_meters"":0.3333333333333333,""low_carbon_london"":0.3333333333333333}","{""camsl_japan_smart_meters"":0.40833333333333327,""irish_domestic_smart_meters"":0.40833333333333327,""low_carbon_london"":0.18333333333333332}","{""camsl_japan_smart_meters"":2042,""irish_domestic_smart_meters"":2042,""low_carbon_london"":916}",False,test,119.31449170210253,97.86987715858957,21.44461454351295,17.973185182781165,0.8951939999999999,0.4375,0,0.0,21.44461454351295,2.5342690908776906e-16,0.0,"{""camsl_japan_smart_meters"":{""available_profile_sources"":1423,""logical_devices"":2042,""mean_profile_reuse"":1.8855032317636196,""profile_bootstrap"":true,""selected_unique_profile_sources"":1083,""weight"":0.40833333333333327},""irish_domestic_smart_meters"":{""available_profile_sources"":2904,""logical_devices"":2042,""mean_profile_reuse"":1.0,""profile_bootstrap"":false,""selected_unique_profile_sources"":2042,""weight"":0.40833333333333327},""low_carbon_london"":{""available_profile_sources"":5000,""logical_devices"":916,""mean_profile_reuse"":1.0,""profile_bootstrap"":false,""selected_unique_profile_sources"":916,""weight"":0.18333333333333332}}",dataset_combinations_mixed_physical_fleet_v1,,,,
predefined_mixed_scenario,S1-A,Similar residential,相似住宅半小时电表融合,ieee33,no_coordination,No coordination,O(0),0,4657375,4657375,nominal,5000,"{""camsl_japan_smart_meters"":0.3333333333333333,""irish_domestic_smart_meters"":0.3333333333333333,""low_carbon_london"":0.3333333333333333}","{""camsl_japan_smart_meters"":0.3333333333333333,""irish_domestic_smart_meters"":0.3333333333333333,""low_carbon_london"":0.3333333333333333}","{""camsl_japan_smart_meters"":1667,""irish_domestic_smart_meters"":1666,""low_carbon_london"":1667}",False,test,99.3677053844885,99.3677053844885,0.0,0.0,0.8950619999999998,1.0,0,0.0,0.0,0.0,0.0,"{""camsl_japan_smart_meters"":{""available_profile_sources"":1423,""logical_devices"":1667,""mean_profile_reuse"":1.731048805815161,""profile_bootstrap"":true,""selected_unique_profile_sources"":963,""weight"":0.3333333333333333},""irish_domestic_smart_meters"":{""available_profile_sources"":2904,""logical_devices"":1666,""mean_profile_reuse"":1.0,""profile_bootstrap"":false,""selected_unique_profile_sources"":1666,""weight"":0.3333333333333333},""low_carbon_london"":{""available_profile_sources"":5000,""logical_devices"":1667,""mean_profile_reuse"":1.0,""profile_bootstrap"":false,""selected_unique_profile_sources"":1667,""weight"":0.3333333333333333}}",dataset_combinations_mixed_physical_fleet_v1,,,,
predefined_mixed_scenario,S1-A,Similar residential,相似住宅半小时电表融合,ieee33,no_coordination,No coordination,O(0),1,4657376,4657376,nominal,5000,"{""camsl_japan_smart_meters"":0.3333333333333333,""irish_domestic_smart_meters"":0.3333333333333333,""low_carbon_london"":0.3333333333333333}","{""camsl_japan_smart_meters"":0.3333333333333333,""irish_domestic_smart_meters"":0.3333333333333333,""low_carbon_london"":0.3333333333333333}","{""camsl_japan_smart_meters"":1667,""irish_domestic_smart_meters"":1666,""low_carbon_london"":1667}",False,test,119.21694493224857,119.21694493224857,0.0,0.0,0.8946859999999995,1.0,0,0.0,0.0,0.0,0.0,"{""camsl_japan_smart_meters"":{""available_profile_sources"":1423,""logical_devices"":1667,""mean_profile_reuse"":1.6941056910569106,""profile_bootstrap"":true,""selected_unique_profile_sources"":984,""weight"":0.3333333333333333},""irish_domestic_smart_meters"":{""available_profile_sources"":2904,""logical_devices"":1666,""mean_profile_reuse"":1.0,""profile_bootstrap"":false,""selected_unique_profile_sources"":1666,""weight"":0.3333333333333333},""low_carbon_london"":{""available_profile_sources"":5000,""logical_devices"":1667,""mean_profile_reuse"":1.0,""profile_bootstrap"":false,""selected_unique_profile_sources"":1667,""weight"":0.3333333333333333}}",dataset_combinations_mixed_physical_fleet_v1,,,,
predefined_mixed_scenario,S1-A,Similar residential,相似住宅半小时电表融合,ieee33,no_coordination,No coordination,O(0),2,4657377,4657377,nominal,5000,"{""camsl_japan_smart_meters"":0.3333333333333333,""irish_domestic_smart_meters"":0.3333333333333333,""low_carbon_london"":0.3333333333333333}","{""camsl_japan_smart_meters"":0.3333333333333333,""irish_domestic_smart_meters"":0.3333333333333333,""low_carbon_london"":0.3333333333333333}","{""camsl_japan_smart_meters"":1667,""irish_domestic_smart_meters"":1666,""low_carbon_london"":1667}",False,test,103.67418776136145,103.67418776136145,0.0,0.0,0.894655999999999,1.0,0,0.0,0.0,0.0,0.0,"{""camsl_japan_smart_meters"":{""available_profile_sources"":1423,""logical_devices"":1667,""mean_profile_reuse"":1.720330237358101,""profile_bootstrap"":true,""selected_unique_profile_sources"":969,""weight"":0.3333333333333333},""irish_domestic_smart_meters"":{""available_profile_sources"":2904,""logical_devices"":1666,""mean_profile_reuse"":1.0,""profile_bootstrap"":false,""selected_unique_profile_sources"":1666,""weight"":0.3333333333333333},""low_carbon_london"":{""available_profile_sources"":5000,""logical_devices"":1667,""mean_profile_reuse"":1.0,""profile_bootstrap"":false,""selected_unique_profile_sources"":1667,""weight"":0.3333333333333333}}",dataset_combinations_mixed_physical_fleet_v1,,,,
predefined_mixed_scenario,S1-A,Similar residential,相似住宅半小时电表融合,ieee33,no_coordination,No coordination,O(0),3,4657378,4657378,nominal,5000,"{""camsl_japan_smart_meters"":0.3333333333333333,""irish_domestic_smart_meters"":0.3333333333333333,""low_carbon_london"":0.3333333333333333}","{""camsl_japan_smart_meters"":0.3333333333333333,""irish_domestic_smart_meters"":0.3333333333333333,""low_carbon_london"":0.3333333333333333}","{""camsl_japan_smart_meters"":1667,""irish_domestic_smart_meters"":1666,""low_carbon_london"":1667}",False,test,100.84251368366546,100.84251368366546,0.0,0.0,0.8949539999999994,1.0,0,0.0,0.0,0.0,0.0,"{""camsl_japan_smart_meters"":{""available_profile_sources"":1423,""logical_devices"":1667,""mean_profile_reuse"":1.7027579162410622,""profile_bootstrap"":true,""selected_unique_profile_sources"":979,""weight"":0.3333333333333333},""irish_domestic_smart_meters"":{""available_profile_sources"":2904,""logical_devices"":1666,""mean_profile_reuse"":1.0,""profile_bootstrap"":false,""selected_unique_profile_sources"":1666,""weight"":0.3333333333333333},""low_carbon_london"":{""available_profile_sources"":5000,""logical_devices"":1667,""mean_profile_reuse"":1.0,""profile_bootstrap"":false,""selected_unique_profile_sources"":1667,""weight"":0.3333333333333333}}",dataset_combinations_mixed_physical_fleet_v1,,,,
predefined_mixed_scenario,S1-A,Similar residential,相似住宅半小时电表融合,ieee33,no_coordination,No coordination,O(0),4,4657379,4657379,nominal,5000,"{""camsl_japan_smart_meters"":0.3333333333333333,""irish_domestic_smart_meters"":0.3333333333333333,""low_carbon_london"":0.3333333333333333}","{""camsl_japan_smart_meters"":0.3333333333333333,""irish_domestic_smart_meters"":0.3333333333333333,""low_carbon_london"":0.3333333333333333}","{""camsl_japan_smart_meters"":1667,""irish_domestic_smart_meters"":1666,""low_carbon_london"":1667}",False,test,118.22025518856613,118.22025518856613,0.0,0.0,0.8946880000000001,1.0,0,0.0,0.0,0.0,0.0,"{""camsl_japan_smart_meters"":{""available_profile_sources"":1423,""logical_devices"":1667,""mean_profile_reuse"":1.6992864424057084,""profile_bootstrap"":true,""selected_unique_profile_sources"":981,""weight"":0.3333333333333333},""irish_domestic_smart_meters"":{""available_profile_sources"":2904,""logical_devices"":1666,""mean_profile_reuse"":1.0,""profile_bootstrap"":false,""selected_unique_profile_sources"":1666,""weight"":0.3333333333333333},""low_carbon_london"":{""available_profile_sources"":5000,""logical_devices"":1667,""mean_profile_reuse"":1.0,""profile_bootstrap"":false,""selected_unique_profile_sources"":1667,""weight"":0.3333333333333333}}",dataset_combinations_mixed_physical_fleet_v1,,,,
predefined_mixed_scenario,S1-A,Similar residential,相似住宅半小时电表融合,ieee33,no_coordination,No coordination,O(0),5,4657380,4657380,nominal,5000,"{""camsl_japan_smart_meters"":0.3333333333333333,""irish_domestic_smart_meters"":0.3333333333333333,""low_carbon_london"":0.3333333333333333}","{""camsl_japan_smart_meters"":0.3333333333333333,""irish_domestic_smart_meters"":0.3333333333333333,""low_carbon_london"":0.3333333333333333}","{""camsl_japan_smart_meters"":1667,""irish_domestic_smart_meters"":1666,""low_carbon_london"":1667}",False,test,118.5166012881671,118.5166012881671,0.0,0.0,0.894162,1.0,0,0.0,0.0,0.0,0.0,"{""camsl_japan_smart_meters"":{""available_profile_sources"":1423,""logical_devices"":1667,""mean_profile_reuse"":1.683838383838384,""profile_bootstrap"":true,""selected_unique_profile_sources"":990,""weight"":0.3333333333333333},""irish_domestic_smart_meters"":{""available_profile_sources"":2904,""logical_devices"":1666,""mean_profile_reuse"":1.0,""profile_bootstrap"":false,""selected_unique_profile_sources"":1666,""weight"":0.3333333333333333},""low_carbon_london"":{""available_profile_sources"":5000,""logical_devices"":1667,""mean_profile_reuse"":1.0,""profile_bootstrap"":false,""selected_unique_profile_sources"":1667,""weight"":0.3333333333333333}}",dataset_combinations_mixed_physical_fleet_v1,,,,
predefined_mixed_scenario,S1-A,Similar residential,相似住宅半小时电表融合,ieee33,no_coordination,No coordination,O(0),6,4657381,4657381,nominal,5000,"{""camsl_japan_smart_meters"":0.3333333333333333,""irish_domestic_smart_meters"":0.3333333333333333,""low_carbon_london"":0.3333333333333333}","{""camsl_japan_smart_meters"":0.3333333333333333,""irish_domestic_smart_meters"":0.3333333333333333,""low_carbon_london"":0.3333333333333333}","{""camsl_japan_smart_meters"":1667,""irish_domestic_smart_meters"":1666,""low_carbon_london"":1667}",False,test,118.9945898212779,118.9945898212779,0.0,0.0,0.8957160000000004,1.0,0,0.0,0.0,0.0,0.0,"{""camsl_japan_smart_meters"":{""available_profile_sources"":1423,""logical_devices"":1667,""mean_profile_reuse"":1.6992864424057084,""profile_bootstrap"":true,""selected_unique_profile_sources"":981,""weight"":0.3333333333333333},""irish_domestic_smart_meters"":{""available_profile_sources"":2904,""logical_devices"":1666,""mean_profile_reuse"":1.0,""profile_bootstrap"":false,""selected_unique_profile_sources"":1666,""weight"":0.3333333333333333},""low_carbon_london"":{""available_profile_sources"":5000,""logical_devices"":1667,""mean_profile_reuse"":1.0,""profile_bootstrap"":false,""selected_unique_profile_sources"":1667,""weight"":0.3333333333333333}}",dataset_combinations_mixed_physical_fleet_v1,,,,
predefined_mixed_scenario,S1-A,Similar residential,相似住宅半小时电表融合,ieee33,no_coordination,No coordination,O(0),7,4657382,4657382,nominal,5000,"{""camsl_japan_smart_meters"":0.3333333333333333,""irish_domestic_smart_meters"":0.3333333333333333,""low_carbon_london"":0.3333333333333333}","{""camsl_japan_smart_meters"":0.3333333333333333,""irish_domestic_smart_meters"":0.3333333333333333,""low_carbon_london"":0.3333333333333333}","{""camsl_japan_smart_meters"":1667,""irish_domestic_smart_meters"":1666,""low_carbon_london"":1667}",False,test,87.09713392105506,87.09713392105506,0.0,0.0,0.8956439999999998,1.0,0,0.0,0.0,0.0,0.0,"{""camsl_japan_smart_meters"":{""available_profile_sources"":1423,""logical_devices"":1667,""mean_profile_reuse"":1.6889564336372846,""profile_bootstrap"":true,""selected_unique_profile_sources"":987,""weight"":0.3333333333333333},""irish_domestic_smart_meters"":{""available_profile_sources"":2904,""logical_devices"":1666,""mean_profile_reuse"":1.0,""profile_bootstrap"":false,""selected_unique_profile_sources"":1666,""weight"":0.3333333333333333},""low_carbon_london"":{""available_profile_sources"":5000,""logical_devices"":1667,""mean_profile_reuse"":1.0,""profile_bootstrap"":false,""selected_unique_profile_sources"":1667,""weight"":0.3333333333333333}}",dataset_combinations_mixed_physical_fleet_v1,,,,
predefined_mixed_scenario,S1-A,Similar residential,相似住宅半小时电表融合,ieee33,no_coordination,No coordination,O(0),8,4657383,4657383,nominal,5000,"{""camsl_japan_smart_meters"":0.3333333333333333,""irish_domestic_smart_meters"":0.3333333333333333,""low_carbon_london"":0.3333333333333333}","{""camsl_japan_smart_meters"":0.3333333333333333,""irish_domestic_smart_meters"":0.3333333333333333,""low_carbon_london"":0.3333333333333333}","{""camsl_japan_smart_meters"":1667,""irish_domestic_smart_meters"":1666,""low_carbon_london"":1667}",False,test,87.17765553011797,87.17765553011797,0.0,0.0,0.8949440000000002,1.0,0,0.0,0.0,0.0,0.0,"{""camsl_japan_smart_meters"":{""available_profile_sources"":1423,""logical_devices"":1667,""mean_profile_reuse"":1.6923857868020304,""profile_bootstrap"":true,""selected_unique_profile_sources"":985,""weight"":0.3333333333333333},""irish_domestic_smart_meters"":{""available_profile_sources"":2904,""logical_devices"":1666,""mean_profile_reuse"":1.0,""profile_bootstrap"":false,""selected_unique_profile_sources"":1666,""weight"":0.3333333333333333},""low_carbon_london"":{""available_profile_sources"":5000,""logical_devices"":1667,""mean_profile_reuse"":1.0,""profile_bootstrap"":false,""selected_unique_profile_sources"":1667,""weight"":0.3333333333333333}}",dataset_combinations_mixed_physical_fleet_v1,,,,
predefined_mixed_scenario,S1-A,Similar residential,相似住宅半小时电表融合,ieee33,no_coordination,No coordination,O(0),9,4657384,4657384,nominal,5000,"{""camsl_japan_smart_meters"":0.3333333333333333,""irish_domestic_smart_meters"":0.3333333333333333,""low_carbon_london"":0.3333333333333333}","{""camsl_japan_smart_meters"":0.3333333333333333,""irish_domestic_smart_meters"":0.3333333333333333,""low_carbon_london"":0.3333333333333333}","{""camsl_japan_smart_meters"":1667,""irish_domestic_smart_meters"":1666,""low_carbon_london"":1667}",False,test,117.18441098538555,117.18441098538555,0.0,0.0,0.8938899999999997,1.0,0,0.0,0.0,0.0,0.0,"{""camsl_japan_smart_meters"":{""available_profile_sources"":1423,""logical_devices"":1667,""mean_profile_reuse"":1.683838383838384,""profile_bootstrap"":true,""selected_unique_profile_sources"":990,""weight"":0.3333333333333333},""irish_domestic_smart_meters"":{""available_profile_sources"":2904,""logical_devices"":1666,""mean_profile_reuse"":1.0,""profile_bootstrap"":false,""selected_unique_profile_sources"":1666,""weight"":0.3333333333333333},""low_carbon_london"":{""available_profile_sources"":5000,""logical_devices"":1667,""mean_profile_reuse"":1.0,""profile_bootstrap"":false,""selected_unique_profile_sources"":1667,""weight"":0.3333333333333333}}",dataset_combinations_mixed_physical_fleet_v1,,,,
predefined_mixed_scenario,S1-A,Similar residential,相似住宅半小时电表融合,ieee33,no_coordination,No coordination,O(0),10,4657385,4657385,dominant_plus_15pp,5000,"{""camsl_japan_smart_meters"":0.3333333333333333,""irish_domestic_smart_meters"":0.3333333333333333,""low_carbon_london"":0.3333333333333333}","{""camsl_japan_smart_meters"":0.25833333333333336,""irish_domestic_smart_meters"":0.25833333333333336,""low_carbon_london"":0.48333333333333334}","{""camsl_japan_smart_meters"":1292,""irish_domestic_smart_meters"":1292,""low_carbon_london"":2416}",False,test,75.76570392262022,75.76570392262022,0.0,0.0,0.8947900000000001,1.0,0,0.0,0.0,0.0,0.0,"{""camsl_japan_smart_meters"":{""available_profile_sources"":1423,""logical_devices"":1292,""mean_profile_reuse"":1.0,""profile_bootstrap"":false,""selected_unique_profile_sources"":1292,""weight"":0.25833333333333336},""irish_domestic_smart_meters"":{""available_profile_sources"":2904,""logical_devices"":1292,""mean_profile_reuse"":1.0,""profile_bootstrap"":false,""selected_unique_profile_sources"":1292,""weight"":0.25833333333333336},""low_carbon_london"":{""available_profile_sources"":5000,""logical_devices"":2416,""mean_profile_reuse"":1.0,""profile_bootstrap"":false,""selected_unique_profile_sources"":2416,""weight"":0.48333333333333334}}",dataset_combinations_mixed_physical_fleet_v1,,,,
predefined_mixed_scenario,S1-A,Similar residential,相似住宅半小时电表融合,ieee33,no_coordination,No coordination,O(0),11,4657386,4657386,dominant_plus_15pp,5000,"{""camsl_japan_smart_meters"":0.3333333333333333,""irish_domestic_smart_meters"":0.3333333333333333,""low_carbon_london"":0.3333333333333333}","{""camsl_japan_smart_meters"":0.25833333333333336,""irish_domestic_smart_meters"":0.25833333333333336,""low_carbon_london"":0.48333333333333334}","{""camsl_japan_smart_meters"":1292,""irish_domestic_smart_meters"":1292,""low_carbon_london"":2416}",False,test,116.4149542490602,116.4149542490602,0.0,0.0,0.8943260000000003,1.0,0,0.0,0.0,0.0,0.0,"{""camsl_japan_smart_meters"":{""available_profile_sources"":1423,""logical_devices"":1292,""mean_profile_reuse"":1.0,""profile_bootstrap"":false,""selected_unique_profile_sources"":1292,""weight"":0.25833333333333336},""irish_domestic_smart_meters"":{""available_profile_sources"":2904,""logical_devices"":1292,""mean_profile_reuse"":1.0,""profile_bootstrap"":false,""selected_unique_profile_sources"":1292,""weight"":0.25833333333333336},""low_carbon_london"":{""available_profile_sources"":5000,""logical_devices"":2416,""mean_profile_reuse"":1.0,""profile_bootstrap"":false,""selected_unique_profile_sources"":2416,""weight"":0.48333333333333334}}",dataset_combinations_mixed_physical_fleet_v1,,,,
predefined_mixed_scenario,S1-A,Similar residential,相似住宅半小时电表融合,ieee33,no_coordination,No coordination,O(0),12,4657387,4657387,dominant_plus_15pp,5000,"{""camsl_japan_smart_meters"":0.3333333333333333,""irish_domestic_smart_meters"":0.3333333333333333,""low_carbon_london"":0.3333333333333333}","{""camsl_japan_smart_meters"":0.25833333333333336,""irish_domestic_smart_meters"":0.25833333333333336,""low_carbon_london"":0.48333333333333334}","{""camsl_japan_smart_meters"":1292,""irish_domestic_smart_meters"":1292,""low_carbon_london"":2416}",False,test,115.78958326868634,115.78958326868634,0.0,0.0,0.8945400000000001,1.0,0,0.0,0.0,0.0,0.0,"{""camsl_japan_smart_meters"":{""available_profile_sources"":1423,""logical_devices"":1292,""mean_profile_reuse"":1.0,""profile_bootstrap"":false,""selected_unique_profile_sources"":1292,""weight"":0.25833333333333336},""irish_domestic_smart_meters"":{""available_profile_sources"":2904,""logical_devices"":1292,""mean_profile_reuse"":1.0,""profile_bootstrap"":false,""selected_unique_profile_sources"":1292,""weight"":0.25833333333333336},""low_carbon_london"":{""available_profile_sources"":5000,""logical_devices"":2416,""mean_profile_reuse"":1.0,""profile_bootstrap"":false,""selected_unique_profile_sources"":2416,""weight"":0.48333333333333334}}",dataset_combinations_mixed_physical_fleet_v1,,,,
predefined_mixed_scenario,S1-A,Similar residential,相似住宅半小时电表融合,ieee33,no_coordination,No coordination,O(0),13,4657388,4657388,dominant_plus_15pp,5000,"{""camsl_japan_smart_meters"":0.3333333333333333,""irish_domestic_smart_meters"":0.3333333333333333,""low_carbon_london"":0.3333333333333333}","{""camsl_japan_smart_meters"":0.25833333333333336,""irish_domestic_smart_meters"":0.25833333333333336,""low_carbon_london"":0.48333333333333334}","{""camsl_japan_smart_meters"":1292,""irish_domestic_smart_meters"":1292,""low_carbon_london"":2416}",False,test,81.53054604710435,81.53054604710435,0.0,0.0,0.8951759999999997,1.0,0,0.0,0.0,0.0,0.0,"{""camsl_japan_smart_meters"":{""available_profile_sources"":1423,""logical_devices"":1292,""mean_profile_reuse"":1.0,""profile_bootstrap"":false,""selected_unique_profile_sources"":1292,""weight"":0.25833333333333336},""irish_domestic_smart_meters"":{""available_profile_sources"":2904,""logical_devices"":1292,""mean_profile_reuse"":1.0,""profile_bootstrap"":false,""selected_unique_profile_sources"":1292,""weight"":0.25833333333333336},""low_carbon_london"":{""available_profile_sources"":5000,""logical_devices"":2416,""mean_profile_reuse"":1.0,""profile_bootstrap"":false,""selected_unique_profile_sources"":2416,""weight"":0.48333333333333334}}",dataset_combinations_mixed_physical_fleet_v1,,,,
predefined_mixed_scenario,S1-A,Similar residential,相似住宅半小时电表融合,ieee33,no_coordination,No coordination,O(0),14,4657389,4657389,dominant_plus_15pp,5000,"{""camsl_japan_smart_meters"":0.3333333333333333,""irish_domestic_smart_meters"":0.3333333333333333,""low_carbon_london"":0.3333333333333333}","{""camsl_japan_smart_meters"":0.25833333333333336,""irish_domestic_smart_meters"":0.25833333333333336,""low_carbon_london"":0.48333333333333334}","{""camsl_japan_smart_meters"":1292,""irish_domestic_smart_meters"":1292,""low_carbon_london"":2416}",False,test,76.22127183905698,76.22127183905698,0.0,0.0,0.8954239999999997,1.0,0,0.0,0.0,0.0,0.0,"{""camsl_japan_smart_meters"":{""available_profile_sources"":1423,""logical_devices"":1292,""mean_profile_reuse"":1.0,""profile_bootstrap"":false,""selected_unique_profile_sources"":1292,""weight"":0.25833333333333336},""irish_domestic_smart_meters"":{""available_profile_sources"":2904,""logical_devices"":1292,""mean_profile_reuse"":1.0,""profile_bootstrap"":false,""selected_unique_profile_sources"":1292,""weight"":0.25833333333333336},""low_carbon_london"":{""available_profile_sources"":5000,""logical_devices"":2416,""mean_profile_reuse"":1.0,""profile_bootstrap"":false,""selected_unique_profile_sources"":2416,""weight"":0.48333333333333334}}",dataset_combinations_mixed_physical_fleet_v1,,,,
predefined_mixed_scenario,S1-A,Similar residential,相似住宅半小时电表融合,ieee33,no_coordination,No coordination,O(0),15,4657390,4657390,dominant_plus_15pp,5000,"{""camsl_japan_smart_meters"":0.3333333333333333,""irish_domestic_smart_meters"":0.3333333333333333,""low_carbon_london"":0.3333333333333333}","{""camsl_japan_smart_meters"":0.25833333333333336,""irish_domestic_smart_meters"":0.25833333333333336,""low_carbon_london"":0.48333333333333334}","{""camsl_japan_smart_meters"":1292,""irish_domestic_smart_meters"":1292,""low_carbon_london"":2416}",False,test,116.27915361730868,116.27915361730868,0.0,0.0,0.8948260000000001,1.0,0,0.0,0.0,0.0,0.0,"{""camsl_japan_smart_meters"":{""available_profile_sources"":1423,""logical_devices"":1292,""mean_profile_reuse"":1.0,""profile_bootstrap"":false,""selected_unique_profile_sources"":1292,""weight"":0.25833333333333336},""irish_domestic_smart_meters"":{""available_profile_sources"":2904,""logical_devices"":1292,""mean_profile_reuse"":1.0,""profile_bootstrap"":false,""selected_unique_profile_sources"":1292,""weight"":0.25833333333333336},""low_carbon_london"":{""available_profile_sources"":5000,""logical_devices"":2416,""mean_profile_reuse"":1.0,""profile_bootstrap"":false,""selected_unique_profile_sources"":2416,""weight"":0.48333333333333334}}",dataset_combinations_mixed_physical_fleet_v1,,,,
predefined_mixed_scenario,S1-A,Similar residential,相似住宅半小时电表融合,ieee33,no_coordination,No coordination,O(0),16,4657391,4657391,dominant_plus_15pp,5000,"{""camsl_japan_smart_meters"":0.3333333333333333,""irish_domestic_smart_meters"":0.3333333333333333,""low_carbon_london"":0.3333333333333333}","{""camsl_japan_smart_meters"":0.25833333333333336,""irish_domestic_smart_meters"":0.25833333333333336,""low_carbon_london"":0.48333333333333334}","{""camsl_japan_smart_meters"":1292,""irish_domestic_smart_meters"":1292,""low_carbon_london"":2416}",False,test,61.910215668387224,61.910215668387224,0.0,0.0,0.8945319999999998,1.0,0,0.0,0.0,0.0,0.0,"{""camsl_japan_smart_meters"":{""available_profile_sources"":1423,""logical_devices"":1292,""mean_profile_reuse"":1.0,""profile_bootstrap"":false,""selected_unique_profile_sources"":1292,""weight"":0.25833333333333336},""irish_domestic_smart_meters"":{""available_profile_sources"":2904,""logical_devices"":1292,""mean_profile_reuse"":1.0,""profile_bootstrap"":false,""selected_unique_profile_sources"":1292,""weight"":0.25833333333333336},""low_carbon_london"":{""available_profile_sources"":5000,""logical_devices"":2416,""mean_profile_reuse"":1.0,""profile_bootstrap"":false,""selected_unique_profile_sources"":2416,""weight"":0.48333333333333334}}",dataset_combinations_mixed_physical_fleet_v1,,,,
predefined_mixed_scenario,S1-A,Similar residential,相似住宅半小时电表融合,ieee33,no_coordination,No coordination,O(0),17,4657392,4657392,dominant_plus_15pp,5000,"{""camsl_japan_smart_meters"":0.3333333333333333,""irish_domestic_smart_meters"":0.3333333333333333,""low_carbon_london"":0.3333333333333333}","{""camsl_japan_smart_meters"":0.25833333333333336,""irish_domestic_smart_meters"":0.25833333333333336,""low_carbon_london"":0.48333333333333334}","{""camsl_japan_smart_meters"":1292,""irish_domestic_smart_meters"":1292,""low_carbon_london"":2416}",False,test,118.63779734592659,118.63779734592659,0.0,0.0,0.895342,1.0,0,0.0,0.0,0.0,0.0,"{""camsl_japan_smart_meters"":{""available_profile_sources"":1423,""logical_devices"":1292,""mean_profile_reuse"":1.0,""profile_bootstrap"":false,""selected_unique_profile_sources"":1292,""weight"":0.25833333333333336},""irish_domestic_smart_meters"":{""available_profile_sources"":2904,""logical_devices"":1292,""mean_profile_reuse"":1.0,""profile_bootstrap"":false,""selected_unique_profile_sources"":1292,""weight"":0.25833333333333336},""low_carbon_london"":{""available_profile_sources"":5000,""logical_devices"":2416,""mean_profile_reuse"":1.0,""profile_bootstrap"":false,""selected_unique_profile_sources"":2416,""weight"":0.48333333333333334}}",dataset_combinations_mixed_physical_fleet_v1,,,,
predefined_mixed_scenario,S1-A,Similar residential,相似住宅半小时电表融合,ieee33,no_coordination,No coordination,O(0),18,4657393,4657393,dominant_plus_15pp,5000,"{""camsl_japan_smart_meters"":0.3333333333333333,""irish_domestic_smart_meters"":0.3333333333333333,""low_carbon_london"":0.3333333333333333}","{""camsl_japan_smart_meters"":0.25833333333333336,""irish_domestic_smart_meters"":0.25833333333333336,""low_carbon_london"":0.48333333333333334}","{""camsl_japan_smart_meters"":1292,""irish_domestic_smart_meters"":1292,""low_carbon_london"":2416}",False,test,85.76416452021755,85.76416452021755,0.0,0.0,0.8947740000000001,1.0,0,0.0,0.0,0.0,0.0,"{""camsl_japan_smart_meters"":{""available_profile_sources"":1423,""logical_devices"":1292,""mean_profile_reuse"":1.0,""profile_bootstrap"":false,""selected_unique_profile_sources"":1292,""weight"":0.25833333333333336},""irish_domestic_smart_meters"":{""available_profile_sources"":2904,""logical_devices"":1292,""mean_profile_reuse"":1.0,""profile_bootstrap"":false,""selected_unique_profile_sources"":1292,""weight"":0.25833333333333336},""low_carbon_london"":{""available_profile_sources"":5000,""logical_devices"":2416,""mean_profile_reuse"":1.0,""profile_bootstrap"":false,""selected_unique_profile_sources"":2416,""weight"":0.48333333333333334}}",dataset_combinations_mixed_physical_fleet_v1,,,,
predefined_mixed_scenario,S1-A,Similar residential,相似住宅半小时电表融合,ieee33,no_coordination,No coordination,O(0),19,4657394,4657394,dominant_plus_15pp,5000,"{""camsl_japan_smart_meters"":0.3333333333333333,""irish_domestic_smart_meters"":0.3333333333333333,""low_carbon_london"":0.3333333333333333}","{""camsl_japan_smart_meters"":0.25833333333333336,""irish_domestic_smart_meters"":0.25833333333333336,""low_carbon_london"":0.48333333333333334}","{""camsl_japan_smart_meters"":1292,""irish_domestic_smart_meters"":1292,""low_carbon_london"":2416}",False,test,118.41016684931087,118.41016684931087,0.0,0.0,0.8950980000000003,1.0,0,0.0,0.0,0.0,0.0,"{""camsl_japan_smart_meters"":{""available_profile_sources"":1423,""logical_devices"":1292,""mean_profile_reuse"":1.0,""profile_bootstrap"":false,""selected_unique_profile_sources"":1292,""weight"":0.25833333333333336},""irish_domestic_smart_meters"":{""available_profile_sources"":2904,""logical_devices"":1292,""mean_profile_reuse"":1.0,""profile_bootstrap"":false,""selected_unique_profile_sources"":1292,""weight"":0.25833333333333336},""low_carbon_london"":{""available_profile_sources"":5000,""logical_devices"":2416,""mean_profile_reuse"":1.0,""profile_bootstrap"":false,""selected_unique_profile_sources"":2416,""weight"":0.48333333333333334}}",dataset_combinations_mixed_physical_fleet_v1,,,,
predefined_mixed_scenario,S1-A,Similar residential,相似住宅半小时电表融合,ieee33,no_coordination,No coordination,O(0),20,4657395,4657395,dominant_minus_15pp,5000,"{""camsl_japan_smart_meters"":0.3333333333333333,""irish_domestic_smart_meters"":0.3333333333333333,""low_carbon_london"":0.3333333333333333}","{""camsl_japan_smart_meters"":0.40833333333333327,""irish_domestic_smart_meters"":0.40833333333333327,""low_carbon_london"":0.18333333333333332}","{""camsl_japan_smart_meters"":2042,""irish_domestic_smart_meters"":2042,""low_carbon_london"":916}",False,test,93.2690404867517,93.2690404867517,0.0,0.0,0.8945960000000003,1.0,0,0.0,0.0,0.0,0.0,"{""camsl_japan_smart_meters"":{""available_profile_sources"":1423,""logical_devices"":2042,""mean_profile_reuse"":1.8837638376383763,""profile_bootstrap"":true,""selected_unique_profile_sources"":1084,""weight"":0.40833333333333327},""irish_domestic_smart_meters"":{""available_profile_sources"":2904,""logical_devices"":2042,""mean_profile_reuse"":1.0,""profile_bootstrap"":false,""selected_unique_profile_sources"":2042,""weight"":0.40833333333333327},""low_carbon_london"":{""available_profile_sources"":5000,""logical_devices"":916,""mean_profile_reuse"":1.0,""profile_bootstrap"":false,""selected_unique_profile_sources"":916,""weight"":0.18333333333333332}}",dataset_combinations_mixed_physical_fleet_v1,,,,
predefined_mixed_scenario,S1-A,Similar residential,相似住宅半小时电表融合,ieee33,no_coordination,No coordination,O(0),21,4657396,4657396,dominant_minus_15pp,5000,"{""camsl_japan_smart_meters"":0.3333333333333333,""irish_domestic_smart_meters"":0.3333333333333333,""low_carbon_london"":0.3333333333333333}","{""camsl_japan_smart_meters"":0.40833333333333327,""irish_domestic_smart_meters"":0.40833333333333327,""low_carbon_london"":0.18333333333333332}","{""camsl_japan_smart_meters"":2042,""irish_domestic_smart_meters"":2042,""low_carbon_london"":916}",False,test,92.40298950872925,92.40298950872925,0.0,0.0,0.8944959999999992,1.0,0,0.0,0.0,0.0,0.0,"{""camsl_japan_smart_meters"":{""available_profile_sources"":1423,""logical_devices"":2042,""mean_profile_reuse"":1.9209783631232362,""profile_bootstrap"":true,""selected_unique_profile_sources"":1063,""weight"":0.40833333333333327},""irish_domestic_smart_meters"":{""available_profile_sources"":2904,""logical_devices"":2042,""mean_profile_reuse"":1.0,""profile_bootstrap"":false,""selected_unique_profile_sources"":2042,""weight"":0.40833333333333327},""low_carbon_london"":{""available_profile_sources"":5000,""logical_devices"":916,""mean_profile_reuse"":1.0,""profile_bootstrap"":false,""selected_unique_profile_sources"":916,""weight"":0.18333333333333332}}",dataset_combinations_mixed_physical_fleet_v1,,,,
predefined_mixed_scenario,S1-A,Similar residential,相似住宅半小时电表融合,ieee33,no_coordination,No coordination,O(0),22,4657397,4657397,dominant_minus_15pp,5000,"{""camsl_japan_smart_meters"":0.3333333333333333,""irish_domestic_smart_meters"":0.3333333333333333,""low_carbon_london"":0.3333333333333333}","{""camsl_japan_smart_meters"":0.40833333333333327,""irish_domestic_smart_meters"":0.40833333333333327,""low_carbon_london"":0.18333333333333332}","{""camsl_japan_smart_meters"":2042,""irish_domestic_smart_meters"":2042,""low_carbon_london"":916}",False,test,102.22662157479874,102.22662157479874,0.0,0.0,0.8952979999999999,1.0,0,0.0,0.0,0.0,0.0,"{""camsl_japan_smart_meters"":{""available_profile_sources"":1423,""logical_devices"":2042,""mean_profile_reuse"":1.8820276497695851,""profile_bootstrap"":true,""selected_unique_profile_sources"":1085,""weight"":0.40833333333333327},""irish_domestic_smart_meters"":{""available_profile_sources"":2904,""logical_devices"":2042,""mean_profile_reuse"":1.0,""profile_bootstrap"":false,""selected_unique_profile_sources"":2042,""weight"":0.40833333333333327},""low_carbon_london"":{""available_profile_sources"":5000,""logical_devices"":916,""mean_profile_reuse"":1.0,""profile_bootstrap"":false,""selected_unique_profile_sources"":916,""weight"":0.18333333333333332}}",dataset_combinations_mixed_physical_fleet_v1,,,,
predefined_mixed_scenario,S1-A,Similar residential,相似住宅半小时电表融合,ieee33,no_coordination,No coordination,O(0),23,4657398,4657398,dominant_minus_15pp,5000,"{""camsl_japan_smart_meters"":0.3333333333333333,""irish_domestic_smart_meters"":0.3333333333333333,""low_carbon_london"":0.3333333333333333}","{""camsl_japan_smart_meters"":0.40833333333333327,""irish_domestic_smart_meters"":0.40833333333333327,""low_carbon_london"":0.18333333333333332}","{""camsl_japan_smart_meters"":2042,""irish_domestic_smart_meters"":2042,""low_carbon_london"":916}",False,test,116.3221913077552,116.3221913077552,0.0,0.0,0.8966560000000001,1.0,0,0.0,0.0,0.0,0.0,"{""camsl_japan_smart_meters"":{""available_profile_sources"":1423,""logical_devices"":2042,""mean_profile_reuse"":1.88724584103512,""profile_bootstrap"":true,""selected_unique_profile_sources"":1082,""weight"":0.40833333333333327},""irish_domestic_smart_meters"":{""available_profile_sources"":2904,""logical_devices"":2042,""mean_profile_reuse"":1.0,""profile_bootstrap"":false,""selected_unique_profile_sources"":2042,""weight"":0.40833333333333327},""low_carbon_london"":{""available_profile_sources"":5000,""logical_devices"":916,""mean_profile_reuse"":1.0,""profile_bootstrap"":false,""selected_unique_profile_sources"":916,""weight"":0.18333333333333332}}",dataset_combinations_mixed_physical_fleet_v1,,,,
predefined_mixed_scenario,S1-A,Similar residential,相似住宅半小时电表融合,ieee33,no_coordination,No coordination,O(0),24,4657399,4657399,dominant_minus_15pp,5000,"{""camsl_japan_smart_meters"":0.3333333333333333,""irish_domestic_smart_meters"":0.3333333333333333,""low_carbon_london"":0.3333333333333333}","{""camsl_japan_smart_meters"":0.40833333333333327,""irish_domestic_smart_meters"":0.40833333333333327,""low_carbon_london"":0.18333333333333332}","{""camsl_japan_smart_meters"":2042,""irish_domestic_smart_meters"":2042,""low_carbon_london"":916}",False,test,119.4510929930663,119.4510929930663,0.0,0.0,0.8942439999999996,1.0,0,0.0,0.0,0.0,0.0,"{""camsl_japan_smart_meters"":{""available_profile_sources"":1423,""logical_devices"":2042,""mean_profile_reuse"":1.86996336996337,""profile_bootstrap"":true,""selected_unique_profile_sources"":1092,""weight"":0.40833333333333327},""irish_domestic_smart_meters"":{""available_profile_sources"":2904,""logical_devices"":2042,""mean_profile_reuse"":1.0,""profile_bootstrap"":false,""selected_unique_profile_sources"":2042,""weight"":0.40833333333333327},""low_carbon_london"":{""available_profile_sources"":5000,""logical_devices"":916,""mean_profile_reuse"":1.0,""profile_bootstrap"":false,""selected_unique_profile_sources"":916,""weight"":0.18333333333333332}}",dataset_combinations_mixed_physical_fleet_v1,,,,
predefined_mixed_scenario,S1-A,Similar residential,相似住宅半小时电表融合,ieee33,no_coordination,No coordination,O(0),25,4657400,4657400,dominant_minus_15pp,5000,"{""camsl_japan_smart_meters"":0.3333333333333333,""irish_domestic_smart_meters"":0.3333333333333333,""low_carbon_london"":0.3333333333333333}","{""camsl_japan_smart_meters"":0.40833333333333327,""irish_domestic_smart_meters"":0.40833333333333327,""low_carbon_london"":0.18333333333333332}","{""camsl_japan_smart_meters"":2042,""irish_domestic_smart_meters"":2042,""low_carbon_london"":916}",False,test,118.89435512200482,118.89435512200482,0.0,0.0,0.895362,1.0,0,0.0,0.0,0.0,0.0,"{""camsl_japan_smart_meters"":{""available_profile_sources"":1423,""logical_devices"":2042,""mean_profile_reuse"":1.88724584103512,""profile_bootstrap"":true,""selected_unique_profile_sources"":1082,""weight"":0.40833333333333327},""irish_domestic_smart_meters"":{""available_profile_sources"":2904,""logical_devices"":2042,""mean_profile_reuse"":1.0,""profile_bootstrap"":false,""selected_unique_profile_sources"":2042,""weight"":0.40833333333333327},""low_carbon_london"":{""available_profile_sources"":5000,""logical_devices"":916,""mean_profile_reuse"":1.0,""profile_bootstrap"":false,""selected_unique_profile_sources"":916,""weight"":0.18333333333333332}}",dataset_combinations_mixed_physical_fleet_v1,,,,
predefined_mixed_scenario,S1-A,Similar residential,相似住宅半小时电表融合,ieee33,no_coordination,No coordination,O(0),26,4657401,4657401,dominant_minus_15pp,5000,"{""camsl_japan_smart_meters"":0.3333333333333333,""irish_domestic_smart_meters"":0.3333333333333333,""low_carbon_london"":0.3333333333333333}","{""camsl_japan_smart_meters"":0.40833333333333327,""irish_domestic_smart_meters"":0.40833333333333327,""low_carbon_london"":0.18333333333333332}","{""camsl_japan_smart_meters"":2042,""irish_domestic_smart_meters"":2042,""low_carbon_london"":916}",False,test,117.2874345015762,117.2874345015762,0.0,0.0,0.8947119999999998,1.0,0,0.0,0.0,0.0,0.0,"{""camsl_japan_smart_meters"":{""available_profile_sources"":1423,""logical_devices"":2042,""mean_profile_reuse"":1.852994555353902,""profile_bootstrap"":true,""selected_unique_profile_sources"":1102,""weight"":0.40833333333333327},""irish_domestic_smart_meters"":{""available_profile_sources"":2904,""logical_devices"":2042,""mean_profile_reuse"":1.0,""profile_bootstrap"":false,""selected_unique_profile_sources"":2042,""weight"":0.40833333333333327},""low_carbon_london"":{""available_profile_sources"":5000,""logical_devices"":916,""mean_profile_reuse"":1.0,""profile_bootstrap"":false,""selected_unique_profile_sources"":916,""weight"":0.18333333333333332}}",dataset_combinations_mixed_physical_fleet_v1,,,,
predefined_mixed_scenario,S1-A,Similar residential,相似住宅半小时电表融合,ieee33,no_coordination,No coordination,O(0),27,4657402,4657402,dominant_minus_15pp,5000,"{""camsl_japan_smart_meters"":0.3333333333333333,""irish_domestic_smart_meters"":0.3333333333333333,""low_carbon_london"":0.3333333333333333}","{""camsl_japan_smart_meters"":0.40833333333333327,""irish_domestic_smart_meters"":0.40833333333333327,""low_carbon_london"":0.18333333333333332}","{""camsl_japan_smart_meters"":2042,""irish_domestic_smart_meters"":2042,""low_carbon_london"":916}",False,test,96.21695444906057,96.21695444906057,0.0,0.0,0.8942839999999996,1.0,0,0.0,0.0,0.0,0.0,"{""camsl_japan_smart_meters"":{""available_profile_sources"":1423,""logical_devices"":2042,""mean_profile_reuse"":1.9030754892823858,""profile_bootstrap"":true,""selected_unique_profile_sources"":1073,""weight"":0.40833333333333327},""irish_domestic_smart_meters"":{""available_profile_sources"":2904,""logical_devices"":2042,""mean_profile_reuse"":1.0,""profile_bootstrap"":false,""selected_unique_profile_sources"":2042,""weight"":0.40833333333333327},""low_carbon_london"":{""available_profile_sources"":5000,""logical_devices"":916,""mean_profile_reuse"":1.0,""profile_bootstrap"":false,""selected_unique_profile_sources"":916,""weight"":0.18333333333333332}}",dataset_combinations_mixed_physical_fleet_v1,,,,
predefined_mixed_scenario,S1-A,Similar residential,相似住宅半小时电表融合,ieee33,no_coordination,No coordination,O(0),28,4657403,4657403,dominant_minus_15pp,5000,"{""camsl_japan_smart_meters"":0.3333333333333333,""irish_domestic_smart_meters"":0.3333333333333333,""low_carbon_london"":0.3333333333333333}","{""camsl_japan_smart_meters"":0.40833333333333327,""irish_domestic_smart_meters"":0.40833333333333327,""low_carbon_london"":0.18333333333333332}","{""camsl_japan_smart_meters"":2042,""irish_domestic_smart_meters"":2042,""low_carbon_london"":916}",False,test,118.52095606968443,118.52095606968443,0.0,0.0,0.8952919999999995,1.0,0,0.0,0.0,0.0,0.0,"{""camsl_japan_smart_meters"":{""available_profile_sources"":1423,""logical_devices"":2042,""mean_profile_reuse"":1.9245994344957587,""profile_bootstrap"":true,""selected_unique_profile_sources"":1061,""weight"":0.40833333333333327},""irish_domestic_smart_meters"":{""available_profile_sources"":2904,""logical_devices"":2042,""mean_profile_reuse"":1.0,""profile_bootstrap"":false,""selected_unique_profile_sources"":2042,""weight"":0.40833333333333327},""low_carbon_london"":{""available_profile_sources"":5000,""logical_devices"":916,""mean_profile_reuse"":1.0,""profile_bootstrap"":false,""selected_unique_profile_sources"":916,""weight"":0.18333333333333332}}",dataset_combinations_mixed_physical_fleet_v1,,,,
predefined_mixed_scenario,S1-A,Similar residential,相似住宅半小时电表融合,ieee33,no_coordination,No coordination,O(0),29,4657404,4657404,dominant_minus_15pp,5000,"{""camsl_japan_smart_meters"":0.3333333333333333,""irish_domestic_smart_meters"":0.3333333333333333,""low_carbon_london"":0.3333333333333333}","{""camsl_japan_smart_meters"":0.40833333333333327,""irish_domestic_smart_meters"":0.40833333333333327,""low_carbon_london"":0.18333333333333332}","{""camsl_japan_smart_meters"":2042,""irish_domestic_smart_meters"":2042,""low_carbon_london"":916}",False,test,119.31449170210253,119.31449170210253,0.0,0.0,0.8951939999999999,1.0,0,0.0,0.0,0.0,0.0,"{""camsl_japan_smart_meters"":{""available_profile_sources"":1423,""logical_devices"":2042,""mean_profile_reuse"":1.8855032317636196,""profile_bootstrap"":true,""selected_unique_profile_sources"":1083,""weight"":0.40833333333333327},""irish_domestic_smart_meters"":{""available_profile_sources"":2904,""logical_devices"":2042,""mean_profile_reuse"":1.0,""profile_bootstrap"":false,""selected_unique_profile_sources"":2042,""weight"":0.40833333333333327},""low_carbon_london"":{""available_profile_sources"":5000,""logical_devices"":916,""mean_profile_reuse"":1.0,""profile_bootstrap"":false,""selected_unique_profile_sources"":916,""weight"":0.18333333333333332}}",dataset_combinations_mixed_physical_fleet_v1,,,,
predefined_mixed_scenario,S1-A,Similar residential,相似住宅半小时电表融合,ieee33,packetized_energy_management,Packetized Energy Management,O(N log N),0,4657375,5257375,nominal,5000,"{""camsl_japan_smart_meters"":0.3333333333333333,""irish_domestic_smart_meters"":0.3333333333333333,""low_carbon_london"":0.3333333333333333}","{""camsl_japan_smart_meters"":0.3333333333333333,""irish_domestic_smart_meters"":0.3333333333333333,""low_carbon_london"":0.3333333333333333}","{""camsl_japan_smart_meters"":1667,""irish_domestic_smart_meters"":1666,""low_carbon_london"":1667}",False,test,99.3677053844885,85.01129444867264,14.35641093581586,14.447763365638634,0.8950619999999998,0.6493055555555556,0,0.0,14.35641093581586,0.0,0.0,"{""camsl_japan_smart_meters"":{""available_profile_sources"":1423,""logical_devices"":1667,""mean_profile_reuse"":1.731048805815161,""profile_bootstrap"":true,""selected_unique_profile_sources"":963,""weight"":0.3333333333333333},""irish_domestic_smart_meters"":{""available_profile_sources"":2904,""logical_devices"":1666,""mean_profile_reuse"":1.0,""profile_bootstrap"":false,""selected_unique_profile_sources"":1666,""weight"":0.3333333333333333},""low_carbon_london"":{""available_profile_sources"":5000,""logical_devices"":1667,""mean_profile_reuse"":1.0,""profile_bootstrap"":false,""selected_unique_profile_sources"":1667,""weight"":0.3333333333333333}}",dataset_combinations_mixed_physical_fleet_v1,,,,
predefined_mixed_scenario,S1-A,Similar residential,相似住宅半小时电表融合,ieee33,packetized_energy_management,Packetized Energy Management,O(N log N),1,4657376,5257376,nominal,5000,"{""camsl_japan_smart_meters"":0.3333333333333333,""irish_domestic_smart_meters"":0.3333333333333333,""low_carbon_london"":0.3333333333333333}","{""camsl_japan_smart_meters"":0.3333333333333333,""irish_domestic_smart_meters"":0.3333333333333333,""low_carbon_london"":0.3333333333333333}","{""camsl_japan_smart_meters"":1667,""irish_domestic_smart_meters"":1666,""low_carbon_london"":1667}",False,test,119.21694493224857,100.77213299884245,18.44481193340611,15.471636136866593,0.8946859999999995,0.5729166666666666,0,0.0,18.44481193340611,0.0,0.0,"{""camsl_japan_smart_meters"":{""available_profile_sources"":1423,""logical_devices"":1667,""mean_profile_reuse"":1.6941056910569106,""profile_bootstrap"":true,""selected_unique_profile_sources"":984,""weight"":0.3333333333333333},""irish_domestic_smart_meters"":{""available_profile_sources"":2904,""logical_devices"":1666,""mean_profile_reuse"":1.0,""profile_bootstrap"":false,""selected_unique_profile_sources"":1666,""weight"":0.3333333333333333},""low_carbon_london"":{""available_profile_sources"":5000,""logical_devices"":1667,""mean_profile_reuse"":1.0,""profile_bootstrap"":false,""selected_unique_profile_sources"":1667,""weight"":0.3333333333333333}}",dataset_combinations_mixed_physical_fleet_v1,,,,
predefined_mixed_scenario,S1-A,Similar residential,相似住宅半小时电表融合,ieee33,packetized_energy_management,Packetized Energy Management,O(N log N),2,4657377,5257377,nominal,5000,"{""camsl_japan_smart_meters"":0.3333333333333333,""irish_domestic_smart_meters"":0.3333333333333333,""low_carbon_london"":0.3333333333333333}","{""camsl_japan_smart_meters"":0.3333333333333333,""irish_domestic_smart_meters"":0.3333333333333333,""low_carbon_london"":0.3333333333333333}","{""camsl_japan_smart_meters"":1667,""irish_domestic_smart_meters"":1666,""low_carbon_london"":1667}",False,test,103.67418776136145,88.29100017081245,15.383187590549001,14.838011199044274,0.894655999999999,0.6354166666666666,0,0.0,15.383187590549001,0.0,0.0,"{""camsl_japan_smart_meters"":{""available_profile_sources"":1423,""logical_devices"":1667,""mean_profile_reuse"":1.720330237358101,""profile_bootstrap"":true,""selected_unique_profile_sources"":969,""weight"":0.3333333333333333},""irish_domestic_smart_meters"":{""available_profile_sources"":2904,""logical_devices"":1666,""mean_profile_reuse"":1.0,""profile_bootstrap"":false,""selected_unique_profile_sources"":1666,""weight"":0.3333333333333333},""low_carbon_london"":{""available_profile_sources"":5000,""logical_devices"":1667,""mean_profile_reuse"":1.0,""profile_bootstrap"":false,""selected_unique_profile_sources"":1667,""weight"":0.3333333333333333}}",dataset_combinations_mixed_physical_fleet_v1,,,,
predefined_mixed_scenario,S1-A,Similar residential,相似住宅半小时电表融合,ieee33,packetized_energy_management,Packetized Energy Management,O(N log N),3,4657378,5257378,nominal,5000,"{""camsl_japan_smart_meters"":0.3333333333333333,""irish_domestic_smart_meters"":0.3333333333333333,""low_carbon_london"":0.3333333333333333}","{""camsl_japan_smart_meters"":0.3333333333333333,""irish_domestic_smart_meters"":0.3333333333333333,""low_carbon_london"":0.3333333333333333}","{""camsl_japan_smart_meters"":1667,""irish_domestic_smart_meters"":1666,""low_carbon_london"":1667}",False,test,100.84251368366546,85.63475497286208,15.207758710803372,15.080701735092447,0.8949539999999994,0.6493055555555556,0,0.0,15.207758710803372,0.0,0.0,"{""camsl_japan_smart_meters"":{""available_profile_sources"":1423,""logical_devices"":1667,""mean_profile_reuse"":1.7027579162410622,""profile_bootstrap"":true,""selected_unique_profile_sources"":979,""weight"":0.3333333333333333},""irish_domestic_smart_meters"":{""available_profile_sources"":2904,""logical_devices"":1666,""mean_profile_reuse"":1.0,""profile_bootstrap"":false,""selected_unique_profile_sources"":1666,""weight"":0.3333333333333333},""low_carbon_london"":{""available_profile_sources"":5000,""logical_devices"":1667,""mean_profile_reuse"":1.0,""profile_bootstrap"":false,""selected_unique_profile_sources"":1667,""weight"":0.3333333333333333}}",dataset_combinations_mixed_physical_fleet_v1,,,,
predefined_mixed_scenario,S1-A,Similar residential,相似住宅半小时电表融合,ieee33,packetized_energy_management,Packetized Energy Management,O(N log N),4,4657379,5257379,nominal,5000,"{""camsl_japan_smart_meters"":0.3333333333333333,""irish_domestic_smart_meters"":0.3333333333333333,""low_carbon_london"":0.3333333333333333}","{""camsl_japan_smart_meters"":0.3333333333333333,""irish_domestic_smart_meters"":0.3333333333333333,""low_carbon_london"":0.3333333333333333}","{""camsl_japan_smart_meters"":1667,""irish_domestic_smart_meters"":1666,""low_carbon_london"":1667}",False,test,118.22025518856613,99.28701274398433,18.933242444581794,16.015227182839777,0.8946880000000001,0.5902777777777778,0,0.0,18.933242444581794,0.0,0.0,"{""camsl_japan_smart_meters"":{""available_profile_sources"":1423,""logical_devices"":1667,""mean_profile_reuse"":1.6992864424057084,""profile_bootstrap"":true,""selected_unique_profile_sources"":981,""weight"":0.3333333333333333},""irish_domestic_smart_meters"":{""available_profile_sources"":2904,""logical_devices"":1666,""mean_profile_reuse"":1.0,""profile_bootstrap"":false,""selected_unique_profile_sources"":1666,""weight"":0.3333333333333333},""low_carbon_london"":{""available_profile_sources"":5000,""logical_devices"":1667,""mean_profile_reuse"":1.0,""profile_bootstrap"":false,""selected_unique_profile_sources"":1667,""weight"":0.3333333333333333}}",dataset_combinations_mixed_physical_fleet_v1,,,,
predefined_mixed_scenario,S1-A,Similar residential,相似住宅半小时电表融合,ieee33,packetized_energy_management,Packetized Energy Management,O(N log N),5,4657380,5257380,nominal,5000,"{""camsl_japan_smart_meters"":0.3333333333333333,""irish_domestic_smart_meters"":0.3333333333333333,""low_carbon_london"":0.3333333333333333}","{""camsl_japan_smart_meters"":0.3333333333333333,""irish_domestic_smart_meters"":0.3333333333333333,""low_carbon_london"":0.3333333333333333}","{""camsl_japan_smart_meters"":1667,""irish_domestic_smart_meters"":1666,""low_carbon_london"":1667}",False,test,118.5166012881671,99.70856739034055,18.80803389782655,15.869535316909543,0.894162,0.5833333333333334,0,0.0,18.80803389782655,0.0,0.0,"{""camsl_japan_smart_meters"":{""available_profile_sources"":1423,""logical_devices"":1667,""mean_profile_reuse"":1.683838383838384,""profile_bootstrap"":true,""selected_unique_profile_sources"":990,""weight"":0.3333333333333333},""irish_domestic_smart_meters"":{""available_profile_sources"":2904,""logical_devices"":1666,""mean_profile_reuse"":1.0,""profile_bootstrap"":false,""selected_unique_profile_sources"":1666,""weight"":0.3333333333333333},""low_carbon_london"":{""available_profile_sources"":5000,""logical_devices"":1667,""mean_profile_reuse"":1.0,""profile_bootstrap"":false,""selected_unique_profile_sources"":1667,""weight"":0.3333333333333333}}",dataset_combinations_mixed_physical_fleet_v1,,,,
predefined_mixed_scenario,S1-A,Similar residential,相似住宅半小时电表融合,ieee33,packetized_energy_management,Packetized Energy Management,O(N log N),6,4657381,5257381,nominal,5000,"{""camsl_japan_smart_meters"":0.3333333333333333,""irish_domestic_smart_meters"":0.3333333333333333,""low_carbon_london"":0.3333333333333333}","{""camsl_japan_smart_meters"":0.3333333333333333,""irish_domestic_smart_meters"":0.3333333333333333,""low_carbon_london"":0.3333333333333333}","{""camsl_japan_smart_meters"":1667,""irish_domestic_smart_meters"":1666,""low_carbon_london"":1667}",False,test,118.9945898212779,100.32082664023449,18.67376318104342,15.692951426691065,0.8957160000000004,0.5763888888888888,0,0.0,18.67376318104342,0.0,0.0,"{""camsl_japan_smart_meters"":{""available_profile_sources"":1423,""logical_devices"":1667,""mean_profile_reuse"":1.6992864424057084,""profile_bootstrap"":true,""selected_unique_profile_sources"":981,""weight"":0.3333333333333333},""irish_domestic_smart_meters"":{""available_profile_sources"":2904,""logical_devices"":1666,""mean_profile_reuse"":1.0,""profile_bootstrap"":false,""selected_unique_profile_sources"":1666,""weight"":0.3333333333333333},""low_carbon_london"":{""available_profile_sources"":5000,""logical_devices"":1667,""mean_profile_reuse"":1.0,""profile_bootstrap"":false,""selected_unique_profile_sources"":1667,""weight"":0.3333333333333333}}",dataset_combinations_mixed_physical_fleet_v1,,,,
predefined_mixed_scenario,S1-A,Similar residential,相似住宅半小时电表融合,ieee33,packetized_energy_management,Packetized Energy Management,O(N log N),7,4657382,5257382,nominal,5000,"{""camsl_japan_smart_meters"":0.3333333333333333,""irish_domestic_smart_meters"":0.3333333333333333,""low_carbon_london"":0.3333333333333333}","{""camsl_japan_smart_meters"":0.3333333333333333,""irish_domestic_smart_meters"":0.3333333333333333,""low_carbon_london"":0.3333333333333333}","{""camsl_japan_smart_meters"":1667,""irish_domestic_smart_meters"":1666,""low_carbon_london"":1667}",False,test,87.09713392105506,75.54241665074976,11.554717270305302,13.266472443029542,0.8956439999999998,0.6840277777777778,0,0.0,11.554717270305302,0.0,0.0,"{""camsl_japan_smart_meters"":{""available_profile_sources"":1423,""logical_devices"":1667,""mean_profile_reuse"":1.6889564336372846,""profile_bootstrap"":true,""selected_unique_profile_sources"":987,""weight"":0.3333333333333333},""irish_domestic_smart_meters"":{""available_profile_sources"":2904,""logical_devices"":1666,""mean_profile_reuse"":1.0,""profile_bootstrap"":false,""selected_unique_profile_sources"":1666,""weight"":0.3333333333333333},""low_carbon_london"":{""available_profile_sources"":5000,""logical_devices"":1667,""mean_profile_reuse"":1.0,""profile_bootstrap"":false,""selected_unique_profile_sources"":1667,""weight"":0.3333333333333333}}",dataset_combinations_mixed_physical_fleet_v1,,,,
predefined_mixed_scenario,S1-A,Similar residential,相似住宅半小时电表融合,ieee33,packetized_energy_management,Packetized Energy Management,O(N log N),8,4657383,5257383,nominal,5000,"{""camsl_japan_smart_meters"":0.3333333333333333,""irish_domestic_smart_meters"":0.3333333333333333,""low_carbon_london"":0.3333333333333333}","{""camsl_japan_smart_meters"":0.3333333333333333,""irish_domestic_smart_meters"":0.3333333333333333,""low_carbon_london"":0.3333333333333333}","{""camsl_japan_smart_meters"":1667,""irish_domestic_smart_meters"":1666,""low_carbon_london"":1667}",False,test,87.17765553011797,75.42538240926477,11.752273120853207,13.480831813368795,0.8949440000000002,0.6840277777777778,0,0.0,11.752273120853207,0.0,0.0,"{""camsl_japan_smart_meters"":{""available_profile_sources"":1423,""logical_devices"":1667,""mean_profile_reuse"":1.6923857868020304,""profile_bootstrap"":true,""selected_unique_profile_sources"":985,""weight"":0.3333333333333333},""irish_domestic_smart_meters"":{""available_profile_sources"":2904,""logical_devices"":1666,""mean_profile_reuse"":1.0,""profile_bootstrap"":false,""selected_unique_profile_sources"":1666,""weight"":0.3333333333333333},""low_carbon_london"":{""available_profile_sources"":5000,""logical_devices"":1667,""mean_profile_reuse"":1.0,""profile_bootstrap"":false,""selected_unique_profile_sources"":1667,""weight"":0.3333333333333333}}",dataset_combinations_mixed_physical_fleet_v1,,,,
predefined_mixed_scenario,S1-A,Similar residential,相似住宅半小时电表融合,ieee33,packetized_energy_management,Packetized Energy Management,O(N log N),9,4657384,5257384,nominal,5000,"{""camsl_japan_smart_meters"":0.3333333333333333,""irish_domestic_smart_meters"":0.3333333333333333,""low_carbon_london"":0.3333333333333333}","{""camsl_japan_smart_meters"":0.3333333333333333,""irish_domestic_smart_meters"":0.3333333333333333,""low_carbon_london"":0.3333333333333333}","{""camsl_japan_smart_meters"":1667,""irish_domestic_smart_meters"":1666,""low_carbon_london"":1667}",False,test,117.18441098538555,98.40232948430884,18.78208150107672,16.027798700476545,0.8938899999999997,0.5972222222222222,0,0.0,18.78208150107672,0.0,0.0,"{""camsl_japan_smart_meters"":{""available_profile_sources"":1423,""logical_devices"":1667,""mean_profile_reuse"":1.683838383838384,""profile_bootstrap"":true,""selected_unique_profile_sources"":990,""weight"":0.3333333333333333},""irish_domestic_smart_meters"":{""available_profile_sources"":2904,""logical_devices"":1666,""mean_profile_reuse"":1.0,""profile_bootstrap"":false,""selected_unique_profile_sources"":1666,""weight"":0.3333333333333333},""low_carbon_london"":{""available_profile_sources"":5000,""logical_devices"":1667,""mean_profile_reuse"":1.0,""profile_bootstrap"":false,""selected_unique_profile_sources"":1667,""weight"":0.3333333333333333}}",dataset_combinations_mixed_physical_fleet_v1,,,,
predefined_mixed_scenario,S1-A,Similar residential,相似住宅半小时电表融合,ieee33,packetized_energy_management,Packetized Energy Management,O(N log N),10,4657385,5257385,dominant_plus_15pp,5000,"{""camsl_japan_smart_meters"":0.3333333333333333,""irish_domestic_smart_meters"":0.3333333333333333,""low_carbon_london"":0.3333333333333333}","{""camsl_japan_smart_meters"":0.25833333333333336,""irish_domestic_smart_meters"":0.25833333333333336,""low_carbon_london"":0.48333333333333334}","{""camsl_japan_smart_meters"":1292,""irish_domestic_smart_meters"":1292,""low_carbon_london"":2416}",False,test,75.76570392262022,66.15639855444587,9.609305368174349,12.68292231269753,0.8947900000000001,0.7083333333333334,0,0.0,9.609305368174349,0.0,0.0,"{""camsl_japan_smart_meters"":{""available_profile_sources"":1423,""logical_devices"":1292,""mean_profile_reuse"":1.0,""profile_bootstrap"":false,""selected_unique_profile_sources"":1292,""weight"":0.25833333333333336},""irish_domestic_smart_meters"":{""available_profile_sources"":2904,""logical_devices"":1292,""mean_profile_reuse"":1.0,""profile_bootstrap"":false,""selected_unique_profile_sources"":1292,""weight"":0.25833333333333336},""low_carbon_london"":{""available_profile_sources"":5000,""logical_devices"":2416,""mean_profile_reuse"":1.0,""profile_bootstrap"":false,""selected_unique_profile_sources"":2416,""weight"":0.48333333333333334}}",dataset_combinations_mixed_physical_fleet_v1,,,,
predefined_mixed_scenario,S1-A,Similar residential,相似住宅半小时电表融合,ieee33,packetized_energy_management,Packetized Energy Management,O(N log N),11,4657386,5257386,dominant_plus_15pp,5000,"{""camsl_japan_smart_meters"":0.3333333333333333,""irish_domestic_smart_meters"":0.3333333333333333,""low_carbon_london"":0.3333333333333333}","{""camsl_japan_smart_meters"":0.25833333333333336,""irish_domestic_smart_meters"":0.25833333333333336,""low_carbon_london"":0.48333333333333334}","{""camsl_japan_smart_meters"":1292,""irish_domestic_smart_meters"":1292,""low_carbon_london"":2416}",False,test,116.4149542490602,97.74213687212804,18.67281737693216,16.039878637054827,0.8943260000000003,0.6006944444444444,0,0.0,18.67281737693216,0.0,0.0,"{""camsl_japan_smart_meters"":{""available_profile_sources"":1423,""logical_devices"":1292,""mean_profile_reuse"":1.0,""profile_bootstrap"":false,""selected_unique_profile_sources"":1292,""weight"":0.25833333333333336},""irish_domestic_smart_meters"":{""available_profile_sources"":2904,""logical_devices"":1292,""mean_profile_reuse"":1.0,""profile_bootstrap"":false,""selected_unique_profile_sources"":1292,""weight"":0.25833333333333336},""low_carbon_london"":{""available_profile_sources"":5000,""logical_devices"":2416,""mean_profile_reuse"":1.0,""profile_bootstrap"":false,""selected_unique_profile_sources"":2416,""weight"":0.48333333333333334}}",dataset_combinations_mixed_physical_fleet_v1,,,,
predefined_mixed_scenario,S1-A,Similar residential,相似住宅半小时电表融合,ieee33,packetized_energy_management,Packetized Energy Management,O(N log N),12,4657387,5257387,dominant_plus_15pp,5000,"{""camsl_japan_smart_meters"":0.3333333333333333,""irish_domestic_smart_meters"":0.3333333333333333,""low_carbon_london"":0.3333333333333333}","{""camsl_japan_smart_meters"":0.25833333333333336,""irish_domestic_smart_meters"":0.25833333333333336,""low_carbon_london"":0.48333333333333334}","{""camsl_japan_smart_meters"":1292,""irish_domestic_smart_meters"":1292,""low_carbon_london"":2416}",False,test,115.78958326868634,97.23660357683204,18.552979691854304,16.02301275133071,0.8945400000000001,0.6041666666666666,0,0.0,18.552979691854304,0.0,0.0,"{""camsl_japan_smart_meters"":{""available_profile_sources"":1423,""logical_devices"":1292,""mean_profile_reuse"":1.0,""profile_bootstrap"":false,""selected_unique_profile_sources"":1292,""weight"":0.25833333333333336},""irish_domestic_smart_meters"":{""available_profile_sources"":2904,""logical_devices"":1292,""mean_profile_reuse"":1.0,""profile_bootstrap"":false,""selected_unique_profile_sources"":1292,""weight"":0.25833333333333336},""low_carbon_london"":{""available_profile_sources"":5000,""logical_devices"":2416,""mean_profile_reuse"":1.0,""profile_bootstrap"":false,""selected_unique_profile_sources"":2416,""weight"":0.48333333333333334}}",dataset_combinations_mixed_physical_fleet_v1,,,,
predefined_mixed_scenario,S1-A,Similar residential,相似住宅半小时电表融合,ieee33,packetized_energy_management,Packetized Energy Management,O(N log N),13,4657388,5257388,dominant_plus_15pp,5000,"{""camsl_japan_smart_meters"":0.3333333333333333,""irish_domestic_smart_meters"":0.3333333333333333,""low_carbon_london"":0.3333333333333333}","{""camsl_japan_smart_meters"":0.25833333333333336,""irish_domestic_smart_meters"":0.25833333333333336,""low_carbon_london"":0.48333333333333334}","{""camsl_japan_smart_meters"":1292,""irish_domestic_smart_meters"":1292,""low_carbon_london"":2416}",False,test,81.53054604710435,69.82926933973515,11.701276707369209,14.352015624436978,0.8951759999999997,0.7013888888888888,0,0.0,11.701276707369209,0.0,0.0,"{""camsl_japan_smart_meters"":{""available_profile_sources"":1423,""logical_devices"":1292,""mean_profile_reuse"":1.0,""profile_bootstrap"":false,""selected_unique_profile_sources"":1292,""weight"":0.25833333333333336},""irish_domestic_smart_meters"":{""available_profile_sources"":2904,""logical_devices"":1292,""mean_profile_reuse"":1.0,""profile_bootstrap"":false,""selected_unique_profile_sources"":1292,""weight"":0.25833333333333336},""low_carbon_london"":{""available_profile_sources"":5000,""logical_devices"":2416,""mean_profile_reuse"":1.0,""profile_bootstrap"":false,""selected_unique_profile_sources"":2416,""weight"":0.48333333333333334}}",dataset_combinations_mixed_physical_fleet_v1,,,,
predefined_mixed_scenario,S1-A,Similar residential,相似住宅半小时电表融合,ieee33,packetized_energy_management,Packetized Energy Management,O(N log N),14,4657389,5257389,dominant_plus_15pp,5000,"{""camsl_japan_smart_meters"":0.3333333333333333,""irish_domestic_smart_meters"":0.3333333333333333,""low_carbon_london"":0.3333333333333333}","{""camsl_japan_smart_meters"":0.25833333333333336,""irish_domestic_smart_meters"":0.25833333333333336,""low_carbon_london"":0.48333333333333334}","{""camsl_japan_smart_meters"":1292,""irish_domestic_smart_meters"":1292,""low_carbon_london"":2416}",False,test,76.22127183905698,66.37378193783033,9.847489901226654,12.919608481500886,0.8954239999999997,0.7083333333333334,0,0.0,9.847489901226654,0.0,0.0,"{""camsl_japan_smart_meters"":{""available_profile_sources"":1423,""logical_devices"":1292,""mean_profile_reuse"":1.0,""profile_bootstrap"":false,""selected_unique_profile_sources"":1292,""weight"":0.25833333333333336},""irish_domestic_smart_meters"":{""available_profile_sources"":2904,""logical_devices"":1292,""mean_profile_reuse"":1.0,""profile_bootstrap"":false,""selected_unique_profile_sources"":1292,""weight"":0.25833333333333336},""low_carbon_london"":{""available_profile_sources"":5000,""logical_devices"":2416,""mean_profile_reuse"":1.0,""profile_bootstrap"":false,""selected_unique_profile_sources"":2416,""weight"":0.48333333333333334}}",dataset_combinations_mixed_physical_fleet_v1,,,,
predefined_mixed_scenario,S1-A,Similar residential,相似住宅半小时电表融合,ieee33,packetized_energy_management,Packetized Energy Management,O(N log N),15,4657390,5257390,dominant_plus_15pp,5000,"{""camsl_japan_smart_meters"":0.3333333333333333,""irish_domestic_smart_meters"":0.3333333333333333,""low_carbon_london"":0.3333333333333333}","{""camsl_japan_smart_meters"":0.25833333333333336,""irish_domestic_smart_meters"":0.25833333333333336,""low_carbon_london"":0.48333333333333334}","{""camsl_japan_smart_meters"":1292,""irish_domestic_smart_meters"":1292,""low_carbon_london"":2416}",False,test,116.27915361730868,97.73784633894749,18.54130727836119,15.945512760940177,0.8948260000000001,0.5972222222222222,0,0.0,18.54130727836119,0.0,0.0,"{""camsl_japan_smart_meters"":{""available_profile_sources"":1423,""logical_devices"":1292,""mean_profile_reuse"":1.0,""profile_bootstrap"":false,""selected_unique_profile_sources"":1292,""weight"":0.25833333333333336},""irish_domestic_smart_meters"":{""available_profile_sources"":2904,""logical_devices"":1292,""mean_profile_reuse"":1.0,""profile_bootstrap"":false,""selected_unique_profile_sources"":1292,""weight"":0.25833333333333336},""low_carbon_london"":{""available_profile_sources"":5000,""logical_devices"":2416,""mean_profile_reuse"":1.0,""profile_bootstrap"":false,""selected_unique_profile_sources"":2416,""weight"":0.48333333333333334}}",dataset_combinations_mixed_physical_fleet_v1,,,,
predefined_mixed_scenario,S1-A,Similar residential,相似住宅半小时电表融合,ieee33,packetized_energy_management,Packetized Energy Management,O(N log N),16,4657391,5257391,dominant_plus_15pp,5000,"{""camsl_japan_smart_meters"":0.3333333333333333,""irish_domestic_smart_meters"":0.3333333333333333,""low_carbon_london"":0.3333333333333333}","{""camsl_japan_smart_meters"":0.25833333333333336,""irish_domestic_smart_meters"":0.25833333333333336,""low_carbon_london"":0.48333333333333334}","{""camsl_japan_smart_meters"":1292,""irish_domestic_smart_meters"":1292,""low_carbon_london"":2416}",False,test,61.910215668387224,52.19184542059149,9.718370247795729,15.697522844776902,0.8945319999999998,0.7465277777777778,0,0.0,9.718370247795729,0.0,0.0,"{""camsl_japan_smart_meters"":{""available_profile_sources"":1423,""logical_devices"":1292,""mean_profile_reuse"":1.0,""profile_bootstrap"":false,""selected_unique_profile_sources"":1292,""weight"":0.25833333333333336},""irish_domestic_smart_meters"":{""available_profile_sources"":2904,""logical_devices"":1292,""mean_profile_reuse"":1.0,""profile_bootstrap"":false,""selected_unique_profile_sources"":1292,""weight"":0.25833333333333336},""low_carbon_london"":{""available_profile_sources"":5000,""logical_devices"":2416,""mean_profile_reuse"":1.0,""profile_bootstrap"":false,""selected_unique_profile_sources"":2416,""weight"":0.48333333333333334}}",dataset_combinations_mixed_physical_fleet_v1,,,,
predefined_mixed_scenario,S1-A,Similar residential,相似住宅半小时电表融合,ieee33,packetized_energy_management,Packetized Energy Management,O(N log N),17,4657392,5257392,dominant_plus_15pp,5000,"{""camsl_japan_smart_meters"":0.3333333333333333,""irish_domestic_smart_meters"":0.3333333333333333,""low_carbon_london"":0.3333333333333333}","{""camsl_japan_smart_meters"":0.25833333333333336,""irish_domestic_smart_meters"":0.25833333333333336,""low_carbon_london"":0.48333333333333334}","{""camsl_japan_smart_meters"":1292,""irish_domestic_smart_meters"":1292,""low_carbon_london"":2416}",False,test,118.63779734592659,99.77159383024556,18.866203515681025,15.902354846213598,0.895342,0.5868055555555556,0,0.0,18.866203515681025,0.0,0.0,"{""camsl_japan_smart_meters"":{""available_profile_sources"":1423,""logical_devices"":1292,""mean_profile_reuse"":1.0,""profile_bootstrap"":false,""selected_unique_profile_sources"":1292,""weight"":0.25833333333333336},""irish_domestic_smart_meters"":{""available_profile_sources"":2904,""logical_devices"":1292,""mean_profile_reuse"":1.0,""profile_bootstrap"":false,""selected_unique_profile_sources"":1292,""weight"":0.25833333333333336},""low_carbon_london"":{""available_profile_sources"":5000,""logical_devices"":2416,""mean_profile_reuse"":1.0,""profile_bootstrap"":false,""selected_unique_profile_sources"":2416,""weight"":0.48333333333333334}}",dataset_combinations_mixed_physical_fleet_v1,,,,
predefined_mixed_scenario,S1-A,Similar residential,相似住宅半小时电表融合,ieee33,packetized_energy_management,Packetized Energy Management,O(N log N),18,4657393,5257393,dominant_plus_15pp,5000,"{""camsl_japan_smart_meters"":0.3333333333333333,""irish_domestic_smart_meters"":0.3333333333333333,""low_carbon_london"":0.3333333333333333}","{""camsl_japan_smart_meters"":0.25833333333333336,""irish_domestic_smart_meters"":0.25833333333333336,""low_carbon_london"":0.48333333333333334}","{""camsl_japan_smart_meters"":1292,""irish_domestic_smart_meters"":1292,""low_carbon_london"":2416}",False,test,85.76416452021755,74.08894885437648,11.67521566584106,13.61316317969706,0.8947740000000001,0.6875,0,0.0,11.67521566584106,0.0,0.0,"{""camsl_japan_smart_meters"":{""available_profile_sources"":1423,""logical_devices"":1292,""mean_profile_reuse"":1.0,""profile_bootstrap"":false,""selected_unique_profile_sources"":1292,""weight"":0.25833333333333336},""irish_domestic_smart_meters"":{""available_profile_sources"":2904,""logical_devices"":1292,""mean_profile_reuse"":1.0,""profile_bootstrap"":false,""selected_unique_profile_sources"":1292,""weight"":0.25833333333333336},""low_carbon_london"":{""available_profile_sources"":5000,""logical_devices"":2416,""mean_profile_reuse"":1.0,""profile_bootstrap"":false,""selected_unique_profile_sources"":2416,""weight"":0.48333333333333334}}",dataset_combinations_mixed_physical_fleet_v1,,,,
predefined_mixed_scenario,S1-A,Similar residential,相似住宅半小时电表融合,ieee33,packetized_energy_management,Packetized Energy Management,O(N log N),19,4657394,5257394,dominant_plus_15pp,5000,"{""camsl_japan_smart_meters"":0.3333333333333333,""irish_domestic_smart_meters"":0.3333333333333333,""low_carbon_london"":0.3333333333333333}","{""camsl_japan_smart_meters"":0.25833333333333336,""irish_domestic_smart_meters"":0.25833333333333336,""low_carbon_london"":0.48333333333333334}","{""camsl_japan_smart_meters"":1292,""irish_domestic_smart_meters"":1292,""low_carbon_london"":2416}",False,test,118.41016684931087,99.84799063821912,18.562176211091757,15.676167600299081,0.8950980000000003,0.5798611111111112,0,0.0,18.562176211091757,0.0,0.0,"{""camsl_japan_smart_meters"":{""available_profile_sources"":1423,""logical_devices"":1292,""mean_profile_reuse"":1.0,""profile_bootstrap"":false,""selected_unique_profile_sources"":1292,""weight"":0.25833333333333336},""irish_domestic_smart_meters"":{""available_profile_sources"":2904,""logical_devices"":1292,""mean_profile_reuse"":1.0,""profile_bootstrap"":false,""selected_unique_profile_sources"":1292,""weight"":0.25833333333333336},""low_carbon_london"":{""available_profile_sources"":5000,""logical_devices"":2416,""mean_profile_reuse"":1.0,""profile_bootstrap"":false,""selected_unique_profile_sources"":2416,""weight"":0.48333333333333334}}",dataset_combinations_mixed_physical_fleet_v1,,,,
predefined_mixed_scenario,S1-A,Similar residential,相似住宅半小时电表融合,ieee33,packetized_energy_management,Packetized Energy Management,O(N log N),20,4657395,5257395,dominant_minus_15pp,5000,"{""camsl_japan_smart_meters"":0.3333333333333333,""irish_domestic_smart_meters"":0.3333333333333333,""low_carbon_london"":0.3333333333333333}","{""camsl_japan_smart_meters"":0.40833333333333327,""irish_domestic_smart_meters"":0.40833333333333327,""low_carbon_london"":0.18333333333333332}","{""camsl_japan_smart_meters"":2042,""irish_domestic_smart_meters"":2042,""low_carbon_london"":916}",False,test,93.2690404867517,80.9002676639008,12.368772822850904,13.261391731169153,0.8945960000000003,0.6666666666666666,0,0.0,12.368772822850904,0.0,0.0,"{""camsl_japan_smart_meters"":{""available_profile_sources"":1423,""logical_devices"":2042,""mean_profile_reuse"":1.8837638376383763,""profile_bootstrap"":true,""selected_unique_profile_sources"":1084,""weight"":0.40833333333333327},""irish_domestic_smart_meters"":{""available_profile_sources"":2904,""logical_devices"":2042,""mean_profile_reuse"":1.0,""profile_bootstrap"":false,""selected_unique_profile_sources"":2042,""weight"":0.40833333333333327},""low_carbon_london"":{""available_profile_sources"":5000,""logical_devices"":916,""mean_profile_reuse"":1.0,""profile_bootstrap"":false,""selected_unique_profile_sources"":916,""weight"":0.18333333333333332}}",dataset_combinations_mixed_physical_fleet_v1,,,,
predefined_mixed_scenario,S1-A,Similar residential,相似住宅半小时电表融合,ieee33,packetized_energy_management,Packetized Energy Management,O(N log N),21,4657396,5257396,dominant_minus_15pp,5000,"{""camsl_japan_smart_meters"":0.3333333333333333,""irish_domestic_smart_meters"":0.3333333333333333,""low_carbon_london"":0.3333333333333333}","{""camsl_japan_smart_meters"":0.40833333333333327,""irish_domestic_smart_meters"":0.40833333333333327,""low_carbon_london"":0.18333333333333332}","{""camsl_japan_smart_meters"":2042,""irish_domestic_smart_meters"":2042,""low_carbon_london"":916}",False,test,92.40298950872925,80.5240414691468,11.87894803958246,12.855588442255169,0.8944959999999992,0.6666666666666666,0,0.0,11.87894803958246,0.0,0.0,"{""camsl_japan_smart_meters"":{""available_profile_sources"":1423,""logical_devices"":2042,""mean_profile_reuse"":1.9209783631232362,""profile_bootstrap"":true,""selected_unique_profile_sources"":1063,""weight"":0.40833333333333327},""irish_domestic_smart_meters"":{""available_profile_sources"":2904,""logical_devices"":2042,""mean_profile_reuse"":1.0,""profile_bootstrap"":false,""selected_unique_profile_sources"":2042,""weight"":0.40833333333333327},""low_carbon_london"":{""available_profile_sources"":5000,""logical_devices"":916,""mean_profile_reuse"":1.0,""profile_bootstrap"":false,""selected_unique_profile_sources"":916,""weight"":0.18333333333333332}}",dataset_combinations_mixed_physical_fleet_v1,,,,
predefined_mixed_scenario,S1-A,Similar residential,相似住宅半小时电表融合,ieee33,packetized_energy_management,Packetized Energy Management,O(N log N),22,4657397,5257397,dominant_minus_15pp,5000,"{""camsl_japan_smart_meters"":0.3333333333333333,""irish_domestic_smart_meters"":0.3333333333333333,""low_carbon_london"":0.3333333333333333}","{""camsl_japan_smart_meters"":0.40833333333333327,""irish_domestic_smart_meters"":0.40833333333333327,""low_carbon_london"":0.18333333333333332}","{""camsl_japan_smart_meters"":2042,""irish_domestic_smart_meters"":2042,""low_carbon_london"":916}",False,test,102.22662157479874,87.29305007190602,14.933571502892722,14.608299944614616,0.8952979999999999,0.6423611111111112,0,0.0,14.933571502892722,0.0,0.0,"{""camsl_japan_smart_meters"":{""available_profile_sources"":1423,""logical_devices"":2042,""mean_profile_reuse"":1.8820276497695851,""profile_bootstrap"":true,""selected_unique_profile_sources"":1085,""weight"":0.40833333333333327},""irish_domestic_smart_meters"":{""available_profile_sources"":2904,""logical_devices"":2042,""mean_profile_reuse"":1.0,""profile_bootstrap"":false,""selected_unique_profile_sources"":2042,""weight"":0.40833333333333327},""low_carbon_london"":{""available_profile_sources"":5000,""logical_devices"":916,""mean_profile_reuse"":1.0,""profile_bootstrap"":false,""selected_unique_profile_sources"":916,""weight"":0.18333333333333332}}",dataset_combinations_mixed_physical_fleet_v1,,,,
predefined_mixed_scenario,S1-A,Similar residential,相似住宅半小时电表融合,ieee33,packetized_energy_management,Packetized Energy Management,O(N log N),23,4657398,5257398,dominant_minus_15pp,5000,"{""camsl_japan_smart_meters"":0.3333333333333333,""irish_domestic_smart_meters"":0.3333333333333333,""low_carbon_london"":0.3333333333333333}","{""camsl_japan_smart_meters"":0.40833333333333327,""irish_domestic_smart_meters"":0.40833333333333327,""low_carbon_london"":0.18333333333333332}","{""camsl_japan_smart_meters"":2042,""irish_domestic_smart_meters"":2042,""low_carbon_london"":916}",False,test,116.3221913077552,97.61084001232402,18.711351295431182,16.08579677279833,0.8966560000000001,0.6041666666666666,0,0.0,18.711351295431182,0.0,0.0,"{""camsl_japan_smart_meters"":{""available_profile_sources"":1423,""logical_devices"":2042,""mean_profile_reuse"":1.88724584103512,""profile_bootstrap"":true,""selected_unique_profile_sources"":1082,""weight"":0.40833333333333327},""irish_domestic_smart_meters"":{""available_profile_sources"":2904,""logical_devices"":2042,""mean_profile_reuse"":1.0,""profile_bootstrap"":false,""selected_unique_profile_sources"":2042,""weight"":0.40833333333333327},""low_carbon_london"":{""available_profile_sources"":5000,""logical_devices"":916,""mean_profile_reuse"":1.0,""profile_bootstrap"":false,""selected_unique_profile_sources"":916,""weight"":0.18333333333333332}}",dataset_combinations_mixed_physical_fleet_v1,,,,
predefined_mixed_scenario,S1-A,Similar residential,相似住宅半小时电表融合,ieee33,packetized_energy_management,Packetized Energy Management,O(N log N),24,4657399,5257399,dominant_minus_15pp,5000,"{""camsl_japan_smart_meters"":0.3333333333333333,""irish_domestic_smart_meters"":0.3333333333333333,""low_carbon_london"":0.3333333333333333}","{""camsl_japan_smart_meters"":0.40833333333333327,""irish_domestic_smart_meters"":0.40833333333333327,""low_carbon_london"":0.18333333333333332}","{""camsl_japan_smart_meters"":2042,""irish_domestic_smart_meters"":2042,""low_carbon_london"":916}",False,test,119.4510929930663,100.65230286891479,18.79879012415151,15.737645971345538,0.8942439999999996,0.5763888888888888,0,0.0,18.79879012415151,0.0,0.0,"{""camsl_japan_smart_meters"":{""available_profile_sources"":1423,""logical_devices"":2042,""mean_profile_reuse"":1.86996336996337,""profile_bootstrap"":true,""selected_unique_profile_sources"":1092,""weight"":0.40833333333333327},""irish_domestic_smart_meters"":{""available_profile_sources"":2904,""logical_devices"":2042,""mean_profile_reuse"":1.0,""profile_bootstrap"":false,""selected_unique_profile_sources"":2042,""weight"":0.40833333333333327},""low_carbon_london"":{""available_profile_sources"":5000,""logical_devices"":916,""mean_profile_reuse"":1.0,""profile_bootstrap"":false,""selected_unique_profile_sources"":916,""weight"":0.18333333333333332}}",dataset_combinations_mixed_physical_fleet_v1,,,,
predefined_mixed_scenario,S1-A,Similar residential,相似住宅半小时电表融合,ieee33,packetized_energy_management,Packetized Energy Management,O(N log N),25,4657400,5257400,dominant_minus_15pp,5000,"{""camsl_japan_smart_meters"":0.3333333333333333,""irish_domestic_smart_meters"":0.3333333333333333,""low_carbon_london"":0.3333333333333333}","{""camsl_japan_smart_meters"":0.40833333333333327,""irish_domestic_smart_meters"":0.40833333333333327,""low_carbon_london"":0.18333333333333332}","{""camsl_japan_smart_meters"":2042,""irish_domestic_smart_meters"":2042,""low_carbon_london"":916}",False,test,118.89435512200482,100.24704414211514,18.647310979889685,15.683932984669058,0.895362,0.5833333333333334,0,0.0,18.647310979889685,0.0,0.0,"{""camsl_japan_smart_meters"":{""available_profile_sources"":1423,""logical_devices"":2042,""mean_profile_reuse"":1.88724584103512,""profile_bootstrap"":true,""selected_unique_profile_sources"":1082,""weight"":0.40833333333333327},""irish_domestic_smart_meters"":{""available_profile_sources"":2904,""logical_devices"":2042,""mean_profile_reuse"":1.0,""profile_bootstrap"":false,""selected_unique_profile_sources"":2042,""weight"":0.40833333333333327},""low_carbon_london"":{""available_profile_sources"":5000,""logical_devices"":916,""mean_profile_reuse"":1.0,""profile_bootstrap"":false,""selected_unique_profile_sources"":916,""weight"":0.18333333333333332}}",dataset_combinations_mixed_physical_fleet_v1,,,,
predefined_mixed_scenario,S1-A,Similar residential,相似住宅半小时电表融合,ieee33,packetized_energy_management,Packetized Energy Management,O(N log N),26,4657401,5257401,dominant_minus_15pp,5000,"{""camsl_japan_smart_meters"":0.3333333333333333,""irish_domestic_smart_meters"":0.3333333333333333,""low_carbon_london"":0.3333333333333333}","{""camsl_japan_smart_meters"":0.40833333333333327,""irish_domestic_smart_meters"":0.40833333333333327,""low_carbon_london"":0.18333333333333332}","{""camsl_japan_smart_meters"":2042,""irish_domestic_smart_meters"":2042,""low_carbon_london"":916}",False,test,117.2874345015762,98.62894784640136,18.658486655174844,15.90834238506947,0.8947119999999998,0.59375,0,0.0,18.658486655174844,0.0,0.0,"{""camsl_japan_smart_meters"":{""available_profile_sources"":1423,""logical_devices"":2042,""mean_profile_reuse"":1.852994555353902,""profile_bootstrap"":true,""selected_unique_profile_sources"":1102,""weight"":0.40833333333333327},""irish_domestic_smart_meters"":{""available_profile_sources"":2904,""logical_devices"":2042,""mean_profile_reuse"":1.0,""profile_bootstrap"":false,""selected_unique_profile_sources"":2042,""weight"":0.40833333333333327},""low_carbon_london"":{""available_profile_sources"":5000,""logical_devices"":916,""mean_profile_reuse"":1.0,""profile_bootstrap"":false,""selected_unique_profile_sources"":916,""weight"":0.18333333333333332}}",dataset_combinations_mixed_physical_fleet_v1,,,,
predefined_mixed_scenario,S1-A,Similar residential,相似住宅半小时电表融合,ieee33,packetized_energy_management,Packetized Energy Management,O(N log N),27,4657402,5257402,dominant_minus_15pp,5000,"{""camsl_japan_smart_meters"":0.3333333333333333,""irish_domestic_smart_meters"":0.3333333333333333,""low_carbon_london"":0.3333333333333333}","{""camsl_japan_smart_meters"":0.40833333333333327,""irish_domestic_smart_meters"":0.40833333333333327,""low_carbon_london"":0.18333333333333332}","{""camsl_japan_smart_meters"":2042,""irish_domestic_smart_meters"":2042,""low_carbon_london"":916}",False,test,96.21695444906057,83.19211397224085,13.024840476819717,13.536949440356027,0.8942839999999996,0.65625,0,0.0,13.024840476819717,0.0,0.0,"{""camsl_japan_smart_meters"":{""available_profile_sources"":1423,""logical_devices"":2042,""mean_profile_reuse"":1.9030754892823858,""profile_bootstrap"":true,""selected_unique_profile_sources"":1073,""weight"":0.40833333333333327},""irish_domestic_smart_meters"":{""available_profile_sources"":2904,""logical_devices"":2042,""mean_profile_reuse"":1.0,""profile_bootstrap"":false,""selected_unique_profile_sources"":2042,""weight"":0.40833333333333327},""low_carbon_london"":{""available_profile_sources"":5000,""logical_devices"":916,""mean_profile_reuse"":1.0,""profile_bootstrap"":false,""selected_unique_profile_sources"":916,""weight"":0.18333333333333332}}",dataset_combinations_mixed_physical_fleet_v1,,,,
predefined_mixed_scenario,S1-A,Similar residential,相似住宅半小时电表融合,ieee33,packetized_energy_management,Packetized Energy Management,O(N log N),28,4657403,5257403,dominant_minus_15pp,5000,"{""camsl_japan_smart_meters"":0.3333333333333333,""irish_domestic_smart_meters"":0.3333333333333333,""low_carbon_london"":0.3333333333333333}","{""camsl_japan_smart_meters"":0.40833333333333327,""irish_domestic_smart_meters"":0.40833333333333327,""low_carbon_london"":0.18333333333333332}","{""camsl_japan_smart_meters"":2042,""irish_domestic_smart_meters"":2042,""low_carbon_london"":916}",False,test,118.52095606968443,99.65927738676028,18.861678682924147,15.914214083654894,0.8952919999999995,0.5868055555555556,0,0.0,18.861678682924147,0.0,0.0,"{""camsl_japan_smart_meters"":{""available_profile_sources"":1423,""logical_devices"":2042,""mean_profile_reuse"":1.9245994344957587,""profile_bootstrap"":true,""selected_unique_profile_sources"":1061,""weight"":0.40833333333333327},""irish_domestic_smart_meters"":{""available_profile_sources"":2904,""logical_devices"":2042,""mean_profile_reuse"":1.0,""profile_bootstrap"":false,""selected_unique_profile_sources"":2042,""weight"":0.40833333333333327},""low_carbon_london"":{""available_profile_sources"":5000,""logical_devices"":916,""mean_profile_reuse"":1.0,""profile_bootstrap"":false,""selected_unique_profile_sources"":916,""weight"":0.18333333333333332}}",dataset_combinations_mixed_physical_fleet_v1,,,,
predefined_mixed_scenario,S1-A,Similar residential,相似住宅半小时电表融合,ieee33,packetized_energy_management,Packetized Energy Management,O(N log N),29,4657404,5257404,dominant_minus_15pp,5000,"{""camsl_japan_smart_meters"":0.3333333333333333,""irish_domestic_smart_meters"":0.3333333333333333,""low_carbon_london"":0.3333333333333333}","{""camsl_japan_smart_meters"":0.40833333333333327,""irish_domestic_smart_meters"":0.40833333333333327,""low_carbon_london"":0.18333333333333332}","{""camsl_japan_smart_meters"":2042,""irish_domestic_smart_meters"":2042,""low_carbon_london"":916}",False,test,119.31449170210253,100.60308605118087,18.711405650921666,15.682424979556725,0.8951939999999999,0.5798611111111112,0,0.0,18.711405650921666,0.0,0.0,"{""camsl_japan_smart_meters"":{""available_profile_sources"":1423,""logical_devices"":2042,""mean_profile_reuse"":1.8855032317636196,""profile_bootstrap"":true,""selected_unique_profile_sources"":1083,""weight"":0.40833333333333327},""irish_domestic_smart_meters"":{""available_profile_sources"":2904,""logical_devices"":2042,""mean_profile_reuse"":1.0,""profile_bootstrap"":false,""selected_unique_profile_sources"":2042,""weight"":0.40833333333333327},""low_carbon_london"":{""available_profile_sources"":5000,""logical_devices"":916,""mean_profile_reuse"":1.0,""profile_bootstrap"":false,""selected_unique_profile_sources"":916,""weight"":0.18333333333333332}}",dataset_combinations_mixed_physical_fleet_v1,,,,
predefined_mixed_scenario,S1-A,Similar residential,相似住宅半小时电表融合,ieee33,transactive_control,Transactive control,O(N log N),0,4657375,5357375,nominal,5000,"{""camsl_japan_smart_meters"":0.3333333333333333,""irish_domestic_smart_meters"":0.3333333333333333,""low_carbon_london"":0.3333333333333333}","{""camsl_japan_smart_meters"":0.3333333333333333,""irish_domestic_smart_meters"":0.3333333333333333,""low_carbon_london"":0.3333333333333333}","{""camsl_japan_smart_meters"":1667,""irish_domestic_smart_meters"":1666,""low_carbon_london"":1667}",False,test,99.3677053844885,80.5579059914952,18.80979939299329,18.929489536073703,0.8950619999999998,0.6788788720907344,0,0.0,21.525455797513278,2.7156564045199874,0.0,"{""camsl_japan_smart_meters"":{""available_profile_sources"":1423,""logical_devices"":1667,""mean_profile_reuse"":1.731048805815161,""profile_bootstrap"":true,""selected_unique_profile_sources"":963,""weight"":0.3333333333333333},""irish_domestic_smart_meters"":{""available_profile_sources"":2904,""logical_devices"":1666,""mean_profile_reuse"":1.0,""profile_bootstrap"":false,""selected_unique_profile_sources"":1666,""weight"":0.3333333333333333},""low_carbon_london"":{""available_profile_sources"":5000,""logical_devices"":1667,""mean_profile_reuse"":1.0,""profile_bootstrap"":false,""selected_unique_profile_sources"":1667,""weight"":0.3333333333333333}}",dataset_combinations_mixed_physical_fleet_v1,,,,
predefined_mixed_scenario,S1-A,Similar residential,相似住宅半小时电表融合,ieee33,transactive_control,Transactive control,O(N log N),1,4657376,5357376,nominal,5000,"{""camsl_japan_smart_meters"":0.3333333333333333,""irish_domestic_smart_meters"":0.3333333333333333,""low_carbon_london"":0.3333333333333333}","{""camsl_japan_smart_meters"":0.3333333333333333,""irish_domestic_smart_meters"":0.3333333333333333,""low_carbon_london"":0.3333333333333333}","{""camsl_japan_smart_meters"":1667,""irish_domestic_smart_meters"":1666,""low_carbon_london"":1667}",False,test,119.21694493224857,98.9140968300877,20.30284810216087,17.03016975791407,0.8946859999999995,0.39573897711936223,0,0.0,20.927842450639893,0.624994348479028,0.0,"{""camsl_japan_smart_meters"":{""available_profile_sources"":1423,""logical_devices"":1667,""mean_profile_reuse"":1.6941056910569106,""profile_bootstrap"":true,""selected_unique_profile_sources"":984,""weight"":0.3333333333333333},""irish_domestic_smart_meters"":{""available_profile_sources"":2904,""logical_devices"":1666,""mean_profile_reuse"":1.0,""profile_bootstrap"":false,""selected_unique_profile_sources"":1666,""weight"":0.3333333333333333},""low_carbon_london"":{""available_profile_sources"":5000,""logical_devices"":1667,""mean_profile_reuse"":1.0,""profile_bootstrap"":false,""selected_unique_profile_sources"":1667,""weight"":0.3333333333333333}}",dataset_combinations_mixed_physical_fleet_v1,,,,
predefined_mixed_scenario,S1-A,Similar residential,相似住宅半小时电表融合,ieee33,transactive_control,Transactive control,O(N log N),2,4657377,5357377,nominal,5000,"{""camsl_japan_smart_meters"":0.3333333333333333,""irish_domestic_smart_meters"":0.3333333333333333,""low_carbon_london"":0.3333333333333333}","{""camsl_japan_smart_meters"":0.3333333333333333,""irish_domestic_smart_meters"":0.3333333333333333,""low_carbon_london"":0.3333333333333333}","{""camsl_japan_smart_meters"":1667,""irish_domestic_smart_meters"":1666,""low_carbon_london"":1667}",False,test,103.67418776136145,84.41293954715748,19.261248214203977,18.57863430629402,0.894655999999999,0.5430584403373039,0,0.0,21.2397929423553,1.9785447281513218,0.0,"{""camsl_japan_smart_meters"":{""available_profile_sources"":1423,""logical_devices"":1667,""mean_profile_reuse"":1.720330237358101,""profile_bootstrap"":true,""selected_unique_profile_sources"":969,""weight"":0.3333333333333333},""irish_domestic_smart_meters"":{""available_profile_sources"":2904,""logical_devices"":1666,""mean_profile_reuse"":1.0,""profile_bootstrap"":false,""selected_unique_profile_sources"":1666,""weight"":0.3333333333333333},""low_carbon_london"":{""available_profile_sources"":5000,""logical_devices"":1667,""mean_profile_reuse"":1.0,""profile_bootstrap"":false,""selected_unique_profile_sources"":1667,""weight"":0.3333333333333333}}",dataset_combinations_mixed_physical_fleet_v1,,,,
predefined_mixed_scenario,S1-A,Similar residential,相似住宅半小时电表融合,ieee33,transactive_control,Transactive control,O(N log N),3,4657378,5357378,nominal,5000,"{""camsl_japan_smart_meters"":0.3333333333333333,""irish_domestic_smart_meters"":0.3333333333333333,""low_carbon_london"":0.3333333333333333}","{""camsl_japan_smart_meters"":0.3333333333333333,""irish_domestic_smart_meters"":0.3333333333333333,""low_carbon_london"":0.3333333333333333}","{""camsl_japan_smart_meters"":1667,""irish_domestic_smart_meters"":1666,""low_carbon_london"":1667}",False,test,100.84251368366546,81.93067291325207,18.911840770413388,18.753837126411046,0.8949539999999994,0.593801471624662,0,0.0,21.517074754280376,2.6052339838669845,0.0,"{""camsl_japan_smart_meters"":{""available_profile_sources"":1423,""logical_devices"":1667,""mean_profile_reuse"":1.7027579162410622,""profile_bootstrap"":true,""selected_unique_profile_sources"":979,""weight"":0.3333333333333333},""irish_domestic_smart_meters"":{""available_profile_sources"":2904,""logical_devices"":1666,""mean_profile_reuse"":1.0,""profile_bootstrap"":false,""selected_unique_profile_sources"":1666,""weight"":0.3333333333333333},""low_carbon_london"":{""available_profile_sources"":5000,""logical_devices"":1667,""mean_profile_reuse"":1.0,""profile_bootstrap"":false,""selected_unique_profile_sources"":1667,""weight"":0.3333333333333333}}",dataset_combinations_mixed_physical_fleet_v1,,,,
predefined_mixed_scenario,S1-A,Similar residential,相似住宅半小时电表融合,ieee33,transactive_control,Transactive control,O(N log N),4,4657379,5357379,nominal,5000,"{""camsl_japan_smart_meters"":0.3333333333333333,""irish_domestic_smart_meters"":0.3333333333333333,""low_carbon_london"":0.3333333333333333}","{""camsl_japan_smart_meters"":0.3333333333333333,""irish_domestic_smart_meters"":0.3333333333333333,""low_carbon_london"":0.3333333333333333}","{""camsl_japan_smart_meters"":1667,""irish_domestic_smart_meters"":1666,""low_carbon_london"":1667}",False,test,118.22025518856613,97.4808288620984,20.73942632646773,17.543039721397566,0.8946880000000001,0.3992620917803907,0,0.0,21.21362622004572,0.47419989357798914,0.0,"{""camsl_japan_smart_meters"":{""available_profile_sources"":1423,""logical_devices"":1667,""mean_profile_reuse"":1.6992864424057084,""profile_bootstrap"":true,""selected_unique_profile_sources"":981,""weight"":0.3333333333333333},""irish_domestic_smart_meters"":{""available_profile_sources"":2904,""logical_devices"":1666,""mean_profile_reuse"":1.0,""profile_bootstrap"":false,""selected_unique_profile_sources"":1666,""weight"":0.3333333333333333},""low_carbon_london"":{""available_profile_sources"":5000,""logical_devices"":1667,""mean_profile_reuse"":1.0,""profile_bootstrap"":false,""selected_unique_profile_sources"":1667,""weight"":0.3333333333333333}}",dataset_combinations_mixed_physical_fleet_v1,,,,
predefined_mixed_scenario,S1-A,Similar residential,相似住宅半小时电表融合,ieee33,transactive_control,Transactive control,O(N log N),5,4657380,5357380,nominal,5000,"{""camsl_japan_smart_meters"":0.3333333333333333,""irish_domestic_smart_meters"":0.3333333333333333,""low_carbon_london"":0.3333333333333333}","{""camsl_japan_smart_meters"":0.3333333333333333,""irish_domestic_smart_meters"":0.3333333333333333,""low_carbon_london"":0.3333333333333333}","{""camsl_japan_smart_meters"":1667,""irish_domestic_smart_meters"":1666,""low_carbon_london"":1667}",False,test,118.5166012881671,97.73358827350583,20.78301301466127,17.535950903729027,0.894162,0.3992857554275896,0,0.0,21.25193990883351,0.4689268941722374,0.0,"{""camsl_japan_smart_meters"":{""available_profile_sources"":1423,""logical_devices"":1667,""mean_profile_reuse"":1.683838383838384,""profile_bootstrap"":true,""selected_unique_profile_sources"":990,""weight"":0.3333333333333333},""irish_domestic_smart_meters"":{""available_profile_sources"":2904,""logical_devices"":1666,""mean_profile_reuse"":1.0,""profile_bootstrap"":false,""selected_unique_profile_sources"":1666,""weight"":0.3333333333333333},""low_carbon_london"":{""available_profile_sources"":5000,""logical_devices"":1667,""mean_profile_reuse"":1.0,""profile_bootstrap"":false,""selected_unique_profile_sources"":1667,""weight"":0.3333333333333333}}",dataset_combinations_mixed_physical_fleet_v1,,,,
predefined_mixed_scenario,S1-A,Similar residential,相似住宅半小时电表融合,ieee33,transactive_control,Transactive control,O(N log N),6,4657381,5357381,nominal,5000,"{""camsl_japan_smart_meters"":0.3333333333333333,""irish_domestic_smart_meters"":0.3333333333333333,""low_carbon_london"":0.3333333333333333}","{""camsl_japan_smart_meters"":0.3333333333333333,""irish_domestic_smart_meters"":0.3333333333333333,""low_carbon_london"":0.3333333333333333}","{""camsl_japan_smart_meters"":1667,""irish_domestic_smart_meters"":1666,""low_carbon_london"":1667}",False,test,118.9945898212779,98.6587039726491,20.33588584862879,17.0897566680737,0.8957160000000004,0.3956310803386229,0,0.0,20.986399577201585,0.6505137285727968,0.0,"{""camsl_japan_smart_meters"":{""available_profile_sources"":1423,""logical_devices"":1667,""mean_profile_reuse"":1.6992864424057084,""profile_bootstrap"":true,""selected_unique_profile_sources"":981,""weight"":0.3333333333333333},""irish_domestic_smart_meters"":{""available_profile_sources"":2904,""logical_devices"":1666,""mean_profile_reuse"":1.0,""profile_bootstrap"":false,""selected_unique_profile_sources"":1666,""weight"":0.3333333333333333},""low_carbon_london"":{""available_profile_sources"":5000,""logical_devices"":1667,""mean_profile_reuse"":1.0,""profile_bootstrap"":false,""selected_unique_profile_sources"":1667,""weight"":0.3333333333333333}}",dataset_combinations_mixed_physical_fleet_v1,,,,
predefined_mixed_scenario,S1-A,Similar residential,相似住宅半小时电表融合,ieee33,transactive_control,Transactive control,O(N log N),7,4657382,5357382,nominal,5000,"{""camsl_japan_smart_meters"":0.3333333333333333,""irish_domestic_smart_meters"":0.3333333333333333,""low_carbon_london"":0.3333333333333333}","{""camsl_japan_smart_meters"":0.3333333333333333,""irish_domestic_smart_meters"":0.3333333333333333,""low_carbon_london"":0.3333333333333333}","{""camsl_japan_smart_meters"":1667,""irish_domestic_smart_meters"":1666,""low_carbon_london"":1667}",False,test,87.09713392105506,68.30127751745684,18.79585640359822,21.580338591433797,0.8956439999999998,0.7053457382659277,0,0.0,21.389139294332367,2.593282890734146,0.0,"{""camsl_japan_smart_meters"":{""available_profile_sources"":1423,""logical_devices"":1667,""mean_profile_reuse"":1.6889564336372846,""profile_bootstrap"":true,""selected_unique_profile_sources"":987,""weight"":0.3333333333333333},""irish_domestic_smart_meters"":{""available_profile_sources"":2904,""logical_devices"":1666,""mean_profile_reuse"":1.0,""profile_bootstrap"":false,""selected_unique_profile_sources"":1666,""weight"":0.3333333333333333},""low_carbon_london"":{""available_profile_sources"":5000,""logical_devices"":1667,""mean_profile_reuse"":1.0,""profile_bootstrap"":false,""selected_unique_profile_sources"":1667,""weight"":0.3333333333333333}}",dataset_combinations_mixed_physical_fleet_v1,,,,
predefined_mixed_scenario,S1-A,Similar residential,相似住宅半小时电表融合,ieee33,transactive_control,Transactive control,O(N log N),8,4657383,5357383,nominal,5000,"{""camsl_japan_smart_meters"":0.3333333333333333,""irish_domestic_smart_meters"":0.3333333333333333,""low_carbon_london"":0.3333333333333333}","{""camsl_japan_smart_meters"":0.3333333333333333,""irish_domestic_smart_meters"":0.3333333333333333,""low_carbon_london"":0.3333333333333333}","{""camsl_japan_smart_meters"":1667,""irish_domestic_smart_meters"":1666,""low_carbon_london"":1667}",False,test,87.17765553011797,69.65554305195968,17.522112478158295,20.099316013499337,0.8949440000000002,0.6941799566295347,0,0.0,21.30054878247717,3.7784363043188725,0.0,"{""camsl_japan_smart_meters"":{""available_profile_sources"":1423,""logical_devices"":1667,""mean_profile_reuse"":1.6923857868020304,""profile_bootstrap"":true,""selected_unique_profile_sources"":985,""weight"":0.3333333333333333},""irish_domestic_smart_meters"":{""available_profile_sources"":2904,""logical_devices"":1666,""mean_profile_reuse"":1.0,""profile_bootstrap"":false,""selected_unique_profile_sources"":1666,""weight"":0.3333333333333333},""low_carbon_london"":{""available_profile_sources"":5000,""logical_devices"":1667,""mean_profile_reuse"":1.0,""profile_bootstrap"":false,""selected_unique_profile_sources"":1667,""weight"":0.3333333333333333}}",dataset_combinations_mixed_physical_fleet_v1,,,,
predefined_mixed_scenario,S1-A,Similar residential,相似住宅半小时电表融合,ieee33,transactive_control,Transactive control,O(N log N),9,4657384,5357384,nominal,5000,"{""camsl_japan_smart_meters"":0.3333333333333333,""irish_domestic_smart_meters"":0.3333333333333333,""low_carbon_london"":0.3333333333333333}","{""camsl_japan_smart_meters"":0.3333333333333333,""irish_domestic_smart_meters"":0.3333333333333333,""low_carbon_london"":0.3333333333333333}","{""camsl_japan_smart_meters"":1667,""irish_domestic_smart_meters"":1666,""low_carbon_london"":1667}",False,test,117.18441098538555,96.36419233522194,20.82021865016361,17.76705491378044,0.8938899999999997,0.41311542748571206,0,0.0,21.29790296741411,0.477684317250496,0.0,"{""camsl_japan_smart_meters"":{""available_profile_sources"":1423,""logical_devices"":1667,""mean_profile_reuse"":1.683838383838384,""profile_bootstrap"":true,""selected_unique_profile_sources"":990,""weight"":0.3333333333333333},""irish_domestic_smart_meters"":{""available_profile_sources"":2904,""logical_devices"":1666,""mean_profile_reuse"":1.0,""profile_bootstrap"":false,""selected_unique_profile_sources"":1666,""weight"":0.3333333333333333},""low_carbon_london"":{""available_profile_sources"":5000,""logical_devices"":1667,""mean_profile_reuse"":1.0,""profile_bootstrap"":false,""selected_unique_profile_sources"":1667,""weight"":0.3333333333333333}}",dataset_combinations_mixed_physical_fleet_v1,,,,
predefined_mixed_scenario,S1-A,Similar residential,相似住宅半小时电表融合,ieee33,transactive_control,Transactive control,O(N log N),10,4657385,5357385,dominant_plus_15pp,5000,"{""camsl_japan_smart_meters"":0.3333333333333333,""irish_domestic_smart_meters"":0.3333333333333333,""low_carbon_london"":0.3333333333333333}","{""camsl_japan_smart_meters"":0.25833333333333336,""irish_domestic_smart_meters"":0.25833333333333336,""low_carbon_london"":0.48333333333333334}","{""camsl_japan_smart_meters"":1292,""irish_domestic_smart_meters"":1292,""low_carbon_london"":2416}",False,test,75.76570392262022,56.24761392833476,19.518089994285464,25.761114836627605,0.8947900000000001,0.7259967647162369,0,0.0,20.889463872548507,1.3713738782630445,0.0,"{""camsl_japan_smart_meters"":{""available_profile_sources"":1423,""logical_devices"":1292,""mean_profile_reuse"":1.0,""profile_bootstrap"":false,""selected_unique_profile_sources"":1292,""weight"":0.25833333333333336},""irish_domestic_smart_meters"":{""available_profile_sources"":2904,""logical_devices"":1292,""mean_profile_reuse"":1.0,""profile_bootstrap"":false,""selected_unique_profile_sources"":1292,""weight"":0.25833333333333336},""low_carbon_london"":{""available_profile_sources"":5000,""logical_devices"":2416,""mean_profile_reuse"":1.0,""profile_bootstrap"":false,""selected_unique_profile_sources"":2416,""weight"":0.48333333333333334}}",dataset_combinations_mixed_physical_fleet_v1,,,,
predefined_mixed_scenario,S1-A,Similar residential,相似住宅半小时电表融合,ieee33,transactive_control,Transactive control,O(N log N),11,4657386,5357386,dominant_plus_15pp,5000,"{""camsl_japan_smart_meters"":0.3333333333333333,""irish_domestic_smart_meters"":0.3333333333333333,""low_carbon_london"":0.3333333333333333}","{""camsl_japan_smart_meters"":0.25833333333333336,""irish_domestic_smart_meters"":0.25833333333333336,""low_carbon_london"":0.48333333333333334}","{""camsl_japan_smart_meters"":1292,""irish_domestic_smart_meters"":1292,""low_carbon_london"":2416}",False,test,116.4149542490602,95.64208240025434,20.772871848805856,17.843817388240357,0.8943260000000003,0.41978237437968013,0,0.0,21.370910895283373,0.5980390464775219,0.0,"{""camsl_japan_smart_meters"":{""available_profile_sources"":1423,""logical_devices"":1292,""mean_profile_reuse"":1.0,""profile_bootstrap"":false,""selected_unique_profile_sources"":1292,""weight"":0.25833333333333336},""irish_domestic_smart_meters"":{""available_profile_sources"":2904,""logical_devices"":1292,""mean_profile_reuse"":1.0,""profile_bootstrap"":false,""selected_unique_profile_sources"":1292,""weight"":0.25833333333333336},""low_carbon_london"":{""available_profile_sources"":5000,""logical_devices"":2416,""mean_profile_reuse"":1.0,""profile_bootstrap"":false,""selected_unique_profile_sources"":2416,""weight"":0.48333333333333334}}",dataset_combinations_mixed_physical_fleet_v1,,,,
predefined_mixed_scenario,S1-A,Similar residential,相似住宅半小时电表融合,ieee33,transactive_control,Transactive control,O(N log N),12,4657387,5357387,dominant_plus_15pp,5000,"{""camsl_japan_smart_meters"":0.3333333333333333,""irish_domestic_smart_meters"":0.3333333333333333,""low_carbon_london"":0.3333333333333333}","{""camsl_japan_smart_meters"":0.25833333333333336,""irish_domestic_smart_meters"":0.25833333333333336,""low_carbon_london"":0.48333333333333334}","{""camsl_japan_smart_meters"":1292,""irish_domestic_smart_meters"":1292,""low_carbon_london"":2416}",False,test,115.78958326868634,95.00944529150665,20.780137977179695,17.94646581373386,0.8945400000000001,0.4234028474845467,0,0.0,21.35837322796445,0.578235250784759,0.0,"{""camsl_japan_smart_meters"":{""available_profile_sources"":1423,""logical_devices"":1292,""mean_profile_reuse"":1.0,""profile_bootstrap"":false,""selected_unique_profile_sources"":1292,""weight"":0.25833333333333336},""irish_domestic_smart_meters"":{""available_profile_sources"":2904,""logical_devices"":1292,""mean_profile_reuse"":1.0,""profile_bootstrap"":false,""selected_unique_profile_sources"":1292,""weight"":0.25833333333333336},""low_carbon_london"":{""available_profile_sources"":5000,""logical_devices"":2416,""mean_profile_reuse"":1.0,""profile_bootstrap"":false,""selected_unique_profile_sources"":2416,""weight"":0.48333333333333334}}",dataset_combinations_mixed_physical_fleet_v1,,,,
predefined_mixed_scenario,S1-A,Similar residential,相似住宅半小时电表融合,ieee33,transactive_control,Transactive control,O(N log N),13,4657388,5357388,dominant_plus_15pp,5000,"{""camsl_japan_smart_meters"":0.3333333333333333,""irish_domestic_smart_meters"":0.3333333333333333,""low_carbon_london"":0.3333333333333333}","{""camsl_japan_smart_meters"":0.25833333333333336,""irish_domestic_smart_meters"":0.25833333333333336,""low_carbon_london"":0.48333333333333334}","{""camsl_japan_smart_meters"":1292,""irish_domestic_smart_meters"":1292,""low_carbon_london"":2416}",False,test,81.53054604710435,67.51500494489201,14.015541102212337,17.190539965370583,0.8951759999999997,0.6530322025088484,0,0.0,20.33264838088555,6.317107278673216,0.0,"{""camsl_japan_smart_meters"":{""available_profile_sources"":1423,""logical_devices"":1292,""mean_profile_reuse"":1.0,""profile_bootstrap"":false,""selected_unique_profile_sources"":1292,""weight"":0.25833333333333336},""irish_domestic_smart_meters"":{""available_profile_sources"":2904,""logical_devices"":1292,""mean_profile_reuse"":1.0,""profile_bootstrap"":false,""selected_unique_profile_sources"":1292,""weight"":0.25833333333333336},""low_carbon_london"":{""available_profile_sources"":5000,""logical_devices"":2416,""mean_profile_reuse"":1.0,""profile_bootstrap"":false,""selected_unique_profile_sources"":2416,""weight"":0.48333333333333334}}",dataset_combinations_mixed_physical_fleet_v1,,,,
predefined_mixed_scenario,S1-A,Similar residential,相似住宅半小时电表融合,ieee33,transactive_control,Transactive control,O(N log N),14,4657389,5357389,dominant_plus_15pp,5000,"{""camsl_japan_smart_meters"":0.3333333333333333,""irish_domestic_smart_meters"":0.3333333333333333,""low_carbon_london"":0.3333333333333333}","{""camsl_japan_smart_meters"":0.25833333333333336,""irish_domestic_smart_meters"":0.25833333333333336,""low_carbon_london"":0.48333333333333334}","{""camsl_japan_smart_meters"":1292,""irish_domestic_smart_meters"":1292,""low_carbon_london"":2416}",False,test,76.22127183905698,56.516493996933875,19.704777842123104,25.852071694277434,0.8954239999999997,0.7217915134681425,0,0.0,21.281884869588914,1.5771070274658077,0.0,"{""camsl_japan_smart_meters"":{""available_profile_sources"":1423,""logical_devices"":1292,""mean_profile_reuse"":1.0,""profile_bootstrap"":false,""selected_unique_profile_sources"":1292,""weight"":0.25833333333333336},""irish_domestic_smart_meters"":{""available_profile_sources"":2904,""logical_devices"":1292,""mean_profile_reuse"":1.0,""profile_bootstrap"":false,""selected_unique_profile_sources"":1292,""weight"":0.25833333333333336},""low_carbon_london"":{""available_profile_sources"":5000,""logical_devices"":2416,""mean_profile_reuse"":1.0,""profile_bootstrap"":false,""selected_unique_profile_sources"":2416,""weight"":0.48333333333333334}}",dataset_combinations_mixed_physical_fleet_v1,,,,
predefined_mixed_scenario,S1-A,Similar residential,相似住宅半小时电表融合,ieee33,transactive_control,Transactive control,O(N log N),15,4657390,5357390,dominant_plus_15pp,5000,"{""camsl_japan_smart_meters"":0.3333333333333333,""irish_domestic_smart_meters"":0.3333333333333333,""low_carbon_london"":0.3333333333333333}","{""camsl_japan_smart_meters"":0.25833333333333336,""irish_domestic_smart_meters"":0.25833333333333336,""low_carbon_london"":0.48333333333333334}","{""camsl_japan_smart_meters"":1292,""irish_domestic_smart_meters"":1292,""low_carbon_london"":2416}",False,test,116.27915361730868,95.5576008717621,20.72155274554657,17.820522510633477,0.8948260000000001,0.4198214422403687,0,0.0,21.263422488801286,0.5418697432547189,0.0,"{""camsl_japan_smart_meters"":{""available_profile_sources"":1423,""logical_devices"":1292,""mean_profile_reuse"":1.0,""profile_bootstrap"":false,""selected_unique_profile_sources"":1292,""weight"":0.25833333333333336},""irish_domestic_smart_meters"":{""available_profile_sources"":2904,""logical_devices"":1292,""mean_profile_reuse"":1.0,""profile_bootstrap"":false,""selected_unique_profile_sources"":1292,""weight"":0.25833333333333336},""low_carbon_london"":{""available_profile_sources"":5000,""logical_devices"":2416,""mean_profile_reuse"":1.0,""profile_bootstrap"":false,""selected_unique_profile_sources"":2416,""weight"":0.48333333333333334}}",dataset_combinations_mixed_physical_fleet_v1,,,,
predefined_mixed_scenario,S1-A,Similar residential,相似住宅半小时电表融合,ieee33,transactive_control,Transactive control,O(N log N),16,4657391,5357391,dominant_plus_15pp,5000,"{""camsl_japan_smart_meters"":0.3333333333333333,""irish_domestic_smart_meters"":0.3333333333333333,""low_carbon_london"":0.3333333333333333}","{""camsl_japan_smart_meters"":0.25833333333333336,""irish_domestic_smart_meters"":0.25833333333333336,""low_carbon_london"":0.48333333333333334}","{""camsl_japan_smart_meters"":1292,""irish_domestic_smart_meters"":1292,""low_carbon_london"":2416}",False,test,61.910215668387224,44.173926680019704,17.736288988367523,28.648404462632286,0.8945319999999998,0.7575159801385537,0,0.0,19.26994159691989,1.5336526085523623,0.0,"{""camsl_japan_smart_meters"":{""available_profile_sources"":1423,""logical_devices"":1292,""mean_profile_reuse"":1.0,""profile_bootstrap"":false,""selected_unique_profile_sources"":1292,""weight"":0.25833333333333336},""irish_domestic_smart_meters"":{""available_profile_sources"":2904,""logical_devices"":1292,""mean_profile_reuse"":1.0,""profile_bootstrap"":false,""selected_unique_profile_sources"":1292,""weight"":0.25833333333333336},""low_carbon_london"":{""available_profile_sources"":5000,""logical_devices"":2416,""mean_profile_reuse"":1.0,""profile_bootstrap"":false,""selected_unique_profile_sources"":2416,""weight"":0.48333333333333334}}",dataset_combinations_mixed_physical_fleet_v1,,,,
predefined_mixed_scenario,S1-A,Similar residential,相似住宅半小时电表融合,ieee33,transactive_control,Transactive control,O(N log N),17,4657392,5357392,dominant_plus_15pp,5000,"{""camsl_japan_smart_meters"":0.3333333333333333,""irish_domestic_smart_meters"":0.3333333333333333,""low_carbon_london"":0.3333333333333333}","{""camsl_japan_smart_meters"":0.25833333333333336,""irish_domestic_smart_meters"":0.25833333333333336,""low_carbon_london"":0.48333333333333334}","{""camsl_japan_smart_meters"":1292,""irish_domestic_smart_meters"":1292,""low_carbon_london"":2416}",False,test,118.63779734592659,98.0762816038994,20.56151574202718,17.33133638858237,0.895342,0.4025457116855846,0,0.0,21.343745823219535,0.7822300811923585,0.0,"{""camsl_japan_smart_meters"":{""available_profile_sources"":1423,""logical_devices"":1292,""mean_profile_reuse"":1.0,""profile_bootstrap"":false,""selected_unique_profile_sources"":1292,""weight"":0.25833333333333336},""irish_domestic_smart_meters"":{""available_profile_sources"":2904,""logical_devices"":1292,""mean_profile_reuse"":1.0,""profile_bootstrap"":false,""selected_unique_profile_sources"":1292,""weight"":0.25833333333333336},""low_carbon_london"":{""available_profile_sources"":5000,""logical_devices"":2416,""mean_profile_reuse"":1.0,""profile_bootstrap"":false,""selected_unique_profile_sources"":2416,""weight"":0.48333333333333334}}",dataset_combinations_mixed_physical_fleet_v1,,,,
predefined_mixed_scenario,S1-A,Similar residential,相似住宅半小时电表融合,ieee33,transactive_control,Transactive control,O(N log N),18,4657393,5357393,dominant_plus_15pp,5000,"{""camsl_japan_smart_meters"":0.3333333333333333,""irish_domestic_smart_meters"":0.3333333333333333,""low_carbon_london"":0.3333333333333333}","{""camsl_japan_smart_meters"":0.25833333333333336,""irish_domestic_smart_meters"":0.25833333333333336,""low_carbon_london"":0.48333333333333334}","{""camsl_japan_smart_meters"":1292,""irish_domestic_smart_meters"":1292,""low_carbon_london"":2416}",False,test,85.76416452021755,68.19848537668746,17.56567914353009,20.48137382529886,0.8947740000000001,0.6961591496139281,0,0.0,21.517760694869715,3.952081551339624,0.0,"{""camsl_japan_smart_meters"":{""available_profile_sources"":1423,""logical_devices"":1292,""mean_profile_reuse"":1.0,""profile_bootstrap"":false,""selected_unique_profile_sources"":1292,""weight"":0.25833333333333336},""irish_domestic_smart_meters"":{""available_profile_sources"":2904,""logical_devices"":1292,""mean_profile_reuse"":1.0,""profile_bootstrap"":false,""selected_unique_profile_sources"":1292,""weight"":0.25833333333333336},""low_carbon_london"":{""available_profile_sources"":5000,""logical_devices"":2416,""mean_profile_reuse"":1.0,""profile_bootstrap"":false,""selected_unique_profile_sources"":2416,""weight"":0.48333333333333334}}",dataset_combinations_mixed_physical_fleet_v1,,,,
predefined_mixed_scenario,S1-A,Similar residential,相似住宅半小时电表融合,ieee33,transactive_control,Transactive control,O(N log N),19,4657394,5357394,dominant_plus_15pp,5000,"{""camsl_japan_smart_meters"":0.3333333333333333,""irish_domestic_smart_meters"":0.3333333333333333,""low_carbon_london"":0.3333333333333333}","{""camsl_japan_smart_meters"":0.25833333333333336,""irish_domestic_smart_meters"":0.25833333333333336,""low_carbon_london"":0.48333333333333334}","{""camsl_japan_smart_meters"":1292,""irish_domestic_smart_meters"":1292,""low_carbon_london"":2416}",False,test,118.41016684931087,98.11097324910301,20.29919360020785,17.14311713287312,0.8950980000000003,0.39914665432530844,0,0.0,20.99665937380836,0.6974657736005103,0.0,"{""camsl_japan_smart_meters"":{""available_profile_sources"":1423,""logical_devices"":1292,""mean_profile_reuse"":1.0,""profile_bootstrap"":false,""selected_unique_profile_sources"":1292,""weight"":0.25833333333333336},""irish_domestic_smart_meters"":{""available_profile_sources"":2904,""logical_devices"":1292,""mean_profile_reuse"":1.0,""profile_bootstrap"":false,""selected_unique_profile_sources"":1292,""weight"":0.25833333333333336},""low_carbon_london"":{""available_profile_sources"":5000,""logical_devices"":2416,""mean_profile_reuse"":1.0,""profile_bootstrap"":false,""selected_unique_profile_sources"":2416,""weight"":0.48333333333333334}}",dataset_combinations_mixed_physical_fleet_v1,,,,
predefined_mixed_scenario,S1-A,Similar residential,相似住宅半小时电表融合,ieee33,transactive_control,Transactive control,O(N log N),20,4657395,5357395,dominant_minus_15pp,5000,"{""camsl_japan_smart_meters"":0.3333333333333333,""irish_domestic_smart_meters"":0.3333333333333333,""low_carbon_london"":0.3333333333333333}","{""camsl_japan_smart_meters"":0.40833333333333327,""irish_domestic_smart_meters"":0.40833333333333327,""low_carbon_london"":0.18333333333333332}","{""camsl_japan_smart_meters"":2042,""irish_domestic_smart_meters"":2042,""low_carbon_london"":916}",False,test,93.2690404867517,73.61922754468449,19.64981294206721,21.067883661629768,0.8945960000000003,0.6894204546300033,0,0.0,21.497515286806948,1.847702344739734,0.0,"{""camsl_japan_smart_meters"":{""available_profile_sources"":1423,""logical_devices"":2042,""mean_profile_reuse"":1.8837638376383763,""profile_bootstrap"":true,""selected_unique_profile_sources"":1084,""weight"":0.40833333333333327},""irish_domestic_smart_meters"":{""available_profile_sources"":2904,""logical_devices"":2042,""mean_profile_reuse"":1.0,""profile_bootstrap"":false,""selected_unique_profile_sources"":2042,""weight"":0.40833333333333327},""low_carbon_london"":{""available_profile_sources"":5000,""logical_devices"":916,""mean_profile_reuse"":1.0,""profile_bootstrap"":false,""selected_unique_profile_sources"":916,""weight"":0.18333333333333332}}",dataset_combinations_mixed_physical_fleet_v1,,,,
predefined_mixed_scenario,S1-A,Similar residential,相似住宅半小时电表融合,ieee33,transactive_control,Transactive control,O(N log N),21,4657396,5357396,dominant_minus_15pp,5000,"{""camsl_japan_smart_meters"":0.3333333333333333,""irish_domestic_smart_meters"":0.3333333333333333,""low_carbon_london"":0.3333333333333333}","{""camsl_japan_smart_meters"":0.40833333333333327,""irish_domestic_smart_meters"":0.40833333333333327,""low_carbon_london"":0.18333333333333332}","{""camsl_japan_smart_meters"":2042,""irish_domestic_smart_meters"":2042,""low_carbon_london"":916}",False,test,92.40298950872925,73.30438136706599,19.098608141663266,20.668820611977093,0.8944959999999992,0.6901312064173519,0,0.0,21.34750904212905,2.248900900465787,0.0,"{""camsl_japan_smart_meters"":{""available_profile_sources"":1423,""logical_devices"":2042,""mean_profile_reuse"":1.9209783631232362,""profile_bootstrap"":true,""selected_unique_profile_sources"":1063,""weight"":0.40833333333333327},""irish_domestic_smart_meters"":{""available_profile_sources"":2904,""logical_devices"":2042,""mean_profile_reuse"":1.0,""profile_bootstrap"":false,""selected_unique_profile_sources"":2042,""weight"":0.40833333333333327},""low_carbon_london"":{""available_profile_sources"":5000,""logical_devices"":916,""mean_profile_reuse"":1.0,""profile_bootstrap"":false,""selected_unique_profile_sources"":916,""weight"":0.18333333333333332}}",dataset_combinations_mixed_physical_fleet_v1,,,,
predefined_mixed_scenario,S1-A,Similar residential,相似住宅半小时电表融合,ieee33,transactive_control,Transactive control,O(N log N),22,4657397,5357397,dominant_minus_15pp,5000,"{""camsl_japan_smart_meters"":0.3333333333333333,""irish_domestic_smart_meters"":0.3333333333333333,""low_carbon_london"":0.3333333333333333}","{""camsl_japan_smart_meters"":0.40833333333333327,""irish_domestic_smart_meters"":0.40833333333333327,""low_carbon_london"":0.18333333333333332}","{""camsl_japan_smart_meters"":2042,""irish_domestic_smart_meters"":2042,""low_carbon_london"":916}",False,test,102.22662157479874,81.95353428500744,20.273087289791306,19.831514509121856,0.8952979999999999,0.5789526483495337,0,0.0,21.496604042573054,1.2235167527817479,0.0,"{""camsl_japan_smart_meters"":{""available_profile_sources"":1423,""logical_devices"":2042,""mean_profile_reuse"":1.8820276497695851,""profile_bootstrap"":true,""selected_unique_profile_sources"":1085,""weight"":0.40833333333333327},""irish_domestic_smart_meters"":{""available_profile_sources"":2904,""logical_devices"":2042,""mean_profile_reuse"":1.0,""profile_bootstrap"":false,""selected_unique_profile_sources"":2042,""weight"":0.40833333333333327},""low_carbon_london"":{""available_profile_sources"":5000,""logical_devices"":916,""mean_profile_reuse"":1.0,""profile_bootstrap"":false,""selected_unique_profile_sources"":916,""weight"":0.18333333333333332}}",dataset_combinations_mixed_physical_fleet_v1,,,,
predefined_mixed_scenario,S1-A,Similar residential,相似住宅半小时电表融合,ieee33,transactive_control,Transactive control,O(N log N),23,4657398,5357398,dominant_minus_15pp,5000,"{""camsl_japan_smart_meters"":0.3333333333333333,""irish_domestic_smart_meters"":0.3333333333333333,""low_carbon_london"":0.3333333333333333}","{""camsl_japan_smart_meters"":0.40833333333333327,""irish_domestic_smart_meters"":0.40833333333333327,""low_carbon_london"":0.18333333333333332}","{""camsl_japan_smart_meters"":2042,""irish_domestic_smart_meters"":2042,""low_carbon_london"":916}",False,test,116.3221913077552,95.44977201661462,20.87241929114059,17.943626281865807,0.8966560000000001,0.41315491327207327,0,0.0,21.249979413383382,0.377560122242784,0.0,"{""camsl_japan_smart_meters"":{""available_profile_sources"":1423,""logical_devices"":2042,""mean_profile_reuse"":1.88724584103512,""profile_bootstrap"":true,""selected_unique_profile_sources"":1082,""weight"":0.40833333333333327},""irish_domestic_smart_meters"":{""available_profile_sources"":2904,""logical_devices"":2042,""mean_profile_reuse"":1.0,""profile_bootstrap"":false,""selected_unique_profile_sources"":2042,""weight"":0.40833333333333327},""low_carbon_london"":{""available_profile_sources"":5000,""logical_devices"":916,""mean_profile_reuse"":1.0,""profile_bootstrap"":false,""selected_unique_profile_sources"":916,""weight"":0.18333333333333332}}",dataset_combinations_mixed_physical_fleet_v1,,,,
predefined_mixed_scenario,S1-A,Similar residential,相似住宅半小时电表融合,ieee33,transactive_control,Transactive control,O(N log N),24,4657399,5357399,dominant_minus_15pp,5000,"{""camsl_japan_smart_meters"":0.3333333333333333,""irish_domestic_smart_meters"":0.3333333333333333,""low_carbon_london"":0.3333333333333333}","{""camsl_japan_smart_meters"":0.40833333333333327,""irish_domestic_smart_meters"":0.40833333333333327,""low_carbon_london"":0.18333333333333332}","{""camsl_japan_smart_meters"":2042,""irish_domestic_smart_meters"":2042,""low_carbon_london"":916}",False,test,119.4510929930663,98.9824649326789,20.468628060387402,17.135572013205046,0.8942439999999996,0.39555055527153093,0,0.0,21.15923439538934,0.6906063350019355,0.0,"{""camsl_japan_smart_meters"":{""available_profile_sources"":1423,""logical_devices"":2042,""mean_profile_reuse"":1.86996336996337,""profile_bootstrap"":true,""selected_unique_profile_sources"":1092,""weight"":0.40833333333333327},""irish_domestic_smart_meters"":{""available_profile_sources"":2904,""logical_devices"":2042,""mean_profile_reuse"":1.0,""profile_bootstrap"":false,""selected_unique_profile_sources"":2042,""weight"":0.40833333333333327},""low_carbon_london"":{""available_profile_sources"":5000,""logical_devices"":916,""mean_profile_reuse"":1.0,""profile_bootstrap"":false,""selected_unique_profile_sources"":916,""weight"":0.18333333333333332}}",dataset_combinations_mixed_physical_fleet_v1,,,,
predefined_mixed_scenario,S1-A,Similar residential,相似住宅半小时电表融合,ieee33,transactive_control,Transactive control,O(N log N),25,4657400,5357400,dominant_minus_15pp,5000,"{""camsl_japan_smart_meters"":0.3333333333333333,""irish_domestic_smart_meters"":0.3333333333333333,""low_carbon_london"":0.3333333333333333}","{""camsl_japan_smart_meters"":0.40833333333333327,""irish_domestic_smart_meters"":0.40833333333333327,""low_carbon_london"":0.18333333333333332}","{""camsl_japan_smart_meters"":2042,""irish_domestic_smart_meters"":2042,""low_carbon_london"":916}",False,test,118.89435512200482,98.36960204414822,20.52475307785661,17.26301728689717,0.895362,0.39567028544097477,0,0.0,21.080001153511592,0.5552480756549849,0.0,"{""camsl_japan_smart_meters"":{""available_profile_sources"":1423,""logical_devices"":2042,""mean_profile_reuse"":1.88724584103512,""profile_bootstrap"":true,""selected_unique_profile_sources"":1082,""weight"":0.40833333333333327},""irish_domestic_smart_meters"":{""available_profile_sources"":2904,""logical_devices"":2042,""mean_profile_reuse"":1.0,""profile_bootstrap"":false,""selected_unique_profile_sources"":2042,""weight"":0.40833333333333327},""low_carbon_london"":{""available_profile_sources"":5000,""logical_devices"":916,""mean_profile_reuse"":1.0,""profile_bootstrap"":false,""selected_unique_profile_sources"":916,""weight"":0.18333333333333332}}",dataset_combinations_mixed_physical_fleet_v1,,,,
predefined_mixed_scenario,S1-A,Similar residential,相似住宅半小时电表融合,ieee33,transactive_control,Transactive control,O(N log N),26,4657401,5357401,dominant_minus_15pp,5000,"{""camsl_japan_smart_meters"":0.3333333333333333,""irish_domestic_smart_meters"":0.3333333333333333,""low_carbon_london"":0.3333333333333333}","{""camsl_japan_smart_meters"":0.40833333333333327,""irish_domestic_smart_meters"":0.40833333333333327,""low_carbon_london"":0.18333333333333332}","{""camsl_japan_smart_meters"":2042,""irish_domestic_smart_meters"":2042,""low_carbon_london"":916}",False,test,117.2874345015762,96.62540213869116,20.662032362885046,17.6165779827057,0.8947119999999998,0.4131944444444444,0,0.0,21.048014178576086,0.38598181569103873,0.0,"{""camsl_japan_smart_meters"":{""available_profile_sources"":1423,""logical_devices"":2042,""mean_profile_reuse"":1.852994555353902,""profile_bootstrap"":true,""selected_unique_profile_sources"":1102,""weight"":0.40833333333333327},""irish_domestic_smart_meters"":{""available_profile_sources"":2904,""logical_devices"":2042,""mean_profile_reuse"":1.0,""profile_bootstrap"":false,""selected_unique_profile_sources"":2042,""weight"":0.40833333333333327},""low_carbon_london"":{""available_profile_sources"":5000,""logical_devices"":916,""mean_profile_reuse"":1.0,""profile_bootstrap"":false,""selected_unique_profile_sources"":916,""weight"":0.18333333333333332}}",dataset_combinations_mixed_physical_fleet_v1,,,,
predefined_mixed_scenario,S1-A,Similar residential,相似住宅半小时电表融合,ieee33,transactive_control,Transactive control,O(N log N),27,4657402,5357402,dominant_minus_15pp,5000,"{""camsl_japan_smart_meters"":0.3333333333333333,""irish_domestic_smart_meters"":0.3333333333333333,""low_carbon_london"":0.3333333333333333}","{""camsl_japan_smart_meters"":0.40833333333333327,""irish_domestic_smart_meters"":0.40833333333333327,""low_carbon_london"":0.18333333333333332}","{""camsl_japan_smart_meters"":2042,""irish_domestic_smart_meters"":2042,""low_carbon_london"":916}",False,test,96.21695444906057,76.5879836360268,19.62897081303376,20.400740103892794,0.8942839999999996,0.6918591881873295,0,0.0,21.701473266880278,2.072502453846518,0.0,"{""camsl_japan_smart_meters"":{""available_profile_sources"":1423,""logical_devices"":2042,""mean_profile_reuse"":1.9030754892823858,""profile_bootstrap"":true,""selected_unique_profile_sources"":1073,""weight"":0.40833333333333327},""irish_domestic_smart_meters"":{""available_profile_sources"":2904,""logical_devices"":2042,""mean_profile_reuse"":1.0,""profile_bootstrap"":false,""selected_unique_profile_sources"":2042,""weight"":0.40833333333333327},""low_carbon_london"":{""available_profile_sources"":5000,""logical_devices"":916,""mean_profile_reuse"":1.0,""profile_bootstrap"":false,""selected_unique_profile_sources"":916,""weight"":0.18333333333333332}}",dataset_combinations_mixed_physical_fleet_v1,,,,
predefined_mixed_scenario,S1-A,Similar residential,相似住宅半小时电表融合,ieee33,transactive_control,Transactive control,O(N log N),28,4657403,5357403,dominant_minus_15pp,5000,"{""camsl_japan_smart_meters"":0.3333333333333333,""irish_domestic_smart_meters"":0.3333333333333333,""low_carbon_london"":0.3333333333333333}","{""camsl_japan_smart_meters"":0.40833333333333327,""irish_domestic_smart_meters"":0.40833333333333327,""low_carbon_london"":0.18333333333333332}","{""camsl_japan_smart_meters"":2042,""irish_domestic_smart_meters"":2042,""low_carbon_london"":916}",False,test,118.52095606968443,97.84250710012388,20.67844896956055,17.447082486748293,0.8952919999999995,0.3991976334199923,0,0.0,21.198862512206155,0.5204135426456102,0.0,"{""camsl_japan_smart_meters"":{""available_profile_sources"":1423,""logical_devices"":2042,""mean_profile_reuse"":1.9245994344957587,""profile_bootstrap"":true,""selected_unique_profile_sources"":1061,""weight"":0.40833333333333327},""irish_domestic_smart_meters"":{""available_profile_sources"":2904,""logical_devices"":2042,""mean_profile_reuse"":1.0,""profile_bootstrap"":false,""selected_unique_profile_sources"":2042,""weight"":0.40833333333333327},""low_carbon_london"":{""available_profile_sources"":5000,""logical_devices"":916,""mean_profile_reuse"":1.0,""profile_bootstrap"":false,""selected_unique_profile_sources"":916,""weight"":0.18333333333333332}}",dataset_combinations_mixed_physical_fleet_v1,,,,
predefined_mixed_scenario,S1-A,Similar residential,相似住宅半小时电表融合,ieee33,transactive_control,Transactive control,O(N log N),29,4657404,5357404,dominant_minus_15pp,5000,"{""camsl_japan_smart_meters"":0.3333333333333333,""irish_domestic_smart_meters"":0.3333333333333333,""low_carbon_london"":0.3333333333333333}","{""camsl_japan_smart_meters"":0.40833333333333327,""irish_domestic_smart_meters"":0.40833333333333327,""low_carbon_london"":0.18333333333333332}","{""camsl_japan_smart_meters"":2042,""irish_domestic_smart_meters"":2042,""low_carbon_london"":916}",False,test,119.31449170210253,98.89790236798895,20.416589334113585,17.1115755034087,0.8951939999999999,0.3956897374456219,0,0.0,21.07216994980319,0.655580615689602,0.0,"{""camsl_japan_smart_meters"":{""available_profile_sources"":1423,""logical_devices"":2042,""mean_profile_reuse"":1.8855032317636196,""profile_bootstrap"":true,""selected_unique_profile_sources"":1083,""weight"":0.40833333333333327},""irish_domestic_smart_meters"":{""available_profile_sources"":2904,""logical_devices"":2042,""mean_profile_reuse"":1.0,""profile_bootstrap"":false,""selected_unique_profile_sources"":2042,""weight"":0.40833333333333327},""low_carbon_london"":{""available_profile_sources"":5000,""logical_devices"":916,""mean_profile_reuse"":1.0,""profile_bootstrap"":false,""selected_unique_profile_sources"":916,""weight"":0.18333333333333332}}",dataset_combinations_mixed_physical_fleet_v1,,,,
predefined_mixed_scenario,S1-A,Similar residential,相似住宅半小时电表融合,ieee33,virtual_battery,Virtual battery,O(N),0,4657375,5157375,nominal,5000,"{""camsl_japan_smart_meters"":0.3333333333333333,""irish_domestic_smart_meters"":0.3333333333333333,""low_carbon_london"":0.3333333333333333}","{""camsl_japan_smart_meters"":0.3333333333333333,""irish_domestic_smart_meters"":0.3333333333333333,""low_carbon_london"":0.3333333333333333}","{""camsl_japan_smart_meters"":1667,""irish_domestic_smart_meters"":1666,""low_carbon_london"":1667}",False,test,99.3677053844885,89.47718692597046,9.890518458518043,9.953453609749928,0.8950619999999998,0.625,0,0.0,9.890518458518043,0.0,0.0,"{""camsl_japan_smart_meters"":{""available_profile_sources"":1423,""logical_devices"":1667,""mean_profile_reuse"":1.731048805815161,""profile_bootstrap"":true,""selected_unique_profile_sources"":963,""weight"":0.3333333333333333},""irish_domestic_smart_meters"":{""available_profile_sources"":2904,""logical_devices"":1666,""mean_profile_reuse"":1.0,""profile_bootstrap"":false,""selected_unique_profile_sources"":1666,""weight"":0.3333333333333333},""low_carbon_london"":{""available_profile_sources"":5000,""logical_devices"":1667,""mean_profile_reuse"":1.0,""profile_bootstrap"":false,""selected_unique_profile_sources"":1667,""weight"":0.3333333333333333}}",dataset_combinations_mixed_physical_fleet_v1,,,,
predefined_mixed_scenario,S1-A,Similar residential,相似住宅半小时电表融合,ieee33,virtual_battery,Virtual battery,O(N),1,4657376,5157376,nominal,5000,"{""camsl_japan_smart_meters"":0.3333333333333333,""irish_domestic_smart_meters"":0.3333333333333333,""low_carbon_london"":0.3333333333333333}","{""camsl_japan_smart_meters"":0.3333333333333333,""irish_domestic_smart_meters"":0.3333333333333333,""low_carbon_london"":0.3333333333333333}","{""camsl_japan_smart_meters"":1667,""irish_domestic_smart_meters"":1666,""low_carbon_london"":1667}",False,test,119.21694493224857,106.97918412581082,12.237760806437745,10.265118614969133,0.8946859999999995,0.5,0,0.0,12.237760806437745,0.0,0.0,"{""camsl_japan_smart_meters"":{""available_profile_sources"":1423,""logical_devices"":1667,""mean_profile_reuse"":1.6941056910569106,""profile_bootstrap"":true,""selected_unique_profile_sources"":984,""weight"":0.3333333333333333},""irish_domestic_smart_meters"":{""available_profile_sources"":2904,""logical_devices"":1666,""mean_profile_reuse"":1.0,""profile_bootstrap"":false,""selected_unique_profile_sources"":1666,""weight"":0.3333333333333333},""low_carbon_london"":{""available_profile_sources"":5000,""logical_devices"":1667,""mean_profile_reuse"":1.0,""profile_bootstrap"":false,""selected_unique_profile_sources"":1667,""weight"":0.3333333333333333}}",dataset_combinations_mixed_physical_fleet_v1,,,,
predefined_mixed_scenario,S1-A,Similar residential,相似住宅半小时电表融合,ieee33,virtual_battery,Virtual battery,O(N),2,4657377,5157377,nominal,5000,"{""camsl_japan_smart_meters"":0.3333333333333333,""irish_domestic_smart_meters"":0.3333333333333333,""low_carbon_london"":0.3333333333333333}","{""camsl_japan_smart_meters"":0.3333333333333333,""irish_domestic_smart_meters"":0.3333333333333333,""low_carbon_london"":0.3333333333333333}","{""camsl_japan_smart_meters"":1667,""irish_domestic_smart_meters"":1666,""low_carbon_london"":1667}",False,test,103.67418776136145,92.35394337328837,11.320244388073073,10.919057706176739,0.894655999999999,0.6215277777777778,0,0.0,11.320244388073073,0.0,0.0,"{""camsl_japan_smart_meters"":{""available_profile_sources"":1423,""logical_devices"":1667,""mean_profile_reuse"":1.720330237358101,""profile_bootstrap"":true,""selected_unique_profile_sources"":969,""weight"":0.3333333333333333},""irish_domestic_smart_meters"":{""available_profile_sources"":2904,""logical_devices"":1666,""mean_profile_reuse"":1.0,""profile_bootstrap"":false,""selected_unique_profile_sources"":1666,""weight"":0.3333333333333333},""low_carbon_london"":{""available_profile_sources"":5000,""logical_devices"":1667,""mean_profile_reuse"":1.0,""profile_bootstrap"":false,""selected_unique_profile_sources"":1667,""weight"":0.3333333333333333}}",dataset_combinations_mixed_physical_fleet_v1,,,,
predefined_mixed_scenario,S1-A,Similar residential,相似住宅半小时电表融合,ieee33,virtual_battery,Virtual battery,O(N),3,4657378,5157378,nominal,5000,"{""camsl_japan_smart_meters"":0.3333333333333333,""irish_domestic_smart_meters"":0.3333333333333333,""low_carbon_london"":0.3333333333333333}","{""camsl_japan_smart_meters"":0.3333333333333333,""irish_domestic_smart_meters"":0.3333333333333333,""low_carbon_london"":0.3333333333333333}","{""camsl_japan_smart_meters"":1667,""irish_domestic_smart_meters"":1666,""low_carbon_london"":1667}",False,test,100.84251368366546,90.39331832582711,10.449195357838343,10.36189497478871,0.8949539999999994,0.625,0,0.0,10.449195357838343,0.0,0.0,"{""camsl_japan_smart_meters"":{""available_profile_sources"":1423,""logical_devices"":1667,""mean_profile_reuse"":1.7027579162410622,""profile_bootstrap"":true,""selected_unique_profile_sources"":979,""weight"":0.3333333333333333},""irish_domestic_smart_meters"":{""available_profile_sources"":2904,""logical_devices"":1666,""mean_profile_reuse"":1.0,""profile_bootstrap"":false,""selected_unique_profile_sources"":1666,""weight"":0.3333333333333333},""low_carbon_london"":{""available_profile_sources"":5000,""logical_devices"":1667,""mean_profile_reuse"":1.0,""profile_bootstrap"":false,""selected_unique_profile_sources"":1667,""weight"":0.3333333333333333}}",dataset_combinations_mixed_physical_fleet_v1,,,,
predefined_mixed_scenario,S1-A,Similar residential,相似住宅半小时电表融合,ieee33,virtual_battery,Virtual battery,O(N),4,4657379,5157379,nominal,5000,"{""camsl_japan_smart_meters"":0.3333333333333333,""irish_domestic_smart_meters"":0.3333333333333333,""low_carbon_london"":0.3333333333333333}","{""camsl_japan_smart_meters"":0.3333333333333333,""irish_domestic_smart_meters"":0.3333333333333333,""low_carbon_london"":0.3333333333333333}","{""camsl_japan_smart_meters"":1667,""irish_domestic_smart_meters"":1666,""low_carbon_london"":1667}",False,test,118.22025518856613,105.34754666568071,12.872708522885423,10.888750411131259,0.8946880000000001,0.5277777777777778,0,0.0,12.872708522885423,0.0,0.0,"{""camsl_japan_smart_meters"":{""available_profile_sources"":1423,""logical_devices"":1667,""mean_profile_reuse"":1.6992864424057084,""profile_bootstrap"":true,""selected_unique_profile_sources"":981,""weight"":0.3333333333333333},""irish_domestic_smart_meters"":{""available_profile_sources"":2904,""logical_devices"":1666,""mean_profile_reuse"":1.0,""profile_bootstrap"":false,""selected_unique_profile_sources"":1666,""weight"":0.3333333333333333},""low_carbon_london"":{""available_profile_sources"":5000,""logical_devices"":1667,""mean_profile_reuse"":1.0,""profile_bootstrap"":false,""selected_unique_profile_sources"":1667,""weight"":0.3333333333333333}}",dataset_combinations_mixed_physical_fleet_v1,,,,
predefined_mixed_scenario,S1-A,Similar residential,相似住宅半小时电表融合,ieee33,virtual_battery,Virtual battery,O(N),5,4657380,5157380,nominal,5000,"{""camsl_japan_smart_meters"":0.3333333333333333,""irish_domestic_smart_meters"":0.3333333333333333,""low_carbon_london"":0.3333333333333333}","{""camsl_japan_smart_meters"":0.3333333333333333,""irish_domestic_smart_meters"":0.3333333333333333,""low_carbon_london"":0.3333333333333333}","{""camsl_japan_smart_meters"":1667,""irish_domestic_smart_meters"":1666,""low_carbon_london"":1667}",False,test,118.5166012881671,105.92490657245499,12.591694715712114,10.624414283612506,0.894162,0.5173611111111112,0,0.0,12.591694715712114,0.0,0.0,"{""camsl_japan_smart_meters"":{""available_profile_sources"":1423,""logical_devices"":1667,""mean_profile_reuse"":1.683838383838384,""profile_bootstrap"":true,""selected_unique_profile_sources"":990,""weight"":0.3333333333333333},""irish_domestic_smart_meters"":{""available_profile_sources"":2904,""logical_devices"":1666,""mean_profile_reuse"":1.0,""profile_bootstrap"":false,""selected_unique_profile_sources"":1666,""weight"":0.3333333333333333},""low_carbon_london"":{""available_profile_sources"":5000,""logical_devices"":1667,""mean_profile_reuse"":1.0,""profile_bootstrap"":false,""selected_unique_profile_sources"":1667,""weight"":0.3333333333333333}}",dataset_combinations_mixed_physical_fleet_v1,,,,
predefined_mixed_scenario,S1-A,Similar residential,相似住宅半小时电表融合,ieee33,virtual_battery,Virtual battery,O(N),6,4657381,5157381,nominal,5000,"{""camsl_japan_smart_meters"":0.3333333333333333,""irish_domestic_smart_meters"":0.3333333333333333,""low_carbon_london"":0.3333333333333333}","{""camsl_japan_smart_meters"":0.3333333333333333,""irish_domestic_smart_meters"":0.3333333333333333,""low_carbon_london"":0.3333333333333333}","{""camsl_japan_smart_meters"":1667,""irish_domestic_smart_meters"":1666,""low_carbon_london"":1667}",False,test,118.9945898212779,106.57566278124837,12.418927040029525,10.436547626813914,0.8957160000000004,0.5069444444444444,0,0.0,12.418927040029525,0.0,0.0,"{""camsl_japan_smart_meters"":{""available_profile_sources"":1423,""logical_devices"":1667,""mean_profile_reuse"":1.6992864424057084,""profile_bootstrap"":true,""selected_unique_profile_sources"":981,""weight"":0.3333333333333333},""irish_domestic_smart_meters"":{""available_profile_sources"":2904,""logical_devices"":1666,""mean_profile_reuse"":1.0,""profile_bootstrap"":false,""selected_unique_profile_sources"":1666,""weight"":0.3333333333333333},""low_carbon_london"":{""available_profile_sources"":5000,""logical_devices"":1667,""mean_profile_reuse"":1.0,""profile_bootstrap"":false,""selected_unique_profile_sources"":1667,""weight"":0.3333333333333333}}",dataset_combinations_mixed_physical_fleet_v1,,,,
predefined_mixed_scenario,S1-A,Similar residential,相似住宅半小时电表融合,ieee33,virtual_battery,Virtual battery,O(N),7,4657382,5157382,nominal,5000,"{""camsl_japan_smart_meters"":0.3333333333333333,""irish_domestic_smart_meters"":0.3333333333333333,""low_carbon_london"":0.3333333333333333}","{""camsl_japan_smart_meters"":0.3333333333333333,""irish_domestic_smart_meters"":0.3333333333333333,""low_carbon_london"":0.3333333333333333}","{""camsl_japan_smart_meters"":1667,""irish_domestic_smart_meters"":1666,""low_carbon_london"":1667}",False,test,87.09713392105506,79.5798676580076,7.517266263047456,8.630899691671967,0.8956439999999998,0.6527777777777778,0,0.0,7.517266263047456,0.0,0.0,"{""camsl_japan_smart_meters"":{""available_profile_sources"":1423,""logical_devices"":1667,""mean_profile_reuse"":1.6889564336372846,""profile_bootstrap"":true,""selected_unique_profile_sources"":987,""weight"":0.3333333333333333},""irish_domestic_smart_meters"":{""available_profile_sources"":2904,""logical_devices"":1666,""mean_profile_reuse"":1.0,""profile_bootstrap"":false,""selected_unique_profile_sources"":1666,""weight"":0.3333333333333333},""low_carbon_london"":{""available_profile_sources"":5000,""logical_devices"":1667,""mean_profile_reuse"":1.0,""profile_bootstrap"":false,""selected_unique_profile_sources"":1667,""weight"":0.3333333333333333}}",dataset_combinations_mixed_physical_fleet_v1,,,,
predefined_mixed_scenario,S1-A,Similar residential,相似住宅半小时电表融合,ieee33,virtual_battery,Virtual battery,O(N),8,4657383,5157383,nominal,5000,"{""camsl_japan_smart_meters"":0.3333333333333333,""irish_domestic_smart_meters"":0.3333333333333333,""low_carbon_london"":0.3333333333333333}","{""camsl_japan_smart_meters"":0.3333333333333333,""irish_domestic_smart_meters"":0.3333333333333333,""low_carbon_london"":0.3333333333333333}","{""camsl_japan_smart_meters"":1667,""irish_domestic_smart_meters"":1666,""low_carbon_london"":1667}",False,test,87.17765553011797,79.26305434377504,7.914601186342931,9.078703869948203,0.8949440000000002,0.65625,0,0.0,7.914601186342931,0.0,0.0,"{""camsl_japan_smart_meters"":{""available_profile_sources"":1423,""logical_devices"":1667,""mean_profile_reuse"":1.6923857868020304,""profile_bootstrap"":true,""selected_unique_profile_sources"":985,""weight"":0.3333333333333333},""irish_domestic_smart_meters"":{""available_profile_sources"":2904,""logical_devices"":1666,""mean_profile_reuse"":1.0,""profile_bootstrap"":false,""selected_unique_profile_sources"":1666,""weight"":0.3333333333333333},""low_carbon_london"":{""available_profile_sources"":5000,""logical_devices"":1667,""mean_profile_reuse"":1.0,""profile_bootstrap"":false,""selected_unique_profile_sources"":1667,""weight"":0.3333333333333333}}",dataset_combinations_mixed_physical_fleet_v1,,,,
predefined_mixed_scenario,S1-A,Similar residential,相似住宅半小时电表融合,ieee33,virtual_battery,Virtual battery,O(N),9,4657384,5157384,nominal,5000,"{""camsl_japan_smart_meters"":0.3333333333333333,""irish_domestic_smart_meters"":0.3333333333333333,""low_carbon_london"":0.3333333333333333}","{""camsl_japan_smart_meters"":0.3333333333333333,""irish_domestic_smart_meters"":0.3333333333333333,""low_carbon_london"":0.3333333333333333}","{""camsl_japan_smart_meters"":1667,""irish_domestic_smart_meters"":1666,""low_carbon_london"":1667}",False,test,117.18441098538555,104.19050236727611,12.993908618109446,11.088427640541672,0.8938899999999997,0.5381944444444444,0,0.0,12.993908618109446,0.0,0.0,"{""camsl_japan_smart_meters"":{""available_profile_sources"":1423,""logical_devices"":1667,""mean_profile_reuse"":1.683838383838384,""profile_bootstrap"":true,""selected_unique_profile_sources"":990,""weight"":0.3333333333333333},""irish_domestic_smart_meters"":{""available_profile_sources"":2904,""logical_devices"":1666,""mean_profile_reuse"":1.0,""profile_bootstrap"":false,""selected_unique_profile_sources"":1666,""weight"":0.3333333333333333},""low_carbon_london"":{""available_profile_sources"":5000,""logical_devices"":1667,""mean_profile_reuse"":1.0,""profile_bootstrap"":false,""selected_unique_profile_sources"":1667,""weight"":0.3333333333333333}}",dataset_combinations_mixed_physical_fleet_v1,,,,
predefined_mixed_scenario,S1-A,Similar residential,相似住宅半小时电表融合,ieee33,virtual_battery,Virtual battery,O(N),10,4657385,5157385,dominant_plus_15pp,5000,"{""camsl_japan_smart_meters"":0.3333333333333333,""irish_domestic_smart_meters"":0.3333333333333333,""low_carbon_london"":0.3333333333333333}","{""camsl_japan_smart_meters"":0.25833333333333336,""irish_domestic_smart_meters"":0.25833333333333336,""low_carbon_london"":0.48333333333333334}","{""camsl_japan_smart_meters"":1292,""irish_domestic_smart_meters"":1292,""low_carbon_london"":2416}",False,test,75.76570392262022,68.40289555902467,7.362808363595544,9.717864392991332,0.8947900000000001,0.6944444444444444,0,0.0,7.362808363595544,0.0,0.0,"{""camsl_japan_smart_meters"":{""available_profile_sources"":1423,""logical_devices"":1292,""mean_profile_reuse"":1.0,""profile_bootstrap"":false,""selected_unique_profile_sources"":1292,""weight"":0.25833333333333336},""irish_domestic_smart_meters"":{""available_profile_sources"":2904,""logical_devices"":1292,""mean_profile_reuse"":1.0,""profile_bootstrap"":false,""selected_unique_profile_sources"":1292,""weight"":0.25833333333333336},""low_carbon_london"":{""available_profile_sources"":5000,""logical_devices"":2416,""mean_profile_reuse"":1.0,""profile_bootstrap"":false,""selected_unique_profile_sources"":2416,""weight"":0.48333333333333334}}",dataset_combinations_mixed_physical_fleet_v1,,,,
predefined_mixed_scenario,S1-A,Similar residential,相似住宅半小时电表融合,ieee33,virtual_battery,Virtual battery,O(N),11,4657386,5157386,dominant_plus_15pp,5000,"{""camsl_japan_smart_meters"":0.3333333333333333,""irish_domestic_smart_meters"":0.3333333333333333,""low_carbon_london"":0.3333333333333333}","{""camsl_japan_smart_meters"":0.25833333333333336,""irish_domestic_smart_meters"":0.25833333333333336,""low_carbon_london"":0.48333333333333334}","{""camsl_japan_smart_meters"":1292,""irish_domestic_smart_meters"":1292,""low_carbon_london"":2416}",False,test,116.4149542490602,103.27411525383545,13.140838995224756,11.287930386598797,0.8943260000000003,0.5486111111111112,0,0.0,13.140838995224756,0.0,0.0,"{""camsl_japan_smart_meters"":{""available_profile_sources"":1423,""logical_devices"":1292,""mean_profile_reuse"":1.0,""profile_bootstrap"":false,""selected_unique_profile_sources"":1292,""weight"":0.25833333333333336},""irish_domestic_smart_meters"":{""available_profile_sources"":2904,""logical_devices"":1292,""mean_profile_reuse"":1.0,""profile_bootstrap"":false,""selected_unique_profile_sources"":1292,""weight"":0.25833333333333336},""low_carbon_london"":{""available_profile_sources"":5000,""logical_devices"":2416,""mean_profile_reuse"":1.0,""profile_bootstrap"":false,""selected_unique_profile_sources"":2416,""weight"":0.48333333333333334}}",dataset_combinations_mixed_physical_fleet_v1,,,,
predefined_mixed_scenario,S1-A,Similar residential,相似住宅半小时电表融合,ieee33,virtual_battery,Virtual battery,O(N),12,4657387,5157387,dominant_plus_15pp,5000,"{""camsl_japan_smart_meters"":0.3333333333333333,""irish_domestic_smart_meters"":0.3333333333333333,""low_carbon_london"":0.3333333333333333}","{""camsl_japan_smart_meters"":0.25833333333333336,""irish_domestic_smart_meters"":0.25833333333333336,""low_carbon_london"":0.48333333333333334}","{""camsl_japan_smart_meters"":1292,""irish_domestic_smart_meters"":1292,""low_carbon_london"":2416}",False,test,115.78958326868634,102.7034457128475,13.08613755583884,11.30165355675635,0.8945400000000001,0.5555555555555556,0,0.0,13.08613755583884,0.0,0.0,"{""camsl_japan_smart_meters"":{""available_profile_sources"":1423,""logical_devices"":1292,""mean_profile_reuse"":1.0,""profile_bootstrap"":false,""selected_unique_profile_sources"":1292,""weight"":0.25833333333333336},""irish_domestic_smart_meters"":{""available_profile_sources"":2904,""logical_devices"":1292,""mean_profile_reuse"":1.0,""profile_bootstrap"":false,""selected_unique_profile_sources"":1292,""weight"":0.25833333333333336},""low_carbon_london"":{""available_profile_sources"":5000,""logical_devices"":2416,""mean_profile_reuse"":1.0,""profile_bootstrap"":false,""selected_unique_profile_sources"":2416,""weight"":0.48333333333333334}}",dataset_combinations_mixed_physical_fleet_v1,,,,
predefined_mixed_scenario,S1-A,Similar residential,相似住宅半小时电表融合,ieee33,virtual_battery,Virtual battery,O(N),13,4657388,5157388,dominant_plus_15pp,5000,"{""camsl_japan_smart_meters"":0.3333333333333333,""irish_domestic_smart_meters"":0.3333333333333333,""low_carbon_london"":0.3333333333333333}","{""camsl_japan_smart_meters"":0.25833333333333336,""irish_domestic_smart_meters"":0.25833333333333336,""low_carbon_london"":0.48333333333333334}","{""camsl_japan_smart_meters"":1292,""irish_domestic_smart_meters"":1292,""low_carbon_london"":2416}",False,test,81.53054604710435,74.31780256606429,7.212743481040067,8.846676283601603,0.8951759999999997,0.6631944444444444,0,0.0,7.212743481040067,0.0,0.0,"{""camsl_japan_smart_meters"":{""available_profile_sources"":1423,""logical_devices"":1292,""mean_profile_reuse"":1.0,""profile_bootstrap"":false,""selected_unique_profile_sources"":1292,""weight"":0.25833333333333336},""irish_domestic_smart_meters"":{""available_profile_sources"":2904,""logical_devices"":1292,""mean_profile_reuse"":1.0,""profile_bootstrap"":false,""selected_unique_profile_sources"":1292,""weight"":0.25833333333333336},""low_carbon_london"":{""available_profile_sources"":5000,""logical_devices"":2416,""mean_profile_reuse"":1.0,""profile_bootstrap"":false,""selected_unique_profile_sources"":2416,""weight"":0.48333333333333334}}",dataset_combinations_mixed_physical_fleet_v1,,,,
predefined_mixed_scenario,S1-A,Similar residential,相似住宅半小时电表融合,ieee33,virtual_battery,Virtual battery,O(N),14,4657389,5157389,dominant_plus_15pp,5000,"{""camsl_japan_smart_meters"":0.3333333333333333,""irish_domestic_smart_meters"":0.3333333333333333,""low_carbon_london"":0.3333333333333333}","{""camsl_japan_smart_meters"":0.25833333333333336,""irish_domestic_smart_meters"":0.25833333333333336,""low_carbon_london"":0.48333333333333334}","{""camsl_japan_smart_meters"":1292,""irish_domestic_smart_meters"":1292,""low_carbon_london"":2416}",False,test,76.22127183905698,68.63841136413379,7.582860474923196,9.948483267157473,0.8954239999999997,0.6944444444444444,0,0.0,7.582860474923196,0.0,0.0,"{""camsl_japan_smart_meters"":{""available_profile_sources"":1423,""logical_devices"":1292,""mean_profile_reuse"":1.0,""profile_bootstrap"":false,""selected_unique_profile_sources"":1292,""weight"":0.25833333333333336},""irish_domestic_smart_meters"":{""available_profile_sources"":2904,""logical_devices"":1292,""mean_profile_reuse"":1.0,""profile_bootstrap"":false,""selected_unique_profile_sources"":1292,""weight"":0.25833333333333336},""low_carbon_london"":{""available_profile_sources"":5000,""logical_devices"":2416,""mean_profile_reuse"":1.0,""profile_bootstrap"":false,""selected_unique_profile_sources"":2416,""weight"":0.48333333333333334}}",dataset_combinations_mixed_physical_fleet_v1,,,,
predefined_mixed_scenario,S1-A,Similar residential,相似住宅半小时电表融合,ieee33,virtual_battery,Virtual battery,O(N),15,4657390,5157390,dominant_plus_15pp,5000,"{""camsl_japan_smart_meters"":0.3333333333333333,""irish_domestic_smart_meters"":0.3333333333333333,""low_carbon_london"":0.3333333333333333}","{""camsl_japan_smart_meters"":0.25833333333333336,""irish_domestic_smart_meters"":0.25833333333333336,""low_carbon_london"":0.48333333333333334}","{""camsl_japan_smart_meters"":1292,""irish_domestic_smart_meters"":1292,""low_carbon_london"":2416}",False,test,116.27915361730868,103.5025042823756,12.776649334933078,10.987910504562892,0.8948260000000001,0.5416666666666666,0,0.0,12.776649334933078,0.0,0.0,"{""camsl_japan_smart_meters"":{""available_profile_sources"":1423,""logical_devices"":1292,""mean_profile_reuse"":1.0,""profile_bootstrap"":false,""selected_unique_profile_sources"":1292,""weight"":0.25833333333333336},""irish_domestic_smart_meters"":{""available_profile_sources"":2904,""logical_devices"":1292,""mean_profile_reuse"":1.0,""profile_bootstrap"":false,""selected_unique_profile_sources"":1292,""weight"":0.25833333333333336},""low_carbon_london"":{""available_profile_sources"":5000,""logical_devices"":2416,""mean_profile_reuse"":1.0,""profile_bootstrap"":false,""selected_unique_profile_sources"":2416,""weight"":0.48333333333333334}}",dataset_combinations_mixed_physical_fleet_v1,,,,
predefined_mixed_scenario,S1-A,Similar residential,相似住宅半小时电表融合,ieee33,virtual_battery,Virtual battery,O(N),16,4657391,5157391,dominant_plus_15pp,5000,"{""camsl_japan_smart_meters"":0.3333333333333333,""irish_domestic_smart_meters"":0.3333333333333333,""low_carbon_london"":0.3333333333333333}","{""camsl_japan_smart_meters"":0.25833333333333336,""irish_domestic_smart_meters"":0.25833333333333336,""low_carbon_london"":0.48333333333333334}","{""camsl_japan_smart_meters"":1292,""irish_domestic_smart_meters"":1292,""low_carbon_london"":2416}",False,test,61.910215668387224,54.83107226677273,7.079143401614496,11.434531967281238,0.8945319999999998,0.7291666666666666,0,0.0,7.079143401614496,0.0,0.0,"{""camsl_japan_smart_meters"":{""available_profile_sources"":1423,""logical_devices"":1292,""mean_profile_reuse"":1.0,""profile_bootstrap"":false,""selected_unique_profile_sources"":1292,""weight"":0.25833333333333336},""irish_domestic_smart_meters"":{""available_profile_sources"":2904,""logical_devices"":1292,""mean_profile_reuse"":1.0,""profile_bootstrap"":false,""selected_unique_profile_sources"":1292,""weight"":0.25833333333333336},""low_carbon_london"":{""available_profile_sources"":5000,""logical_devices"":2416,""mean_profile_reuse"":1.0,""profile_bootstrap"":false,""selected_unique_profile_sources"":2416,""weight"":0.48333333333333334}}",dataset_combinations_mixed_physical_fleet_v1,,,,
predefined_mixed_scenario,S1-A,Similar residential,相似住宅半小时电表融合,ieee33,virtual_battery,Virtual battery,O(N),17,4657392,5157392,dominant_plus_15pp,5000,"{""camsl_japan_smart_meters"":0.3333333333333333,""irish_domestic_smart_meters"":0.3333333333333333,""low_carbon_london"":0.3333333333333333}","{""camsl_japan_smart_meters"":0.25833333333333336,""irish_domestic_smart_meters"":0.25833333333333336,""low_carbon_london"":0.48333333333333334}","{""camsl_japan_smart_meters"":1292,""irish_domestic_smart_meters"":1292,""low_carbon_london"":2416}",False,test,118.63779734592659,105.80575294497389,12.832044400952702,10.81615192461535,0.895342,0.5208333333333334,0,0.0,12.832044400952702,0.0,0.0,"{""camsl_japan_smart_meters"":{""available_profile_sources"":1423,""logical_devices"":1292,""mean_profile_reuse"":1.0,""profile_bootstrap"":false,""selected_unique_profile_sources"":1292,""weight"":0.25833333333333336},""irish_domestic_smart_meters"":{""available_profile_sources"":2904,""logical_devices"":1292,""mean_profile_reuse"":1.0,""profile_bootstrap"":false,""selected_unique_profile_sources"":1292,""weight"":0.25833333333333336},""low_carbon_london"":{""available_profile_sources"":5000,""logical_devices"":2416,""mean_profile_reuse"":1.0,""profile_bootstrap"":false,""selected_unique_profile_sources"":2416,""weight"":0.48333333333333334}}",dataset_combinations_mixed_physical_fleet_v1,,,,
predefined_mixed_scenario,S1-A,Similar residential,相似住宅半小时电表融合,ieee33,virtual_battery,Virtual battery,O(N),18,4657393,5157393,dominant_plus_15pp,5000,"{""camsl_japan_smart_meters"":0.3333333333333333,""irish_domestic_smart_meters"":0.3333333333333333,""low_carbon_london"":0.3333333333333333}","{""camsl_japan_smart_meters"":0.25833333333333336,""irish_domestic_smart_meters"":0.25833333333333336,""low_carbon_london"":0.48333333333333334}","{""camsl_japan_smart_meters"":1292,""irish_domestic_smart_meters"":1292,""low_carbon_london"":2416}",False,test,85.76416452021755,78.08133174745723,7.682832772760317,8.95809201400104,0.8947740000000001,0.65625,0,0.0,7.682832772760317,0.0,0.0,"{""camsl_japan_smart_meters"":{""available_profile_sources"":1423,""logical_devices"":1292,""mean_profile_reuse"":1.0,""profile_bootstrap"":false,""selected_unique_profile_sources"":1292,""weight"":0.25833333333333336},""irish_domestic_smart_meters"":{""available_profile_sources"":2904,""logical_devices"":1292,""mean_profile_reuse"":1.0,""profile_bootstrap"":false,""selected_unique_profile_sources"":1292,""weight"":0.25833333333333336},""low_carbon_london"":{""available_profile_sources"":5000,""logical_devices"":2416,""mean_profile_reuse"":1.0,""profile_bootstrap"":false,""selected_unique_profile_sources"":2416,""weight"":0.48333333333333334}}",dataset_combinations_mixed_physical_fleet_v1,,,,
predefined_mixed_scenario,S1-A,Similar residential,相似住宅半小时电表融合,ieee33,virtual_battery,Virtual battery,O(N),19,4657394,5157394,dominant_plus_15pp,5000,"{""camsl_japan_smart_meters"":0.3333333333333333,""irish_domestic_smart_meters"":0.3333333333333333,""low_carbon_london"":0.3333333333333333}","{""camsl_japan_smart_meters"":0.25833333333333336,""irish_domestic_smart_meters"":0.25833333333333336,""low_carbon_london"":0.48333333333333334}","{""camsl_japan_smart_meters"":1292,""irish_domestic_smart_meters"":1292,""low_carbon_london"":2416}",False,test,118.41016684931087,106.3250502209314,12.085116628379467,10.206147791142818,0.8950980000000003,0.5,0,0.0,12.085116628379467,0.0,0.0,"{""camsl_japan_smart_meters"":{""available_profile_sources"":1423,""logical_devices"":1292,""mean_profile_reuse"":1.0,""profile_bootstrap"":false,""selected_unique_profile_sources"":1292,""weight"":0.25833333333333336},""irish_domestic_smart_meters"":{""available_profile_sources"":2904,""logical_devices"":1292,""mean_profile_reuse"":1.0,""profile_bootstrap"":false,""selected_unique_profile_sources"":1292,""weight"":0.25833333333333336},""low_carbon_london"":{""available_profile_sources"":5000,""logical_devices"":2416,""mean_profile_reuse"":1.0,""profile_bootstrap"":false,""selected_unique_profile_sources"":2416,""weight"":0.48333333333333334}}",dataset_combinations_mixed_physical_fleet_v1,,,,
predefined_mixed_scenario,S1-A,Similar residential,相似住宅半小时电表融合,ieee33,virtual_battery,Virtual battery,O(N),20,4657395,5157395,dominant_minus_15pp,5000,"{""camsl_japan_smart_meters"":0.3333333333333333,""irish_domestic_smart_meters"":0.3333333333333333,""low_carbon_london"":0.3333333333333333}","{""camsl_japan_smart_meters"":0.40833333333333327,""irish_domestic_smart_meters"":0.40833333333333327,""low_carbon_london"":0.18333333333333332}","{""camsl_japan_smart_meters"":2042,""irish_domestic_smart_meters"":2042,""low_carbon_london"":916}",False,test,93.2690404867517,85.06994378770196,8.199096699049754,8.790802024187627,0.8945960000000003,0.6388888888888888,0,0.0,8.199096699049754,0.0,0.0,"{""camsl_japan_smart_meters"":{""available_profile_sources"":1423,""logical_devices"":2042,""mean_profile_reuse"":1.8837638376383763,""profile_bootstrap"":true,""selected_unique_profile_sources"":1084,""weight"":0.40833333333333327},""irish_domestic_smart_meters"":{""available_profile_sources"":2904,""logical_devices"":2042,""mean_profile_reuse"":1.0,""profile_bootstrap"":false,""selected_unique_profile_sources"":2042,""weight"":0.40833333333333327},""low_carbon_london"":{""available_profile_sources"":5000,""logical_devices"":916,""mean_profile_reuse"":1.0,""profile_bootstrap"":false,""selected_unique_profile_sources"":916,""weight"":0.18333333333333332}}",dataset_combinations_mixed_physical_fleet_v1,,,,
predefined_mixed_scenario,S1-A,Similar residential,相似住宅半小时电表融合,ieee33,virtual_battery,Virtual battery,O(N),21,4657396,5157396,dominant_minus_15pp,5000,"{""camsl_japan_smart_meters"":0.3333333333333333,""irish_domestic_smart_meters"":0.3333333333333333,""low_carbon_london"":0.3333333333333333}","{""camsl_japan_smart_meters"":0.40833333333333327,""irish_domestic_smart_meters"":0.40833333333333327,""low_carbon_london"":0.18333333333333332}","{""camsl_japan_smart_meters"":2042,""irish_domestic_smart_meters"":2042,""low_carbon_london"":916}",False,test,92.40298950872925,84.23936446977162,8.163625038957637,8.834806192267644,0.8944959999999992,0.6423611111111112,0,0.0,8.163625038957637,0.0,0.0,"{""camsl_japan_smart_meters"":{""available_profile_sources"":1423,""logical_devices"":2042,""mean_profile_reuse"":1.9209783631232362,""profile_bootstrap"":true,""selected_unique_profile_sources"":1063,""weight"":0.40833333333333327},""irish_domestic_smart_meters"":{""available_profile_sources"":2904,""logical_devices"":2042,""mean_profile_reuse"":1.0,""profile_bootstrap"":false,""selected_unique_profile_sources"":2042,""weight"":0.40833333333333327},""low_carbon_london"":{""available_profile_sources"":5000,""logical_devices"":916,""mean_profile_reuse"":1.0,""profile_bootstrap"":false,""selected_unique_profile_sources"":916,""weight"":0.18333333333333332}}",dataset_combinations_mixed_physical_fleet_v1,,,,
predefined_mixed_scenario,S1-A,Similar residential,相似住宅半小时电表融合,ieee33,virtual_battery,Virtual battery,O(N),22,4657397,5157397,dominant_minus_15pp,5000,"{""camsl_japan_smart_meters"":0.3333333333333333,""irish_domestic_smart_meters"":0.3333333333333333,""low_carbon_london"":0.3333333333333333}","{""camsl_japan_smart_meters"":0.40833333333333327,""irish_domestic_smart_meters"":0.40833333333333327,""low_carbon_london"":0.18333333333333332}","{""camsl_japan_smart_meters"":2042,""irish_domestic_smart_meters"":2042,""low_carbon_london"":916}",False,test,102.22662157479874,91.46584788507208,10.760773689726662,10.526390801101702,0.8952979999999999,0.625,0,0.0,10.760773689726662,0.0,0.0,"{""camsl_japan_smart_meters"":{""available_profile_sources"":1423,""logical_devices"":2042,""mean_profile_reuse"":1.8820276497695851,""profile_bootstrap"":true,""selected_unique_profile_sources"":1085,""weight"":0.40833333333333327},""irish_domestic_smart_meters"":{""available_profile_sources"":2904,""logical_devices"":2042,""mean_profile_reuse"":1.0,""profile_bootstrap"":false,""selected_unique_profile_sources"":2042,""weight"":0.40833333333333327},""low_carbon_london"":{""available_profile_sources"":5000,""logical_devices"":916,""mean_profile_reuse"":1.0,""profile_bootstrap"":false,""selected_unique_profile_sources"":916,""weight"":0.18333333333333332}}",dataset_combinations_mixed_physical_fleet_v1,,,,
predefined_mixed_scenario,S1-A,Similar residential,相似住宅半小时电表融合,ieee33,virtual_battery,Virtual battery,O(N),23,4657398,5157398,dominant_minus_15pp,5000,"{""camsl_japan_smart_meters"":0.3333333333333333,""irish_domestic_smart_meters"":0.3333333333333333,""low_carbon_london"":0.3333333333333333}","{""camsl_japan_smart_meters"":0.40833333333333327,""irish_domestic_smart_meters"":0.40833333333333327,""low_carbon_london"":0.18333333333333332}","{""camsl_japan_smart_meters"":2042,""irish_domestic_smart_meters"":2042,""low_carbon_london"":916}",False,test,116.3221913077552,103.02247328653844,13.299718021216767,11.433517432653515,0.8966560000000001,0.5590277777777778,0,0.0,13.299718021216767,0.0,0.0,"{""camsl_japan_smart_meters"":{""available_profile_sources"":1423,""logical_devices"":2042,""mean_profile_reuse"":1.88724584103512,""profile_bootstrap"":true,""selected_unique_profile_sources"":1082,""weight"":0.40833333333333327},""irish_domestic_smart_meters"":{""available_profile_sources"":2904,""logical_devices"":2042,""mean_profile_reuse"":1.0,""profile_bootstrap"":false,""selected_unique_profile_sources"":2042,""weight"":0.40833333333333327},""low_carbon_london"":{""available_profile_sources"":5000,""logical_devices"":916,""mean_profile_reuse"":1.0,""profile_bootstrap"":false,""selected_unique_profile_sources"":916,""weight"":0.18333333333333332}}",dataset_combinations_mixed_physical_fleet_v1,,,,
predefined_mixed_scenario,S1-A,Similar residential,相似住宅半小时电表融合,ieee33,virtual_battery,Virtual battery,O(N),24,4657399,5157399,dominant_minus_15pp,5000,"{""camsl_japan_smart_meters"":0.3333333333333333,""irish_domestic_smart_meters"":0.3333333333333333,""low_carbon_london"":0.3333333333333333}","{""camsl_japan_smart_meters"":0.40833333333333327,""irish_domestic_smart_meters"":0.40833333333333327,""low_carbon_london"":0.18333333333333332}","{""camsl_japan_smart_meters"":2042,""irish_domestic_smart_meters"":2042,""low_carbon_london"":916}",False,test,119.4510929930663,106.7904424416612,12.660650551405103,10.59902444939537,0.8942439999999996,0.5104166666666666,0,0.0,12.660650551405103,0.0,0.0,"{""camsl_japan_smart_meters"":{""available_profile_sources"":1423,""logical_devices"":2042,""mean_profile_reuse"":1.86996336996337,""profile_bootstrap"":true,""selected_unique_profile_sources"":1092,""weight"":0.40833333333333327},""irish_domestic_smart_meters"":{""available_profile_sources"":2904,""logical_devices"":2042,""mean_profile_reuse"":1.0,""profile_bootstrap"":false,""selected_unique_profile_sources"":2042,""weight"":0.40833333333333327},""low_carbon_london"":{""available_profile_sources"":5000,""logical_devices"":916,""mean_profile_reuse"":1.0,""profile_bootstrap"":false,""selected_unique_profile_sources"":916,""weight"":0.18333333333333332}}",dataset_combinations_mixed_physical_fleet_v1,,,,
predefined_mixed_scenario,S1-A,Similar residential,相似住宅半小时电表融合,ieee33,virtual_battery,Virtual battery,O(N),25,4657400,5157400,dominant_minus_15pp,5000,"{""camsl_japan_smart_meters"":0.3333333333333333,""irish_domestic_smart_meters"":0.3333333333333333,""low_carbon_london"":0.3333333333333333}","{""camsl_japan_smart_meters"":0.40833333333333327,""irish_domestic_smart_meters"":0.40833333333333327,""low_carbon_london"":0.18333333333333332}","{""camsl_japan_smart_meters"":2042,""irish_domestic_smart_meters"":2042,""low_carbon_london"":916}",False,test,118.89435512200482,106.2142284796037,12.680126642401122,10.66503672894248,0.895362,0.5034722222222222,0,0.0,12.680126642401122,0.0,0.0,"{""camsl_japan_smart_meters"":{""available_profile_sources"":1423,""logical_devices"":2042,""mean_profile_reuse"":1.88724584103512,""profile_bootstrap"":true,""selected_unique_profile_sources"":1082,""weight"":0.40833333333333327},""irish_domestic_smart_meters"":{""available_profile_sources"":2904,""logical_devices"":2042,""mean_profile_reuse"":1.0,""profile_bootstrap"":false,""selected_unique_profile_sources"":2042,""weight"":0.40833333333333327},""low_carbon_london"":{""available_profile_sources"":5000,""logical_devices"":916,""mean_profile_reuse"":1.0,""profile_bootstrap"":false,""selected_unique_profile_sources"":916,""weight"":0.18333333333333332}}",dataset_combinations_mixed_physical_fleet_v1,,,,
predefined_mixed_scenario,S1-A,Similar residential,相似住宅半小时电表融合,ieee33,virtual_battery,Virtual battery,O(N),26,4657401,5157401,dominant_minus_15pp,5000,"{""camsl_japan_smart_meters"":0.3333333333333333,""irish_domestic_smart_meters"":0.3333333333333333,""low_carbon_london"":0.3333333333333333}","{""camsl_japan_smart_meters"":0.40833333333333327,""irish_domestic_smart_meters"":0.40833333333333327,""low_carbon_london"":0.18333333333333332}","{""camsl_japan_smart_meters"":2042,""irish_domestic_smart_meters"":2042,""low_carbon_london"":916}",False,test,117.2874345015762,104.34874554049296,12.938688961083248,11.031607107843563,0.8947119999999998,0.5381944444444444,0,0.0,12.938688961083248,0.0,0.0,"{""camsl_japan_smart_meters"":{""available_profile_sources"":1423,""logical_devices"":2042,""mean_profile_reuse"":1.852994555353902,""profile_bootstrap"":true,""selected_unique_profile_sources"":1102,""weight"":0.40833333333333327},""irish_domestic_smart_meters"":{""available_profile_sources"":2904,""logical_devices"":2042,""mean_profile_reuse"":1.0,""profile_bootstrap"":false,""selected_unique_profile_sources"":2042,""weight"":0.40833333333333327},""low_carbon_london"":{""available_profile_sources"":5000,""logical_devices"":916,""mean_profile_reuse"":1.0,""profile_bootstrap"":false,""selected_unique_profile_sources"":916,""weight"":0.18333333333333332}}",dataset_combinations_mixed_physical_fleet_v1,,,,
predefined_mixed_scenario,S1-A,Similar residential,相似住宅半小时电表融合,ieee33,virtual_battery,Virtual battery,O(N),27,4657402,5157402,dominant_minus_15pp,5000,"{""camsl_japan_smart_meters"":0.3333333333333333,""irish_domestic_smart_meters"":0.3333333333333333,""low_carbon_london"":0.3333333333333333}","{""camsl_japan_smart_meters"":0.40833333333333327,""irish_domestic_smart_meters"":0.40833333333333327,""low_carbon_london"":0.18333333333333332}","{""camsl_japan_smart_meters"":2042,""irish_domestic_smart_meters"":2042,""low_carbon_london"":916}",False,test,96.21695444906057,87.28453940448436,8.932415044576206,9.283618563613159,0.8942839999999996,0.6319444444444444,0,0.0,8.932415044576206,0.0,0.0,"{""camsl_japan_smart_meters"":{""available_profile_sources"":1423,""logical_devices"":2042,""mean_profile_reuse"":1.9030754892823858,""profile_bootstrap"":true,""selected_unique_profile_sources"":1073,""weight"":0.40833333333333327},""irish_domestic_smart_meters"":{""available_profile_sources"":2904,""logical_devices"":2042,""mean_profile_reuse"":1.0,""profile_bootstrap"":false,""selected_unique_profile_sources"":2042,""weight"":0.40833333333333327},""low_carbon_london"":{""available_profile_sources"":5000,""logical_devices"":916,""mean_profile_reuse"":1.0,""profile_bootstrap"":false,""selected_unique_profile_sources"":916,""weight"":0.18333333333333332}}",dataset_combinations_mixed_physical_fleet_v1,,,,
predefined_mixed_scenario,S1-A,Similar residential,相似住宅半小时电表融合,ieee33,virtual_battery,Virtual battery,O(N),28,4657403,5157403,dominant_minus_15pp,5000,"{""camsl_japan_smart_meters"":0.3333333333333333,""irish_domestic_smart_meters"":0.3333333333333333,""low_carbon_london"":0.3333333333333333}","{""camsl_japan_smart_meters"":0.40833333333333327,""irish_domestic_smart_meters"":0.40833333333333327,""low_carbon_london"":0.18333333333333332}","{""camsl_japan_smart_meters"":2042,""irish_domestic_smart_meters"":2042,""low_carbon_london"":916}",False,test,118.52095606968443,105.55938915100809,12.961566918676342,10.936097166694793,0.8952919999999995,0.5277777777777778,0,0.0,12.961566918676342,0.0,0.0,"{""camsl_japan_smart_meters"":{""available_profile_sources"":1423,""logical_devices"":2042,""mean_profile_reuse"":1.9245994344957587,""profile_bootstrap"":true,""selected_unique_profile_sources"":1061,""weight"":0.40833333333333327},""irish_domestic_smart_meters"":{""available_profile_sources"":2904,""logical_devices"":2042,""mean_profile_reuse"":1.0,""profile_bootstrap"":false,""selected_unique_profile_sources"":2042,""weight"":0.40833333333333327},""low_carbon_london"":{""available_profile_sources"":5000,""logical_devices"":916,""mean_profile_reuse"":1.0,""profile_bootstrap"":false,""selected_unique_profile_sources"":916,""weight"":0.18333333333333332}}",dataset_combinations_mixed_physical_fleet_v1,,,,
predefined_mixed_scenario,S1-A,Similar residential,相似住宅半小时电表融合,ieee33,virtual_battery,Virtual battery,O(N),29,4657404,5157404,dominant_minus_15pp,5000,"{""camsl_japan_smart_meters"":0.3333333333333333,""irish_domestic_smart_meters"":0.3333333333333333,""low_carbon_london"":0.3333333333333333}","{""camsl_japan_smart_meters"":0.40833333333333327,""irish_domestic_smart_meters"":0.40833333333333327,""low_carbon_london"":0.18333333333333332}","{""camsl_japan_smart_meters"":2042,""irish_domestic_smart_meters"":2042,""low_carbon_london"":916}",False,test,119.31449170210253,106.8207395148277,12.493752187274842,10.471278056037407,0.8951939999999999,0.5104166666666666,0,0.0,12.493752187274842,0.0,0.0,"{""camsl_japan_smart_meters"":{""available_profile_sources"":1423,""logical_devices"":2042,""mean_profile_reuse"":1.8855032317636196,""profile_bootstrap"":true,""selected_unique_profile_sources"":1083,""weight"":0.40833333333333327},""irish_domestic_smart_meters"":{""available_profile_sources"":2904,""logical_devices"":2042,""mean_profile_reuse"":1.0,""profile_bootstrap"":false,""selected_unique_profile_sources"":2042,""weight"":0.40833333333333327},""low_carbon_london"":{""available_profile_sources"":5000,""logical_devices"":916,""mean_profile_reuse"":1.0,""profile_bootstrap"":false,""selected_unique_profile_sources"":916,""weight"":0.18333333333333332}}",dataset_combinations_mixed_physical_fleet_v1,,,,
