combination_type,scenario,scenario_label,scenario_purpose,network_mode,algorithm,algorithm_label,complexity,seed_index,fleet_seed,algorithm_seed,composition_regime,fleet_size,nominal_weights_json,actual_weights_json,device_counts_json,spatial_clustering,partition,baseline_curtailment_mwh,remaining_curtailment_mwh,accepted_absorption_mwh,mean_reduction_pct,availability_fraction,mean_network_scale,network_violation_steps,max_soc_violation,total_charging_mwh,excess_grid_charging_mwh,total_discharge_mwh,dataset_audit_json,protocol,mean_formula_intensity,mean_nn_intensity,mean_optimized_intensity,mean_predicted_response_kw
predefined_mixed_scenario,S1-B,Building-heat pump-residential,建筑、热泵和带受控负荷住宅的高差异融合,aggregate,centralized_optimal,Centralized greedy UB,O(N),0,4192405,5192405,nominal,5000,"{""bdg2_building_data_genome"":0.3333333333333333,""heapo_heat_pumps"":0.3333333333333333,""smart_grid_smart_city"":0.3333333333333333}","{""bdg2_building_data_genome"":0.3333333333333333,""heapo_heat_pumps"":0.3333333333333333,""smart_grid_smart_city"":0.3333333333333333}","{""bdg2_building_data_genome"":1667,""heapo_heat_pumps"":1667,""smart_grid_smart_city"":1666}",False,test,33.770062841823574,12.18729854092581,21.582764300897765,63.910939111928236,0.8953080000000005,0.958972240904947,0,0.0,21.582764300897765,1.9326762412674726e-15,0.0,"{""bdg2_building_data_genome"":{""available_profile_sources"":1570,""logical_devices"":1667,""mean_profile_reuse"":1.6603585657370519,""profile_bootstrap"":true,""selected_unique_profile_sources"":1004,""weight"":0.3333333333333333},""heapo_heat_pumps"":{""available_profile_sources"":1362,""logical_devices"":1667,""mean_profile_reuse"":1.727461139896373,""profile_bootstrap"":true,""selected_unique_profile_sources"":965,""weight"":0.3333333333333333},""smart_grid_smart_city"":{""available_profile_sources"":5000,""logical_devices"":1666,""mean_profile_reuse"":1.0,""profile_bootstrap"":false,""selected_unique_profile_sources"":1666,""weight"":0.3333333333333333}}",dataset_combinations_mixed_physical_fleet_v1,,,,
predefined_mixed_scenario,S1-B,Building-heat pump-residential,建筑、热泵和带受控负荷住宅的高差异融合,aggregate,centralized_optimal,Centralized greedy UB,O(N),1,4192406,5192406,nominal,5000,"{""bdg2_building_data_genome"":0.3333333333333333,""heapo_heat_pumps"":0.3333333333333333,""smart_grid_smart_city"":0.3333333333333333}","{""bdg2_building_data_genome"":0.3333333333333333,""heapo_heat_pumps"":0.3333333333333333,""smart_grid_smart_city"":0.3333333333333333}","{""bdg2_building_data_genome"":1667,""heapo_heat_pumps"":1667,""smart_grid_smart_city"":1666}",False,test,34.60258790505812,12.76100082034128,21.841587084716842,63.121253082703944,0.8949139999999988,0.9541271605104424,0,0.0,21.84158708471685,1.2884508275116482e-15,0.0,"{""bdg2_building_data_genome"":{""available_profile_sources"":1570,""logical_devices"":1667,""mean_profile_reuse"":1.6168768186226965,""profile_bootstrap"":true,""selected_unique_profile_sources"":1031,""weight"":0.3333333333333333},""heapo_heat_pumps"":{""available_profile_sources"":1362,""logical_devices"":1667,""mean_profile_reuse"":1.7346514047866806,""profile_bootstrap"":true,""selected_unique_profile_sources"":961,""weight"":0.3333333333333333},""smart_grid_smart_city"":{""available_profile_sources"":5000,""logical_devices"":1666,""mean_profile_reuse"":1.0,""profile_bootstrap"":false,""selected_unique_profile_sources"":1666,""weight"":0.3333333333333333}}",dataset_combinations_mixed_physical_fleet_v1,,,,
predefined_mixed_scenario,S1-B,Building-heat pump-residential,建筑、热泵和带受控负荷住宅的高差异融合,aggregate,centralized_optimal,Centralized greedy UB,O(N),2,4192407,5192407,nominal,5000,"{""bdg2_building_data_genome"":0.3333333333333333,""heapo_heat_pumps"":0.3333333333333333,""smart_grid_smart_city"":0.3333333333333333}","{""bdg2_building_data_genome"":0.3333333333333333,""heapo_heat_pumps"":0.3333333333333333,""smart_grid_smart_city"":0.3333333333333333}","{""bdg2_building_data_genome"":1667,""heapo_heat_pumps"":1667,""smart_grid_smart_city"":1666}",False,test,34.571407372048384,13.056504824573864,21.51490254747452,62.233227348649145,0.8935520000000002,0.9529492252423025,0,0.0,21.51490254747452,7.958078640513122e-16,0.0,"{""bdg2_building_data_genome"":{""available_profile_sources"":1570,""logical_devices"":1667,""mean_profile_reuse"":1.5921680993314231,""profile_bootstrap"":true,""selected_unique_profile_sources"":1047,""weight"":0.3333333333333333},""heapo_heat_pumps"":{""available_profile_sources"":1362,""logical_devices"":1667,""mean_profile_reuse"":1.7132579650565263,""profile_bootstrap"":true,""selected_unique_profile_sources"":973,""weight"":0.3333333333333333},""smart_grid_smart_city"":{""available_profile_sources"":5000,""logical_devices"":1666,""mean_profile_reuse"":1.0,""profile_bootstrap"":false,""selected_unique_profile_sources"":1666,""weight"":0.3333333333333333}}",dataset_combinations_mixed_physical_fleet_v1,,,,
predefined_mixed_scenario,S1-B,Building-heat pump-residential,建筑、热泵和带受控负荷住宅的高差异融合,aggregate,centralized_optimal,Centralized greedy UB,O(N),3,4192408,5192408,nominal,5000,"{""bdg2_building_data_genome"":0.3333333333333333,""heapo_heat_pumps"":0.3333333333333333,""smart_grid_smart_city"":0.3333333333333333}","{""bdg2_building_data_genome"":0.3333333333333333,""heapo_heat_pumps"":0.3333333333333333,""smart_grid_smart_city"":0.3333333333333333}","{""bdg2_building_data_genome"":1667,""heapo_heat_pumps"":1667,""smart_grid_smart_city"":1666}",False,test,34.40789121539473,12.645889812515826,21.7620014028789,63.247123360882334,0.8936060000000008,0.9558196726612924,0,0.0,21.7620014028789,6.063298011819521e-16,0.0,"{""bdg2_building_data_genome"":{""available_profile_sources"":1570,""logical_devices"":1667,""mean_profile_reuse"":1.6359175662414132,""profile_bootstrap"":true,""selected_unique_profile_sources"":1019,""weight"":0.3333333333333333},""heapo_heat_pumps"":{""available_profile_sources"":1362,""logical_devices"":1667,""mean_profile_reuse"":1.7185567010309277,""profile_bootstrap"":true,""selected_unique_profile_sources"":970,""weight"":0.3333333333333333},""smart_grid_smart_city"":{""available_profile_sources"":5000,""logical_devices"":1666,""mean_profile_reuse"":1.0,""profile_bootstrap"":false,""selected_unique_profile_sources"":1666,""weight"":0.3333333333333333}}",dataset_combinations_mixed_physical_fleet_v1,,,,
predefined_mixed_scenario,S1-B,Building-heat pump-residential,建筑、热泵和带受控负荷住宅的高差异融合,aggregate,centralized_optimal,Centralized greedy UB,O(N),4,4192409,5192409,nominal,5000,"{""bdg2_building_data_genome"":0.3333333333333333,""heapo_heat_pumps"":0.3333333333333333,""smart_grid_smart_city"":0.3333333333333333}","{""bdg2_building_data_genome"":0.3333333333333333,""heapo_heat_pumps"":0.3333333333333333,""smart_grid_smart_city"":0.3333333333333333}","{""bdg2_building_data_genome"":1667,""heapo_heat_pumps"":1667,""smart_grid_smart_city"":1666}",False,test,34.22166491262871,12.437997757110143,21.783667155518568,63.654609473660685,0.8943359999999999,0.9548188520057015,0,0.0,21.783667155518568,9.094947017729283e-16,0.0,"{""bdg2_building_data_genome"":{""available_profile_sources"":1570,""logical_devices"":1667,""mean_profile_reuse"":1.629521016617791,""profile_bootstrap"":true,""selected_unique_profile_sources"":1023,""weight"":0.3333333333333333},""heapo_heat_pumps"":{""available_profile_sources"":1362,""logical_devices"":1667,""mean_profile_reuse"":1.7455497382198952,""profile_bootstrap"":true,""selected_unique_profile_sources"":955,""weight"":0.3333333333333333},""smart_grid_smart_city"":{""available_profile_sources"":5000,""logical_devices"":1666,""mean_profile_reuse"":1.0,""profile_bootstrap"":false,""selected_unique_profile_sources"":1666,""weight"":0.3333333333333333}}",dataset_combinations_mixed_physical_fleet_v1,,,,
predefined_mixed_scenario,S1-B,Building-heat pump-residential,建筑、热泵和带受控负荷住宅的高差异融合,aggregate,centralized_optimal,Centralized greedy UB,O(N),5,4192410,5192410,nominal,5000,"{""bdg2_building_data_genome"":0.3333333333333333,""heapo_heat_pumps"":0.3333333333333333,""smart_grid_smart_city"":0.3333333333333333}","{""bdg2_building_data_genome"":0.3333333333333333,""heapo_heat_pumps"":0.3333333333333333,""smart_grid_smart_city"":0.3333333333333333}","{""bdg2_building_data_genome"":1667,""heapo_heat_pumps"":1667,""smart_grid_smart_city"":1666}",False,test,33.40390885113893,11.766193660737787,21.637715190401142,64.77599758407732,0.894052,0.959117116102844,0,0.0,21.637715190401142,1.5158245029548803e-15,0.0,"{""bdg2_building_data_genome"":{""available_profile_sources"":1570,""logical_devices"":1667,""mean_profile_reuse"":1.6311154598825832,""profile_bootstrap"":true,""selected_unique_profile_sources"":1022,""weight"":0.3333333333333333},""heapo_heat_pumps"":{""available_profile_sources"":1362,""logical_devices"":1667,""mean_profile_reuse"":1.741901776384535,""profile_bootstrap"":true,""selected_unique_profile_sources"":957,""weight"":0.3333333333333333},""smart_grid_smart_city"":{""available_profile_sources"":5000,""logical_devices"":1666,""mean_profile_reuse"":1.0,""profile_bootstrap"":false,""selected_unique_profile_sources"":1666,""weight"":0.3333333333333333}}",dataset_combinations_mixed_physical_fleet_v1,,,,
predefined_mixed_scenario,S1-B,Building-heat pump-residential,建筑、热泵和带受控负荷住宅的高差异融合,aggregate,centralized_optimal,Centralized greedy UB,O(N),6,4192411,5192411,nominal,5000,"{""bdg2_building_data_genome"":0.3333333333333333,""heapo_heat_pumps"":0.3333333333333333,""smart_grid_smart_city"":0.3333333333333333}","{""bdg2_building_data_genome"":0.3333333333333333,""heapo_heat_pumps"":0.3333333333333333,""smart_grid_smart_city"":0.3333333333333333}","{""bdg2_building_data_genome"":1667,""heapo_heat_pumps"":1667,""smart_grid_smart_city"":1666}",False,test,34.28020632264545,12.58313920365844,21.697067118987007,63.293280427702555,0.8945940000000004,0.9553497686193455,0,0.0,21.697067118987007,5.305385760342081e-16,0.0,"{""bdg2_building_data_genome"":{""available_profile_sources"":1570,""logical_devices"":1667,""mean_profile_reuse"":1.648862512363996,""profile_bootstrap"":true,""selected_unique_profile_sources"":1011,""weight"":0.3333333333333333},""heapo_heat_pumps"":{""available_profile_sources"":1362,""logical_devices"":1667,""mean_profile_reuse"":1.7473794549266248,""profile_bootstrap"":true,""selected_unique_profile_sources"":954,""weight"":0.3333333333333333},""smart_grid_smart_city"":{""available_profile_sources"":5000,""logical_devices"":1666,""mean_profile_reuse"":1.0,""profile_bootstrap"":false,""selected_unique_profile_sources"":1666,""weight"":0.3333333333333333}}",dataset_combinations_mixed_physical_fleet_v1,,,,
predefined_mixed_scenario,S1-B,Building-heat pump-residential,建筑、热泵和带受控负荷住宅的高差异融合,aggregate,centralized_optimal,Centralized greedy UB,O(N),7,4192412,5192412,nominal,5000,"{""bdg2_building_data_genome"":0.3333333333333333,""heapo_heat_pumps"":0.3333333333333333,""smart_grid_smart_city"":0.3333333333333333}","{""bdg2_building_data_genome"":0.3333333333333333,""heapo_heat_pumps"":0.3333333333333333,""smart_grid_smart_city"":0.3333333333333333}","{""bdg2_building_data_genome"":1667,""heapo_heat_pumps"":1667,""smart_grid_smart_city"":1666}",False,test,33.5646486481881,11.935629584333775,21.629019063854322,64.43987926273708,0.8946139999999999,0.9584653616477871,0,0.0,21.629019063854326,1.1368683772161603e-15,0.0,"{""bdg2_building_data_genome"":{""available_profile_sources"":1570,""logical_devices"":1667,""mean_profile_reuse"":1.629521016617791,""profile_bootstrap"":true,""selected_unique_profile_sources"":1023,""weight"":0.3333333333333333},""heapo_heat_pumps"":{""available_profile_sources"":1362,""logical_devices"":1667,""mean_profile_reuse"":1.731048805815161,""profile_bootstrap"":true,""selected_unique_profile_sources"":963,""weight"":0.3333333333333333},""smart_grid_smart_city"":{""available_profile_sources"":5000,""logical_devices"":1666,""mean_profile_reuse"":1.0,""profile_bootstrap"":false,""selected_unique_profile_sources"":1666,""weight"":0.3333333333333333}}",dataset_combinations_mixed_physical_fleet_v1,,,,
predefined_mixed_scenario,S1-B,Building-heat pump-residential,建筑、热泵和带受控负荷住宅的高差异融合,aggregate,centralized_optimal,Centralized greedy UB,O(N),8,4192413,5192413,nominal,5000,"{""bdg2_building_data_genome"":0.3333333333333333,""heapo_heat_pumps"":0.3333333333333333,""smart_grid_smart_city"":0.3333333333333333}","{""bdg2_building_data_genome"":0.3333333333333333,""heapo_heat_pumps"":0.3333333333333333,""smart_grid_smart_city"":0.3333333333333333}","{""bdg2_building_data_genome"":1667,""heapo_heat_pumps"":1667,""smart_grid_smart_city"":1666}",False,test,35.266990334508364,13.549160174832085,21.71783015967628,61.581183859700154,0.8944260000000006,0.9494639808869493,0,0.0,21.71783015967628,1.0231815394945442e-15,0.0,"{""bdg2_building_data_genome"":{""available_profile_sources"":1570,""logical_devices"":1667,""mean_profile_reuse"":1.6184466019417476,""profile_bootstrap"":true,""selected_unique_profile_sources"":1030,""weight"":0.3333333333333333},""heapo_heat_pumps"":{""available_profile_sources"":1362,""logical_devices"":1667,""mean_profile_reuse"":1.711498973305955,""profile_bootstrap"":true,""selected_unique_profile_sources"":974,""weight"":0.3333333333333333},""smart_grid_smart_city"":{""available_profile_sources"":5000,""logical_devices"":1666,""mean_profile_reuse"":1.0,""profile_bootstrap"":false,""selected_unique_profile_sources"":1666,""weight"":0.3333333333333333}}",dataset_combinations_mixed_physical_fleet_v1,,,,
predefined_mixed_scenario,S1-B,Building-heat pump-residential,建筑、热泵和带受控负荷住宅的高差异融合,aggregate,centralized_optimal,Centralized greedy UB,O(N),9,4192414,5192414,nominal,5000,"{""bdg2_building_data_genome"":0.3333333333333333,""heapo_heat_pumps"":0.3333333333333333,""smart_grid_smart_city"":0.3333333333333333}","{""bdg2_building_data_genome"":0.3333333333333333,""heapo_heat_pumps"":0.3333333333333333,""smart_grid_smart_city"":0.3333333333333333}","{""bdg2_building_data_genome"":1667,""heapo_heat_pumps"":1667,""smart_grid_smart_city"":1666}",False,test,35.3534098498996,13.664011867851407,21.68939798204819,61.350229225795,0.8946980000000001,0.9516240551083486,0,0.0,21.68939798204819,1.3263464400855202e-15,0.0,"{""bdg2_building_data_genome"":{""available_profile_sources"":1570,""logical_devices"":1667,""mean_profile_reuse"":1.620019436345967,""profile_bootstrap"":true,""selected_unique_profile_sources"":1029,""weight"":0.3333333333333333},""heapo_heat_pumps"":{""available_profile_sources"":1362,""logical_devices"":1667,""mean_profile_reuse"":1.7565858798735512,""profile_bootstrap"":true,""selected_unique_profile_sources"":949,""weight"":0.3333333333333333},""smart_grid_smart_city"":{""available_profile_sources"":5000,""logical_devices"":1666,""mean_profile_reuse"":1.0,""profile_bootstrap"":false,""selected_unique_profile_sources"":1666,""weight"":0.3333333333333333}}",dataset_combinations_mixed_physical_fleet_v1,,,,
predefined_mixed_scenario,S1-B,Building-heat pump-residential,建筑、热泵和带受控负荷住宅的高差异融合,aggregate,centralized_optimal,Centralized greedy UB,O(N),10,4192415,5192415,dominant_plus_15pp,5000,"{""bdg2_building_data_genome"":0.3333333333333333,""heapo_heat_pumps"":0.3333333333333333,""smart_grid_smart_city"":0.3333333333333333}","{""bdg2_building_data_genome"":0.48333333333333334,""heapo_heat_pumps"":0.25833333333333336,""smart_grid_smart_city"":0.25833333333333336}","{""bdg2_building_data_genome"":2416,""heapo_heat_pumps"":1292,""smart_grid_smart_city"":1292}",False,test,32.07470647466447,10.830997833530095,21.243708641134372,66.23196585731687,0.8955760000000001,0.9696074264376793,0,0.0,21.243708641134372,1.3263464400855202e-15,0.0,"{""bdg2_building_data_genome"":{""available_profile_sources"":1570,""logical_devices"":2416,""mean_profile_reuse"":1.973856209150327,""profile_bootstrap"":true,""selected_unique_profile_sources"":1224,""weight"":0.48333333333333334},""heapo_heat_pumps"":{""available_profile_sources"":1362,""logical_devices"":1292,""mean_profile_reuse"":1.0,""profile_bootstrap"":false,""selected_unique_profile_sources"":1292,""weight"":0.25833333333333336},""smart_grid_smart_city"":{""available_profile_sources"":5000,""logical_devices"":1292,""mean_profile_reuse"":1.0,""profile_bootstrap"":false,""selected_unique_profile_sources"":1292,""weight"":0.25833333333333336}}",dataset_combinations_mixed_physical_fleet_v1,,,,
predefined_mixed_scenario,S1-B,Building-heat pump-residential,建筑、热泵和带受控负荷住宅的高差异融合,aggregate,centralized_optimal,Centralized greedy UB,O(N),11,4192416,5192416,dominant_plus_15pp,5000,"{""bdg2_building_data_genome"":0.3333333333333333,""heapo_heat_pumps"":0.3333333333333333,""smart_grid_smart_city"":0.3333333333333333}","{""bdg2_building_data_genome"":0.48333333333333334,""heapo_heat_pumps"":0.25833333333333336,""smart_grid_smart_city"":0.25833333333333336}","{""bdg2_building_data_genome"":2416,""heapo_heat_pumps"":1292,""smart_grid_smart_city"":1292}",False,test,31.991966856819207,10.398620716627295,21.593346140191912,67.49615063316811,0.8939279999999997,0.9686661899486791,0,0.0,21.593346140191912,1.0989727646422881e-15,0.0,"{""bdg2_building_data_genome"":{""available_profile_sources"":1570,""logical_devices"":2416,""mean_profile_reuse"":1.9770867430441899,""profile_bootstrap"":true,""selected_unique_profile_sources"":1222,""weight"":0.48333333333333334},""heapo_heat_pumps"":{""available_profile_sources"":1362,""logical_devices"":1292,""mean_profile_reuse"":1.0,""profile_bootstrap"":false,""selected_unique_profile_sources"":1292,""weight"":0.25833333333333336},""smart_grid_smart_city"":{""available_profile_sources"":5000,""logical_devices"":1292,""mean_profile_reuse"":1.0,""profile_bootstrap"":false,""selected_unique_profile_sources"":1292,""weight"":0.25833333333333336}}",dataset_combinations_mixed_physical_fleet_v1,,,,
predefined_mixed_scenario,S1-B,Building-heat pump-residential,建筑、热泵和带受控负荷住宅的高差异融合,aggregate,centralized_optimal,Centralized greedy UB,O(N),12,4192417,5192417,dominant_plus_15pp,5000,"{""bdg2_building_data_genome"":0.3333333333333333,""heapo_heat_pumps"":0.3333333333333333,""smart_grid_smart_city"":0.3333333333333333}","{""bdg2_building_data_genome"":0.48333333333333334,""heapo_heat_pumps"":0.25833333333333336,""smart_grid_smart_city"":0.25833333333333336}","{""bdg2_building_data_genome"":2416,""heapo_heat_pumps"":1292,""smart_grid_smart_city"":1292}",False,test,31.876280372356973,10.451841887185275,21.4244384851717,67.21122488228242,0.8947499999999998,0.9702858390397648,0,0.0,21.424438485171706,3.7895612573872007e-16,0.0,"{""bdg2_building_data_genome"":{""available_profile_sources"":1570,""logical_devices"":2416,""mean_profile_reuse"":1.9722448979591836,""profile_bootstrap"":true,""selected_unique_profile_sources"":1225,""weight"":0.48333333333333334},""heapo_heat_pumps"":{""available_profile_sources"":1362,""logical_devices"":1292,""mean_profile_reuse"":1.0,""profile_bootstrap"":false,""selected_unique_profile_sources"":1292,""weight"":0.25833333333333336},""smart_grid_smart_city"":{""available_profile_sources"":5000,""logical_devices"":1292,""mean_profile_reuse"":1.0,""profile_bootstrap"":false,""selected_unique_profile_sources"":1292,""weight"":0.25833333333333336}}",dataset_combinations_mixed_physical_fleet_v1,,,,
predefined_mixed_scenario,S1-B,Building-heat pump-residential,建筑、热泵和带受控负荷住宅的高差异融合,aggregate,centralized_optimal,Centralized greedy UB,O(N),13,4192418,5192418,dominant_plus_15pp,5000,"{""bdg2_building_data_genome"":0.3333333333333333,""heapo_heat_pumps"":0.3333333333333333,""smart_grid_smart_city"":0.3333333333333333}","{""bdg2_building_data_genome"":0.48333333333333334,""heapo_heat_pumps"":0.25833333333333336,""smart_grid_smart_city"":0.25833333333333336}","{""bdg2_building_data_genome"":2416,""heapo_heat_pumps"":1292,""smart_grid_smart_city"":1292}",False,test,32.53467567659086,11.245514276381325,21.289161400209533,65.4352962108283,0.89465,0.9653645136211126,0,0.0,21.289161400209537,5.684341886080802e-16,0.0,"{""bdg2_building_data_genome"":{""available_profile_sources"":1570,""logical_devices"":2416,""mean_profile_reuse"":1.9754701553556828,""profile_bootstrap"":true,""selected_unique_profile_sources"":1223,""weight"":0.48333333333333334},""heapo_heat_pumps"":{""available_profile_sources"":1362,""logical_devices"":1292,""mean_profile_reuse"":1.0,""profile_bootstrap"":false,""selected_unique_profile_sources"":1292,""weight"":0.25833333333333336},""smart_grid_smart_city"":{""available_profile_sources"":5000,""logical_devices"":1292,""mean_profile_reuse"":1.0,""profile_bootstrap"":false,""selected_unique_profile_sources"":1292,""weight"":0.25833333333333336}}",dataset_combinations_mixed_physical_fleet_v1,,,,
predefined_mixed_scenario,S1-B,Building-heat pump-residential,建筑、热泵和带受控负荷住宅的高差异融合,aggregate,centralized_optimal,Centralized greedy UB,O(N),14,4192419,5192419,dominant_plus_15pp,5000,"{""bdg2_building_data_genome"":0.3333333333333333,""heapo_heat_pumps"":0.3333333333333333,""smart_grid_smart_city"":0.3333333333333333}","{""bdg2_building_data_genome"":0.48333333333333334,""heapo_heat_pumps"":0.25833333333333336,""smart_grid_smart_city"":0.25833333333333336}","{""bdg2_building_data_genome"":2416,""heapo_heat_pumps"":1292,""smart_grid_smart_city"":1292}",False,test,31.914512405800075,10.539344550404024,21.37516785539605,66.97632595355388,0.8953079999999993,0.9709986158625795,0,0.0,21.37516785539605,4.926429634603361e-16,0.0,"{""bdg2_building_data_genome"":{""available_profile_sources"":1570,""logical_devices"":2416,""mean_profile_reuse"":1.9562753036437246,""profile_bootstrap"":true,""selected_unique_profile_sources"":1235,""weight"":0.48333333333333334},""heapo_heat_pumps"":{""available_profile_sources"":1362,""logical_devices"":1292,""mean_profile_reuse"":1.0,""profile_bootstrap"":false,""selected_unique_profile_sources"":1292,""weight"":0.25833333333333336},""smart_grid_smart_city"":{""available_profile_sources"":5000,""logical_devices"":1292,""mean_profile_reuse"":1.0,""profile_bootstrap"":false,""selected_unique_profile_sources"":1292,""weight"":0.25833333333333336}}",dataset_combinations_mixed_physical_fleet_v1,,,,
predefined_mixed_scenario,S1-B,Building-heat pump-residential,建筑、热泵和带受控负荷住宅的高差异融合,aggregate,centralized_optimal,Centralized greedy UB,O(N),15,4192420,5192420,dominant_plus_15pp,5000,"{""bdg2_building_data_genome"":0.3333333333333333,""heapo_heat_pumps"":0.3333333333333333,""smart_grid_smart_city"":0.3333333333333333}","{""bdg2_building_data_genome"":0.48333333333333334,""heapo_heat_pumps"":0.25833333333333336,""smart_grid_smart_city"":0.25833333333333336}","{""bdg2_building_data_genome"":2416,""heapo_heat_pumps"":1292,""smart_grid_smart_city"":1292}",False,test,34.494743203181436,13.063462973907907,21.43128022927353,62.129119509713966,0.89639,0.9578748979112797,0,0.0,21.431280229273533,1.4021376652332642e-15,0.0,"{""bdg2_building_data_genome"":{""available_profile_sources"":1570,""logical_devices"":2416,""mean_profile_reuse"":1.980327868852459,""profile_bootstrap"":true,""selected_unique_profile_sources"":1220,""weight"":0.48333333333333334},""heapo_heat_pumps"":{""available_profile_sources"":1362,""logical_devices"":1292,""mean_profile_reuse"":1.0,""profile_bootstrap"":false,""selected_unique_profile_sources"":1292,""weight"":0.25833333333333336},""smart_grid_smart_city"":{""available_profile_sources"":5000,""logical_devices"":1292,""mean_profile_reuse"":1.0,""profile_bootstrap"":false,""selected_unique_profile_sources"":1292,""weight"":0.25833333333333336}}",dataset_combinations_mixed_physical_fleet_v1,,,,
predefined_mixed_scenario,S1-B,Building-heat pump-residential,建筑、热泵和带受控负荷住宅的高差异融合,aggregate,centralized_optimal,Centralized greedy UB,O(N),16,4192421,5192421,dominant_plus_15pp,5000,"{""bdg2_building_data_genome"":0.3333333333333333,""heapo_heat_pumps"":0.3333333333333333,""smart_grid_smart_city"":0.3333333333333333}","{""bdg2_building_data_genome"":0.48333333333333334,""heapo_heat_pumps"":0.25833333333333336,""smart_grid_smart_city"":0.25833333333333336}","{""bdg2_building_data_genome"":2416,""heapo_heat_pumps"":1292,""smart_grid_smart_city"":1292}",False,test,33.196111626875876,11.257880953390288,21.938230673485588,66.08674811095705,0.8941739999999999,0.9595695229572705,0,0.0,21.938230673485588,4.168517383125921e-16,0.0,"{""bdg2_building_data_genome"":{""available_profile_sources"":1570,""logical_devices"":2416,""mean_profile_reuse"":1.949959644874899,""profile_bootstrap"":true,""selected_unique_profile_sources"":1239,""weight"":0.48333333333333334},""heapo_heat_pumps"":{""available_profile_sources"":1362,""logical_devices"":1292,""mean_profile_reuse"":1.0,""profile_bootstrap"":false,""selected_unique_profile_sources"":1292,""weight"":0.25833333333333336},""smart_grid_smart_city"":{""available_profile_sources"":5000,""logical_devices"":1292,""mean_profile_reuse"":1.0,""profile_bootstrap"":false,""selected_unique_profile_sources"":1292,""weight"":0.25833333333333336}}",dataset_combinations_mixed_physical_fleet_v1,,,,
predefined_mixed_scenario,S1-B,Building-heat pump-residential,建筑、热泵和带受控负荷住宅的高差异融合,aggregate,centralized_optimal,Centralized greedy UB,O(N),17,4192422,5192422,dominant_plus_15pp,5000,"{""bdg2_building_data_genome"":0.3333333333333333,""heapo_heat_pumps"":0.3333333333333333,""smart_grid_smart_city"":0.3333333333333333}","{""bdg2_building_data_genome"":0.48333333333333334,""heapo_heat_pumps"":0.25833333333333336,""smart_grid_smart_city"":0.25833333333333336}","{""bdg2_building_data_genome"":2416,""heapo_heat_pumps"":1292,""smart_grid_smart_city"":1292}",False,test,31.445672370428387,9.56201348285844,21.883658887569947,69.5919572963223,0.8942840000000004,0.9693437975188837,0,0.0,21.883658887569954,8.337034766251842e-16,0.0,"{""bdg2_building_data_genome"":{""available_profile_sources"":1570,""logical_devices"":2416,""mean_profile_reuse"":1.9483870967741936,""profile_bootstrap"":true,""selected_unique_profile_sources"":1240,""weight"":0.48333333333333334},""heapo_heat_pumps"":{""available_profile_sources"":1362,""logical_devices"":1292,""mean_profile_reuse"":1.0,""profile_bootstrap"":false,""selected_unique_profile_sources"":1292,""weight"":0.25833333333333336},""smart_grid_smart_city"":{""available_profile_sources"":5000,""logical_devices"":1292,""mean_profile_reuse"":1.0,""profile_bootstrap"":false,""selected_unique_profile_sources"":1292,""weight"":0.25833333333333336}}",dataset_combinations_mixed_physical_fleet_v1,,,,
predefined_mixed_scenario,S1-B,Building-heat pump-residential,建筑、热泵和带受控负荷住宅的高差异融合,aggregate,centralized_optimal,Centralized greedy UB,O(N),18,4192423,5192423,dominant_plus_15pp,5000,"{""bdg2_building_data_genome"":0.3333333333333333,""heapo_heat_pumps"":0.3333333333333333,""smart_grid_smart_city"":0.3333333333333333}","{""bdg2_building_data_genome"":0.48333333333333334,""heapo_heat_pumps"":0.25833333333333336,""smart_grid_smart_city"":0.25833333333333336}","{""bdg2_building_data_genome"":2416,""heapo_heat_pumps"":1292,""smart_grid_smart_city"":1292}",False,test,33.11740021659258,11.590937848032333,21.526462368560246,65.00045966100622,0.8954159999999999,0.9645499444791386,0,0.0,21.526462368560246,4.168517383125921e-16,0.0,"{""bdg2_building_data_genome"":{""available_profile_sources"":1570,""logical_devices"":2416,""mean_profile_reuse"":1.9835796387520526,""profile_bootstrap"":true,""selected_unique_profile_sources"":1218,""weight"":0.48333333333333334},""heapo_heat_pumps"":{""available_profile_sources"":1362,""logical_devices"":1292,""mean_profile_reuse"":1.0,""profile_bootstrap"":false,""selected_unique_profile_sources"":1292,""weight"":0.25833333333333336},""smart_grid_smart_city"":{""available_profile_sources"":5000,""logical_devices"":1292,""mean_profile_reuse"":1.0,""profile_bootstrap"":false,""selected_unique_profile_sources"":1292,""weight"":0.25833333333333336}}",dataset_combinations_mixed_physical_fleet_v1,,,,
predefined_mixed_scenario,S1-B,Building-heat pump-residential,建筑、热泵和带受控负荷住宅的高差异融合,aggregate,centralized_optimal,Centralized greedy UB,O(N),19,4192424,5192424,dominant_plus_15pp,5000,"{""bdg2_building_data_genome"":0.3333333333333333,""heapo_heat_pumps"":0.3333333333333333,""smart_grid_smart_city"":0.3333333333333333}","{""bdg2_building_data_genome"":0.48333333333333334,""heapo_heat_pumps"":0.25833333333333336,""smart_grid_smart_city"":0.25833333333333336}","{""bdg2_building_data_genome"":2416,""heapo_heat_pumps"":1292,""smart_grid_smart_city"":1292}",False,test,32.491653088509615,10.773344173520801,21.718308914988814,66.84273298076454,0.8950100000000004,0.9622677071853184,0,0.0,21.718308914988814,1.5916157281026244e-15,0.0,"{""bdg2_building_data_genome"":{""available_profile_sources"":1570,""logical_devices"":2416,""mean_profile_reuse"":1.9610389610389611,""profile_bootstrap"":true,""selected_unique_profile_sources"":1232,""weight"":0.48333333333333334},""heapo_heat_pumps"":{""available_profile_sources"":1362,""logical_devices"":1292,""mean_profile_reuse"":1.0,""profile_bootstrap"":false,""selected_unique_profile_sources"":1292,""weight"":0.25833333333333336},""smart_grid_smart_city"":{""available_profile_sources"":5000,""logical_devices"":1292,""mean_profile_reuse"":1.0,""profile_bootstrap"":false,""selected_unique_profile_sources"":1292,""weight"":0.25833333333333336}}",dataset_combinations_mixed_physical_fleet_v1,,,,
predefined_mixed_scenario,S1-B,Building-heat pump-residential,建筑、热泵和带受控负荷住宅的高差异融合,aggregate,centralized_optimal,Centralized greedy UB,O(N),20,4192425,5192425,dominant_minus_15pp,5000,"{""bdg2_building_data_genome"":0.3333333333333333,""heapo_heat_pumps"":0.3333333333333333,""smart_grid_smart_city"":0.3333333333333333}","{""bdg2_building_data_genome"":0.18333333333333332,""heapo_heat_pumps"":0.40833333333333327,""smart_grid_smart_city"":0.40833333333333327}","{""bdg2_building_data_genome"":916,""heapo_heat_pumps"":2042,""smart_grid_smart_city"":2042}",False,test,34.87232223208805,13.038140998654303,21.83418123343375,62.611778728469226,0.8948519999999996,0.9495302060319266,0,0.0,21.834181233433753,8.715990891990562e-16,0.0,"{""bdg2_building_data_genome"":{""available_profile_sources"":1570,""logical_devices"":916,""mean_profile_reuse"":1.0,""profile_bootstrap"":false,""selected_unique_profile_sources"":916,""weight"":0.18333333333333332},""heapo_heat_pumps"":{""available_profile_sources"":1362,""logical_devices"":2042,""mean_profile_reuse"":1.9318826868495742,""profile_bootstrap"":true,""selected_unique_profile_sources"":1057,""weight"":0.40833333333333327},""smart_grid_smart_city"":{""available_profile_sources"":5000,""logical_devices"":2042,""mean_profile_reuse"":1.0,""profile_bootstrap"":false,""selected_unique_profile_sources"":2042,""weight"":0.40833333333333327}}",dataset_combinations_mixed_physical_fleet_v1,,,,
predefined_mixed_scenario,S1-B,Building-heat pump-residential,建筑、热泵和带受控负荷住宅的高差异融合,aggregate,centralized_optimal,Centralized greedy UB,O(N),21,4192426,5192426,dominant_minus_15pp,5000,"{""bdg2_building_data_genome"":0.3333333333333333,""heapo_heat_pumps"":0.3333333333333333,""smart_grid_smart_city"":0.3333333333333333}","{""bdg2_building_data_genome"":0.18333333333333332,""heapo_heat_pumps"":0.40833333333333327,""smart_grid_smart_city"":0.40833333333333327}","{""bdg2_building_data_genome"":916,""heapo_heat_pumps"":2042,""smart_grid_smart_city"":2042}",False,test,35.114231306513624,13.426015669193067,21.688215637320557,61.76474560414893,0.8952779999999997,0.952963442740315,0,0.0,21.688215637320557,7.200166389035682e-16,0.0,"{""bdg2_building_data_genome"":{""available_profile_sources"":1570,""logical_devices"":916,""mean_profile_reuse"":1.0,""profile_bootstrap"":false,""selected_unique_profile_sources"":916,""weight"":0.18333333333333332},""heapo_heat_pumps"":{""available_profile_sources"":1362,""logical_devices"":2042,""mean_profile_reuse"":1.9844509232264333,""profile_bootstrap"":true,""selected_unique_profile_sources"":1029,""weight"":0.40833333333333327},""smart_grid_smart_city"":{""available_profile_sources"":5000,""logical_devices"":2042,""mean_profile_reuse"":1.0,""profile_bootstrap"":false,""selected_unique_profile_sources"":2042,""weight"":0.40833333333333327}}",dataset_combinations_mixed_physical_fleet_v1,,,,
predefined_mixed_scenario,S1-B,Building-heat pump-residential,建筑、热泵和带受控负荷住宅的高差异融合,aggregate,centralized_optimal,Centralized greedy UB,O(N),22,4192427,5192427,dominant_minus_15pp,5000,"{""bdg2_building_data_genome"":0.3333333333333333,""heapo_heat_pumps"":0.3333333333333333,""smart_grid_smart_city"":0.3333333333333333}","{""bdg2_building_data_genome"":0.18333333333333332,""heapo_heat_pumps"":0.40833333333333327,""smart_grid_smart_city"":0.40833333333333327}","{""bdg2_building_data_genome"":916,""heapo_heat_pumps"":2042,""smart_grid_smart_city"":2042}",False,test,34.859109736705875,13.260730517269959,21.598379219435916,61.95906717805044,0.8961859999999999,0.9516575679832245,0,0.0,21.598379219435916,2.2358411418584485e-15,0.0,"{""bdg2_building_data_genome"":{""available_profile_sources"":1570,""logical_devices"":916,""mean_profile_reuse"":1.0,""profile_bootstrap"":false,""selected_unique_profile_sources"":916,""weight"":0.18333333333333332},""heapo_heat_pumps"":{""available_profile_sources"":1362,""logical_devices"":2042,""mean_profile_reuse"":1.9373814041745732,""profile_bootstrap"":true,""selected_unique_profile_sources"":1054,""weight"":0.40833333333333327},""smart_grid_smart_city"":{""available_profile_sources"":5000,""logical_devices"":2042,""mean_profile_reuse"":1.0,""profile_bootstrap"":false,""selected_unique_profile_sources"":2042,""weight"":0.40833333333333327}}",dataset_combinations_mixed_physical_fleet_v1,,,,
predefined_mixed_scenario,S1-B,Building-heat pump-residential,建筑、热泵和带受控负荷住宅的高差异融合,aggregate,centralized_optimal,Centralized greedy UB,O(N),23,4192428,5192428,dominant_minus_15pp,5000,"{""bdg2_building_data_genome"":0.3333333333333333,""heapo_heat_pumps"":0.3333333333333333,""smart_grid_smart_city"":0.3333333333333333}","{""bdg2_building_data_genome"":0.18333333333333332,""heapo_heat_pumps"":0.40833333333333327,""smart_grid_smart_city"":0.40833333333333327}","{""bdg2_building_data_genome"":916,""heapo_heat_pumps"":2042,""smart_grid_smart_city"":2042}",False,test,35.96318710406283,14.331886221224842,21.63130088283799,60.14845352900956,0.8958879999999995,0.946574046691841,0,0.0,21.63130088283799,8.715990891990562e-16,0.0,"{""bdg2_building_data_genome"":{""available_profile_sources"":1570,""logical_devices"":916,""mean_profile_reuse"":1.0,""profile_bootstrap"":false,""selected_unique_profile_sources"":916,""weight"":0.18333333333333332},""heapo_heat_pumps"":{""available_profile_sources"":1362,""logical_devices"":2042,""mean_profile_reuse"":1.9578139980824545,""profile_bootstrap"":true,""selected_unique_profile_sources"":1043,""weight"":0.40833333333333327},""smart_grid_smart_city"":{""available_profile_sources"":5000,""logical_devices"":2042,""mean_profile_reuse"":1.0,""profile_bootstrap"":false,""selected_unique_profile_sources"":2042,""weight"":0.40833333333333327}}",dataset_combinations_mixed_physical_fleet_v1,,,,
predefined_mixed_scenario,S1-B,Building-heat pump-residential,建筑、热泵和带受控负荷住宅的高差异融合,aggregate,centralized_optimal,Centralized greedy UB,O(N),24,4192429,5192429,dominant_minus_15pp,5000,"{""bdg2_building_data_genome"":0.3333333333333333,""heapo_heat_pumps"":0.3333333333333333,""smart_grid_smart_city"":0.3333333333333333}","{""bdg2_building_data_genome"":0.18333333333333332,""heapo_heat_pumps"":0.40833333333333327,""smart_grid_smart_city"":0.40833333333333327}","{""bdg2_building_data_genome"":916,""heapo_heat_pumps"":2042,""smart_grid_smart_city"":2042}",False,test,34.51198086158722,13.156979157636204,21.355001703951014,61.87706753082875,0.8946499999999995,0.9582646970377287,0,0.0,21.355001703951014,7.200166389035682e-16,0.0,"{""bdg2_building_data_genome"":{""available_profile_sources"":1570,""logical_devices"":916,""mean_profile_reuse"":1.0,""profile_bootstrap"":false,""selected_unique_profile_sources"":916,""weight"":0.18333333333333332},""heapo_heat_pumps"":{""available_profile_sources"":1362,""logical_devices"":2042,""mean_profile_reuse"":1.9355450236966825,""profile_bootstrap"":true,""selected_unique_profile_sources"":1055,""weight"":0.40833333333333327},""smart_grid_smart_city"":{""available_profile_sources"":5000,""logical_devices"":2042,""mean_profile_reuse"":1.0,""profile_bootstrap"":false,""selected_unique_profile_sources"":2042,""weight"":0.40833333333333327}}",dataset_combinations_mixed_physical_fleet_v1,,,,
predefined_mixed_scenario,S1-B,Building-heat pump-residential,建筑、热泵和带受控负荷住宅的高差异融合,aggregate,centralized_optimal,Centralized greedy UB,O(N),25,4192430,5192430,dominant_minus_15pp,5000,"{""bdg2_building_data_genome"":0.3333333333333333,""heapo_heat_pumps"":0.3333333333333333,""smart_grid_smart_city"":0.3333333333333333}","{""bdg2_building_data_genome"":0.18333333333333332,""heapo_heat_pumps"":0.40833333333333327,""smart_grid_smart_city"":0.40833333333333327}","{""bdg2_building_data_genome"":916,""heapo_heat_pumps"":2042,""smart_grid_smart_city"":2042}",False,test,35.58321869915716,13.856398688661677,21.72682001049548,61.059175658581196,0.8957280000000002,0.9524465978053746,0,0.0,21.726820010495484,7.958078640513122e-16,0.0,"{""bdg2_building_data_genome"":{""available_profile_sources"":1570,""logical_devices"":916,""mean_profile_reuse"":1.0,""profile_bootstrap"":false,""selected_unique_profile_sources"":916,""weight"":0.18333333333333332},""heapo_heat_pumps"":{""available_profile_sources"":1362,""logical_devices"":2042,""mean_profile_reuse"":1.9521988527724665,""profile_bootstrap"":true,""selected_unique_profile_sources"":1046,""weight"":0.40833333333333327},""smart_grid_smart_city"":{""available_profile_sources"":5000,""logical_devices"":2042,""mean_profile_reuse"":1.0,""profile_bootstrap"":false,""selected_unique_profile_sources"":2042,""weight"":0.40833333333333327}}",dataset_combinations_mixed_physical_fleet_v1,,,,
predefined_mixed_scenario,S1-B,Building-heat pump-residential,建筑、热泵和带受控负荷住宅的高差异融合,aggregate,centralized_optimal,Centralized greedy UB,O(N),26,4192431,5192431,dominant_minus_15pp,5000,"{""bdg2_building_data_genome"":0.3333333333333333,""heapo_heat_pumps"":0.3333333333333333,""smart_grid_smart_city"":0.3333333333333333}","{""bdg2_building_data_genome"":0.18333333333333332,""heapo_heat_pumps"":0.40833333333333327,""smart_grid_smart_city"":0.40833333333333327}","{""bdg2_building_data_genome"":916,""heapo_heat_pumps"":2042,""smart_grid_smart_city"":2042}",False,test,36.45019587661368,15.047722479806605,21.40247339680707,58.717032603215245,0.8953599999999999,0.9464155985735414,0,0.0,21.40247339680707,1.2126596023639043e-15,0.0,"{""bdg2_building_data_genome"":{""available_profile_sources"":1570,""logical_devices"":916,""mean_profile_reuse"":1.0,""profile_bootstrap"":false,""selected_unique_profile_sources"":916,""weight"":0.18333333333333332},""heapo_heat_pumps"":{""available_profile_sources"":1362,""logical_devices"":2042,""mean_profile_reuse"":1.9691417550626809,""profile_bootstrap"":true,""selected_unique_profile_sources"":1037,""weight"":0.40833333333333327},""smart_grid_smart_city"":{""available_profile_sources"":5000,""logical_devices"":2042,""mean_profile_reuse"":1.0,""profile_bootstrap"":false,""selected_unique_profile_sources"":2042,""weight"":0.40833333333333327}}",dataset_combinations_mixed_physical_fleet_v1,,,,
predefined_mixed_scenario,S1-B,Building-heat pump-residential,建筑、热泵和带受控负荷住宅的高差异融合,aggregate,centralized_optimal,Centralized greedy UB,O(N),27,4192432,5192432,dominant_minus_15pp,5000,"{""bdg2_building_data_genome"":0.3333333333333333,""heapo_heat_pumps"":0.3333333333333333,""smart_grid_smart_city"":0.3333333333333333}","{""bdg2_building_data_genome"":0.18333333333333332,""heapo_heat_pumps"":0.40833333333333327,""smart_grid_smart_city"":0.40833333333333327}","{""bdg2_building_data_genome"":916,""heapo_heat_pumps"":2042,""smart_grid_smart_city"":2042}",False,test,35.64816180688353,14.179459078994302,21.468702727889227,60.22387029152145,0.8947139999999998,0.9488242464644026,0,0.0,21.468702727889227,3.0316490059097607e-16,0.0,"{""bdg2_building_data_genome"":{""available_profile_sources"":1570,""logical_devices"":916,""mean_profile_reuse"":1.0,""profile_bootstrap"":false,""selected_unique_profile_sources"":916,""weight"":0.18333333333333332},""heapo_heat_pumps"":{""available_profile_sources"":1362,""logical_devices"":2042,""mean_profile_reuse"":1.919172932330827,""profile_bootstrap"":true,""selected_unique_profile_sources"":1064,""weight"":0.40833333333333327},""smart_grid_smart_city"":{""available_profile_sources"":5000,""logical_devices"":2042,""mean_profile_reuse"":1.0,""profile_bootstrap"":false,""selected_unique_profile_sources"":2042,""weight"":0.40833333333333327}}",dataset_combinations_mixed_physical_fleet_v1,,,,
predefined_mixed_scenario,S1-B,Building-heat pump-residential,建筑、热泵和带受控负荷住宅的高差异融合,aggregate,centralized_optimal,Centralized greedy UB,O(N),28,4192433,5192433,dominant_minus_15pp,5000,"{""bdg2_building_data_genome"":0.3333333333333333,""heapo_heat_pumps"":0.3333333333333333,""smart_grid_smart_city"":0.3333333333333333}","{""bdg2_building_data_genome"":0.18333333333333332,""heapo_heat_pumps"":0.40833333333333327,""smart_grid_smart_city"":0.40833333333333327}","{""bdg2_building_data_genome"":916,""heapo_heat_pumps"":2042,""smart_grid_smart_city"":2042}",False,test,35.78806254278101,14.278616896616043,21.50944564616497,60.10229142874834,0.8966379999999998,0.9509952389059121,0,0.0,21.509445646164973,2.473872958338082e-15,0.0,"{""bdg2_building_data_genome"":{""available_profile_sources"":1570,""logical_devices"":916,""mean_profile_reuse"":1.0,""profile_bootstrap"":false,""selected_unique_profile_sources"":916,""weight"":0.18333333333333332},""heapo_heat_pumps"":{""available_profile_sources"":1362,""logical_devices"":2042,""mean_profile_reuse"":1.9318826868495742,""profile_bootstrap"":true,""selected_unique_profile_sources"":1057,""weight"":0.40833333333333327},""smart_grid_smart_city"":{""available_profile_sources"":5000,""logical_devices"":2042,""mean_profile_reuse"":1.0,""profile_bootstrap"":false,""selected_unique_profile_sources"":2042,""weight"":0.40833333333333327}}",dataset_combinations_mixed_physical_fleet_v1,,,,
predefined_mixed_scenario,S1-B,Building-heat pump-residential,建筑、热泵和带受控负荷住宅的高差异融合,aggregate,centralized_optimal,Centralized greedy UB,O(N),29,4192434,5192434,dominant_minus_15pp,5000,"{""bdg2_building_data_genome"":0.3333333333333333,""heapo_heat_pumps"":0.3333333333333333,""smart_grid_smart_city"":0.3333333333333333}","{""bdg2_building_data_genome"":0.18333333333333332,""heapo_heat_pumps"":0.40833333333333327,""smart_grid_smart_city"":0.40833333333333327}","{""bdg2_building_data_genome"":916,""heapo_heat_pumps"":2042,""smart_grid_smart_city"":2042}",False,test,35.277225187284394,13.851846461903385,21.42537872538101,60.7343083579707,0.8947179999999999,0.9515861242429275,0,0.0,21.42537872538101,9.852859269206722e-16,0.0,"{""bdg2_building_data_genome"":{""available_profile_sources"":1570,""logical_devices"":916,""mean_profile_reuse"":1.0,""profile_bootstrap"":false,""selected_unique_profile_sources"":916,""weight"":0.18333333333333332},""heapo_heat_pumps"":{""available_profile_sources"":1362,""logical_devices"":2042,""mean_profile_reuse"":1.933712121212121,""profile_bootstrap"":true,""selected_unique_profile_sources"":1056,""weight"":0.40833333333333327},""smart_grid_smart_city"":{""available_profile_sources"":5000,""logical_devices"":2042,""mean_profile_reuse"":1.0,""profile_bootstrap"":false,""selected_unique_profile_sources"":2042,""weight"":0.40833333333333327}}",dataset_combinations_mixed_physical_fleet_v1,,,,
predefined_mixed_scenario,S1-B,Building-heat pump-residential,建筑、热泵和带受控负荷住宅的高差异融合,aggregate,eps_e20_pooled,E20 pooled EPS,O(1),0,4192405,4992405,nominal,5000,"{""bdg2_building_data_genome"":0.3333333333333333,""heapo_heat_pumps"":0.3333333333333333,""smart_grid_smart_city"":0.3333333333333333}","{""bdg2_building_data_genome"":0.3333333333333333,""heapo_heat_pumps"":0.3333333333333333,""smart_grid_smart_city"":0.3333333333333333}","{""bdg2_building_data_genome"":1667,""heapo_heat_pumps"":1667,""smart_grid_smart_city"":1666}",False,test,33.770062841823574,11.95107611149152,21.818986730332053,64.61044159891127,0.8953080000000005,0.964504139468437,0,0.0,22.851617101825976,1.032630371493925,0.0,"{""bdg2_building_data_genome"":{""available_profile_sources"":1570,""logical_devices"":1667,""mean_profile_reuse"":1.6603585657370519,""profile_bootstrap"":true,""selected_unique_profile_sources"":1004,""weight"":0.3333333333333333},""heapo_heat_pumps"":{""available_profile_sources"":1362,""logical_devices"":1667,""mean_profile_reuse"":1.727461139896373,""profile_bootstrap"":true,""selected_unique_profile_sources"":965,""weight"":0.3333333333333333},""smart_grid_smart_city"":{""available_profile_sources"":5000,""logical_devices"":1666,""mean_profile_reuse"":1.0,""profile_bootstrap"":false,""selected_unique_profile_sources"":1666,""weight"":0.3333333333333333}}",dataset_combinations_mixed_physical_fleet_v1,2680.5527239197554,2313.714285714286,3264.676795969844,4788.386892945266
predefined_mixed_scenario,S1-B,Building-heat pump-residential,建筑、热泵和带受控负荷住宅的高差异融合,aggregate,eps_e20_pooled,E20 pooled EPS,O(1),1,4192406,4992406,nominal,5000,"{""bdg2_building_data_genome"":0.3333333333333333,""heapo_heat_pumps"":0.3333333333333333,""smart_grid_smart_city"":0.3333333333333333}","{""bdg2_building_data_genome"":0.3333333333333333,""heapo_heat_pumps"":0.3333333333333333,""smart_grid_smart_city"":0.3333333333333333}","{""bdg2_building_data_genome"":1667,""heapo_heat_pumps"":1667,""smart_grid_smart_city"":1666}",False,test,34.60258790505812,12.759883911174953,21.84270399388317,63.124480902453705,0.8949139999999988,0.9619070859545688,0,0.0,22.972264073621837,1.129560079738671,0.0,"{""bdg2_building_data_genome"":{""available_profile_sources"":1570,""logical_devices"":1667,""mean_profile_reuse"":1.6168768186226965,""profile_bootstrap"":true,""selected_unique_profile_sources"":1031,""weight"":0.3333333333333333},""heapo_heat_pumps"":{""available_profile_sources"":1362,""logical_devices"":1667,""mean_profile_reuse"":1.7346514047866806,""profile_bootstrap"":true,""selected_unique_profile_sources"":961,""weight"":0.3333333333333333},""smart_grid_smart_city"":{""available_profile_sources"":5000,""logical_devices"":1666,""mean_profile_reuse"":1.0,""profile_bootstrap"":false,""selected_unique_profile_sources"":1666,""weight"":0.3333333333333333}}",dataset_combinations_mixed_physical_fleet_v1,2784.4991787209947,2313.8571428571427,3317.5196159607826,4788.727712239541
predefined_mixed_scenario,S1-B,Building-heat pump-residential,建筑、热泵和带受控负荷住宅的高差异融合,aggregate,eps_e20_pooled,E20 pooled EPS,O(1),2,4192407,4992407,nominal,5000,"{""bdg2_building_data_genome"":0.3333333333333333,""heapo_heat_pumps"":0.3333333333333333,""smart_grid_smart_city"":0.3333333333333333}","{""bdg2_building_data_genome"":0.3333333333333333,""heapo_heat_pumps"":0.3333333333333333,""smart_grid_smart_city"":0.3333333333333333}","{""bdg2_building_data_genome"":1667,""heapo_heat_pumps"":1667,""smart_grid_smart_city"":1666}",False,test,34.571407372048384,12.985861564402896,21.585545807645488,62.43756748271058,0.8935520000000002,0.960019491491449,0,0.0,22.808542075591472,1.2229962679459834,0.0,"{""bdg2_building_data_genome"":{""available_profile_sources"":1570,""logical_devices"":1667,""mean_profile_reuse"":1.5921680993314231,""profile_bootstrap"":true,""selected_unique_profile_sources"":1047,""weight"":0.3333333333333333},""heapo_heat_pumps"":{""available_profile_sources"":1362,""logical_devices"":1667,""mean_profile_reuse"":1.7132579650565263,""profile_bootstrap"":true,""selected_unique_profile_sources"":973,""weight"":0.3333333333333333},""smart_grid_smart_city"":{""available_profile_sources"":5000,""logical_devices"":1666,""mean_profile_reuse"":1.0,""profile_bootstrap"":false,""selected_unique_profile_sources"":1666,""weight"":0.3333333333333333}}",dataset_combinations_mixed_physical_fleet_v1,2786.667672740049,2411.285714285714,3349.7029285067124,4904.268375467052
predefined_mixed_scenario,S1-B,Building-heat pump-residential,建筑、热泵和带受控负荷住宅的高差异融合,aggregate,eps_e20_pooled,E20 pooled EPS,O(1),3,4192408,4992408,nominal,5000,"{""bdg2_building_data_genome"":0.3333333333333333,""heapo_heat_pumps"":0.3333333333333333,""smart_grid_smart_city"":0.3333333333333333}","{""bdg2_building_data_genome"":0.3333333333333333,""heapo_heat_pumps"":0.3333333333333333,""smart_grid_smart_city"":0.3333333333333333}","{""bdg2_building_data_genome"":1667,""heapo_heat_pumps"":1667,""smart_grid_smart_city"":1666}",False,test,34.40789121539473,12.684398373879436,21.72349284151529,63.13520554202344,0.8936060000000008,0.9615267519435042,0,0.0,22.86659309919869,1.1431002576834,0.0,"{""bdg2_building_data_genome"":{""available_profile_sources"":1570,""logical_devices"":1667,""mean_profile_reuse"":1.6359175662414132,""profile_bootstrap"":true,""selected_unique_profile_sources"":1019,""weight"":0.3333333333333333},""heapo_heat_pumps"":{""available_profile_sources"":1362,""logical_devices"":1667,""mean_profile_reuse"":1.7185567010309277,""profile_bootstrap"":true,""selected_unique_profile_sources"":970,""weight"":0.3333333333333333},""smart_grid_smart_city"":{""available_profile_sources"":5000,""logical_devices"":1666,""mean_profile_reuse"":1.0,""profile_bootstrap"":false,""selected_unique_profile_sources"":1666,""weight"":0.3333333333333333}}",dataset_combinations_mixed_physical_fleet_v1,2755.5246769291225,2313.8571428571427,3352.4872401310026,4858.189417461717
predefined_mixed_scenario,S1-B,Building-heat pump-residential,建筑、热泵和带受控负荷住宅的高差异融合,aggregate,eps_e20_pooled,E20 pooled EPS,O(1),4,4192409,4992409,nominal,5000,"{""bdg2_building_data_genome"":0.3333333333333333,""heapo_heat_pumps"":0.3333333333333333,""smart_grid_smart_city"":0.3333333333333333}","{""bdg2_building_data_genome"":0.3333333333333333,""heapo_heat_pumps"":0.3333333333333333,""smart_grid_smart_city"":0.3333333333333333}","{""bdg2_building_data_genome"":1667,""heapo_heat_pumps"":1667,""smart_grid_smart_city"":1666}",False,test,34.22166491262871,12.71067912403294,21.51098578859577,62.85780029555968,0.8943359999999999,0.9647600664355617,0,0.0,22.66814586845906,1.1571600798632904,0.0,"{""bdg2_building_data_genome"":{""available_profile_sources"":1570,""logical_devices"":1667,""mean_profile_reuse"":1.629521016617791,""profile_bootstrap"":true,""selected_unique_profile_sources"":1023,""weight"":0.3333333333333333},""heapo_heat_pumps"":{""available_profile_sources"":1362,""logical_devices"":1667,""mean_profile_reuse"":1.7455497382198952,""profile_bootstrap"":true,""selected_unique_profile_sources"":955,""weight"":0.3333333333333333},""smart_grid_smart_city"":{""available_profile_sources"":5000,""logical_devices"":1666,""mean_profile_reuse"":1.0,""profile_bootstrap"":false,""selected_unique_profile_sources"":1666,""weight"":0.3333333333333333}}",dataset_combinations_mixed_physical_fleet_v1,2734.225857640712,2302.0,3308.291393168165,4759.498757315635
predefined_mixed_scenario,S1-B,Building-heat pump-residential,建筑、热泵和带受控负荷住宅的高差异融合,aggregate,eps_e20_pooled,E20 pooled EPS,O(1),5,4192410,4992410,nominal,5000,"{""bdg2_building_data_genome"":0.3333333333333333,""heapo_heat_pumps"":0.3333333333333333,""smart_grid_smart_city"":0.3333333333333333}","{""bdg2_building_data_genome"":0.3333333333333333,""heapo_heat_pumps"":0.3333333333333333,""smart_grid_smart_city"":0.3333333333333333}","{""bdg2_building_data_genome"":1667,""heapo_heat_pumps"":1667,""smart_grid_smart_city"":1666}",False,test,33.40390885113893,11.787314551783549,21.61659429935538,64.7127687831011,0.894052,0.9633197664967115,0,0.0,22.57537404977929,0.9587797504239134,0.0,"{""bdg2_building_data_genome"":{""available_profile_sources"":1570,""logical_devices"":1667,""mean_profile_reuse"":1.6311154598825832,""profile_bootstrap"":true,""selected_unique_profile_sources"":1022,""weight"":0.3333333333333333},""heapo_heat_pumps"":{""available_profile_sources"":1362,""logical_devices"":1667,""mean_profile_reuse"":1.741901776384535,""profile_bootstrap"":true,""selected_unique_profile_sources"":957,""weight"":0.3333333333333333},""smart_grid_smart_city"":{""available_profile_sources"":5000,""logical_devices"":1666,""mean_profile_reuse"":1.0,""profile_bootstrap"":false,""selected_unique_profile_sources"":1666,""weight"":0.3333333333333333}}",dataset_combinations_mixed_physical_fleet_v1,2634.3612853615045,2167.5714285714284,3244.44123866805,4648.189185001806
predefined_mixed_scenario,S1-B,Building-heat pump-residential,建筑、热泵和带受控负荷住宅的高差异融合,aggregate,eps_e20_pooled,E20 pooled EPS,O(1),6,4192411,4992411,nominal,5000,"{""bdg2_building_data_genome"":0.3333333333333333,""heapo_heat_pumps"":0.3333333333333333,""smart_grid_smart_city"":0.3333333333333333}","{""bdg2_building_data_genome"":0.3333333333333333,""heapo_heat_pumps"":0.3333333333333333,""smart_grid_smart_city"":0.3333333333333333}","{""bdg2_building_data_genome"":1667,""heapo_heat_pumps"":1667,""smart_grid_smart_city"":1666}",False,test,34.28020632264545,12.594673386916611,21.685532935728837,63.259633654548374,0.8945940000000004,0.9636293886238596,0,0.0,22.779929309480796,1.0943963737519544,0.0,"{""bdg2_building_data_genome"":{""available_profile_sources"":1570,""logical_devices"":1667,""mean_profile_reuse"":1.648862512363996,""profile_bootstrap"":true,""selected_unique_profile_sources"":1011,""weight"":0.3333333333333333},""heapo_heat_pumps"":{""available_profile_sources"":1362,""logical_devices"":1667,""mean_profile_reuse"":1.7473794549266248,""profile_bootstrap"":true,""selected_unique_profile_sources"":954,""weight"":0.3333333333333333},""smart_grid_smart_city"":{""available_profile_sources"":5000,""logical_devices"":1666,""mean_profile_reuse"":1.0,""profile_bootstrap"":false,""selected_unique_profile_sources"":1666,""weight"":0.3333333333333333}}",dataset_combinations_mixed_physical_fleet_v1,2753.6568794351865,2301.5714285714284,3286.9007393000343,4759.418227087786
predefined_mixed_scenario,S1-B,Building-heat pump-residential,建筑、热泵和带受控负荷住宅的高差异融合,aggregate,eps_e20_pooled,E20 pooled EPS,O(1),7,4192412,4992412,nominal,5000,"{""bdg2_building_data_genome"":0.3333333333333333,""heapo_heat_pumps"":0.3333333333333333,""smart_grid_smart_city"":0.3333333333333333}","{""bdg2_building_data_genome"":0.3333333333333333,""heapo_heat_pumps"":0.3333333333333333,""smart_grid_smart_city"":0.3333333333333333}","{""bdg2_building_data_genome"":1667,""heapo_heat_pumps"":1667,""smart_grid_smart_city"":1666}",False,test,33.5646486481881,11.938630339958795,21.626018308229302,64.4309390362015,0.8946139999999999,0.9663234996108763,0,0.0,22.613012892875187,0.9869945846458852,0.0,"{""bdg2_building_data_genome"":{""available_profile_sources"":1570,""logical_devices"":1667,""mean_profile_reuse"":1.629521016617791,""profile_bootstrap"":true,""selected_unique_profile_sources"":1023,""weight"":0.3333333333333333},""heapo_heat_pumps"":{""available_profile_sources"":1362,""logical_devices"":1667,""mean_profile_reuse"":1.731048805815161,""profile_bootstrap"":true,""selected_unique_profile_sources"":963,""weight"":0.3333333333333333},""smart_grid_smart_city"":{""available_profile_sources"":5000,""logical_devices"":1666,""mean_profile_reuse"":1.0,""profile_bootstrap"":false,""selected_unique_profile_sources"":1666,""weight"":0.3333333333333333}}",dataset_combinations_mixed_physical_fleet_v1,2658.9516371081822,2252.8571428571427,3189.2149858062094,4640.68992253784
predefined_mixed_scenario,S1-B,Building-heat pump-residential,建筑、热泵和带受控负荷住宅的高差异融合,aggregate,eps_e20_pooled,E20 pooled EPS,O(1),8,4192413,4992413,nominal,5000,"{""bdg2_building_data_genome"":0.3333333333333333,""heapo_heat_pumps"":0.3333333333333333,""smart_grid_smart_city"":0.3333333333333333}","{""bdg2_building_data_genome"":0.3333333333333333,""heapo_heat_pumps"":0.3333333333333333,""smart_grid_smart_city"":0.3333333333333333}","{""bdg2_building_data_genome"":1667,""heapo_heat_pumps"":1667,""smart_grid_smart_city"":1666}",False,test,35.266990334508364,13.660006073470417,21.606984261037947,61.26687890317578,0.8944260000000006,0.9592596157183427,0,0.0,22.716429765363646,1.1094455043256921,0.0,"{""bdg2_building_data_genome"":{""available_profile_sources"":1570,""logical_devices"":1667,""mean_profile_reuse"":1.6184466019417476,""profile_bootstrap"":true,""selected_unique_profile_sources"":1030,""weight"":0.3333333333333333},""heapo_heat_pumps"":{""available_profile_sources"":1362,""logical_devices"":1667,""mean_profile_reuse"":1.711498973305955,""profile_bootstrap"":true,""selected_unique_profile_sources"":974,""weight"":0.3333333333333333},""smart_grid_smart_city"":{""available_profile_sources"":5000,""logical_devices"":1666,""mean_profile_reuse"":1.0,""profile_bootstrap"":false,""selected_unique_profile_sources"":1666,""weight"":0.3333333333333333}}",dataset_combinations_mixed_physical_fleet_v1,2856.399726476479,2423.8571428571427,3378.131114881824,4932.873599963559
predefined_mixed_scenario,S1-B,Building-heat pump-residential,建筑、热泵和带受控负荷住宅的高差异融合,aggregate,eps_e20_pooled,E20 pooled EPS,O(1),9,4192414,4992414,nominal,5000,"{""bdg2_building_data_genome"":0.3333333333333333,""heapo_heat_pumps"":0.3333333333333333,""smart_grid_smart_city"":0.3333333333333333}","{""bdg2_building_data_genome"":0.3333333333333333,""heapo_heat_pumps"":0.3333333333333333,""smart_grid_smart_city"":0.3333333333333333}","{""bdg2_building_data_genome"":1667,""heapo_heat_pumps"":1667,""smart_grid_smart_city"":1666}",False,test,35.3534098498996,13.642983287079844,21.710426562819755,61.409710279704214,0.8946980000000001,0.9611074672690552,0,0.0,22.83921693740135,1.1287903745815915,0.0,"{""bdg2_building_data_genome"":{""available_profile_sources"":1570,""logical_devices"":1667,""mean_profile_reuse"":1.620019436345967,""profile_bootstrap"":true,""selected_unique_profile_sources"":1029,""weight"":0.3333333333333333},""heapo_heat_pumps"":{""available_profile_sources"":1362,""logical_devices"":1667,""mean_profile_reuse"":1.7565858798735512,""profile_bootstrap"":true,""selected_unique_profile_sources"":949,""weight"":0.3333333333333333},""smart_grid_smart_city"":{""available_profile_sources"":5000,""logical_devices"":1666,""mean_profile_reuse"":1.0,""profile_bootstrap"":false,""selected_unique_profile_sources"":1666,""weight"":0.3333333333333333}}",dataset_combinations_mixed_physical_fleet_v1,2868.2620334420726,2326.4285714285716,3332.8912333559847,4817.332936736048
predefined_mixed_scenario,S1-B,Building-heat pump-residential,建筑、热泵和带受控负荷住宅的高差异融合,aggregate,eps_e20_pooled,E20 pooled EPS,O(1),10,4192415,4992415,dominant_plus_15pp,5000,"{""bdg2_building_data_genome"":0.3333333333333333,""heapo_heat_pumps"":0.3333333333333333,""smart_grid_smart_city"":0.3333333333333333}","{""bdg2_building_data_genome"":0.48333333333333334,""heapo_heat_pumps"":0.25833333333333336,""smart_grid_smart_city"":0.25833333333333336}","{""bdg2_building_data_genome"":2416,""heapo_heat_pumps"":1292,""smart_grid_smart_city"":1292}",False,test,32.07470647466447,10.519589800455176,21.55511667420929,67.2028493580619,0.8955760000000001,0.9765303052442285,0,0.0,22.410316006159036,0.8551993319497438,0.0,"{""bdg2_building_data_genome"":{""available_profile_sources"":1570,""logical_devices"":2416,""mean_profile_reuse"":1.973856209150327,""profile_bootstrap"":true,""selected_unique_profile_sources"":1224,""weight"":0.48333333333333334},""heapo_heat_pumps"":{""available_profile_sources"":1362,""logical_devices"":1292,""mean_profile_reuse"":1.0,""profile_bootstrap"":false,""selected_unique_profile_sources"":1292,""weight"":0.25833333333333336},""smart_grid_smart_city"":{""available_profile_sources"":5000,""logical_devices"":1292,""mean_profile_reuse"":1.0,""profile_bootstrap"":false,""selected_unique_profile_sources"":1292,""weight"":0.25833333333333336}}",dataset_combinations_mixed_physical_fleet_v1,2455.5633173039087,1997.0,3073.7243709294394,4487.827503565533
predefined_mixed_scenario,S1-B,Building-heat pump-residential,建筑、热泵和带受控负荷住宅的高差异融合,aggregate,eps_e20_pooled,E20 pooled EPS,O(1),11,4192416,4992416,dominant_plus_15pp,5000,"{""bdg2_building_data_genome"":0.3333333333333333,""heapo_heat_pumps"":0.3333333333333333,""smart_grid_smart_city"":0.3333333333333333}","{""bdg2_building_data_genome"":0.48333333333333334,""heapo_heat_pumps"":0.25833333333333336,""smart_grid_smart_city"":0.25833333333333336}","{""bdg2_building_data_genome"":2416,""heapo_heat_pumps"":1292,""smart_grid_smart_city"":1292}",False,test,31.991966856819207,10.272392369336337,21.71957448748287,67.89071326776916,0.8939279999999997,0.9747481171084923,0,0.0,22.63904923552901,0.9194747480461413,0.0,"{""bdg2_building_data_genome"":{""available_profile_sources"":1570,""logical_devices"":2416,""mean_profile_reuse"":1.9770867430441899,""profile_bootstrap"":true,""selected_unique_profile_sources"":1222,""weight"":0.48333333333333334},""heapo_heat_pumps"":{""available_profile_sources"":1362,""logical_devices"":1292,""mean_profile_reuse"":1.0,""profile_bootstrap"":false,""selected_unique_profile_sources"":1292,""weight"":0.25833333333333336},""smart_grid_smart_city"":{""available_profile_sources"":5000,""logical_devices"":1292,""mean_profile_reuse"":1.0,""profile_bootstrap"":false,""selected_unique_profile_sources"":1292,""weight"":0.25833333333333336}}",dataset_combinations_mixed_physical_fleet_v1,2447.041966954299,1997.0,3079.6933692813077,4487.827503565533
predefined_mixed_scenario,S1-B,Building-heat pump-residential,建筑、热泵和带受控负荷住宅的高差异融合,aggregate,eps_e20_pooled,E20 pooled EPS,O(1),12,4192417,4992417,dominant_plus_15pp,5000,"{""bdg2_building_data_genome"":0.3333333333333333,""heapo_heat_pumps"":0.3333333333333333,""smart_grid_smart_city"":0.3333333333333333}","{""bdg2_building_data_genome"":0.48333333333333334,""heapo_heat_pumps"":0.25833333333333336,""smart_grid_smart_city"":0.25833333333333336}","{""bdg2_building_data_genome"":2416,""heapo_heat_pumps"":1292,""smart_grid_smart_city"":1292}",False,test,31.876280372356973,10.175363872669877,21.700916499687096,68.07857204853197,0.8947499999999998,0.9765417553649716,0,0.0,22.59125191515968,0.890335415472588,0.0,"{""bdg2_building_data_genome"":{""available_profile_sources"":1570,""logical_devices"":2416,""mean_profile_reuse"":1.9722448979591836,""profile_bootstrap"":true,""selected_unique_profile_sources"":1225,""weight"":0.48333333333333334},""heapo_heat_pumps"":{""available_profile_sources"":1362,""logical_devices"":1292,""mean_profile_reuse"":1.0,""profile_bootstrap"":false,""selected_unique_profile_sources"":1292,""weight"":0.25833333333333336},""smart_grid_smart_city"":{""available_profile_sources"":5000,""logical_devices"":1292,""mean_profile_reuse"":1.0,""profile_bootstrap"":false,""selected_unique_profile_sources"":1292,""weight"":0.25833333333333336}}",dataset_combinations_mixed_physical_fleet_v1,2431.7407944666224,1997.0,3062.997083886431,4487.827503565533
predefined_mixed_scenario,S1-B,Building-heat pump-residential,建筑、热泵和带受控负荷住宅的高差异融合,aggregate,eps_e20_pooled,E20 pooled EPS,O(1),13,4192418,4992418,dominant_plus_15pp,5000,"{""bdg2_building_data_genome"":0.3333333333333333,""heapo_heat_pumps"":0.3333333333333333,""smart_grid_smart_city"":0.3333333333333333}","{""bdg2_building_data_genome"":0.48333333333333334,""heapo_heat_pumps"":0.25833333333333336,""smart_grid_smart_city"":0.25833333333333336}","{""bdg2_building_data_genome"":2416,""heapo_heat_pumps"":1292,""smart_grid_smart_city"":1292}",False,test,32.53467567659086,10.898628529594564,21.636047146996294,66.50149939119794,0.89465,0.9675653377492495,0,0.0,22.5549619674499,0.9189148204536021,0.0,"{""bdg2_building_data_genome"":{""available_profile_sources"":1570,""logical_devices"":2416,""mean_profile_reuse"":1.9754701553556828,""profile_bootstrap"":true,""selected_unique_profile_sources"":1223,""weight"":0.48333333333333334},""heapo_heat_pumps"":{""available_profile_sources"":1362,""logical_devices"":1292,""mean_profile_reuse"":1.0,""profile_bootstrap"":false,""selected_unique_profile_sources"":1292,""weight"":0.25833333333333336},""smart_grid_smart_city"":{""available_profile_sources"":5000,""logical_devices"":1292,""mean_profile_reuse"":1.0,""profile_bootstrap"":false,""selected_unique_profile_sources"":1292,""weight"":0.25833333333333336}}",dataset_combinations_mixed_physical_fleet_v1,2518.745487747786,2094.4285714285716,3162.706924412811,4564.749863555915
predefined_mixed_scenario,S1-B,Building-heat pump-residential,建筑、热泵和带受控负荷住宅的高差异融合,aggregate,eps_e20_pooled,E20 pooled EPS,O(1),14,4192419,4992419,dominant_plus_15pp,5000,"{""bdg2_building_data_genome"":0.3333333333333333,""heapo_heat_pumps"":0.3333333333333333,""smart_grid_smart_city"":0.3333333333333333}","{""bdg2_building_data_genome"":0.48333333333333334,""heapo_heat_pumps"":0.25833333333333336,""smart_grid_smart_city"":0.25833333333333336}","{""bdg2_building_data_genome"":2416,""heapo_heat_pumps"":1292,""smart_grid_smart_city"":1292}",False,test,31.914512405800075,10.083567564893094,21.83094484090698,68.40444423314916,0.8953079999999993,0.9778242086498456,0,0.0,22.7431543986028,0.9122095576958209,0.0,"{""bdg2_building_data_genome"":{""available_profile_sources"":1570,""logical_devices"":2416,""mean_profile_reuse"":1.9562753036437246,""profile_bootstrap"":true,""selected_unique_profile_sources"":1235,""weight"":0.48333333333333334},""heapo_heat_pumps"":{""available_profile_sources"":1362,""logical_devices"":1292,""mean_profile_reuse"":1.0,""profile_bootstrap"":false,""selected_unique_profile_sources"":1292,""weight"":0.25833333333333336},""smart_grid_smart_city"":{""available_profile_sources"":5000,""logical_devices"":1292,""mean_profile_reuse"":1.0,""profile_bootstrap"":false,""selected_unique_profile_sources"":1292,""weight"":0.25833333333333336}}",dataset_combinations_mixed_physical_fleet_v1,2441.970682216271,1997.0,3025.861872773282,4487.827503565533
predefined_mixed_scenario,S1-B,Building-heat pump-residential,建筑、热泵和带受控负荷住宅的高差异融合,aggregate,eps_e20_pooled,E20 pooled EPS,O(1),15,4192420,4992420,dominant_plus_15pp,5000,"{""bdg2_building_data_genome"":0.3333333333333333,""heapo_heat_pumps"":0.3333333333333333,""smart_grid_smart_city"":0.3333333333333333}","{""bdg2_building_data_genome"":0.48333333333333334,""heapo_heat_pumps"":0.25833333333333336,""smart_grid_smart_city"":0.25833333333333336}","{""bdg2_building_data_genome"":2416,""heapo_heat_pumps"":1292,""smart_grid_smart_city"":1292}",False,test,34.494743203181436,12.883363829818354,21.611379373363082,62.651225568103015,0.89639,0.9647362789470788,0,0.0,22.65405613623088,1.0426767628677998,0.0,"{""bdg2_building_data_genome"":{""available_profile_sources"":1570,""logical_devices"":2416,""mean_profile_reuse"":1.980327868852459,""profile_bootstrap"":true,""selected_unique_profile_sources"":1220,""weight"":0.48333333333333334},""heapo_heat_pumps"":{""available_profile_sources"":1362,""logical_devices"":1292,""mean_profile_reuse"":1.0,""profile_bootstrap"":false,""selected_unique_profile_sources"":1292,""weight"":0.25833333333333336},""smart_grid_smart_city"":{""available_profile_sources"":5000,""logical_devices"":1292,""mean_profile_reuse"":1.0,""profile_bootstrap"":false,""selected_unique_profile_sources"":1292,""weight"":0.25833333333333336}}",dataset_combinations_mixed_physical_fleet_v1,2765.8938331535433,2326.0,3307.182006074293,4817.252406508199
predefined_mixed_scenario,S1-B,Building-heat pump-residential,建筑、热泵和带受控负荷住宅的高差异融合,aggregate,eps_e20_pooled,E20 pooled EPS,O(1),16,4192421,4992421,dominant_plus_15pp,5000,"{""bdg2_building_data_genome"":0.3333333333333333,""heapo_heat_pumps"":0.3333333333333333,""smart_grid_smart_city"":0.3333333333333333}","{""bdg2_building_data_genome"":0.48333333333333334,""heapo_heat_pumps"":0.25833333333333336,""smart_grid_smart_city"":0.25833333333333336}","{""bdg2_building_data_genome"":2416,""heapo_heat_pumps"":1292,""smart_grid_smart_city"":1292}",False,test,33.196111626875876,11.512835391009993,21.683276235865883,65.3187231070488,0.8941739999999999,0.9652620892675269,0,0.0,22.62254359274458,0.9392673568786969,0.0,"{""bdg2_building_data_genome"":{""available_profile_sources"":1570,""logical_devices"":2416,""mean_profile_reuse"":1.949959644874899,""profile_bootstrap"":true,""selected_unique_profile_sources"":1239,""weight"":0.48333333333333334},""heapo_heat_pumps"":{""available_profile_sources"":1362,""logical_devices"":1292,""mean_profile_reuse"":1.0,""profile_bootstrap"":false,""selected_unique_profile_sources"":1292,""weight"":0.25833333333333336},""smart_grid_smart_city"":{""available_profile_sources"":5000,""logical_devices"":1292,""mean_profile_reuse"":1.0,""profile_bootstrap"":false,""selected_unique_profile_sources"":1292,""weight"":0.25833333333333336}}",dataset_combinations_mixed_physical_fleet_v1,2604.3819442059794,2155.4285714285716,3203.985055287924,4619.88016480859
predefined_mixed_scenario,S1-B,Building-heat pump-residential,建筑、热泵和带受控负荷住宅的高差异融合,aggregate,eps_e20_pooled,E20 pooled EPS,O(1),17,4192422,4992422,dominant_plus_15pp,5000,"{""bdg2_building_data_genome"":0.3333333333333333,""heapo_heat_pumps"":0.3333333333333333,""smart_grid_smart_city"":0.3333333333333333}","{""bdg2_building_data_genome"":0.48333333333333334,""heapo_heat_pumps"":0.25833333333333336,""smart_grid_smart_city"":0.25833333333333336}","{""bdg2_building_data_genome"":2416,""heapo_heat_pumps"":1292,""smart_grid_smart_city"":1292}",False,test,31.445672370428387,9.781181117592858,21.66449125283553,68.89498496845272,0.8942840000000004,0.9762971272040295,0,0.0,22.543029996159646,0.8785387433241172,0.0,"{""bdg2_building_data_genome"":{""available_profile_sources"":1570,""logical_devices"":2416,""mean_profile_reuse"":1.9483870967741936,""profile_bootstrap"":true,""selected_unique_profile_sources"":1240,""weight"":0.48333333333333334},""heapo_heat_pumps"":{""available_profile_sources"":1362,""logical_devices"":1292,""mean_profile_reuse"":1.0,""profile_bootstrap"":false,""selected_unique_profile_sources"":1292,""weight"":0.25833333333333336},""smart_grid_smart_city"":{""available_profile_sources"":5000,""logical_devices"":1292,""mean_profile_reuse"":1.0,""profile_bootstrap"":false,""selected_unique_profile_sources"":1292,""weight"":0.25833333333333336}}",dataset_combinations_mixed_physical_fleet_v1,2386.7668995389286,1972.857142857143,3023.622353824396,4412.647015650726
predefined_mixed_scenario,S1-B,Building-heat pump-residential,建筑、热泵和带受控负荷住宅的高差异融合,aggregate,eps_e20_pooled,E20 pooled EPS,O(1),18,4192423,4992423,dominant_plus_15pp,5000,"{""bdg2_building_data_genome"":0.3333333333333333,""heapo_heat_pumps"":0.3333333333333333,""smart_grid_smart_city"":0.3333333333333333}","{""bdg2_building_data_genome"":0.48333333333333334,""heapo_heat_pumps"":0.25833333333333336,""smart_grid_smart_city"":0.25833333333333336}","{""bdg2_building_data_genome"":2416,""heapo_heat_pumps"":1292,""smart_grid_smart_city"":1292}",False,test,33.11740021659258,11.211034548690147,21.90636566790243,66.14760073143314,0.8954159999999999,0.973064962692061,0,0.0,22.809722632497134,0.9033569645947042,0.0,"{""bdg2_building_data_genome"":{""available_profile_sources"":1570,""logical_devices"":2416,""mean_profile_reuse"":1.9835796387520526,""profile_bootstrap"":true,""selected_unique_profile_sources"":1218,""weight"":0.48333333333333334},""heapo_heat_pumps"":{""available_profile_sources"":1362,""logical_devices"":1292,""mean_profile_reuse"":1.0,""profile_bootstrap"":false,""selected_unique_profile_sources"":1292,""weight"":0.25833333333333336},""smart_grid_smart_city"":{""available_profile_sources"":5000,""logical_devices"":1292,""mean_profile_reuse"":1.0,""profile_bootstrap"":false,""selected_unique_profile_sources"":1292,""weight"":0.25833333333333336}}",dataset_combinations_mixed_physical_fleet_v1,2590.7619874087923,2216.285714285714,3177.0846234389874,4722.456259619029
predefined_mixed_scenario,S1-B,Building-heat pump-residential,建筑、热泵和带受控负荷住宅的高差异融合,aggregate,eps_e20_pooled,E20 pooled EPS,O(1),19,4192424,4992424,dominant_plus_15pp,5000,"{""bdg2_building_data_genome"":0.3333333333333333,""heapo_heat_pumps"":0.3333333333333333,""smart_grid_smart_city"":0.3333333333333333}","{""bdg2_building_data_genome"":0.48333333333333334,""heapo_heat_pumps"":0.25833333333333336,""smart_grid_smart_city"":0.25833333333333336}","{""bdg2_building_data_genome"":2416,""heapo_heat_pumps"":1292,""smart_grid_smart_city"":1292}",False,test,32.491653088509615,10.844050842850152,21.647602245659463,66.62511810861032,0.8950100000000004,0.9659999832941639,0,0.0,22.611391923831473,0.9637896781720138,0.0,"{""bdg2_building_data_genome"":{""available_profile_sources"":1570,""logical_devices"":2416,""mean_profile_reuse"":1.9610389610389611,""profile_bootstrap"":true,""selected_unique_profile_sources"":1232,""weight"":0.48333333333333334},""heapo_heat_pumps"":{""available_profile_sources"":1362,""logical_devices"":1292,""mean_profile_reuse"":1.0,""profile_bootstrap"":false,""selected_unique_profile_sources"":1292,""weight"":0.25833333333333336},""smart_grid_smart_city"":{""available_profile_sources"":5000,""logical_devices"":1292,""mean_profile_reuse"":1.0,""profile_bootstrap"":false,""selected_unique_profile_sources"":1292,""weight"":0.25833333333333336}}",dataset_combinations_mixed_physical_fleet_v1,2519.9532483188377,2094.4285714285716,3167.2164497763547,4564.749863555915
predefined_mixed_scenario,S1-B,Building-heat pump-residential,建筑、热泵和带受控负荷住宅的高差异融合,aggregate,eps_e20_pooled,E20 pooled EPS,O(1),20,4192425,4992425,dominant_minus_15pp,5000,"{""bdg2_building_data_genome"":0.3333333333333333,""heapo_heat_pumps"":0.3333333333333333,""smart_grid_smart_city"":0.3333333333333333}","{""bdg2_building_data_genome"":0.18333333333333332,""heapo_heat_pumps"":0.40833333333333327,""smart_grid_smart_city"":0.40833333333333327}","{""bdg2_building_data_genome"":916,""heapo_heat_pumps"":2042,""smart_grid_smart_city"":2042}",False,test,34.87232223208805,13.243700951215118,21.628621280872935,62.02231424946854,0.8948519999999996,0.9582669575573115,0,0.0,22.697909848900228,1.0692885680272939,0.0,"{""bdg2_building_data_genome"":{""available_profile_sources"":1570,""logical_devices"":916,""mean_profile_reuse"":1.0,""profile_bootstrap"":false,""selected_unique_profile_sources"":916,""weight"":0.18333333333333332},""heapo_heat_pumps"":{""available_profile_sources"":1362,""logical_devices"":2042,""mean_profile_reuse"":1.9318826868495742,""profile_bootstrap"":true,""selected_unique_profile_sources"":1057,""weight"":0.40833333333333327},""smart_grid_smart_city"":{""available_profile_sources"":5000,""logical_devices"":2042,""mean_profile_reuse"":1.0,""profile_bootstrap"":false,""selected_unique_profile_sources"":2042,""weight"":0.40833333333333327}}",dataset_combinations_mixed_physical_fleet_v1,2819.0398288254155,2411.5714285714284,3355.88139265649,4904.008086400626
predefined_mixed_scenario,S1-B,Building-heat pump-residential,建筑、热泵和带受控负荷住宅的高差异融合,aggregate,eps_e20_pooled,E20 pooled EPS,O(1),21,4192426,4992426,dominant_minus_15pp,5000,"{""bdg2_building_data_genome"":0.3333333333333333,""heapo_heat_pumps"":0.3333333333333333,""smart_grid_smart_city"":0.3333333333333333}","{""bdg2_building_data_genome"":0.18333333333333332,""heapo_heat_pumps"":0.40833333333333327,""smart_grid_smart_city"":0.40833333333333327}","{""bdg2_building_data_genome"":916,""heapo_heat_pumps"":2042,""smart_grid_smart_city"":2042}",False,test,35.114231306513624,13.362588968354238,21.751642338159385,61.94537521920492,0.8952779999999997,0.9579373324673414,0,0.0,22.864935961734023,1.1132936235746365,0.0,"{""bdg2_building_data_genome"":{""available_profile_sources"":1570,""logical_devices"":916,""mean_profile_reuse"":1.0,""profile_bootstrap"":false,""selected_unique_profile_sources"":916,""weight"":0.18333333333333332},""heapo_heat_pumps"":{""available_profile_sources"":1362,""logical_devices"":2042,""mean_profile_reuse"":1.9844509232264333,""profile_bootstrap"":true,""selected_unique_profile_sources"":1029,""weight"":0.40833333333333327},""smart_grid_smart_city"":{""available_profile_sources"":5000,""logical_devices"":2042,""mean_profile_reuse"":1.0,""profile_bootstrap"":false,""selected_unique_profile_sources"":2042,""weight"":0.40833333333333327}}",dataset_combinations_mixed_physical_fleet_v1,2852.6916164156078,2374.714285714286,3392.2366622546506,4896.463654217963
predefined_mixed_scenario,S1-B,Building-heat pump-residential,建筑、热泵和带受控负荷住宅的高差异融合,aggregate,eps_e20_pooled,E20 pooled EPS,O(1),22,4192427,4992427,dominant_minus_15pp,5000,"{""bdg2_building_data_genome"":0.3333333333333333,""heapo_heat_pumps"":0.3333333333333333,""smart_grid_smart_city"":0.3333333333333333}","{""bdg2_building_data_genome"":0.18333333333333332,""heapo_heat_pumps"":0.40833333333333327,""smart_grid_smart_city"":0.40833333333333327}","{""bdg2_building_data_genome"":916,""heapo_heat_pumps"":2042,""smart_grid_smart_city"":2042}",False,test,34.859109736705875,13.395605218332822,21.463504518373053,61.57215339258207,0.8961859999999999,0.9592403172868624,0,0.0,22.582179703562744,1.1186751851896874,0.0,"{""bdg2_building_data_genome"":{""available_profile_sources"":1570,""logical_devices"":916,""mean_profile_reuse"":1.0,""profile_bootstrap"":false,""selected_unique_profile_sources"":916,""weight"":0.18333333333333332},""heapo_heat_pumps"":{""available_profile_sources"":1362,""logical_devices"":2042,""mean_profile_reuse"":1.9373814041745732,""profile_bootstrap"":true,""selected_unique_profile_sources"":1054,""weight"":0.40833333333333327},""smart_grid_smart_city"":{""available_profile_sources"":5000,""logical_devices"":2042,""mean_profile_reuse"":1.0,""profile_bootstrap"":false,""selected_unique_profile_sources"":2042,""weight"":0.40833333333333327}}",dataset_combinations_mixed_physical_fleet_v1,2830.6300732863415,2399.0,3359.581219967953,4874.958890315296
predefined_mixed_scenario,S1-B,Building-heat pump-residential,建筑、热泵和带受控负荷住宅的高差异融合,aggregate,eps_e20_pooled,E20 pooled EPS,O(1),23,4192428,4992428,dominant_minus_15pp,5000,"{""bdg2_building_data_genome"":0.3333333333333333,""heapo_heat_pumps"":0.3333333333333333,""smart_grid_smart_city"":0.3333333333333333}","{""bdg2_building_data_genome"":0.18333333333333332,""heapo_heat_pumps"":0.40833333333333327,""smart_grid_smart_city"":0.40833333333333327}","{""bdg2_building_data_genome"":916,""heapo_heat_pumps"":2042,""smart_grid_smart_city"":2042}",False,test,35.96318710406283,14.709537719054154,21.25364938500868,59.09834777298593,0.8958879999999995,0.9585599015827257,0,0.0,22.83697446086909,1.5833250758604112,0.0,"{""bdg2_building_data_genome"":{""available_profile_sources"":1570,""logical_devices"":916,""mean_profile_reuse"":1.0,""profile_bootstrap"":false,""selected_unique_profile_sources"":916,""weight"":0.18333333333333332},""heapo_heat_pumps"":{""available_profile_sources"":1362,""logical_devices"":2042,""mean_profile_reuse"":1.9578139980824545,""profile_bootstrap"":true,""selected_unique_profile_sources"":1043,""weight"":0.40833333333333327},""smart_grid_smart_city"":{""available_profile_sources"":5000,""logical_devices"":2042,""mean_profile_reuse"":1.0,""profile_bootstrap"":false,""selected_unique_profile_sources"":2042,""weight"":0.40833333333333327}}",dataset_combinations_mixed_physical_fleet_v1,2590.1390375467895,2152.875,2988.4788530013393,4338.714587290741
predefined_mixed_scenario,S1-B,Building-heat pump-residential,建筑、热泵和带受控负荷住宅的高差异融合,aggregate,eps_e20_pooled,E20 pooled EPS,O(1),24,4192429,4992429,dominant_minus_15pp,5000,"{""bdg2_building_data_genome"":0.3333333333333333,""heapo_heat_pumps"":0.3333333333333333,""smart_grid_smart_city"":0.3333333333333333}","{""bdg2_building_data_genome"":0.18333333333333332,""heapo_heat_pumps"":0.40833333333333327,""smart_grid_smart_city"":0.40833333333333327}","{""bdg2_building_data_genome"":916,""heapo_heat_pumps"":2042,""smart_grid_smart_city"":2042}",False,test,34.51198086158722,12.952812792661863,21.559168068925356,62.4686486567953,0.8946499999999995,0.9654316024343671,0,0.0,22.654911428289306,1.0957433593639534,0.0,"{""bdg2_building_data_genome"":{""available_profile_sources"":1570,""logical_devices"":916,""mean_profile_reuse"":1.0,""profile_bootstrap"":false,""selected_unique_profile_sources"":916,""weight"":0.18333333333333332},""heapo_heat_pumps"":{""available_profile_sources"":1362,""logical_devices"":2042,""mean_profile_reuse"":1.9355450236966825,""profile_bootstrap"":true,""selected_unique_profile_sources"":1055,""weight"":0.40833333333333327},""smart_grid_smart_city"":{""available_profile_sources"":5000,""logical_devices"":2042,""mean_profile_reuse"":1.0,""profile_bootstrap"":false,""selected_unique_profile_sources"":2042,""weight"":0.40833333333333327}}",dataset_combinations_mixed_physical_fleet_v1,2765.2554073301026,2313.8571428571427,3326.5370106167697,4788.727712239541
predefined_mixed_scenario,S1-B,Building-heat pump-residential,建筑、热泵和带受控负荷住宅的高差异融合,aggregate,eps_e20_pooled,E20 pooled EPS,O(1),25,4192430,4992430,dominant_minus_15pp,5000,"{""bdg2_building_data_genome"":0.3333333333333333,""heapo_heat_pumps"":0.3333333333333333,""smart_grid_smart_city"":0.3333333333333333}","{""bdg2_building_data_genome"":0.18333333333333332,""heapo_heat_pumps"":0.40833333333333327,""smart_grid_smart_city"":0.40833333333333327}","{""bdg2_building_data_genome"":916,""heapo_heat_pumps"":2042,""smart_grid_smart_city"":2042}",False,test,35.58321869915716,13.68917613541219,21.894042563744968,61.52912345802928,0.8957280000000002,0.9550180853476995,0,0.0,22.86476795228463,0.9707253885396582,0.0,"{""bdg2_building_data_genome"":{""available_profile_sources"":1570,""logical_devices"":916,""mean_profile_reuse"":1.0,""profile_bootstrap"":false,""selected_unique_profile_sources"":916,""weight"":0.18333333333333332},""heapo_heat_pumps"":{""available_profile_sources"":1362,""logical_devices"":2042,""mean_profile_reuse"":1.9521988527724665,""profile_bootstrap"":true,""selected_unique_profile_sources"":1046,""weight"":0.40833333333333327},""smart_grid_smart_city"":{""available_profile_sources"":5000,""logical_devices"":2042,""mean_profile_reuse"":1.0,""profile_bootstrap"":false,""selected_unique_profile_sources"":2042,""weight"":0.40833333333333327}}",dataset_combinations_mixed_physical_fleet_v1,2893.4921240164613,2387.1428571428573,3408.6018669881228,4935.768081220145
predefined_mixed_scenario,S1-B,Building-heat pump-residential,建筑、热泵和带受控负荷住宅的高差异融合,aggregate,eps_e20_pooled,E20 pooled EPS,O(1),26,4192431,4992431,dominant_minus_15pp,5000,"{""bdg2_building_data_genome"":0.3333333333333333,""heapo_heat_pumps"":0.3333333333333333,""smart_grid_smart_city"":0.3333333333333333}","{""bdg2_building_data_genome"":0.18333333333333332,""heapo_heat_pumps"":0.40833333333333327,""smart_grid_smart_city"":0.40833333333333327}","{""bdg2_building_data_genome"":916,""heapo_heat_pumps"":2042,""smart_grid_smart_city"":2042}",False,test,36.45019587661368,14.900027104787291,21.550168771826385,59.122230357211606,0.8953599999999999,0.9565950527084451,0,0.0,22.732011282103777,1.1818425102773942,0.0,"{""bdg2_building_data_genome"":{""available_profile_sources"":1570,""logical_devices"":916,""mean_profile_reuse"":1.0,""profile_bootstrap"":false,""selected_unique_profile_sources"":916,""weight"":0.18333333333333332},""heapo_heat_pumps"":{""available_profile_sources"":1362,""logical_devices"":2042,""mean_profile_reuse"":1.9691417550626809,""profile_bootstrap"":true,""selected_unique_profile_sources"":1037,""weight"":0.40833333333333327},""smart_grid_smart_city"":{""available_profile_sources"":5000,""logical_devices"":2042,""mean_profile_reuse"":1.0,""profile_bootstrap"":false,""selected_unique_profile_sources"":2042,""weight"":0.40833333333333327}}",dataset_combinations_mixed_physical_fleet_v1,2994.0046322641224,2484.8571428571427,3393.412466582886,4992.18343627756
predefined_mixed_scenario,S1-B,Building-heat pump-residential,建筑、热泵和带受控负荷住宅的高差异融合,aggregate,eps_e20_pooled,E20 pooled EPS,O(1),27,4192432,4992432,dominant_minus_15pp,5000,"{""bdg2_building_data_genome"":0.3333333333333333,""heapo_heat_pumps"":0.3333333333333333,""smart_grid_smart_city"":0.3333333333333333}","{""bdg2_building_data_genome"":0.18333333333333332,""heapo_heat_pumps"":0.40833333333333327,""smart_grid_smart_city"":0.40833333333333327}","{""bdg2_building_data_genome"":916,""heapo_heat_pumps"":2042,""smart_grid_smart_city"":2042}",False,test,35.64816180688353,14.07782316219971,21.57033864468382,60.508978728094384,0.8947139999999998,0.9572942493003621,0,0.0,22.6857861183408,1.1154474736569815,0.0,"{""bdg2_building_data_genome"":{""available_profile_sources"":1570,""logical_devices"":916,""mean_profile_reuse"":1.0,""profile_bootstrap"":false,""selected_unique_profile_sources"":916,""weight"":0.18333333333333332},""heapo_heat_pumps"":{""available_profile_sources"":1362,""logical_devices"":2042,""mean_profile_reuse"":1.919172932330827,""profile_bootstrap"":true,""selected_unique_profile_sources"":1064,""weight"":0.40833333333333327},""smart_grid_smart_city"":{""available_profile_sources"":5000,""logical_devices"":2042,""mean_profile_reuse"":1.0,""profile_bootstrap"":false,""selected_unique_profile_sources"":2042,""weight"":0.40833333333333327}}",dataset_combinations_mixed_physical_fleet_v1,2891.532598017003,2411.714285714286,3381.6816710751605,4904.348905694901
predefined_mixed_scenario,S1-B,Building-heat pump-residential,建筑、热泵和带受控负荷住宅的高差异融合,aggregate,eps_e20_pooled,E20 pooled EPS,O(1),28,4192433,4992433,dominant_minus_15pp,5000,"{""bdg2_building_data_genome"":0.3333333333333333,""heapo_heat_pumps"":0.3333333333333333,""smart_grid_smart_city"":0.3333333333333333}","{""bdg2_building_data_genome"":0.18333333333333332,""heapo_heat_pumps"":0.40833333333333327,""smart_grid_smart_city"":0.40833333333333327}","{""bdg2_building_data_genome"":916,""heapo_heat_pumps"":2042,""smart_grid_smart_city"":2042}",False,test,35.78806254278101,14.246685695239645,21.54137684754137,60.19151447997731,0.8966379999999998,0.9578496135274563,0,0.0,22.945493782336783,1.404116934795414,0.0,"{""bdg2_building_data_genome"":{""available_profile_sources"":1570,""logical_devices"":916,""mean_profile_reuse"":1.0,""profile_bootstrap"":false,""selected_unique_profile_sources"":916,""weight"":0.18333333333333332},""heapo_heat_pumps"":{""available_profile_sources"":1362,""logical_devices"":2042,""mean_profile_reuse"":1.9318826868495742,""profile_bootstrap"":true,""selected_unique_profile_sources"":1057,""weight"":0.40833333333333327},""smart_grid_smart_city"":{""available_profile_sources"":5000,""logical_devices"":2042,""mean_profile_reuse"":1.0,""profile_bootstrap"":false,""selected_unique_profile_sources"":2042,""weight"":0.40833333333333327}}",dataset_combinations_mixed_physical_fleet_v1,2558.498114727143,2131.375,2997.187336984151,4372.619342944728
predefined_mixed_scenario,S1-B,Building-heat pump-residential,建筑、热泵和带受控负荷住宅的高差异融合,aggregate,eps_e20_pooled,E20 pooled EPS,O(1),29,4192434,4992434,dominant_minus_15pp,5000,"{""bdg2_building_data_genome"":0.3333333333333333,""heapo_heat_pumps"":0.3333333333333333,""smart_grid_smart_city"":0.3333333333333333}","{""bdg2_building_data_genome"":0.18333333333333332,""heapo_heat_pumps"":0.40833333333333327,""smart_grid_smart_city"":0.40833333333333327}","{""bdg2_building_data_genome"":916,""heapo_heat_pumps"":2042,""smart_grid_smart_city"":2042}",False,test,35.277225187284394,13.568967949270128,21.708257238014266,61.53618126926538,0.8947179999999999,0.9591828075046283,0,0.0,22.863586478399608,1.155329240385341,0.0,"{""bdg2_building_data_genome"":{""available_profile_sources"":1570,""logical_devices"":916,""mean_profile_reuse"":1.0,""profile_bootstrap"":false,""selected_unique_profile_sources"":916,""weight"":0.18333333333333332},""heapo_heat_pumps"":{""available_profile_sources"":1362,""logical_devices"":2042,""mean_profile_reuse"":1.933712121212121,""profile_bootstrap"":true,""selected_unique_profile_sources"":1056,""weight"":0.40833333333333327},""smart_grid_smart_city"":{""available_profile_sources"":5000,""logical_devices"":2042,""mean_profile_reuse"":1.0,""profile_bootstrap"":false,""selected_unique_profile_sources"":2042,""weight"":0.40833333333333327}}",dataset_combinations_mixed_physical_fleet_v1,2870.8057703869554,2423.8571428571427,3371.8492592327975,4932.873599963559
predefined_mixed_scenario,S1-B,Building-heat pump-residential,建筑、热泵和带受控负荷住宅的高差异融合,aggregate,eps_mixed,Mixed EPS,O(1),0,4192405,5092405,nominal,5000,"{""bdg2_building_data_genome"":0.3333333333333333,""heapo_heat_pumps"":0.3333333333333333,""smart_grid_smart_city"":0.3333333333333333}","{""bdg2_building_data_genome"":0.3333333333333333,""heapo_heat_pumps"":0.3333333333333333,""smart_grid_smart_city"":0.3333333333333333}","{""bdg2_building_data_genome"":1667,""heapo_heat_pumps"":1667,""smart_grid_smart_city"":1666}",False,test,33.770062841823574,12.04257494198697,21.727487899836603,64.3394950184325,0.8953080000000005,0.9613978924633931,0,0.0,22.76993921493652,1.0424513150999202,0.0,"{""bdg2_building_data_genome"":{""available_profile_sources"":1570,""logical_devices"":1667,""mean_profile_reuse"":1.6603585657370519,""profile_bootstrap"":true,""selected_unique_profile_sources"":1004,""weight"":0.3333333333333333},""heapo_heat_pumps"":{""available_profile_sources"":1362,""logical_devices"":1667,""mean_profile_reuse"":1.727461139896373,""profile_bootstrap"":true,""selected_unique_profile_sources"":965,""weight"":0.3333333333333333},""smart_grid_smart_city"":{""available_profile_sources"":5000,""logical_devices"":1666,""mean_profile_reuse"":1.0,""profile_bootstrap"":false,""selected_unique_profile_sources"":1666,""weight"":0.3333333333333333}}",dataset_combinations_mixed_physical_fleet_v1,2680.5527239197554,2533.5714285714284,3304.87141871065,4680.457126023352
predefined_mixed_scenario,S1-B,Building-heat pump-residential,建筑、热泵和带受控负荷住宅的高差异融合,aggregate,eps_mixed,Mixed EPS,O(1),1,4192406,5092406,nominal,5000,"{""bdg2_building_data_genome"":0.3333333333333333,""heapo_heat_pumps"":0.3333333333333333,""smart_grid_smart_city"":0.3333333333333333}","{""bdg2_building_data_genome"":0.3333333333333333,""heapo_heat_pumps"":0.3333333333333333,""smart_grid_smart_city"":0.3333333333333333}","{""bdg2_building_data_genome"":1667,""heapo_heat_pumps"":1667,""smart_grid_smart_city"":1666}",False,test,34.60258790505812,12.823463211201776,21.779124693856346,62.94073944299619,0.8949139999999988,0.9582098425322623,0,0.0,22.990486381594508,1.2113616877381614,0.0,"{""bdg2_building_data_genome"":{""available_profile_sources"":1570,""logical_devices"":1667,""mean_profile_reuse"":1.6168768186226965,""profile_bootstrap"":true,""selected_unique_profile_sources"":1031,""weight"":0.3333333333333333},""heapo_heat_pumps"":{""available_profile_sources"":1362,""logical_devices"":1667,""mean_profile_reuse"":1.7346514047866806,""profile_bootstrap"":true,""selected_unique_profile_sources"":961,""weight"":0.3333333333333333},""smart_grid_smart_city"":{""available_profile_sources"":5000,""logical_devices"":1666,""mean_profile_reuse"":1.0,""profile_bootstrap"":false,""selected_unique_profile_sources"":1666,""weight"":0.3333333333333333}}",dataset_combinations_mixed_physical_fleet_v1,2784.4991787209947,2643.0,3385.6237372881055,4753.547049038048
predefined_mixed_scenario,S1-B,Building-heat pump-residential,建筑、热泵和带受控负荷住宅的高差异融合,aggregate,eps_mixed,Mixed EPS,O(1),2,4192407,5092407,nominal,5000,"{""bdg2_building_data_genome"":0.3333333333333333,""heapo_heat_pumps"":0.3333333333333333,""smart_grid_smart_city"":0.3333333333333333}","{""bdg2_building_data_genome"":0.3333333333333333,""heapo_heat_pumps"":0.3333333333333333,""smart_grid_smart_city"":0.3333333333333333}","{""bdg2_building_data_genome"":1667,""heapo_heat_pumps"":1667,""smart_grid_smart_city"":1666}",False,test,34.571407372048384,12.965797233933923,21.60561013811446,62.49560483783774,0.8935520000000002,0.9581026975529708,0,0.0,22.80684285410319,1.2012327159887226,0.0,"{""bdg2_building_data_genome"":{""available_profile_sources"":1570,""logical_devices"":1667,""mean_profile_reuse"":1.5921680993314231,""profile_bootstrap"":true,""selected_unique_profile_sources"":1047,""weight"":0.3333333333333333},""heapo_heat_pumps"":{""available_profile_sources"":1362,""logical_devices"":1667,""mean_profile_reuse"":1.7132579650565263,""profile_bootstrap"":true,""selected_unique_profile_sources"":973,""weight"":0.3333333333333333},""smart_grid_smart_city"":{""available_profile_sources"":5000,""logical_devices"":1666,""mean_profile_reuse"":1.0,""profile_bootstrap"":false,""selected_unique_profile_sources"":1666,""weight"":0.3333333333333333}}",dataset_combinations_mixed_physical_fleet_v1,2786.667672740049,2643.0,3383.051502321897,4753.547049038048
predefined_mixed_scenario,S1-B,Building-heat pump-residential,建筑、热泵和带受控负荷住宅的高差异融合,aggregate,eps_mixed,Mixed EPS,O(1),3,4192408,5092408,nominal,5000,"{""bdg2_building_data_genome"":0.3333333333333333,""heapo_heat_pumps"":0.3333333333333333,""smart_grid_smart_city"":0.3333333333333333}","{""bdg2_building_data_genome"":0.3333333333333333,""heapo_heat_pumps"":0.3333333333333333,""smart_grid_smart_city"":0.3333333333333333}","{""bdg2_building_data_genome"":1667,""heapo_heat_pumps"":1667,""smart_grid_smart_city"":1666}",False,test,34.40789121539473,12.755998236147619,21.65189297924711,62.92711414281516,0.8936060000000008,0.9592617520322726,0,0.0,22.851324491282828,1.199431512035713,0.0,"{""bdg2_building_data_genome"":{""available_profile_sources"":1570,""logical_devices"":1667,""mean_profile_reuse"":1.6359175662414132,""profile_bootstrap"":true,""selected_unique_profile_sources"":1019,""weight"":0.3333333333333333},""heapo_heat_pumps"":{""available_profile_sources"":1362,""logical_devices"":1667,""mean_profile_reuse"":1.7185567010309277,""profile_bootstrap"":true,""selected_unique_profile_sources"":970,""weight"":0.3333333333333333},""smart_grid_smart_city"":{""available_profile_sources"":5000,""logical_devices"":1666,""mean_profile_reuse"":1.0,""profile_bootstrap"":false,""selected_unique_profile_sources"":1666,""weight"":0.3333333333333333}}",dataset_combinations_mixed_physical_fleet_v1,2755.5246769291225,2643.0,3384.581698358166,4753.547049038048
predefined_mixed_scenario,S1-B,Building-heat pump-residential,建筑、热泵和带受控负荷住宅的高差异融合,aggregate,eps_mixed,Mixed EPS,O(1),4,4192409,5092409,nominal,5000,"{""bdg2_building_data_genome"":0.3333333333333333,""heapo_heat_pumps"":0.3333333333333333,""smart_grid_smart_city"":0.3333333333333333}","{""bdg2_building_data_genome"":0.3333333333333333,""heapo_heat_pumps"":0.3333333333333333,""smart_grid_smart_city"":0.3333333333333333}","{""bdg2_building_data_genome"":1667,""heapo_heat_pumps"":1667,""smart_grid_smart_city"":1666}",False,test,34.22166491262871,12.696399705713233,21.525265206915478,62.89952654808469,0.8943359999999999,0.9607415571738357,0,0.0,22.639955932042977,1.1146907251275016,0.0,"{""bdg2_building_data_genome"":{""available_profile_sources"":1570,""logical_devices"":1667,""mean_profile_reuse"":1.629521016617791,""profile_bootstrap"":true,""selected_unique_profile_sources"":1023,""weight"":0.3333333333333333},""heapo_heat_pumps"":{""available_profile_sources"":1362,""logical_devices"":1667,""mean_profile_reuse"":1.7455497382198952,""profile_bootstrap"":true,""selected_unique_profile_sources"":955,""weight"":0.3333333333333333},""smart_grid_smart_city"":{""available_profile_sources"":5000,""logical_devices"":1666,""mean_profile_reuse"":1.0,""profile_bootstrap"":false,""selected_unique_profile_sources"":1666,""weight"":0.3333333333333333}}",dataset_combinations_mixed_physical_fleet_v1,2734.225857640712,2582.285714285714,3378.399583474766,4708.777558627836
predefined_mixed_scenario,S1-B,Building-heat pump-residential,建筑、热泵和带受控负荷住宅的高差异融合,aggregate,eps_mixed,Mixed EPS,O(1),5,4192410,5092410,nominal,5000,"{""bdg2_building_data_genome"":0.3333333333333333,""heapo_heat_pumps"":0.3333333333333333,""smart_grid_smart_city"":0.3333333333333333}","{""bdg2_building_data_genome"":0.3333333333333333,""heapo_heat_pumps"":0.3333333333333333,""smart_grid_smart_city"":0.3333333333333333}","{""bdg2_building_data_genome"":1667,""heapo_heat_pumps"":1667,""smart_grid_smart_city"":1666}",False,test,33.40390885113893,11.756693647932185,21.647215203206745,64.8044374078355,0.894052,0.9608418650997004,0,0.0,22.695898162916958,1.0486829597102083,0.0,"{""bdg2_building_data_genome"":{""available_profile_sources"":1570,""logical_devices"":1667,""mean_profile_reuse"":1.6311154598825832,""profile_bootstrap"":true,""selected_unique_profile_sources"":1022,""weight"":0.3333333333333333},""heapo_heat_pumps"":{""available_profile_sources"":1362,""logical_devices"":1667,""mean_profile_reuse"":1.741901776384535,""profile_bootstrap"":true,""selected_unique_profile_sources"":957,""weight"":0.3333333333333333},""smart_grid_smart_city"":{""available_profile_sources"":5000,""logical_devices"":1666,""mean_profile_reuse"":1.0,""profile_bootstrap"":false,""selected_unique_profile_sources"":1666,""weight"":0.3333333333333333}}",dataset_combinations_mixed_physical_fleet_v1,2634.3612853615045,2618.285714285714,3344.7007119258883,4711.915085184919
predefined_mixed_scenario,S1-B,Building-heat pump-residential,建筑、热泵和带受控负荷住宅的高差异融合,aggregate,eps_mixed,Mixed EPS,O(1),6,4192411,5092411,nominal,5000,"{""bdg2_building_data_genome"":0.3333333333333333,""heapo_heat_pumps"":0.3333333333333333,""smart_grid_smart_city"":0.3333333333333333}","{""bdg2_building_data_genome"":0.3333333333333333,""heapo_heat_pumps"":0.3333333333333333,""smart_grid_smart_city"":0.3333333333333333}","{""bdg2_building_data_genome"":1667,""heapo_heat_pumps"":1667,""smart_grid_smart_city"":1666}",False,test,34.28020632264545,12.662908889988493,21.617297432656954,63.06058145973469,0.8945940000000004,0.9606544728415014,0,0.0,22.770648953398442,1.1533515207414866,0.0,"{""bdg2_building_data_genome"":{""available_profile_sources"":1570,""logical_devices"":1667,""mean_profile_reuse"":1.648862512363996,""profile_bootstrap"":true,""selected_unique_profile_sources"":1011,""weight"":0.3333333333333333},""heapo_heat_pumps"":{""available_profile_sources"":1362,""logical_devices"":1667,""mean_profile_reuse"":1.7473794549266248,""profile_bootstrap"":true,""selected_unique_profile_sources"":954,""weight"":0.3333333333333333},""smart_grid_smart_city"":{""available_profile_sources"":5000,""logical_devices"":1666,""mean_profile_reuse"":1.0,""profile_bootstrap"":false,""selected_unique_profile_sources"":1666,""weight"":0.3333333333333333}}",dataset_combinations_mixed_physical_fleet_v1,2753.6568794351865,2631.0,3364.205052582881,4732.837910157929
predefined_mixed_scenario,S1-B,Building-heat pump-residential,建筑、热泵和带受控负荷住宅的高差异融合,aggregate,eps_mixed,Mixed EPS,O(1),7,4192412,5092412,nominal,5000,"{""bdg2_building_data_genome"":0.3333333333333333,""heapo_heat_pumps"":0.3333333333333333,""smart_grid_smart_city"":0.3333333333333333}","{""bdg2_building_data_genome"":0.3333333333333333,""heapo_heat_pumps"":0.3333333333333333,""smart_grid_smart_city"":0.3333333333333333}","{""bdg2_building_data_genome"":1667,""heapo_heat_pumps"":1667,""smart_grid_smart_city"":1666}",False,test,33.5646486481881,11.862562794028147,21.70208585415995,64.65756898465696,0.8946139999999999,0.9642834778392104,0,0.0,22.671614589276402,0.9695287351164472,0.0,"{""bdg2_building_data_genome"":{""available_profile_sources"":1570,""logical_devices"":1667,""mean_profile_reuse"":1.629521016617791,""profile_bootstrap"":true,""selected_unique_profile_sources"":1023,""weight"":0.3333333333333333},""heapo_heat_pumps"":{""available_profile_sources"":1362,""logical_devices"":1667,""mean_profile_reuse"":1.731048805815161,""profile_bootstrap"":true,""selected_unique_profile_sources"":963,""weight"":0.3333333333333333},""smart_grid_smart_city"":{""available_profile_sources"":5000,""logical_devices"":1666,""mean_profile_reuse"":1.0,""profile_bootstrap"":false,""selected_unique_profile_sources"":1666,""weight"":0.3333333333333333}}",dataset_combinations_mixed_physical_fleet_v1,2658.9516371081822,2533.5714285714284,3256.696695022005,4674.098647516757
predefined_mixed_scenario,S1-B,Building-heat pump-residential,建筑、热泵和带受控负荷住宅的高差异融合,aggregate,eps_mixed,Mixed EPS,O(1),8,4192413,5092413,nominal,5000,"{""bdg2_building_data_genome"":0.3333333333333333,""heapo_heat_pumps"":0.3333333333333333,""smart_grid_smart_city"":0.3333333333333333}","{""bdg2_building_data_genome"":0.3333333333333333,""heapo_heat_pumps"":0.3333333333333333,""smart_grid_smart_city"":0.3333333333333333}","{""bdg2_building_data_genome"":1667,""heapo_heat_pumps"":1667,""smart_grid_smart_city"":1666}",False,test,35.266990334508364,13.700936470734284,21.56605386377408,61.150820240739215,0.8944260000000006,0.9576556926375106,0,0.0,22.67900264193519,1.112948778161106,0.0,"{""bdg2_building_data_genome"":{""available_profile_sources"":1570,""logical_devices"":1667,""mean_profile_reuse"":1.6184466019417476,""profile_bootstrap"":true,""selected_unique_profile_sources"":1030,""weight"":0.3333333333333333},""heapo_heat_pumps"":{""available_profile_sources"":1362,""logical_devices"":1667,""mean_profile_reuse"":1.711498973305955,""profile_bootstrap"":true,""selected_unique_profile_sources"":974,""weight"":0.3333333333333333},""smart_grid_smart_city"":{""available_profile_sources"":5000,""logical_devices"":1666,""mean_profile_reuse"":1.0,""profile_bootstrap"":false,""selected_unique_profile_sources"":1666,""weight"":0.3333333333333333}}",dataset_combinations_mixed_physical_fleet_v1,2856.399726476479,2655.1428571428573,3410.0510781833314,4776.6271375710485
predefined_mixed_scenario,S1-B,Building-heat pump-residential,建筑、热泵和带受控负荷住宅的高差异融合,aggregate,eps_mixed,Mixed EPS,O(1),9,4192414,5092414,nominal,5000,"{""bdg2_building_data_genome"":0.3333333333333333,""heapo_heat_pumps"":0.3333333333333333,""smart_grid_smart_city"":0.3333333333333333}","{""bdg2_building_data_genome"":0.3333333333333333,""heapo_heat_pumps"":0.3333333333333333,""smart_grid_smart_city"":0.3333333333333333}","{""bdg2_building_data_genome"":1667,""heapo_heat_pumps"":1667,""smart_grid_smart_city"":1666}",False,test,35.3534098498996,13.669722324864193,21.683687525035406,61.334076732903846,0.8946980000000001,0.9582758165925284,0,0.0,22.832639410076176,1.148951885040772,0.0,"{""bdg2_building_data_genome"":{""available_profile_sources"":1570,""logical_devices"":1667,""mean_profile_reuse"":1.620019436345967,""profile_bootstrap"":true,""selected_unique_profile_sources"":1029,""weight"":0.3333333333333333},""heapo_heat_pumps"":{""available_profile_sources"":1362,""logical_devices"":1667,""mean_profile_reuse"":1.7565858798735512,""profile_bootstrap"":true,""selected_unique_profile_sources"":949,""weight"":0.3333333333333333},""smart_grid_smart_city"":{""available_profile_sources"":5000,""logical_devices"":1666,""mean_profile_reuse"":1.0,""profile_bootstrap"":false,""selected_unique_profile_sources"":1666,""weight"":0.3333333333333333}}",dataset_combinations_mixed_physical_fleet_v1,2868.2620334420726,2655.285714285714,3401.8483195225776,4776.9012412113
predefined_mixed_scenario,S1-B,Building-heat pump-residential,建筑、热泵和带受控负荷住宅的高差异融合,aggregate,eps_mixed,Mixed EPS,O(1),10,4192415,5092415,dominant_plus_15pp,5000,"{""bdg2_building_data_genome"":0.3333333333333333,""heapo_heat_pumps"":0.3333333333333333,""smart_grid_smart_city"":0.3333333333333333}","{""bdg2_building_data_genome"":0.48333333333333334,""heapo_heat_pumps"":0.25833333333333336,""smart_grid_smart_city"":0.25833333333333336}","{""bdg2_building_data_genome"":2416,""heapo_heat_pumps"":1292,""smart_grid_smart_city"":1292}",False,test,32.07470647466447,10.406374888286106,21.66833158637836,67.55582191685524,0.8955760000000001,0.9698223737887434,0,0.0,22.44621486696729,0.7778832805889263,0.0,"{""bdg2_building_data_genome"":{""available_profile_sources"":1570,""logical_devices"":2416,""mean_profile_reuse"":1.973856209150327,""profile_bootstrap"":true,""selected_unique_profile_sources"":1224,""weight"":0.48333333333333334},""heapo_heat_pumps"":{""available_profile_sources"":1362,""logical_devices"":1292,""mean_profile_reuse"":1.0,""profile_bootstrap"":false,""selected_unique_profile_sources"":1292,""weight"":0.25833333333333336},""smart_grid_smart_city"":{""available_profile_sources"":5000,""logical_devices"":1292,""mean_profile_reuse"":1.0,""profile_bootstrap"":false,""selected_unique_profile_sources"":1292,""weight"":0.25833333333333336}}",dataset_combinations_mixed_physical_fleet_v1,2455.5633173039087,2313.8571428571427,3214.5907386414233,4525.489351607548
predefined_mixed_scenario,S1-B,Building-heat pump-residential,建筑、热泵和带受控负荷住宅的高差异融合,aggregate,eps_mixed,Mixed EPS,O(1),11,4192416,5092416,dominant_plus_15pp,5000,"{""bdg2_building_data_genome"":0.3333333333333333,""heapo_heat_pumps"":0.3333333333333333,""smart_grid_smart_city"":0.3333333333333333}","{""bdg2_building_data_genome"":0.48333333333333334,""heapo_heat_pumps"":0.25833333333333336,""smart_grid_smart_city"":0.25833333333333336}","{""bdg2_building_data_genome"":2416,""heapo_heat_pumps"":1292,""smart_grid_smart_city"":1292}",False,test,31.991966856819207,10.27184827777662,21.720118579042587,67.89241398083301,0.8939279999999997,0.9683955583959172,0,0.0,22.607744060227006,0.8876254811844133,0.0,"{""bdg2_building_data_genome"":{""available_profile_sources"":1570,""logical_devices"":2416,""mean_profile_reuse"":1.9770867430441899,""profile_bootstrap"":true,""selected_unique_profile_sources"":1222,""weight"":0.48333333333333334},""heapo_heat_pumps"":{""available_profile_sources"":1362,""logical_devices"":1292,""mean_profile_reuse"":1.0,""profile_bootstrap"":false,""selected_unique_profile_sources"":1292,""weight"":0.25833333333333336},""smart_grid_smart_city"":{""available_profile_sources"":5000,""logical_devices"":1292,""mean_profile_reuse"":1.0,""profile_bootstrap"":false,""selected_unique_profile_sources"":1292,""weight"":0.25833333333333336}}",dataset_combinations_mixed_physical_fleet_v1,2447.041966954299,2301.5714285714284,3190.420380410382,4489.121142161901
predefined_mixed_scenario,S1-B,Building-heat pump-residential,建筑、热泵和带受控负荷住宅的高差异融合,aggregate,eps_mixed,Mixed EPS,O(1),12,4192417,5092417,dominant_plus_15pp,5000,"{""bdg2_building_data_genome"":0.3333333333333333,""heapo_heat_pumps"":0.3333333333333333,""smart_grid_smart_city"":0.3333333333333333}","{""bdg2_building_data_genome"":0.48333333333333334,""heapo_heat_pumps"":0.25833333333333336,""smart_grid_smart_city"":0.25833333333333336}","{""bdg2_building_data_genome"":2416,""heapo_heat_pumps"":1292,""smart_grid_smart_city"":1292}",False,test,31.876280372356973,10.10728010871097,21.769000263646003,68.29215959125527,0.8947499999999998,0.9691559229354634,0,0.0,22.55512886706595,0.7861286034199477,0.0,"{""bdg2_building_data_genome"":{""available_profile_sources"":1570,""logical_devices"":2416,""mean_profile_reuse"":1.9722448979591836,""profile_bootstrap"":true,""selected_unique_profile_sources"":1225,""weight"":0.48333333333333334},""heapo_heat_pumps"":{""available_profile_sources"":1362,""logical_devices"":1292,""mean_profile_reuse"":1.0,""profile_bootstrap"":false,""selected_unique_profile_sources"":1292,""weight"":0.25833333333333336},""smart_grid_smart_city"":{""available_profile_sources"":5000,""logical_devices"":1292,""mean_profile_reuse"":1.0,""profile_bootstrap"":false,""selected_unique_profile_sources"":1292,""weight"":0.25833333333333336}}",dataset_combinations_mixed_physical_fleet_v1,2431.7407944666224,2301.5714285714284,3183.9204586801184,4489.121142161901
predefined_mixed_scenario,S1-B,Building-heat pump-residential,建筑、热泵和带受控负荷住宅的高差异融合,aggregate,eps_mixed,Mixed EPS,O(1),13,4192418,5092418,dominant_plus_15pp,5000,"{""bdg2_building_data_genome"":0.3333333333333333,""heapo_heat_pumps"":0.3333333333333333,""smart_grid_smart_city"":0.3333333333333333}","{""bdg2_building_data_genome"":0.48333333333333334,""heapo_heat_pumps"":0.25833333333333336,""smart_grid_smart_city"":0.25833333333333336}","{""bdg2_building_data_genome"":2416,""heapo_heat_pumps"":1292,""smart_grid_smart_city"":1292}",False,test,32.53467567659086,10.781177235058223,21.753498441532635,66.86250281936749,0.89465,0.9656797339948255,0,0.0,22.60873102627721,0.8552325847445682,0.0,"{""bdg2_building_data_genome"":{""available_profile_sources"":1570,""logical_devices"":2416,""mean_profile_reuse"":1.9754701553556828,""profile_bootstrap"":true,""selected_unique_profile_sources"":1223,""weight"":0.48333333333333334},""heapo_heat_pumps"":{""available_profile_sources"":1362,""logical_devices"":1292,""mean_profile_reuse"":1.0,""profile_bootstrap"":false,""selected_unique_profile_sources"":1292,""weight"":0.25833333333333336},""smart_grid_smart_city"":{""available_profile_sources"":5000,""logical_devices"":1292,""mean_profile_reuse"":1.0,""profile_bootstrap"":false,""selected_unique_profile_sources"":1292,""weight"":0.25833333333333336}}",dataset_combinations_mixed_physical_fleet_v1,2518.745487747786,2435.714285714286,3234.8092700032853,4627.456330226644
predefined_mixed_scenario,S1-B,Building-heat pump-residential,建筑、热泵和带受控负荷住宅的高差异融合,aggregate,eps_mixed,Mixed EPS,O(1),14,4192419,5092419,dominant_plus_15pp,5000,"{""bdg2_building_data_genome"":0.3333333333333333,""heapo_heat_pumps"":0.3333333333333333,""smart_grid_smart_city"":0.3333333333333333}","{""bdg2_building_data_genome"":0.48333333333333334,""heapo_heat_pumps"":0.25833333333333336,""smart_grid_smart_city"":0.25833333333333336}","{""bdg2_building_data_genome"":2416,""heapo_heat_pumps"":1292,""smart_grid_smart_city"":1292}",False,test,31.914512405800075,10.026406927342098,21.888105478457977,68.58354970348876,0.8953079999999993,0.9709257758374519,0,0.0,22.735091261714793,0.8469857832568182,0.0,"{""bdg2_building_data_genome"":{""available_profile_sources"":1570,""logical_devices"":2416,""mean_profile_reuse"":1.9562753036437246,""profile_bootstrap"":true,""selected_unique_profile_sources"":1235,""weight"":0.48333333333333334},""heapo_heat_pumps"":{""available_profile_sources"":1362,""logical_devices"":1292,""mean_profile_reuse"":1.0,""profile_bootstrap"":false,""selected_unique_profile_sources"":1292,""weight"":0.25833333333333336},""smart_grid_smart_city"":{""available_profile_sources"":5000,""logical_devices"":1292,""mean_profile_reuse"":1.0,""profile_bootstrap"":false,""selected_unique_profile_sources"":1292,""weight"":0.25833333333333336}}",dataset_combinations_mixed_physical_fleet_v1,2441.970682216271,2277.1428571428573,3131.901756689447,4416.567234611589
predefined_mixed_scenario,S1-B,Building-heat pump-residential,建筑、热泵和带受控负荷住宅的高差异融合,aggregate,eps_mixed,Mixed EPS,O(1),15,4192420,5092420,dominant_plus_15pp,5000,"{""bdg2_building_data_genome"":0.3333333333333333,""heapo_heat_pumps"":0.3333333333333333,""smart_grid_smart_city"":0.3333333333333333}","{""bdg2_building_data_genome"":0.48333333333333334,""heapo_heat_pumps"":0.25833333333333336,""smart_grid_smart_city"":0.25833333333333336}","{""bdg2_building_data_genome"":2416,""heapo_heat_pumps"":1292,""smart_grid_smart_city"":1292}",False,test,34.494743203181436,12.952228091141802,21.542515112039634,62.45158859467252,0.89639,0.9634374574901877,0,0.0,22.65046903960096,1.1079539275613302,0.0,"{""bdg2_building_data_genome"":{""available_profile_sources"":1570,""logical_devices"":2416,""mean_profile_reuse"":1.980327868852459,""profile_bootstrap"":true,""selected_unique_profile_sources"":1220,""weight"":0.48333333333333334},""heapo_heat_pumps"":{""available_profile_sources"":1362,""logical_devices"":1292,""mean_profile_reuse"":1.0,""profile_bootstrap"":false,""selected_unique_profile_sources"":1292,""weight"":0.25833333333333336},""smart_grid_smart_city"":{""available_profile_sources"":5000,""logical_devices"":1292,""mean_profile_reuse"":1.0,""profile_bootstrap"":false,""selected_unique_profile_sources"":1292,""weight"":0.25833333333333336}}",dataset_combinations_mixed_physical_fleet_v1,2765.8938331535433,2594.285714285714,3344.243110057366,4725.226616433565
predefined_mixed_scenario,S1-B,Building-heat pump-residential,建筑、热泵和带受控负荷住宅的高差异融合,aggregate,eps_mixed,Mixed EPS,O(1),16,4192421,5092421,dominant_plus_15pp,5000,"{""bdg2_building_data_genome"":0.3333333333333333,""heapo_heat_pumps"":0.3333333333333333,""smart_grid_smart_city"":0.3333333333333333}","{""bdg2_building_data_genome"":0.48333333333333334,""heapo_heat_pumps"":0.25833333333333336,""smart_grid_smart_city"":0.25833333333333336}","{""bdg2_building_data_genome"":2416,""heapo_heat_pumps"":1292,""smart_grid_smart_city"":1292}",False,test,33.196111626875876,11.482578915658582,21.713532711217294,65.40986774378062,0.8941739999999999,0.9618380984178891,0,0.0,22.641274649157335,0.927741937940036,0.0,"{""bdg2_building_data_genome"":{""available_profile_sources"":1570,""logical_devices"":2416,""mean_profile_reuse"":1.949959644874899,""profile_bootstrap"":true,""selected_unique_profile_sources"":1239,""weight"":0.48333333333333334},""heapo_heat_pumps"":{""available_profile_sources"":1362,""logical_devices"":1292,""mean_profile_reuse"":1.0,""profile_bootstrap"":false,""selected_unique_profile_sources"":1292,""weight"":0.25833333333333336},""smart_grid_smart_city"":{""available_profile_sources"":5000,""logical_devices"":1292,""mean_profile_reuse"":1.0,""profile_bootstrap"":false,""selected_unique_profile_sources"":1292,""weight"":0.25833333333333336}}",dataset_combinations_mixed_physical_fleet_v1,2604.3819442059794,2533.5714285714284,3304.411711140806,4680.457126023352
predefined_mixed_scenario,S1-B,Building-heat pump-residential,建筑、热泵和带受控负荷住宅的高差异融合,aggregate,eps_mixed,Mixed EPS,O(1),17,4192422,5092422,dominant_plus_15pp,5000,"{""bdg2_building_data_genome"":0.3333333333333333,""heapo_heat_pumps"":0.3333333333333333,""smart_grid_smart_city"":0.3333333333333333}","{""bdg2_building_data_genome"":0.48333333333333334,""heapo_heat_pumps"":0.25833333333333336,""smart_grid_smart_city"":0.25833333333333336}","{""bdg2_building_data_genome"":2416,""heapo_heat_pumps"":1292,""smart_grid_smart_city"":1292}",False,test,31.445672370428387,9.679456562141024,21.766215808287363,69.21847798922049,0.8942840000000004,0.9683880801062182,0,0.0,22.520281153824445,0.7540653455370823,0.0,"{""bdg2_building_data_genome"":{""available_profile_sources"":1570,""logical_devices"":2416,""mean_profile_reuse"":1.9483870967741936,""profile_bootstrap"":true,""selected_unique_profile_sources"":1240,""weight"":0.48333333333333334},""heapo_heat_pumps"":{""available_profile_sources"":1362,""logical_devices"":1292,""mean_profile_reuse"":1.0,""profile_bootstrap"":false,""selected_unique_profile_sources"":1292,""weight"":0.25833333333333336},""smart_grid_smart_city"":{""available_profile_sources"":5000,""logical_devices"":1292,""mean_profile_reuse"":1.0,""profile_bootstrap"":false,""selected_unique_profile_sources"":1292,""weight"":0.25833333333333336}}",dataset_combinations_mixed_physical_fleet_v1,2386.7668995389286,2192.0,3133.181347798143,4325.474673568143
predefined_mixed_scenario,S1-B,Building-heat pump-residential,建筑、热泵和带受控负荷住宅的高差异融合,aggregate,eps_mixed,Mixed EPS,O(1),18,4192423,5092423,dominant_plus_15pp,5000,"{""bdg2_building_data_genome"":0.3333333333333333,""heapo_heat_pumps"":0.3333333333333333,""smart_grid_smart_city"":0.3333333333333333}","{""bdg2_building_data_genome"":0.48333333333333334,""heapo_heat_pumps"":0.25833333333333336,""smart_grid_smart_city"":0.25833333333333336}","{""bdg2_building_data_genome"":2416,""heapo_heat_pumps"":1292,""smart_grid_smart_city"":1292}",False,test,33.11740021659258,11.245812632268013,21.871587584324566,66.04258619722933,0.8954159999999999,0.9647504189346618,0,0.0,22.800515751348925,0.9289281670243541,0.0,"{""bdg2_building_data_genome"":{""available_profile_sources"":1570,""logical_devices"":2416,""mean_profile_reuse"":1.9835796387520526,""profile_bootstrap"":true,""selected_unique_profile_sources"":1218,""weight"":0.48333333333333334},""heapo_heat_pumps"":{""available_profile_sources"":1362,""logical_devices"":1292,""mean_profile_reuse"":1.0,""profile_bootstrap"":false,""selected_unique_profile_sources"":1292,""weight"":0.25833333333333336},""smart_grid_smart_city"":{""available_profile_sources"":5000,""logical_devices"":1292,""mean_profile_reuse"":1.0,""profile_bootstrap"":false,""selected_unique_profile_sources"":1292,""weight"":0.25833333333333336}}",dataset_combinations_mixed_physical_fleet_v1,2590.7619874087923,2484.4285714285716,3286.6403892742974,4654.825362092607
predefined_mixed_scenario,S1-B,Building-heat pump-residential,建筑、热泵和带受控负荷住宅的高差异融合,aggregate,eps_mixed,Mixed EPS,O(1),19,4192424,5092424,dominant_plus_15pp,5000,"{""bdg2_building_data_genome"":0.3333333333333333,""heapo_heat_pumps"":0.3333333333333333,""smart_grid_smart_city"":0.3333333333333333}","{""bdg2_building_data_genome"":0.48333333333333334,""heapo_heat_pumps"":0.25833333333333336,""smart_grid_smart_city"":0.25833333333333336}","{""bdg2_building_data_genome"":2416,""heapo_heat_pumps"":1292,""smart_grid_smart_city"":1292}",False,test,32.491653088509615,10.707444928503833,21.784208160005782,67.04555197811581,0.8950100000000004,0.9648325858499585,0,0.0,22.70647978246246,0.9222716224566714,0.0,"{""bdg2_building_data_genome"":{""available_profile_sources"":1570,""logical_devices"":2416,""mean_profile_reuse"":1.9610389610389611,""profile_bootstrap"":true,""selected_unique_profile_sources"":1232,""weight"":0.48333333333333334},""heapo_heat_pumps"":{""available_profile_sources"":1362,""logical_devices"":1292,""mean_profile_reuse"":1.0,""profile_bootstrap"":false,""selected_unique_profile_sources"":1292,""weight"":0.25833333333333336},""smart_grid_smart_city"":{""available_profile_sources"":5000,""logical_devices"":1292,""mean_profile_reuse"":1.0,""profile_bootstrap"":false,""selected_unique_profile_sources"":1292,""weight"":0.25833333333333336}}",dataset_combinations_mixed_physical_fleet_v1,2519.9532483188377,2423.4285714285716,3228.6809805915627,4606.73276021724
predefined_mixed_scenario,S1-B,Building-heat pump-residential,建筑、热泵和带受控负荷住宅的高差异融合,aggregate,eps_mixed,Mixed EPS,O(1),20,4192425,5092425,dominant_minus_15pp,5000,"{""bdg2_building_data_genome"":0.3333333333333333,""heapo_heat_pumps"":0.3333333333333333,""smart_grid_smart_city"":0.3333333333333333}","{""bdg2_building_data_genome"":0.18333333333333332,""heapo_heat_pumps"":0.40833333333333327,""smart_grid_smart_city"":0.40833333333333327}","{""bdg2_building_data_genome"":916,""heapo_heat_pumps"":2042,""smart_grid_smart_city"":2042}",False,test,34.87232223208805,13.247602847449773,21.62471938463828,62.01112515741816,0.8948519999999996,0.9568963625260984,0,0.0,22.742921753836143,1.1182023691978615,0.0,"{""bdg2_building_data_genome"":{""available_profile_sources"":1570,""logical_devices"":916,""mean_profile_reuse"":1.0,""profile_bootstrap"":false,""selected_unique_profile_sources"":916,""weight"":0.18333333333333332},""heapo_heat_pumps"":{""available_profile_sources"":1362,""logical_devices"":2042,""mean_profile_reuse"":1.9318826868495742,""profile_bootstrap"":true,""selected_unique_profile_sources"":1057,""weight"":0.40833333333333327},""smart_grid_smart_city"":{""available_profile_sources"":5000,""logical_devices"":2042,""mean_profile_reuse"":1.0,""profile_bootstrap"":false,""selected_unique_profile_sources"":2042,""weight"":0.40833333333333327}}",dataset_combinations_mixed_physical_fleet_v1,2819.0398288254155,2631.0,3374.6511185372447,4732.837910157929
predefined_mixed_scenario,S1-B,Building-heat pump-residential,建筑、热泵和带受控负荷住宅的高差异融合,aggregate,eps_mixed,Mixed EPS,O(1),21,4192426,5092426,dominant_minus_15pp,5000,"{""bdg2_building_data_genome"":0.3333333333333333,""heapo_heat_pumps"":0.3333333333333333,""smart_grid_smart_city"":0.3333333333333333}","{""bdg2_building_data_genome"":0.18333333333333332,""heapo_heat_pumps"":0.40833333333333327,""smart_grid_smart_city"":0.40833333333333327}","{""bdg2_building_data_genome"":916,""heapo_heat_pumps"":2042,""smart_grid_smart_city"":2042}",False,test,35.114231306513624,13.453850779148574,21.66038052736505,61.685475436698766,0.8952779999999997,0.9572351040446408,0,0.0,22.764304403342337,1.1039238759772876,0.0,"{""bdg2_building_data_genome"":{""available_profile_sources"":1570,""logical_devices"":916,""mean_profile_reuse"":1.0,""profile_bootstrap"":false,""selected_unique_profile_sources"":916,""weight"":0.18333333333333332},""heapo_heat_pumps"":{""available_profile_sources"":1362,""logical_devices"":2042,""mean_profile_reuse"":1.9844509232264333,""profile_bootstrap"":true,""selected_unique_profile_sources"":1029,""weight"":0.40833333333333327},""smart_grid_smart_city"":{""available_profile_sources"":5000,""logical_devices"":2042,""mean_profile_reuse"":1.0,""profile_bootstrap"":false,""selected_unique_profile_sources"":2042,""weight"":0.40833333333333327}}",dataset_combinations_mixed_physical_fleet_v1,2852.6916164156078,2691.714285714286,3417.1714322311827,4778.772926480568
predefined_mixed_scenario,S1-B,Building-heat pump-residential,建筑、热泵和带受控负荷住宅的高差异融合,aggregate,eps_mixed,Mixed EPS,O(1),22,4192427,5092427,dominant_minus_15pp,5000,"{""bdg2_building_data_genome"":0.3333333333333333,""heapo_heat_pumps"":0.3333333333333333,""smart_grid_smart_city"":0.3333333333333333}","{""bdg2_building_data_genome"":0.18333333333333332,""heapo_heat_pumps"":0.40833333333333327,""smart_grid_smart_city"":0.40833333333333327}","{""bdg2_building_data_genome"":916,""heapo_heat_pumps"":2042,""smart_grid_smart_city"":2042}",False,test,34.859109736705875,13.416215536643886,21.44289420006199,61.513028766432015,0.8961859999999999,0.9581640577434487,0,0.0,22.579220625073376,1.136326425011389,0.0,"{""bdg2_building_data_genome"":{""available_profile_sources"":1570,""logical_devices"":916,""mean_profile_reuse"":1.0,""profile_bootstrap"":false,""selected_unique_profile_sources"":916,""weight"":0.18333333333333332},""heapo_heat_pumps"":{""available_profile_sources"":1362,""logical_devices"":2042,""mean_profile_reuse"":1.9373814041745732,""profile_bootstrap"":true,""selected_unique_profile_sources"":1054,""weight"":0.40833333333333327},""smart_grid_smart_city"":{""available_profile_sources"":5000,""logical_devices"":2042,""mean_profile_reuse"":1.0,""profile_bootstrap"":false,""selected_unique_profile_sources"":2042,""weight"":0.40833333333333327}}",dataset_combinations_mixed_physical_fleet_v1,2830.6300732863415,2679.714285714286,3393.1314458021056,4758.063787600448
predefined_mixed_scenario,S1-B,Building-heat pump-residential,建筑、热泵和带受控负荷住宅的高差异融合,aggregate,eps_mixed,Mixed EPS,O(1),23,4192428,5092428,dominant_minus_15pp,5000,"{""bdg2_building_data_genome"":0.3333333333333333,""heapo_heat_pumps"":0.3333333333333333,""smart_grid_smart_city"":0.3333333333333333}","{""bdg2_building_data_genome"":0.18333333333333332,""heapo_heat_pumps"":0.40833333333333327,""smart_grid_smart_city"":0.40833333333333327}","{""bdg2_building_data_genome"":916,""heapo_heat_pumps"":2042,""smart_grid_smart_city"":2042}",False,test,35.96318710406283,14.687949288741365,21.275237815321468,59.15837701969957,0.8958879999999995,0.9570987307144486,0,0.0,22.821158827406144,1.5459210120846782,0.0,"{""bdg2_building_data_genome"":{""available_profile_sources"":1570,""logical_devices"":916,""mean_profile_reuse"":1.0,""profile_bootstrap"":false,""selected_unique_profile_sources"":916,""weight"":0.18333333333333332},""heapo_heat_pumps"":{""available_profile_sources"":1362,""logical_devices"":2042,""mean_profile_reuse"":1.9578139980824545,""profile_bootstrap"":true,""selected_unique_profile_sources"":1043,""weight"":0.40833333333333327},""smart_grid_smart_city"":{""available_profile_sources"":5000,""logical_devices"":2042,""mean_profile_reuse"":1.0,""profile_bootstrap"":false,""selected_unique_profile_sources"":2042,""weight"":0.40833333333333327}}",dataset_combinations_mixed_physical_fleet_v1,2590.1390375467895,2355.25,3014.68829561042,4306.333922918201
predefined_mixed_scenario,S1-B,Building-heat pump-residential,建筑、热泵和带受控负荷住宅的高差异融合,aggregate,eps_mixed,Mixed EPS,O(1),24,4192429,5092429,dominant_minus_15pp,5000,"{""bdg2_building_data_genome"":0.3333333333333333,""heapo_heat_pumps"":0.3333333333333333,""smart_grid_smart_city"":0.3333333333333333}","{""bdg2_building_data_genome"":0.18333333333333332,""heapo_heat_pumps"":0.40833333333333327,""smart_grid_smart_city"":0.40833333333333327}","{""bdg2_building_data_genome"":916,""heapo_heat_pumps"":2042,""smart_grid_smart_city"":2042}",False,test,34.51198086158722,12.931007157629764,21.580973703957454,62.531831454443314,0.8946499999999995,0.9614300380191262,0,0.0,22.62925502503278,1.0482813210753255,0.0,"{""bdg2_building_data_genome"":{""available_profile_sources"":1570,""logical_devices"":916,""mean_profile_reuse"":1.0,""profile_bootstrap"":false,""selected_unique_profile_sources"":916,""weight"":0.18333333333333332},""heapo_heat_pumps"":{""available_profile_sources"":1362,""logical_devices"":2042,""mean_profile_reuse"":1.9355450236966825,""profile_bootstrap"":true,""selected_unique_profile_sources"":1055,""weight"":0.40833333333333327},""smart_grid_smart_city"":{""available_profile_sources"":5000,""logical_devices"":2042,""mean_profile_reuse"":1.0,""profile_bootstrap"":false,""selected_unique_profile_sources"":2042,""weight"":0.40833333333333327}}",dataset_combinations_mixed_physical_fleet_v1,2765.2554073301026,2643.0,3398.491812465678,4753.547049038048
predefined_mixed_scenario,S1-B,Building-heat pump-residential,建筑、热泵和带受控负荷住宅的高差异融合,aggregate,eps_mixed,Mixed EPS,O(1),25,4192430,5092430,dominant_minus_15pp,5000,"{""bdg2_building_data_genome"":0.3333333333333333,""heapo_heat_pumps"":0.3333333333333333,""smart_grid_smart_city"":0.3333333333333333}","{""bdg2_building_data_genome"":0.18333333333333332,""heapo_heat_pumps"":0.40833333333333327,""smart_grid_smart_city"":0.40833333333333327}","{""bdg2_building_data_genome"":916,""heapo_heat_pumps"":2042,""smart_grid_smart_city"":2042}",False,test,35.58321869915716,13.721435808063514,21.861782891093643,61.43846366436624,0.8957280000000002,0.9534576204460161,0,0.0,22.828717929583682,0.9669350384900355,0.0,"{""bdg2_building_data_genome"":{""available_profile_sources"":1570,""logical_devices"":916,""mean_profile_reuse"":1.0,""profile_bootstrap"":false,""selected_unique_profile_sources"":916,""weight"":0.18333333333333332},""heapo_heat_pumps"":{""available_profile_sources"":1362,""logical_devices"":2042,""mean_profile_reuse"":1.9521988527724665,""profile_bootstrap"":true,""selected_unique_profile_sources"":1046,""weight"":0.40833333333333327},""smart_grid_smart_city"":{""available_profile_sources"":5000,""logical_devices"":2042,""mean_profile_reuse"":1.0,""profile_bootstrap"":false,""selected_unique_profile_sources"":2042,""weight"":0.40833333333333327}}",dataset_combinations_mixed_physical_fleet_v1,2893.4921240164613,2716.1428571428573,3444.174093037798,4828.82385894506
predefined_mixed_scenario,S1-B,Building-heat pump-residential,建筑、热泵和带受控负荷住宅的高差异融合,aggregate,eps_mixed,Mixed EPS,O(1),26,4192431,5092431,dominant_minus_15pp,5000,"{""bdg2_building_data_genome"":0.3333333333333333,""heapo_heat_pumps"":0.3333333333333333,""smart_grid_smart_city"":0.3333333333333333}","{""bdg2_building_data_genome"":0.18333333333333332,""heapo_heat_pumps"":0.40833333333333327,""smart_grid_smart_city"":0.40833333333333327}","{""bdg2_building_data_genome"":916,""heapo_heat_pumps"":2042,""smart_grid_smart_city"":2042}",False,test,36.45019587661368,14.769158703681484,21.681037172932193,59.481263821802045,0.8953599999999999,0.9559325018861892,0,0.0,22.82764202718105,1.1466048542488598,0.0,"{""bdg2_building_data_genome"":{""available_profile_sources"":1570,""logical_devices"":916,""mean_profile_reuse"":1.0,""profile_bootstrap"":false,""selected_unique_profile_sources"":916,""weight"":0.18333333333333332},""heapo_heat_pumps"":{""available_profile_sources"":1362,""logical_devices"":2042,""mean_profile_reuse"":1.9691417550626809,""profile_bootstrap"":true,""selected_unique_profile_sources"":1037,""weight"":0.40833333333333327},""smart_grid_smart_city"":{""available_profile_sources"":5000,""logical_devices"":2042,""mean_profile_reuse"":1.0,""profile_bootstrap"":false,""selected_unique_profile_sources"":2042,""weight"":0.40833333333333327}}",dataset_combinations_mixed_physical_fleet_v1,2994.0046322641224,2728.4285714285716,3484.3889199476785,4928.639721138349
predefined_mixed_scenario,S1-B,Building-heat pump-residential,建筑、热泵和带受控负荷住宅的高差异融合,aggregate,eps_mixed,Mixed EPS,O(1),27,4192432,5092432,dominant_minus_15pp,5000,"{""bdg2_building_data_genome"":0.3333333333333333,""heapo_heat_pumps"":0.3333333333333333,""smart_grid_smart_city"":0.3333333333333333}","{""bdg2_building_data_genome"":0.18333333333333332,""heapo_heat_pumps"":0.40833333333333327,""smart_grid_smart_city"":0.40833333333333327}","{""bdg2_building_data_genome"":916,""heapo_heat_pumps"":2042,""smart_grid_smart_city"":2042}",False,test,35.64816180688353,14.130525280599034,21.517636526284495,60.36113907598321,0.8947139999999998,0.9559715021390345,0,0.0,22.63102107229976,1.1133845460152598,0.0,"{""bdg2_building_data_genome"":{""available_profile_sources"":1570,""logical_devices"":916,""mean_profile_reuse"":1.0,""profile_bootstrap"":false,""selected_unique_profile_sources"":916,""weight"":0.18333333333333332},""heapo_heat_pumps"":{""available_profile_sources"":1362,""logical_devices"":2042,""mean_profile_reuse"":1.919172932330827,""profile_bootstrap"":true,""selected_unique_profile_sources"":1064,""weight"":0.40833333333333327},""smart_grid_smart_city"":{""available_profile_sources"":5000,""logical_devices"":2042,""mean_profile_reuse"":1.0,""profile_bootstrap"":false,""selected_unique_profile_sources"":2042,""weight"":0.40833333333333327}}",dataset_combinations_mixed_physical_fleet_v1,2891.532598017003,2691.714285714286,3411.4479396971037,4778.772926480568
predefined_mixed_scenario,S1-B,Building-heat pump-residential,建筑、热泵和带受控负荷住宅的高差异融合,aggregate,eps_mixed,Mixed EPS,O(1),28,4192433,5092433,dominant_minus_15pp,5000,"{""bdg2_building_data_genome"":0.3333333333333333,""heapo_heat_pumps"":0.3333333333333333,""smart_grid_smart_city"":0.3333333333333333}","{""bdg2_building_data_genome"":0.18333333333333332,""heapo_heat_pumps"":0.40833333333333327,""smart_grid_smart_city"":0.40833333333333327}","{""bdg2_building_data_genome"":916,""heapo_heat_pumps"":2042,""smart_grid_smart_city"":2042}",False,test,35.78806254278101,14.252081880462292,21.53598066231872,60.17643630910344,0.8966379999999998,0.9556350649614314,0,0.0,22.92908346937904,1.3931028070603237,0.0,"{""bdg2_building_data_genome"":{""available_profile_sources"":1570,""logical_devices"":916,""mean_profile_reuse"":1.0,""profile_bootstrap"":false,""selected_unique_profile_sources"":916,""weight"":0.18333333333333332},""heapo_heat_pumps"":{""available_profile_sources"":1362,""logical_devices"":2042,""mean_profile_reuse"":1.9318826868495742,""profile_bootstrap"":true,""selected_unique_profile_sources"":1057,""weight"":0.40833333333333327},""smart_grid_smart_city"":{""available_profile_sources"":5000,""logical_devices"":2042,""mean_profile_reuse"":1.0,""profile_bootstrap"":false,""selected_unique_profile_sources"":2042,""weight"":0.40833333333333327}}",dataset_combinations_mixed_physical_fleet_v1,2558.498114727143,2323.25,3015.1508113636787,4307.6209279108325
predefined_mixed_scenario,S1-B,Building-heat pump-residential,建筑、热泵和带受控负荷住宅的高差异融合,aggregate,eps_mixed,Mixed EPS,O(1),29,4192434,5092434,dominant_minus_15pp,5000,"{""bdg2_building_data_genome"":0.3333333333333333,""heapo_heat_pumps"":0.3333333333333333,""smart_grid_smart_city"":0.3333333333333333}","{""bdg2_building_data_genome"":0.18333333333333332,""heapo_heat_pumps"":0.40833333333333327,""smart_grid_smart_city"":0.40833333333333327}","{""bdg2_building_data_genome"":916,""heapo_heat_pumps"":2042,""smart_grid_smart_city"":2042}",False,test,35.277225187284394,13.622159091037588,21.655066096246806,61.385400867788015,0.8947179999999999,0.9563821795723064,0,0.0,22.784543579893477,1.1294774836466677,0.0,"{""bdg2_building_data_genome"":{""available_profile_sources"":1570,""logical_devices"":916,""mean_profile_reuse"":1.0,""profile_bootstrap"":false,""selected_unique_profile_sources"":916,""weight"":0.18333333333333332},""heapo_heat_pumps"":{""available_profile_sources"":1362,""logical_devices"":2042,""mean_profile_reuse"":1.933712121212121,""profile_bootstrap"":true,""selected_unique_profile_sources"":1056,""weight"":0.40833333333333327},""smart_grid_smart_city"":{""available_profile_sources"":5000,""logical_devices"":2042,""mean_profile_reuse"":1.0,""profile_bootstrap"":false,""selected_unique_profile_sources"":2042,""weight"":0.40833333333333327}}",dataset_combinations_mixed_physical_fleet_v1,2870.8057703869554,2643.0,3389.3132714674034,4753.547049038048
predefined_mixed_scenario,S1-B,Building-heat pump-residential,建筑、热泵和带受控负荷住宅的高差异融合,aggregate,local_rules,Local SOC rules,O(1) per device,0,4192405,4392405,nominal,5000,"{""bdg2_building_data_genome"":0.3333333333333333,""heapo_heat_pumps"":0.3333333333333333,""smart_grid_smart_city"":0.3333333333333333}","{""bdg2_building_data_genome"":0.3333333333333333,""heapo_heat_pumps"":0.3333333333333333,""smart_grid_smart_city"":0.3333333333333333}","{""bdg2_building_data_genome"":1667,""heapo_heat_pumps"":1667,""smart_grid_smart_city"":1666}",False,test,33.770062841823574,21.072411273340606,12.697651568482966,37.60031963208896,0.8953080000000005,0.9256421866752417,0,0.0,14.426724300508805,1.7290727320258386,26.3946050003961,"{""bdg2_building_data_genome"":{""available_profile_sources"":1570,""logical_devices"":1667,""mean_profile_reuse"":1.6603585657370519,""profile_bootstrap"":true,""selected_unique_profile_sources"":1004,""weight"":0.3333333333333333},""heapo_heat_pumps"":{""available_profile_sources"":1362,""logical_devices"":1667,""mean_profile_reuse"":1.727461139896373,""profile_bootstrap"":true,""selected_unique_profile_sources"":965,""weight"":0.3333333333333333},""smart_grid_smart_city"":{""available_profile_sources"":5000,""logical_devices"":1666,""mean_profile_reuse"":1.0,""profile_bootstrap"":false,""selected_unique_profile_sources"":1666,""weight"":0.3333333333333333}}",dataset_combinations_mixed_physical_fleet_v1,,,,
predefined_mixed_scenario,S1-B,Building-heat pump-residential,建筑、热泵和带受控负荷住宅的高差异融合,aggregate,local_rules,Local SOC rules,O(1) per device,1,4192406,4392406,nominal,5000,"{""bdg2_building_data_genome"":0.3333333333333333,""heapo_heat_pumps"":0.3333333333333333,""smart_grid_smart_city"":0.3333333333333333}","{""bdg2_building_data_genome"":0.3333333333333333,""heapo_heat_pumps"":0.3333333333333333,""smart_grid_smart_city"":0.3333333333333333}","{""bdg2_building_data_genome"":1667,""heapo_heat_pumps"":1667,""smart_grid_smart_city"":1666}",False,test,34.60258790505812,21.40604174144175,13.196546163616372,38.13745434250406,0.8949139999999988,0.9218181529313525,0,0.0,14.607421454707293,1.41087529109092,26.632140384122913,"{""bdg2_building_data_genome"":{""available_profile_sources"":1570,""logical_devices"":1667,""mean_profile_reuse"":1.6168768186226965,""profile_bootstrap"":true,""selected_unique_profile_sources"":1031,""weight"":0.3333333333333333},""heapo_heat_pumps"":{""available_profile_sources"":1362,""logical_devices"":1667,""mean_profile_reuse"":1.7346514047866806,""profile_bootstrap"":true,""selected_unique_profile_sources"":961,""weight"":0.3333333333333333},""smart_grid_smart_city"":{""available_profile_sources"":5000,""logical_devices"":1666,""mean_profile_reuse"":1.0,""profile_bootstrap"":false,""selected_unique_profile_sources"":1666,""weight"":0.3333333333333333}}",dataset_combinations_mixed_physical_fleet_v1,,,,
predefined_mixed_scenario,S1-B,Building-heat pump-residential,建筑、热泵和带受控负荷住宅的高差异融合,aggregate,local_rules,Local SOC rules,O(1) per device,2,4192407,4392407,nominal,5000,"{""bdg2_building_data_genome"":0.3333333333333333,""heapo_heat_pumps"":0.3333333333333333,""smart_grid_smart_city"":0.3333333333333333}","{""bdg2_building_data_genome"":0.3333333333333333,""heapo_heat_pumps"":0.3333333333333333,""smart_grid_smart_city"":0.3333333333333333}","{""bdg2_building_data_genome"":1667,""heapo_heat_pumps"":1667,""smart_grid_smart_city"":1666}",False,test,34.571407372048384,21.754272848173603,12.817134523874781,37.07437879499713,0.8935520000000002,0.9227516110395221,0,0.0,14.316480084876657,1.4993455610018773,26.426076381905574,"{""bdg2_building_data_genome"":{""available_profile_sources"":1570,""logical_devices"":1667,""mean_profile_reuse"":1.5921680993314231,""profile_bootstrap"":true,""selected_unique_profile_sources"":1047,""weight"":0.3333333333333333},""heapo_heat_pumps"":{""available_profile_sources"":1362,""logical_devices"":1667,""mean_profile_reuse"":1.7132579650565263,""profile_bootstrap"":true,""selected_unique_profile_sources"":973,""weight"":0.3333333333333333},""smart_grid_smart_city"":{""available_profile_sources"":5000,""logical_devices"":1666,""mean_profile_reuse"":1.0,""profile_bootstrap"":false,""selected_unique_profile_sources"":1666,""weight"":0.3333333333333333}}",dataset_combinations_mixed_physical_fleet_v1,,,,
predefined_mixed_scenario,S1-B,Building-heat pump-residential,建筑、热泵和带受控负荷住宅的高差异融合,aggregate,local_rules,Local SOC rules,O(1) per device,3,4192408,4392408,nominal,5000,"{""bdg2_building_data_genome"":0.3333333333333333,""heapo_heat_pumps"":0.3333333333333333,""smart_grid_smart_city"":0.3333333333333333}","{""bdg2_building_data_genome"":0.3333333333333333,""heapo_heat_pumps"":0.3333333333333333,""smart_grid_smart_city"":0.3333333333333333}","{""bdg2_building_data_genome"":1667,""heapo_heat_pumps"":1667,""smart_grid_smart_city"":1666}",False,test,34.40789121539473,21.336571554882966,13.07131966051176,37.989307681440856,0.8936060000000008,0.9230316656255967,0,0.0,14.554146354492936,1.4828266939811783,26.493247900379608,"{""bdg2_building_data_genome"":{""available_profile_sources"":1570,""logical_devices"":1667,""mean_profile_reuse"":1.6359175662414132,""profile_bootstrap"":true,""selected_unique_profile_sources"":1019,""weight"":0.3333333333333333},""heapo_heat_pumps"":{""available_profile_sources"":1362,""logical_devices"":1667,""mean_profile_reuse"":1.7185567010309277,""profile_bootstrap"":true,""selected_unique_profile_sources"":970,""weight"":0.3333333333333333},""smart_grid_smart_city"":{""available_profile_sources"":5000,""logical_devices"":1666,""mean_profile_reuse"":1.0,""profile_bootstrap"":false,""selected_unique_profile_sources"":1666,""weight"":0.3333333333333333}}",dataset_combinations_mixed_physical_fleet_v1,,,,
predefined_mixed_scenario,S1-B,Building-heat pump-residential,建筑、热泵和带受控负荷住宅的高差异融合,aggregate,local_rules,Local SOC rules,O(1) per device,4,4192409,4392409,nominal,5000,"{""bdg2_building_data_genome"":0.3333333333333333,""heapo_heat_pumps"":0.3333333333333333,""smart_grid_smart_city"":0.3333333333333333}","{""bdg2_building_data_genome"":0.3333333333333333,""heapo_heat_pumps"":0.3333333333333333,""smart_grid_smart_city"":0.3333333333333333}","{""bdg2_building_data_genome"":1667,""heapo_heat_pumps"":1667,""smart_grid_smart_city"":1666}",False,test,34.22166491262871,20.872814737485406,13.348850175143307,39.00701561196463,0.8943359999999999,0.9221625944403087,0,0.0,14.679323692143939,1.3304735170006325,26.229472503708273,"{""bdg2_building_data_genome"":{""available_profile_sources"":1570,""logical_devices"":1667,""mean_profile_reuse"":1.629521016617791,""profile_bootstrap"":true,""selected_unique_profile_sources"":1023,""weight"":0.3333333333333333},""heapo_heat_pumps"":{""available_profile_sources"":1362,""logical_devices"":1667,""mean_profile_reuse"":1.7455497382198952,""profile_bootstrap"":true,""selected_unique_profile_sources"":955,""weight"":0.3333333333333333},""smart_grid_smart_city"":{""available_profile_sources"":5000,""logical_devices"":1666,""mean_profile_reuse"":1.0,""profile_bootstrap"":false,""selected_unique_profile_sources"":1666,""weight"":0.3333333333333333}}",dataset_combinations_mixed_physical_fleet_v1,,,,
predefined_mixed_scenario,S1-B,Building-heat pump-residential,建筑、热泵和带受控负荷住宅的高差异融合,aggregate,local_rules,Local SOC rules,O(1) per device,5,4192410,4392410,nominal,5000,"{""bdg2_building_data_genome"":0.3333333333333333,""heapo_heat_pumps"":0.3333333333333333,""smart_grid_smart_city"":0.3333333333333333}","{""bdg2_building_data_genome"":0.3333333333333333,""heapo_heat_pumps"":0.3333333333333333,""smart_grid_smart_city"":0.3333333333333333}","{""bdg2_building_data_genome"":1667,""heapo_heat_pumps"":1667,""smart_grid_smart_city"":1666}",False,test,33.40390885113893,20.582131163425505,12.821777687713425,38.384063807778766,0.894052,0.9250838693625903,0,0.0,14.46059790048023,1.6388202127668055,26.40511673702348,"{""bdg2_building_data_genome"":{""available_profile_sources"":1570,""logical_devices"":1667,""mean_profile_reuse"":1.6311154598825832,""profile_bootstrap"":true,""selected_unique_profile_sources"":1022,""weight"":0.3333333333333333},""heapo_heat_pumps"":{""available_profile_sources"":1362,""logical_devices"":1667,""mean_profile_reuse"":1.741901776384535,""profile_bootstrap"":true,""selected_unique_profile_sources"":957,""weight"":0.3333333333333333},""smart_grid_smart_city"":{""available_profile_sources"":5000,""logical_devices"":1666,""mean_profile_reuse"":1.0,""profile_bootstrap"":false,""selected_unique_profile_sources"":1666,""weight"":0.3333333333333333}}",dataset_combinations_mixed_physical_fleet_v1,,,,
predefined_mixed_scenario,S1-B,Building-heat pump-residential,建筑、热泵和带受控负荷住宅的高差异融合,aggregate,local_rules,Local SOC rules,O(1) per device,6,4192411,4392411,nominal,5000,"{""bdg2_building_data_genome"":0.3333333333333333,""heapo_heat_pumps"":0.3333333333333333,""smart_grid_smart_city"":0.3333333333333333}","{""bdg2_building_data_genome"":0.3333333333333333,""heapo_heat_pumps"":0.3333333333333333,""smart_grid_smart_city"":0.3333333333333333}","{""bdg2_building_data_genome"":1667,""heapo_heat_pumps"":1667,""smart_grid_smart_city"":1666}",False,test,34.28020632264545,21.26021085581914,13.019995466826309,37.98108839918306,0.8945940000000004,0.9236247048891256,0,0.0,14.530767420143137,1.5107719533168302,26.401268618952503,"{""bdg2_building_data_genome"":{""available_profile_sources"":1570,""logical_devices"":1667,""mean_profile_reuse"":1.648862512363996,""profile_bootstrap"":true,""selected_unique_profile_sources"":1011,""weight"":0.3333333333333333},""heapo_heat_pumps"":{""available_profile_sources"":1362,""logical_devices"":1667,""mean_profile_reuse"":1.7473794549266248,""profile_bootstrap"":true,""selected_unique_profile_sources"":954,""weight"":0.3333333333333333},""smart_grid_smart_city"":{""available_profile_sources"":5000,""logical_devices"":1666,""mean_profile_reuse"":1.0,""profile_bootstrap"":false,""selected_unique_profile_sources"":1666,""weight"":0.3333333333333333}}",dataset_combinations_mixed_physical_fleet_v1,,,,
predefined_mixed_scenario,S1-B,Building-heat pump-residential,建筑、热泵和带受控负荷住宅的高差异融合,aggregate,local_rules,Local SOC rules,O(1) per device,7,4192412,4392412,nominal,5000,"{""bdg2_building_data_genome"":0.3333333333333333,""heapo_heat_pumps"":0.3333333333333333,""smart_grid_smart_city"":0.3333333333333333}","{""bdg2_building_data_genome"":0.3333333333333333,""heapo_heat_pumps"":0.3333333333333333,""smart_grid_smart_city"":0.3333333333333333}","{""bdg2_building_data_genome"":1667,""heapo_heat_pumps"":1667,""smart_grid_smart_city"":1666}",False,test,33.5646486481881,20.76166450894497,12.802984139243126,38.144251928387945,0.8946139999999999,0.9255045405552403,0,0.0,14.481586462387527,1.6786023231444005,26.30440362110801,"{""bdg2_building_data_genome"":{""available_profile_sources"":1570,""logical_devices"":1667,""mean_profile_reuse"":1.629521016617791,""profile_bootstrap"":true,""selected_unique_profile_sources"":1023,""weight"":0.3333333333333333},""heapo_heat_pumps"":{""available_profile_sources"":1362,""logical_devices"":1667,""mean_profile_reuse"":1.731048805815161,""profile_bootstrap"":true,""selected_unique_profile_sources"":963,""weight"":0.3333333333333333},""smart_grid_smart_city"":{""available_profile_sources"":5000,""logical_devices"":1666,""mean_profile_reuse"":1.0,""profile_bootstrap"":false,""selected_unique_profile_sources"":1666,""weight"":0.3333333333333333}}",dataset_combinations_mixed_physical_fleet_v1,,,,
predefined_mixed_scenario,S1-B,Building-heat pump-residential,建筑、热泵和带受控负荷住宅的高差异融合,aggregate,local_rules,Local SOC rules,O(1) per device,8,4192413,4392413,nominal,5000,"{""bdg2_building_data_genome"":0.3333333333333333,""heapo_heat_pumps"":0.3333333333333333,""smart_grid_smart_city"":0.3333333333333333}","{""bdg2_building_data_genome"":0.3333333333333333,""heapo_heat_pumps"":0.3333333333333333,""smart_grid_smart_city"":0.3333333333333333}","{""bdg2_building_data_genome"":1667,""heapo_heat_pumps"":1667,""smart_grid_smart_city"":1666}",False,test,35.266990334508364,21.985466645652757,13.281523688855607,37.65992947762197,0.8944260000000006,0.919147151626652,0,0.0,14.56978841701461,1.2882647281590016,26.32647007737034,"{""bdg2_building_data_genome"":{""available_profile_sources"":1570,""logical_devices"":1667,""mean_profile_reuse"":1.6184466019417476,""profile_bootstrap"":true,""selected_unique_profile_sources"":1030,""weight"":0.3333333333333333},""heapo_heat_pumps"":{""available_profile_sources"":1362,""logical_devices"":1667,""mean_profile_reuse"":1.711498973305955,""profile_bootstrap"":true,""selected_unique_profile_sources"":974,""weight"":0.3333333333333333},""smart_grid_smart_city"":{""available_profile_sources"":5000,""logical_devices"":1666,""mean_profile_reuse"":1.0,""profile_bootstrap"":false,""selected_unique_profile_sources"":1666,""weight"":0.3333333333333333}}",dataset_combinations_mixed_physical_fleet_v1,,,,
predefined_mixed_scenario,S1-B,Building-heat pump-residential,建筑、热泵和带受控负荷住宅的高差异融合,aggregate,local_rules,Local SOC rules,O(1) per device,9,4192414,4392414,nominal,5000,"{""bdg2_building_data_genome"":0.3333333333333333,""heapo_heat_pumps"":0.3333333333333333,""smart_grid_smart_city"":0.3333333333333333}","{""bdg2_building_data_genome"":0.3333333333333333,""heapo_heat_pumps"":0.3333333333333333,""smart_grid_smart_city"":0.3333333333333333}","{""bdg2_building_data_genome"":1667,""heapo_heat_pumps"":1667,""smart_grid_smart_city"":1666}",False,test,35.3534098498996,22.20878997468438,13.14461987521522,37.18062820820818,0.8946980000000001,0.9218123612786862,0,0.0,14.494226306241504,1.3496064310262872,26.38624288603864,"{""bdg2_building_data_genome"":{""available_profile_sources"":1570,""logical_devices"":1667,""mean_profile_reuse"":1.620019436345967,""profile_bootstrap"":true,""selected_unique_profile_sources"":1029,""weight"":0.3333333333333333},""heapo_heat_pumps"":{""available_profile_sources"":1362,""logical_devices"":1667,""mean_profile_reuse"":1.7565858798735512,""profile_bootstrap"":true,""selected_unique_profile_sources"":949,""weight"":0.3333333333333333},""smart_grid_smart_city"":{""available_profile_sources"":5000,""logical_devices"":1666,""mean_profile_reuse"":1.0,""profile_bootstrap"":false,""selected_unique_profile_sources"":1666,""weight"":0.3333333333333333}}",dataset_combinations_mixed_physical_fleet_v1,,,,
predefined_mixed_scenario,S1-B,Building-heat pump-residential,建筑、热泵和带受控负荷住宅的高差异融合,aggregate,local_rules,Local SOC rules,O(1) per device,10,4192415,4392415,dominant_plus_15pp,5000,"{""bdg2_building_data_genome"":0.3333333333333333,""heapo_heat_pumps"":0.3333333333333333,""smart_grid_smart_city"":0.3333333333333333}","{""bdg2_building_data_genome"":0.48333333333333334,""heapo_heat_pumps"":0.25833333333333336,""smart_grid_smart_city"":0.25833333333333336}","{""bdg2_building_data_genome"":2416,""heapo_heat_pumps"":1292,""smart_grid_smart_city"":1292}",False,test,32.07470647466447,19.941959573897073,12.132746900767396,37.826525116764344,0.8955760000000001,0.9307226353827001,0,0.0,14.173963677458545,2.041216776691151,26.089377927915454,"{""bdg2_building_data_genome"":{""available_profile_sources"":1570,""logical_devices"":2416,""mean_profile_reuse"":1.973856209150327,""profile_bootstrap"":true,""selected_unique_profile_sources"":1224,""weight"":0.48333333333333334},""heapo_heat_pumps"":{""available_profile_sources"":1362,""logical_devices"":1292,""mean_profile_reuse"":1.0,""profile_bootstrap"":false,""selected_unique_profile_sources"":1292,""weight"":0.25833333333333336},""smart_grid_smart_city"":{""available_profile_sources"":5000,""logical_devices"":1292,""mean_profile_reuse"":1.0,""profile_bootstrap"":false,""selected_unique_profile_sources"":1292,""weight"":0.25833333333333336}}",dataset_combinations_mixed_physical_fleet_v1,,,,
predefined_mixed_scenario,S1-B,Building-heat pump-residential,建筑、热泵和带受控负荷住宅的高差异融合,aggregate,local_rules,Local SOC rules,O(1) per device,11,4192416,4392416,dominant_plus_15pp,5000,"{""bdg2_building_data_genome"":0.3333333333333333,""heapo_heat_pumps"":0.3333333333333333,""smart_grid_smart_city"":0.3333333333333333}","{""bdg2_building_data_genome"":0.48333333333333334,""heapo_heat_pumps"":0.25833333333333336,""smart_grid_smart_city"":0.25833333333333336}","{""bdg2_building_data_genome"":2416,""heapo_heat_pumps"":1292,""smart_grid_smart_city"":1292}",False,test,31.991966856819207,19.457551917622872,12.534414939196337,39.179882235107335,0.8939279999999997,0.9280314689978404,0,0.0,14.446512968426024,1.9120980292296872,26.324949603813483,"{""bdg2_building_data_genome"":{""available_profile_sources"":1570,""logical_devices"":2416,""mean_profile_reuse"":1.9770867430441899,""profile_bootstrap"":true,""selected_unique_profile_sources"":1222,""weight"":0.48333333333333334},""heapo_heat_pumps"":{""available_profile_sources"":1362,""logical_devices"":1292,""mean_profile_reuse"":1.0,""profile_bootstrap"":false,""selected_unique_profile_sources"":1292,""weight"":0.25833333333333336},""smart_grid_smart_city"":{""available_profile_sources"":5000,""logical_devices"":1292,""mean_profile_reuse"":1.0,""profile_bootstrap"":false,""selected_unique_profile_sources"":1292,""weight"":0.25833333333333336}}",dataset_combinations_mixed_physical_fleet_v1,,,,
predefined_mixed_scenario,S1-B,Building-heat pump-residential,建筑、热泵和带受控负荷住宅的高差异融合,aggregate,local_rules,Local SOC rules,O(1) per device,12,4192417,4392417,dominant_plus_15pp,5000,"{""bdg2_building_data_genome"":0.3333333333333333,""heapo_heat_pumps"":0.3333333333333333,""smart_grid_smart_city"":0.3333333333333333}","{""bdg2_building_data_genome"":0.48333333333333334,""heapo_heat_pumps"":0.25833333333333336,""smart_grid_smart_city"":0.25833333333333336}","{""bdg2_building_data_genome"":2416,""heapo_heat_pumps"":1292,""smart_grid_smart_city"":1292}",False,test,31.876280372356973,19.534494272535422,12.341786099821551,38.717773703999406,0.8947499999999998,0.9304738084382451,0,0.0,14.25811476015155,1.9163286603300012,26.28397440622428,"{""bdg2_building_data_genome"":{""available_profile_sources"":1570,""logical_devices"":2416,""mean_profile_reuse"":1.9722448979591836,""profile_bootstrap"":true,""selected_unique_profile_sources"":1225,""weight"":0.48333333333333334},""heapo_heat_pumps"":{""available_profile_sources"":1362,""logical_devices"":1292,""mean_profile_reuse"":1.0,""profile_bootstrap"":false,""selected_unique_profile_sources"":1292,""weight"":0.25833333333333336},""smart_grid_smart_city"":{""available_profile_sources"":5000,""logical_devices"":1292,""mean_profile_reuse"":1.0,""profile_bootstrap"":false,""selected_unique_profile_sources"":1292,""weight"":0.25833333333333336}}",dataset_combinations_mixed_physical_fleet_v1,,,,
predefined_mixed_scenario,S1-B,Building-heat pump-residential,建筑、热泵和带受控负荷住宅的高差异融合,aggregate,local_rules,Local SOC rules,O(1) per device,13,4192418,4392418,dominant_plus_15pp,5000,"{""bdg2_building_data_genome"":0.3333333333333333,""heapo_heat_pumps"":0.3333333333333333,""smart_grid_smart_city"":0.3333333333333333}","{""bdg2_building_data_genome"":0.48333333333333334,""heapo_heat_pumps"":0.25833333333333336,""smart_grid_smart_city"":0.25833333333333336}","{""bdg2_building_data_genome"":2416,""heapo_heat_pumps"":1292,""smart_grid_smart_city"":1292}",False,test,32.53467567659086,20.332178911958948,12.202496764631908,37.506126957988315,0.89465,0.9288281823016677,0,0.0,14.164036416623134,1.961539651991227,26.279113383152957,"{""bdg2_building_data_genome"":{""available_profile_sources"":1570,""logical_devices"":2416,""mean_profile_reuse"":1.9754701553556828,""profile_bootstrap"":true,""selected_unique_profile_sources"":1223,""weight"":0.48333333333333334},""heapo_heat_pumps"":{""available_profile_sources"":1362,""logical_devices"":1292,""mean_profile_reuse"":1.0,""profile_bootstrap"":false,""selected_unique_profile_sources"":1292,""weight"":0.25833333333333336},""smart_grid_smart_city"":{""available_profile_sources"":5000,""logical_devices"":1292,""mean_profile_reuse"":1.0,""profile_bootstrap"":false,""selected_unique_profile_sources"":1292,""weight"":0.25833333333333336}}",dataset_combinations_mixed_physical_fleet_v1,,,,
predefined_mixed_scenario,S1-B,Building-heat pump-residential,建筑、热泵和带受控负荷住宅的高差异融合,aggregate,local_rules,Local SOC rules,O(1) per device,14,4192419,4392419,dominant_plus_15pp,5000,"{""bdg2_building_data_genome"":0.3333333333333333,""heapo_heat_pumps"":0.3333333333333333,""smart_grid_smart_city"":0.3333333333333333}","{""bdg2_building_data_genome"":0.48333333333333334,""heapo_heat_pumps"":0.25833333333333336,""smart_grid_smart_city"":0.25833333333333336}","{""bdg2_building_data_genome"":2416,""heapo_heat_pumps"":1292,""smart_grid_smart_city"":1292}",False,test,31.914512405800075,19.742849061263854,12.171663344536219,38.13833402738802,0.8953079999999993,0.9313854758052658,0,0.0,14.186105155913944,2.0144418113777247,26.50479810570871,"{""bdg2_building_data_genome"":{""available_profile_sources"":1570,""logical_devices"":2416,""mean_profile_reuse"":1.9562753036437246,""profile_bootstrap"":true,""selected_unique_profile_sources"":1235,""weight"":0.48333333333333334},""heapo_heat_pumps"":{""available_profile_sources"":1362,""logical_devices"":1292,""mean_profile_reuse"":1.0,""profile_bootstrap"":false,""selected_unique_profile_sources"":1292,""weight"":0.25833333333333336},""smart_grid_smart_city"":{""available_profile_sources"":5000,""logical_devices"":1292,""mean_profile_reuse"":1.0,""profile_bootstrap"":false,""selected_unique_profile_sources"":1292,""weight"":0.25833333333333336}}",dataset_combinations_mixed_physical_fleet_v1,,,,
predefined_mixed_scenario,S1-B,Building-heat pump-residential,建筑、热泵和带受控负荷住宅的高差异融合,aggregate,local_rules,Local SOC rules,O(1) per device,15,4192420,4392420,dominant_plus_15pp,5000,"{""bdg2_building_data_genome"":0.3333333333333333,""heapo_heat_pumps"":0.3333333333333333,""smart_grid_smart_city"":0.3333333333333333}","{""bdg2_building_data_genome"":0.48333333333333334,""heapo_heat_pumps"":0.25833333333333336,""smart_grid_smart_city"":0.25833333333333336}","{""bdg2_building_data_genome"":2416,""heapo_heat_pumps"":1292,""smart_grid_smart_city"":1292}",False,test,34.494743203181436,21.68423227961037,12.810510923571064,37.137574406959374,0.89639,0.924955092470634,0,0.0,14.271238964377051,1.4607280408059868,26.211304540154252,"{""bdg2_building_data_genome"":{""available_profile_sources"":1570,""logical_devices"":2416,""mean_profile_reuse"":1.980327868852459,""profile_bootstrap"":true,""selected_unique_profile_sources"":1220,""weight"":0.48333333333333334},""heapo_heat_pumps"":{""available_profile_sources"":1362,""logical_devices"":1292,""mean_profile_reuse"":1.0,""profile_bootstrap"":false,""selected_unique_profile_sources"":1292,""weight"":0.25833333333333336},""smart_grid_smart_city"":{""available_profile_sources"":5000,""logical_devices"":1292,""mean_profile_reuse"":1.0,""profile_bootstrap"":false,""selected_unique_profile_sources"":1292,""weight"":0.25833333333333336}}",dataset_combinations_mixed_physical_fleet_v1,,,,
predefined_mixed_scenario,S1-B,Building-heat pump-residential,建筑、热泵和带受控负荷住宅的高差异融合,aggregate,local_rules,Local SOC rules,O(1) per device,16,4192421,4392421,dominant_plus_15pp,5000,"{""bdg2_building_data_genome"":0.3333333333333333,""heapo_heat_pumps"":0.3333333333333333,""smart_grid_smart_city"":0.3333333333333333}","{""bdg2_building_data_genome"":0.48333333333333334,""heapo_heat_pumps"":0.25833333333333336,""smart_grid_smart_city"":0.25833333333333336}","{""bdg2_building_data_genome"":2416,""heapo_heat_pumps"":1292,""smart_grid_smart_city"":1292}",False,test,33.196111626875876,20.223947588667002,12.972164038208874,39.07735997521616,0.8941739999999999,0.9237509053434694,0,0.0,14.773110786036678,1.8009467478278087,26.33762045984972,"{""bdg2_building_data_genome"":{""available_profile_sources"":1570,""logical_devices"":2416,""mean_profile_reuse"":1.949959644874899,""profile_bootstrap"":true,""selected_unique_profile_sources"":1239,""weight"":0.48333333333333334},""heapo_heat_pumps"":{""available_profile_sources"":1362,""logical_devices"":1292,""mean_profile_reuse"":1.0,""profile_bootstrap"":false,""selected_unique_profile_sources"":1292,""weight"":0.25833333333333336},""smart_grid_smart_city"":{""available_profile_sources"":5000,""logical_devices"":1292,""mean_profile_reuse"":1.0,""profile_bootstrap"":false,""selected_unique_profile_sources"":1292,""weight"":0.25833333333333336}}",dataset_combinations_mixed_physical_fleet_v1,,,,
predefined_mixed_scenario,S1-B,Building-heat pump-residential,建筑、热泵和带受控负荷住宅的高差异融合,aggregate,local_rules,Local SOC rules,O(1) per device,17,4192422,4392422,dominant_plus_15pp,5000,"{""bdg2_building_data_genome"":0.3333333333333333,""heapo_heat_pumps"":0.3333333333333333,""smart_grid_smart_city"":0.3333333333333333}","{""bdg2_building_data_genome"":0.48333333333333334,""heapo_heat_pumps"":0.25833333333333336,""smart_grid_smart_city"":0.25833333333333336}","{""bdg2_building_data_genome"":2416,""heapo_heat_pumps"":1292,""smart_grid_smart_city"":1292}",False,test,31.445672370428387,18.913735531260034,12.531936839168353,39.852659824038064,0.8942840000000004,0.928447076948187,0,0.0,14.735818054415134,2.2038812152467826,26.35479544452932,"{""bdg2_building_data_genome"":{""available_profile_sources"":1570,""logical_devices"":2416,""mean_profile_reuse"":1.9483870967741936,""profile_bootstrap"":true,""selected_unique_profile_sources"":1240,""weight"":0.48333333333333334},""heapo_heat_pumps"":{""available_profile_sources"":1362,""logical_devices"":1292,""mean_profile_reuse"":1.0,""profile_bootstrap"":false,""selected_unique_profile_sources"":1292,""weight"":0.25833333333333336},""smart_grid_smart_city"":{""available_profile_sources"":5000,""logical_devices"":1292,""mean_profile_reuse"":1.0,""profile_bootstrap"":false,""selected_unique_profile_sources"":1292,""weight"":0.25833333333333336}}",dataset_combinations_mixed_physical_fleet_v1,,,,
predefined_mixed_scenario,S1-B,Building-heat pump-residential,建筑、热泵和带受控负荷住宅的高差异融合,aggregate,local_rules,Local SOC rules,O(1) per device,18,4192423,4392423,dominant_plus_15pp,5000,"{""bdg2_building_data_genome"":0.3333333333333333,""heapo_heat_pumps"":0.3333333333333333,""smart_grid_smart_city"":0.3333333333333333}","{""bdg2_building_data_genome"":0.48333333333333334,""heapo_heat_pumps"":0.25833333333333336,""smart_grid_smart_city"":0.25833333333333336}","{""bdg2_building_data_genome"":2416,""heapo_heat_pumps"":1292,""smart_grid_smart_city"":1292}",False,test,33.11740021659258,20.585660266860543,12.531739949732033,37.84034938664462,0.8954159999999999,0.9285286296240604,0,0.0,14.33950184593705,1.8077618962050173,26.50616362645212,"{""bdg2_building_data_genome"":{""available_profile_sources"":1570,""logical_devices"":2416,""mean_profile_reuse"":1.9835796387520526,""profile_bootstrap"":true,""selected_unique_profile_sources"":1218,""weight"":0.48333333333333334},""heapo_heat_pumps"":{""available_profile_sources"":1362,""logical_devices"":1292,""mean_profile_reuse"":1.0,""profile_bootstrap"":false,""selected_unique_profile_sources"":1292,""weight"":0.25833333333333336},""smart_grid_smart_city"":{""available_profile_sources"":5000,""logical_devices"":1292,""mean_profile_reuse"":1.0,""profile_bootstrap"":false,""selected_unique_profile_sources"":1292,""weight"":0.25833333333333336}}",dataset_combinations_mixed_physical_fleet_v1,,,,
predefined_mixed_scenario,S1-B,Building-heat pump-residential,建筑、热泵和带受控负荷住宅的高差异融合,aggregate,local_rules,Local SOC rules,O(1) per device,19,4192424,4392424,dominant_plus_15pp,5000,"{""bdg2_building_data_genome"":0.3333333333333333,""heapo_heat_pumps"":0.3333333333333333,""smart_grid_smart_city"":0.3333333333333333}","{""bdg2_building_data_genome"":0.48333333333333334,""heapo_heat_pumps"":0.25833333333333336,""smart_grid_smart_city"":0.25833333333333336}","{""bdg2_building_data_genome"":2416,""heapo_heat_pumps"":1292,""smart_grid_smart_city"":1292}",False,test,32.491653088509615,19.794950808150027,12.69670228035959,39.07681226859358,0.8950100000000004,0.9254030201818223,0,0.0,14.586901291899627,1.8901990115400367,26.35053664182189,"{""bdg2_building_data_genome"":{""available_profile_sources"":1570,""logical_devices"":2416,""mean_profile_reuse"":1.9610389610389611,""profile_bootstrap"":true,""selected_unique_profile_sources"":1232,""weight"":0.48333333333333334},""heapo_heat_pumps"":{""available_profile_sources"":1362,""logical_devices"":1292,""mean_profile_reuse"":1.0,""profile_bootstrap"":false,""selected_unique_profile_sources"":1292,""weight"":0.25833333333333336},""smart_grid_smart_city"":{""available_profile_sources"":5000,""logical_devices"":1292,""mean_profile_reuse"":1.0,""profile_bootstrap"":false,""selected_unique_profile_sources"":1292,""weight"":0.25833333333333336}}",dataset_combinations_mixed_physical_fleet_v1,,,,
predefined_mixed_scenario,S1-B,Building-heat pump-residential,建筑、热泵和带受控负荷住宅的高差异融合,aggregate,local_rules,Local SOC rules,O(1) per device,20,4192425,4392425,dominant_minus_15pp,5000,"{""bdg2_building_data_genome"":0.3333333333333333,""heapo_heat_pumps"":0.3333333333333333,""smart_grid_smart_city"":0.3333333333333333}","{""bdg2_building_data_genome"":0.18333333333333332,""heapo_heat_pumps"":0.40833333333333327,""smart_grid_smart_city"":0.40833333333333327}","{""bdg2_building_data_genome"":916,""heapo_heat_pumps"":2042,""smart_grid_smart_city"":2042}",False,test,34.87232223208805,21.690289421821873,13.182032810266177,37.80084596183452,0.8948519999999996,0.9206372436330104,0,0.0,14.641665354639752,1.4596325443735705,26.463643928375028,"{""bdg2_building_data_genome"":{""available_profile_sources"":1570,""logical_devices"":916,""mean_profile_reuse"":1.0,""profile_bootstrap"":false,""selected_unique_profile_sources"":916,""weight"":0.18333333333333332},""heapo_heat_pumps"":{""available_profile_sources"":1362,""logical_devices"":2042,""mean_profile_reuse"":1.9318826868495742,""profile_bootstrap"":true,""selected_unique_profile_sources"":1057,""weight"":0.40833333333333327},""smart_grid_smart_city"":{""available_profile_sources"":5000,""logical_devices"":2042,""mean_profile_reuse"":1.0,""profile_bootstrap"":false,""selected_unique_profile_sources"":2042,""weight"":0.40833333333333327}}",dataset_combinations_mixed_physical_fleet_v1,,,,
predefined_mixed_scenario,S1-B,Building-heat pump-residential,建筑、热泵和带受控负荷住宅的高差异融合,aggregate,local_rules,Local SOC rules,O(1) per device,21,4192426,4392426,dominant_minus_15pp,5000,"{""bdg2_building_data_genome"":0.3333333333333333,""heapo_heat_pumps"":0.3333333333333333,""smart_grid_smart_city"":0.3333333333333333}","{""bdg2_building_data_genome"":0.18333333333333332,""heapo_heat_pumps"":0.40833333333333327,""smart_grid_smart_city"":0.40833333333333327}","{""bdg2_building_data_genome"":916,""heapo_heat_pumps"":2042,""smart_grid_smart_city"":2042}",False,test,35.114231306513624,21.789756448669447,13.324474857844177,37.94608158024098,0.8952779999999997,0.9213267963518061,0,0.0,14.503007793909873,1.1785329360656964,26.422409965928736,"{""bdg2_building_data_genome"":{""available_profile_sources"":1570,""logical_devices"":916,""mean_profile_reuse"":1.0,""profile_bootstrap"":false,""selected_unique_profile_sources"":916,""weight"":0.18333333333333332},""heapo_heat_pumps"":{""available_profile_sources"":1362,""logical_devices"":2042,""mean_profile_reuse"":1.9844509232264333,""profile_bootstrap"":true,""selected_unique_profile_sources"":1029,""weight"":0.40833333333333327},""smart_grid_smart_city"":{""available_profile_sources"":5000,""logical_devices"":2042,""mean_profile_reuse"":1.0,""profile_bootstrap"":false,""selected_unique_profile_sources"":2042,""weight"":0.40833333333333327}}",dataset_combinations_mixed_physical_fleet_v1,,,,
predefined_mixed_scenario,S1-B,Building-heat pump-residential,建筑、热泵和带受控负荷住宅的高差异融合,aggregate,local_rules,Local SOC rules,O(1) per device,22,4192427,4392427,dominant_minus_15pp,5000,"{""bdg2_building_data_genome"":0.3333333333333333,""heapo_heat_pumps"":0.3333333333333333,""smart_grid_smart_city"":0.3333333333333333}","{""bdg2_building_data_genome"":0.18333333333333332,""heapo_heat_pumps"":0.40833333333333327,""smart_grid_smart_city"":0.40833333333333327}","{""bdg2_building_data_genome"":916,""heapo_heat_pumps"":2042,""smart_grid_smart_city"":2042}",False,test,34.859109736705875,21.74842387345469,13.110685863251183,37.61050113521953,0.8961859999999999,0.9216053312253051,0,0.0,14.471972773084959,1.3612869098337788,26.21677570851639,"{""bdg2_building_data_genome"":{""available_profile_sources"":1570,""logical_devices"":916,""mean_profile_reuse"":1.0,""profile_bootstrap"":false,""selected_unique_profile_sources"":916,""weight"":0.18333333333333332},""heapo_heat_pumps"":{""available_profile_sources"":1362,""logical_devices"":2042,""mean_profile_reuse"":1.9373814041745732,""profile_bootstrap"":true,""selected_unique_profile_sources"":1054,""weight"":0.40833333333333327},""smart_grid_smart_city"":{""available_profile_sources"":5000,""logical_devices"":2042,""mean_profile_reuse"":1.0,""profile_bootstrap"":false,""selected_unique_profile_sources"":2042,""weight"":0.40833333333333327}}",dataset_combinations_mixed_physical_fleet_v1,,,,
predefined_mixed_scenario,S1-B,Building-heat pump-residential,建筑、热泵和带受控负荷住宅的高差异融合,aggregate,local_rules,Local SOC rules,O(1) per device,23,4192428,4392428,dominant_minus_15pp,5000,"{""bdg2_building_data_genome"":0.3333333333333333,""heapo_heat_pumps"":0.3333333333333333,""smart_grid_smart_city"":0.3333333333333333}","{""bdg2_building_data_genome"":0.18333333333333332,""heapo_heat_pumps"":0.40833333333333327,""smart_grid_smart_city"":0.40833333333333327}","{""bdg2_building_data_genome"":916,""heapo_heat_pumps"":2042,""smart_grid_smart_city"":2042}",False,test,35.96318710406283,22.69574128216165,13.267445821901184,36.89174094473494,0.8958879999999995,0.9193332341059127,0,0.0,14.477575181602187,1.2101293597010043,26.272363030214787,"{""bdg2_building_data_genome"":{""available_profile_sources"":1570,""logical_devices"":916,""mean_profile_reuse"":1.0,""profile_bootstrap"":false,""selected_unique_profile_sources"":916,""weight"":0.18333333333333332},""heapo_heat_pumps"":{""available_profile_sources"":1362,""logical_devices"":2042,""mean_profile_reuse"":1.9578139980824545,""profile_bootstrap"":true,""selected_unique_profile_sources"":1043,""weight"":0.40833333333333327},""smart_grid_smart_city"":{""available_profile_sources"":5000,""logical_devices"":2042,""mean_profile_reuse"":1.0,""profile_bootstrap"":false,""selected_unique_profile_sources"":2042,""weight"":0.40833333333333327}}",dataset_combinations_mixed_physical_fleet_v1,,,,
predefined_mixed_scenario,S1-B,Building-heat pump-residential,建筑、热泵和带受控负荷住宅的高差异融合,aggregate,local_rules,Local SOC rules,O(1) per device,24,4192429,4392429,dominant_minus_15pp,5000,"{""bdg2_building_data_genome"":0.3333333333333333,""heapo_heat_pumps"":0.3333333333333333,""smart_grid_smart_city"":0.3333333333333333}","{""bdg2_building_data_genome"":0.18333333333333332,""heapo_heat_pumps"":0.40833333333333327,""smart_grid_smart_city"":0.40833333333333327}","{""bdg2_building_data_genome"":916,""heapo_heat_pumps"":2042,""smart_grid_smart_city"":2042}",False,test,34.51198086158722,21.484513734824127,13.027467126763094,37.74766559766791,0.8946499999999995,0.9242885955467608,0,0.0,14.231627234669265,1.2041601079061706,26.167478169069756,"{""bdg2_building_data_genome"":{""available_profile_sources"":1570,""logical_devices"":916,""mean_profile_reuse"":1.0,""profile_bootstrap"":false,""selected_unique_profile_sources"":916,""weight"":0.18333333333333332},""heapo_heat_pumps"":{""available_profile_sources"":1362,""logical_devices"":2042,""mean_profile_reuse"":1.9355450236966825,""profile_bootstrap"":true,""selected_unique_profile_sources"":1055,""weight"":0.40833333333333327},""smart_grid_smart_city"":{""available_profile_sources"":5000,""logical_devices"":2042,""mean_profile_reuse"":1.0,""profile_bootstrap"":false,""selected_unique_profile_sources"":2042,""weight"":0.40833333333333327}}",dataset_combinations_mixed_physical_fleet_v1,,,,
predefined_mixed_scenario,S1-B,Building-heat pump-residential,建筑、热泵和带受控负荷住宅的高差异融合,aggregate,local_rules,Local SOC rules,O(1) per device,25,4192430,4392430,dominant_minus_15pp,5000,"{""bdg2_building_data_genome"":0.3333333333333333,""heapo_heat_pumps"":0.3333333333333333,""smart_grid_smart_city"":0.3333333333333333}","{""bdg2_building_data_genome"":0.18333333333333332,""heapo_heat_pumps"":0.40833333333333327,""smart_grid_smart_city"":0.40833333333333327}","{""bdg2_building_data_genome"":916,""heapo_heat_pumps"":2042,""smart_grid_smart_city"":2042}",False,test,35.58321869915716,22.06465978262167,13.518558916535486,37.99138866787139,0.8957280000000002,0.9207762449636991,0,0.0,14.49578991741242,0.9772310008769333,26.49161252779946,"{""bdg2_building_data_genome"":{""available_profile_sources"":1570,""logical_devices"":916,""mean_profile_reuse"":1.0,""profile_bootstrap"":false,""selected_unique_profile_sources"":916,""weight"":0.18333333333333332},""heapo_heat_pumps"":{""available_profile_sources"":1362,""logical_devices"":2042,""mean_profile_reuse"":1.9521988527724665,""profile_bootstrap"":true,""selected_unique_profile_sources"":1046,""weight"":0.40833333333333327},""smart_grid_smart_city"":{""available_profile_sources"":5000,""logical_devices"":2042,""mean_profile_reuse"":1.0,""profile_bootstrap"":false,""selected_unique_profile_sources"":2042,""weight"":0.40833333333333327}}",dataset_combinations_mixed_physical_fleet_v1,,,,
predefined_mixed_scenario,S1-B,Building-heat pump-residential,建筑、热泵和带受控负荷住宅的高差异融合,aggregate,local_rules,Local SOC rules,O(1) per device,26,4192431,4392431,dominant_minus_15pp,5000,"{""bdg2_building_data_genome"":0.3333333333333333,""heapo_heat_pumps"":0.3333333333333333,""smart_grid_smart_city"":0.3333333333333333}","{""bdg2_building_data_genome"":0.18333333333333332,""heapo_heat_pumps"":0.40833333333333327,""smart_grid_smart_city"":0.40833333333333327}","{""bdg2_building_data_genome"":916,""heapo_heat_pumps"":2042,""smart_grid_smart_city"":2042}",False,test,36.45019587661368,23.503069120452604,12.947126756161072,35.520047134967264,0.8953599999999999,0.921782740796867,0,0.0,14.230291355050955,1.2831645988898799,26.30886623395758,"{""bdg2_building_data_genome"":{""available_profile_sources"":1570,""logical_devices"":916,""mean_profile_reuse"":1.0,""profile_bootstrap"":false,""selected_unique_profile_sources"":916,""weight"":0.18333333333333332},""heapo_heat_pumps"":{""available_profile_sources"":1362,""logical_devices"":2042,""mean_profile_reuse"":1.9691417550626809,""profile_bootstrap"":true,""selected_unique_profile_sources"":1037,""weight"":0.40833333333333327},""smart_grid_smart_city"":{""available_profile_sources"":5000,""logical_devices"":2042,""mean_profile_reuse"":1.0,""profile_bootstrap"":false,""selected_unique_profile_sources"":2042,""weight"":0.40833333333333327}}",dataset_combinations_mixed_physical_fleet_v1,,,,
predefined_mixed_scenario,S1-B,Building-heat pump-residential,建筑、热泵和带受控负荷住宅的高差异融合,aggregate,local_rules,Local SOC rules,O(1) per device,27,4192432,4392432,dominant_minus_15pp,5000,"{""bdg2_building_data_genome"":0.3333333333333333,""heapo_heat_pumps"":0.3333333333333333,""smart_grid_smart_city"":0.3333333333333333}","{""bdg2_building_data_genome"":0.18333333333333332,""heapo_heat_pumps"":0.40833333333333327,""smart_grid_smart_city"":0.40833333333333327}","{""bdg2_building_data_genome"":916,""heapo_heat_pumps"":2042,""smart_grid_smart_city"":2042}",False,test,35.64816180688353,22.62013799661865,13.02802381026488,36.546130711708166,0.8947139999999998,0.9230381228257473,0,0.0,14.3053489447813,1.2773251345164203,26.32495310420069,"{""bdg2_building_data_genome"":{""available_profile_sources"":1570,""logical_devices"":916,""mean_profile_reuse"":1.0,""profile_bootstrap"":false,""selected_unique_profile_sources"":916,""weight"":0.18333333333333332},""heapo_heat_pumps"":{""available_profile_sources"":1362,""logical_devices"":2042,""mean_profile_reuse"":1.919172932330827,""profile_bootstrap"":true,""selected_unique_profile_sources"":1064,""weight"":0.40833333333333327},""smart_grid_smart_city"":{""available_profile_sources"":5000,""logical_devices"":2042,""mean_profile_reuse"":1.0,""profile_bootstrap"":false,""selected_unique_profile_sources"":2042,""weight"":0.40833333333333327}}",dataset_combinations_mixed_physical_fleet_v1,,,,
predefined_mixed_scenario,S1-B,Building-heat pump-residential,建筑、热泵和带受控负荷住宅的高差异融合,aggregate,local_rules,Local SOC rules,O(1) per device,28,4192433,4392433,dominant_minus_15pp,5000,"{""bdg2_building_data_genome"":0.3333333333333333,""heapo_heat_pumps"":0.3333333333333333,""smart_grid_smart_city"":0.3333333333333333}","{""bdg2_building_data_genome"":0.18333333333333332,""heapo_heat_pumps"":0.40833333333333327,""smart_grid_smart_city"":0.40833333333333327}","{""bdg2_building_data_genome"":916,""heapo_heat_pumps"":2042,""smart_grid_smart_city"":2042}",False,test,35.78806254278101,22.453401361474718,13.334661181306295,37.26008125018239,0.8966379999999998,0.921297843206329,0,0.0,14.355062429633016,1.0204012483267197,26.428036692129815,"{""bdg2_building_data_genome"":{""available_profile_sources"":1570,""logical_devices"":916,""mean_profile_reuse"":1.0,""profile_bootstrap"":false,""selected_unique_profile_sources"":916,""weight"":0.18333333333333332},""heapo_heat_pumps"":{""available_profile_sources"":1362,""logical_devices"":2042,""mean_profile_reuse"":1.9318826868495742,""profile_bootstrap"":true,""selected_unique_profile_sources"":1057,""weight"":0.40833333333333327},""smart_grid_smart_city"":{""available_profile_sources"":5000,""logical_devices"":2042,""mean_profile_reuse"":1.0,""profile_bootstrap"":false,""selected_unique_profile_sources"":2042,""weight"":0.40833333333333327}}",dataset_combinations_mixed_physical_fleet_v1,,,,
predefined_mixed_scenario,S1-B,Building-heat pump-residential,建筑、热泵和带受控负荷住宅的高差异融合,aggregate,local_rules,Local SOC rules,O(1) per device,29,4192434,4392434,dominant_minus_15pp,5000,"{""bdg2_building_data_genome"":0.3333333333333333,""heapo_heat_pumps"":0.3333333333333333,""smart_grid_smart_city"":0.3333333333333333}","{""bdg2_building_data_genome"":0.18333333333333332,""heapo_heat_pumps"":0.40833333333333327,""smart_grid_smart_city"":0.40833333333333327}","{""bdg2_building_data_genome"":916,""heapo_heat_pumps"":2042,""smart_grid_smart_city"":2042}",False,test,35.277225187284394,22.436545290054454,12.84067989722994,36.399347820186094,0.8947179999999999,0.9236163924677465,0,0.0,14.267046039573012,1.426366142343071,26.52064929598284,"{""bdg2_building_data_genome"":{""available_profile_sources"":1570,""logical_devices"":916,""mean_profile_reuse"":1.0,""profile_bootstrap"":false,""selected_unique_profile_sources"":916,""weight"":0.18333333333333332},""heapo_heat_pumps"":{""available_profile_sources"":1362,""logical_devices"":2042,""mean_profile_reuse"":1.933712121212121,""profile_bootstrap"":true,""selected_unique_profile_sources"":1056,""weight"":0.40833333333333327},""smart_grid_smart_city"":{""available_profile_sources"":5000,""logical_devices"":2042,""mean_profile_reuse"":1.0,""profile_bootstrap"":false,""selected_unique_profile_sources"":2042,""weight"":0.40833333333333327}}",dataset_combinations_mixed_physical_fleet_v1,,,,
predefined_mixed_scenario,S1-B,Building-heat pump-residential,建筑、热泵和带受控负荷住宅的高差异融合,aggregate,mean_field_control,Mean-field control,O(N),0,4192405,4592405,nominal,5000,"{""bdg2_building_data_genome"":0.3333333333333333,""heapo_heat_pumps"":0.3333333333333333,""smart_grid_smart_city"":0.3333333333333333}","{""bdg2_building_data_genome"":0.3333333333333333,""heapo_heat_pumps"":0.3333333333333333,""smart_grid_smart_city"":0.3333333333333333}","{""bdg2_building_data_genome"":1667,""heapo_heat_pumps"":1667,""smart_grid_smart_city"":1666}",False,test,33.770062841823574,12.183293775235335,21.58676906658824,63.922798034753555,0.8953080000000005,0.96162797275474,0,0.0,21.596143986674797,0.009374920086550711,0.0,"{""bdg2_building_data_genome"":{""available_profile_sources"":1570,""logical_devices"":1667,""mean_profile_reuse"":1.6603585657370519,""profile_bootstrap"":true,""selected_unique_profile_sources"":1004,""weight"":0.3333333333333333},""heapo_heat_pumps"":{""available_profile_sources"":1362,""logical_devices"":1667,""mean_profile_reuse"":1.727461139896373,""profile_bootstrap"":true,""selected_unique_profile_sources"":965,""weight"":0.3333333333333333},""smart_grid_smart_city"":{""available_profile_sources"":5000,""logical_devices"":1666,""mean_profile_reuse"":1.0,""profile_bootstrap"":false,""selected_unique_profile_sources"":1666,""weight"":0.3333333333333333}}",dataset_combinations_mixed_physical_fleet_v1,,,,
predefined_mixed_scenario,S1-B,Building-heat pump-residential,建筑、热泵和带受控负荷住宅的高差异融合,aggregate,mean_field_control,Mean-field control,O(N),1,4192406,4592406,nominal,5000,"{""bdg2_building_data_genome"":0.3333333333333333,""heapo_heat_pumps"":0.3333333333333333,""smart_grid_smart_city"":0.3333333333333333}","{""bdg2_building_data_genome"":0.3333333333333333,""heapo_heat_pumps"":0.3333333333333333,""smart_grid_smart_city"":0.3333333333333333}","{""bdg2_building_data_genome"":1667,""heapo_heat_pumps"":1667,""smart_grid_smart_city"":1666}",False,test,34.60258790505812,12.749668527182855,21.852919377875267,63.154002925546685,0.8949139999999988,0.9586702324822635,0,0.0,21.85637464787248,0.0034552699972175177,0.0,"{""bdg2_building_data_genome"":{""available_profile_sources"":1570,""logical_devices"":1667,""mean_profile_reuse"":1.6168768186226965,""profile_bootstrap"":true,""selected_unique_profile_sources"":1031,""weight"":0.3333333333333333},""heapo_heat_pumps"":{""available_profile_sources"":1362,""logical_devices"":1667,""mean_profile_reuse"":1.7346514047866806,""profile_bootstrap"":true,""selected_unique_profile_sources"":961,""weight"":0.3333333333333333},""smart_grid_smart_city"":{""available_profile_sources"":5000,""logical_devices"":1666,""mean_profile_reuse"":1.0,""profile_bootstrap"":false,""selected_unique_profile_sources"":1666,""weight"":0.3333333333333333}}",dataset_combinations_mixed_physical_fleet_v1,,,,
predefined_mixed_scenario,S1-B,Building-heat pump-residential,建筑、热泵和带受控负荷住宅的高差异融合,aggregate,mean_field_control,Mean-field control,O(N),2,4192407,4592407,nominal,5000,"{""bdg2_building_data_genome"":0.3333333333333333,""heapo_heat_pumps"":0.3333333333333333,""smart_grid_smart_city"":0.3333333333333333}","{""bdg2_building_data_genome"":0.3333333333333333,""heapo_heat_pumps"":0.3333333333333333,""smart_grid_smart_city"":0.3333333333333333}","{""bdg2_building_data_genome"":1667,""heapo_heat_pumps"":1667,""smart_grid_smart_city"":1666}",False,test,34.571407372048384,13.062471563977898,21.508935808070486,62.21596817450034,0.8935520000000002,0.9578701348127825,0,0.0,21.520275139003253,0.01133933093276346,0.0,"{""bdg2_building_data_genome"":{""available_profile_sources"":1570,""logical_devices"":1667,""mean_profile_reuse"":1.5921680993314231,""profile_bootstrap"":true,""selected_unique_profile_sources"":1047,""weight"":0.3333333333333333},""heapo_heat_pumps"":{""available_profile_sources"":1362,""logical_devices"":1667,""mean_profile_reuse"":1.7132579650565263,""profile_bootstrap"":true,""selected_unique_profile_sources"":973,""weight"":0.3333333333333333},""smart_grid_smart_city"":{""available_profile_sources"":5000,""logical_devices"":1666,""mean_profile_reuse"":1.0,""profile_bootstrap"":false,""selected_unique_profile_sources"":1666,""weight"":0.3333333333333333}}",dataset_combinations_mixed_physical_fleet_v1,,,,
predefined_mixed_scenario,S1-B,Building-heat pump-residential,建筑、热泵和带受控负荷住宅的高差异融合,aggregate,mean_field_control,Mean-field control,O(N),3,4192408,4592408,nominal,5000,"{""bdg2_building_data_genome"":0.3333333333333333,""heapo_heat_pumps"":0.3333333333333333,""smart_grid_smart_city"":0.3333333333333333}","{""bdg2_building_data_genome"":0.3333333333333333,""heapo_heat_pumps"":0.3333333333333333,""smart_grid_smart_city"":0.3333333333333333}","{""bdg2_building_data_genome"":1667,""heapo_heat_pumps"":1667,""smart_grid_smart_city"":1666}",False,test,34.40789121539473,12.665608672445984,21.742282542948743,63.189814240114906,0.8936060000000008,0.9600964132399261,0,0.0,21.774630382328176,0.032347839379434314,0.0,"{""bdg2_building_data_genome"":{""available_profile_sources"":1570,""logical_devices"":1667,""mean_profile_reuse"":1.6359175662414132,""profile_bootstrap"":true,""selected_unique_profile_sources"":1019,""weight"":0.3333333333333333},""heapo_heat_pumps"":{""available_profile_sources"":1362,""logical_devices"":1667,""mean_profile_reuse"":1.7185567010309277,""profile_bootstrap"":true,""selected_unique_profile_sources"":970,""weight"":0.3333333333333333},""smart_grid_smart_city"":{""available_profile_sources"":5000,""logical_devices"":1666,""mean_profile_reuse"":1.0,""profile_bootstrap"":false,""selected_unique_profile_sources"":1666,""weight"":0.3333333333333333}}",dataset_combinations_mixed_physical_fleet_v1,,,,
predefined_mixed_scenario,S1-B,Building-heat pump-residential,建筑、热泵和带受控负荷住宅的高差异融合,aggregate,mean_field_control,Mean-field control,O(N),4,4192409,4592409,nominal,5000,"{""bdg2_building_data_genome"":0.3333333333333333,""heapo_heat_pumps"":0.3333333333333333,""smart_grid_smart_city"":0.3333333333333333}","{""bdg2_building_data_genome"":0.3333333333333333,""heapo_heat_pumps"":0.3333333333333333,""smart_grid_smart_city"":0.3333333333333333}","{""bdg2_building_data_genome"":1667,""heapo_heat_pumps"":1667,""smart_grid_smart_city"":1666}",False,test,34.22166491262871,12.524369315824213,21.697295596804498,63.40222093869435,0.8943359999999999,0.9582972086154764,0,0.0,21.793539954435065,0.09624435763056798,0.0,"{""bdg2_building_data_genome"":{""available_profile_sources"":1570,""logical_devices"":1667,""mean_profile_reuse"":1.629521016617791,""profile_bootstrap"":true,""selected_unique_profile_sources"":1023,""weight"":0.3333333333333333},""heapo_heat_pumps"":{""available_profile_sources"":1362,""logical_devices"":1667,""mean_profile_reuse"":1.7455497382198952,""profile_bootstrap"":true,""selected_unique_profile_sources"":955,""weight"":0.3333333333333333},""smart_grid_smart_city"":{""available_profile_sources"":5000,""logical_devices"":1666,""mean_profile_reuse"":1.0,""profile_bootstrap"":false,""selected_unique_profile_sources"":1666,""weight"":0.3333333333333333}}",dataset_combinations_mixed_physical_fleet_v1,,,,
predefined_mixed_scenario,S1-B,Building-heat pump-residential,建筑、热泵和带受控负荷住宅的高差异融合,aggregate,mean_field_control,Mean-field control,O(N),5,4192410,4592410,nominal,5000,"{""bdg2_building_data_genome"":0.3333333333333333,""heapo_heat_pumps"":0.3333333333333333,""smart_grid_smart_city"":0.3333333333333333}","{""bdg2_building_data_genome"":0.3333333333333333,""heapo_heat_pumps"":0.3333333333333333,""smart_grid_smart_city"":0.3333333333333333}","{""bdg2_building_data_genome"":1667,""heapo_heat_pumps"":1667,""smart_grid_smart_city"":1666}",False,test,33.40390885113893,11.820724264652586,21.583184586486343,64.61275140783547,0.894052,0.9620306476387773,0,0.0,21.64132591967698,0.058141333190638265,0.0,"{""bdg2_building_data_genome"":{""available_profile_sources"":1570,""logical_devices"":1667,""mean_profile_reuse"":1.6311154598825832,""profile_bootstrap"":true,""selected_unique_profile_sources"":1022,""weight"":0.3333333333333333},""heapo_heat_pumps"":{""available_profile_sources"":1362,""logical_devices"":1667,""mean_profile_reuse"":1.741901776384535,""profile_bootstrap"":true,""selected_unique_profile_sources"":957,""weight"":0.3333333333333333},""smart_grid_smart_city"":{""available_profile_sources"":5000,""logical_devices"":1666,""mean_profile_reuse"":1.0,""profile_bootstrap"":false,""selected_unique_profile_sources"":1666,""weight"":0.3333333333333333}}",dataset_combinations_mixed_physical_fleet_v1,,,,
predefined_mixed_scenario,S1-B,Building-heat pump-residential,建筑、热泵和带受控负荷住宅的高差异融合,aggregate,mean_field_control,Mean-field control,O(N),6,4192411,4592411,nominal,5000,"{""bdg2_building_data_genome"":0.3333333333333333,""heapo_heat_pumps"":0.3333333333333333,""smart_grid_smart_city"":0.3333333333333333}","{""bdg2_building_data_genome"":0.3333333333333333,""heapo_heat_pumps"":0.3333333333333333,""smart_grid_smart_city"":0.3333333333333333}","{""bdg2_building_data_genome"":1667,""heapo_heat_pumps"":1667,""smart_grid_smart_city"":1666}",False,test,34.28020632264545,12.603631722794944,21.676574599850504,63.23350097671669,0.8945940000000004,0.9586490536376375,0,0.0,21.70240245078325,0.02582785093274841,0.0,"{""bdg2_building_data_genome"":{""available_profile_sources"":1570,""logical_devices"":1667,""mean_profile_reuse"":1.648862512363996,""profile_bootstrap"":true,""selected_unique_profile_sources"":1011,""weight"":0.3333333333333333},""heapo_heat_pumps"":{""available_profile_sources"":1362,""logical_devices"":1667,""mean_profile_reuse"":1.7473794549266248,""profile_bootstrap"":true,""selected_unique_profile_sources"":954,""weight"":0.3333333333333333},""smart_grid_smart_city"":{""available_profile_sources"":5000,""logical_devices"":1666,""mean_profile_reuse"":1.0,""profile_bootstrap"":false,""selected_unique_profile_sources"":1666,""weight"":0.3333333333333333}}",dataset_combinations_mixed_physical_fleet_v1,,,,
predefined_mixed_scenario,S1-B,Building-heat pump-residential,建筑、热泵和带受控负荷住宅的高差异融合,aggregate,mean_field_control,Mean-field control,O(N),7,4192412,4592412,nominal,5000,"{""bdg2_building_data_genome"":0.3333333333333333,""heapo_heat_pumps"":0.3333333333333333,""smart_grid_smart_city"":0.3333333333333333}","{""bdg2_building_data_genome"":0.3333333333333333,""heapo_heat_pumps"":0.3333333333333333,""smart_grid_smart_city"":0.3333333333333333}","{""bdg2_building_data_genome"":1667,""heapo_heat_pumps"":1667,""smart_grid_smart_city"":1666}",False,test,33.5646486481881,12.017800365191022,21.546848282997075,64.19506579330819,0.8946139999999999,0.9627698485195167,0,0.0,21.635021077318076,0.08817279432100061,0.0,"{""bdg2_building_data_genome"":{""available_profile_sources"":1570,""logical_devices"":1667,""mean_profile_reuse"":1.629521016617791,""profile_bootstrap"":true,""selected_unique_profile_sources"":1023,""weight"":0.3333333333333333},""heapo_heat_pumps"":{""available_profile_sources"":1362,""logical_devices"":1667,""mean_profile_reuse"":1.731048805815161,""profile_bootstrap"":true,""selected_unique_profile_sources"":963,""weight"":0.3333333333333333},""smart_grid_smart_city"":{""available_profile_sources"":5000,""logical_devices"":1666,""mean_profile_reuse"":1.0,""profile_bootstrap"":false,""selected_unique_profile_sources"":1666,""weight"":0.3333333333333333}}",dataset_combinations_mixed_physical_fleet_v1,,,,
predefined_mixed_scenario,S1-B,Building-heat pump-residential,建筑、热泵和带受控负荷住宅的高差异融合,aggregate,mean_field_control,Mean-field control,O(N),8,4192413,4592413,nominal,5000,"{""bdg2_building_data_genome"":0.3333333333333333,""heapo_heat_pumps"":0.3333333333333333,""smart_grid_smart_city"":0.3333333333333333}","{""bdg2_building_data_genome"":0.3333333333333333,""heapo_heat_pumps"":0.3333333333333333,""smart_grid_smart_city"":0.3333333333333333}","{""bdg2_building_data_genome"":1667,""heapo_heat_pumps"":1667,""smart_grid_smart_city"":1666}",False,test,35.266990334508364,13.558878735826372,21.70811159868199,61.55362675629522,0.8944260000000006,0.9557507727593099,0,0.0,21.735924617602045,0.027813018920052474,0.0,"{""bdg2_building_data_genome"":{""available_profile_sources"":1570,""logical_devices"":1667,""mean_profile_reuse"":1.6184466019417476,""profile_bootstrap"":true,""selected_unique_profile_sources"":1030,""weight"":0.3333333333333333},""heapo_heat_pumps"":{""available_profile_sources"":1362,""logical_devices"":1667,""mean_profile_reuse"":1.711498973305955,""profile_bootstrap"":true,""selected_unique_profile_sources"":974,""weight"":0.3333333333333333},""smart_grid_smart_city"":{""available_profile_sources"":5000,""logical_devices"":1666,""mean_profile_reuse"":1.0,""profile_bootstrap"":false,""selected_unique_profile_sources"":1666,""weight"":0.3333333333333333}}",dataset_combinations_mixed_physical_fleet_v1,,,,
predefined_mixed_scenario,S1-B,Building-heat pump-residential,建筑、热泵和带受控负荷住宅的高差异融合,aggregate,mean_field_control,Mean-field control,O(N),9,4192414,4592414,nominal,5000,"{""bdg2_building_data_genome"":0.3333333333333333,""heapo_heat_pumps"":0.3333333333333333,""smart_grid_smart_city"":0.3333333333333333}","{""bdg2_building_data_genome"":0.3333333333333333,""heapo_heat_pumps"":0.3333333333333333,""smart_grid_smart_city"":0.3333333333333333}","{""bdg2_building_data_genome"":1667,""heapo_heat_pumps"":1667,""smart_grid_smart_city"":1666}",False,test,35.3534098498996,13.67072761464344,21.68268223525616,61.33123318886237,0.8946980000000001,0.9559225907703485,0,0.0,21.69757948435923,0.014897249103070937,0.0,"{""bdg2_building_data_genome"":{""available_profile_sources"":1570,""logical_devices"":1667,""mean_profile_reuse"":1.620019436345967,""profile_bootstrap"":true,""selected_unique_profile_sources"":1029,""weight"":0.3333333333333333},""heapo_heat_pumps"":{""available_profile_sources"":1362,""logical_devices"":1667,""mean_profile_reuse"":1.7565858798735512,""profile_bootstrap"":true,""selected_unique_profile_sources"":949,""weight"":0.3333333333333333},""smart_grid_smart_city"":{""available_profile_sources"":5000,""logical_devices"":1666,""mean_profile_reuse"":1.0,""profile_bootstrap"":false,""selected_unique_profile_sources"":1666,""weight"":0.3333333333333333}}",dataset_combinations_mixed_physical_fleet_v1,,,,
predefined_mixed_scenario,S1-B,Building-heat pump-residential,建筑、热泵和带受控负荷住宅的高差异融合,aggregate,mean_field_control,Mean-field control,O(N),10,4192415,4592415,dominant_plus_15pp,5000,"{""bdg2_building_data_genome"":0.3333333333333333,""heapo_heat_pumps"":0.3333333333333333,""smart_grid_smart_city"":0.3333333333333333}","{""bdg2_building_data_genome"":0.48333333333333334,""heapo_heat_pumps"":0.25833333333333336,""smart_grid_smart_city"":0.25833333333333336}","{""bdg2_building_data_genome"":2416,""heapo_heat_pumps"":1292,""smart_grid_smart_city"":1292}",False,test,32.07470647466447,10.967690556982625,21.107015917681842,65.80579602296312,0.8955760000000001,0.9677693333685318,0,0.0,21.240745362099297,0.13372944441745704,0.0,"{""bdg2_building_data_genome"":{""available_profile_sources"":1570,""logical_devices"":2416,""mean_profile_reuse"":1.973856209150327,""profile_bootstrap"":true,""selected_unique_profile_sources"":1224,""weight"":0.48333333333333334},""heapo_heat_pumps"":{""available_profile_sources"":1362,""logical_devices"":1292,""mean_profile_reuse"":1.0,""profile_bootstrap"":false,""selected_unique_profile_sources"":1292,""weight"":0.25833333333333336},""smart_grid_smart_city"":{""available_profile_sources"":5000,""logical_devices"":1292,""mean_profile_reuse"":1.0,""profile_bootstrap"":false,""selected_unique_profile_sources"":1292,""weight"":0.25833333333333336}}",dataset_combinations_mixed_physical_fleet_v1,,,,
predefined_mixed_scenario,S1-B,Building-heat pump-residential,建筑、热泵和带受控负荷住宅的高差异融合,aggregate,mean_field_control,Mean-field control,O(N),11,4192416,4592416,dominant_plus_15pp,5000,"{""bdg2_building_data_genome"":0.3333333333333333,""heapo_heat_pumps"":0.3333333333333333,""smart_grid_smart_city"":0.3333333333333333}","{""bdg2_building_data_genome"":0.48333333333333334,""heapo_heat_pumps"":0.25833333333333336,""smart_grid_smart_city"":0.25833333333333336}","{""bdg2_building_data_genome"":2416,""heapo_heat_pumps"":1292,""smart_grid_smart_city"":1292}",False,test,31.991966856819207,10.598651498128895,21.393315358690312,66.8708974800974,0.8939279999999997,0.9662652509579581,0,0.0,21.593845240867147,0.20052988217683168,0.0,"{""bdg2_building_data_genome"":{""available_profile_sources"":1570,""logical_devices"":2416,""mean_profile_reuse"":1.9770867430441899,""profile_bootstrap"":true,""selected_unique_profile_sources"":1222,""weight"":0.48333333333333334},""heapo_heat_pumps"":{""available_profile_sources"":1362,""logical_devices"":1292,""mean_profile_reuse"":1.0,""profile_bootstrap"":false,""selected_unique_profile_sources"":1292,""weight"":0.25833333333333336},""smart_grid_smart_city"":{""available_profile_sources"":5000,""logical_devices"":1292,""mean_profile_reuse"":1.0,""profile_bootstrap"":false,""selected_unique_profile_sources"":1292,""weight"":0.25833333333333336}}",dataset_combinations_mixed_physical_fleet_v1,,,,
predefined_mixed_scenario,S1-B,Building-heat pump-residential,建筑、热泵和带受控负荷住宅的高差异融合,aggregate,mean_field_control,Mean-field control,O(N),12,4192417,4592417,dominant_plus_15pp,5000,"{""bdg2_building_data_genome"":0.3333333333333333,""heapo_heat_pumps"":0.3333333333333333,""smart_grid_smart_city"":0.3333333333333333}","{""bdg2_building_data_genome"":0.48333333333333334,""heapo_heat_pumps"":0.25833333333333336,""smart_grid_smart_city"":0.25833333333333336}","{""bdg2_building_data_genome"":2416,""heapo_heat_pumps"":1292,""smart_grid_smart_city"":1292}",False,test,31.876280372356973,10.66026409403538,21.216016278321593,66.55737755625988,0.8947499999999998,0.9664218753544284,0,0.0,21.422129323751573,0.20611304542998393,0.0,"{""bdg2_building_data_genome"":{""available_profile_sources"":1570,""logical_devices"":2416,""mean_profile_reuse"":1.9722448979591836,""profile_bootstrap"":true,""selected_unique_profile_sources"":1225,""weight"":0.48333333333333334},""heapo_heat_pumps"":{""available_profile_sources"":1362,""logical_devices"":1292,""mean_profile_reuse"":1.0,""profile_bootstrap"":false,""selected_unique_profile_sources"":1292,""weight"":0.25833333333333336},""smart_grid_smart_city"":{""available_profile_sources"":5000,""logical_devices"":1292,""mean_profile_reuse"":1.0,""profile_bootstrap"":false,""selected_unique_profile_sources"":1292,""weight"":0.25833333333333336}}",dataset_combinations_mixed_physical_fleet_v1,,,,
predefined_mixed_scenario,S1-B,Building-heat pump-residential,建筑、热泵和带受控负荷住宅的高差异融合,aggregate,mean_field_control,Mean-field control,O(N),13,4192418,4592418,dominant_plus_15pp,5000,"{""bdg2_building_data_genome"":0.3333333333333333,""heapo_heat_pumps"":0.3333333333333333,""smart_grid_smart_city"":0.3333333333333333}","{""bdg2_building_data_genome"":0.48333333333333334,""heapo_heat_pumps"":0.25833333333333336,""smart_grid_smart_city"":0.25833333333333336}","{""bdg2_building_data_genome"":2416,""heapo_heat_pumps"":1292,""smart_grid_smart_city"":1292}",False,test,32.53467567659086,11.378775021206359,21.1559006553845,65.02570016582786,0.89465,0.9650484089534118,0,0.0,21.290398940935862,0.13449828555135804,0.0,"{""bdg2_building_data_genome"":{""available_profile_sources"":1570,""logical_devices"":2416,""mean_profile_reuse"":1.9754701553556828,""profile_bootstrap"":true,""selected_unique_profile_sources"":1223,""weight"":0.48333333333333334},""heapo_heat_pumps"":{""available_profile_sources"":1362,""logical_devices"":1292,""mean_profile_reuse"":1.0,""profile_bootstrap"":false,""selected_unique_profile_sources"":1292,""weight"":0.25833333333333336},""smart_grid_smart_city"":{""available_profile_sources"":5000,""logical_devices"":1292,""mean_profile_reuse"":1.0,""profile_bootstrap"":false,""selected_unique_profile_sources"":1292,""weight"":0.25833333333333336}}",dataset_combinations_mixed_physical_fleet_v1,,,,
predefined_mixed_scenario,S1-B,Building-heat pump-residential,建筑、热泵和带受控负荷住宅的高差异融合,aggregate,mean_field_control,Mean-field control,O(N),14,4192419,4592419,dominant_plus_15pp,5000,"{""bdg2_building_data_genome"":0.3333333333333333,""heapo_heat_pumps"":0.3333333333333333,""smart_grid_smart_city"":0.3333333333333333}","{""bdg2_building_data_genome"":0.48333333333333334,""heapo_heat_pumps"":0.25833333333333336,""smart_grid_smart_city"":0.25833333333333336}","{""bdg2_building_data_genome"":2416,""heapo_heat_pumps"":1292,""smart_grid_smart_city"":1292}",False,test,31.914512405800075,10.724691855492168,21.189820550307907,66.3955641272994,0.8953079999999993,0.9657607604725713,0,0.0,21.374154033611493,0.18433348330358523,0.0,"{""bdg2_building_data_genome"":{""available_profile_sources"":1570,""logical_devices"":2416,""mean_profile_reuse"":1.9562753036437246,""profile_bootstrap"":true,""selected_unique_profile_sources"":1235,""weight"":0.48333333333333334},""heapo_heat_pumps"":{""available_profile_sources"":1362,""logical_devices"":1292,""mean_profile_reuse"":1.0,""profile_bootstrap"":false,""selected_unique_profile_sources"":1292,""weight"":0.25833333333333336},""smart_grid_smart_city"":{""available_profile_sources"":5000,""logical_devices"":1292,""mean_profile_reuse"":1.0,""profile_bootstrap"":false,""selected_unique_profile_sources"":1292,""weight"":0.25833333333333336}}",dataset_combinations_mixed_physical_fleet_v1,,,,
predefined_mixed_scenario,S1-B,Building-heat pump-residential,建筑、热泵和带受控负荷住宅的高差异融合,aggregate,mean_field_control,Mean-field control,O(N),15,4192420,4592420,dominant_plus_15pp,5000,"{""bdg2_building_data_genome"":0.3333333333333333,""heapo_heat_pumps"":0.3333333333333333,""smart_grid_smart_city"":0.3333333333333333}","{""bdg2_building_data_genome"":0.48333333333333334,""heapo_heat_pumps"":0.25833333333333336,""smart_grid_smart_city"":0.25833333333333336}","{""bdg2_building_data_genome"":2416,""heapo_heat_pumps"":1292,""smart_grid_smart_city"":1292}",False,test,34.494743203181436,13.083975579589268,21.410767623592168,62.06965362077971,0.89639,0.9608207034153783,0,0.0,21.43280421315826,0.02203658956609013,0.0,"{""bdg2_building_data_genome"":{""available_profile_sources"":1570,""logical_devices"":2416,""mean_profile_reuse"":1.980327868852459,""profile_bootstrap"":true,""selected_unique_profile_sources"":1220,""weight"":0.48333333333333334},""heapo_heat_pumps"":{""available_profile_sources"":1362,""logical_devices"":1292,""mean_profile_reuse"":1.0,""profile_bootstrap"":false,""selected_unique_profile_sources"":1292,""weight"":0.25833333333333336},""smart_grid_smart_city"":{""available_profile_sources"":5000,""logical_devices"":1292,""mean_profile_reuse"":1.0,""profile_bootstrap"":false,""selected_unique_profile_sources"":1292,""weight"":0.25833333333333336}}",dataset_combinations_mixed_physical_fleet_v1,,,,
predefined_mixed_scenario,S1-B,Building-heat pump-residential,建筑、热泵和带受控负荷住宅的高差异融合,aggregate,mean_field_control,Mean-field control,O(N),16,4192421,4592421,dominant_plus_15pp,5000,"{""bdg2_building_data_genome"":0.3333333333333333,""heapo_heat_pumps"":0.3333333333333333,""smart_grid_smart_city"":0.3333333333333333}","{""bdg2_building_data_genome"":0.48333333333333334,""heapo_heat_pumps"":0.25833333333333336,""smart_grid_smart_city"":0.25833333333333336}","{""bdg2_building_data_genome"":2416,""heapo_heat_pumps"":1292,""smart_grid_smart_city"":1292}",False,test,33.196111626875876,11.369672893736343,21.826438733139533,65.74998595759827,0.8941739999999999,0.9614878975067198,0,0.0,21.94494349929829,0.11850476615875369,0.0,"{""bdg2_building_data_genome"":{""available_profile_sources"":1570,""logical_devices"":2416,""mean_profile_reuse"":1.949959644874899,""profile_bootstrap"":true,""selected_unique_profile_sources"":1239,""weight"":0.48333333333333334},""heapo_heat_pumps"":{""available_profile_sources"":1362,""logical_devices"":1292,""mean_profile_reuse"":1.0,""profile_bootstrap"":false,""selected_unique_profile_sources"":1292,""weight"":0.25833333333333336},""smart_grid_smart_city"":{""available_profile_sources"":5000,""logical_devices"":1292,""mean_profile_reuse"":1.0,""profile_bootstrap"":false,""selected_unique_profile_sources"":1292,""weight"":0.25833333333333336}}",dataset_combinations_mixed_physical_fleet_v1,,,,
predefined_mixed_scenario,S1-B,Building-heat pump-residential,建筑、热泵和带受控负荷住宅的高差异融合,aggregate,mean_field_control,Mean-field control,O(N),17,4192422,4592422,dominant_plus_15pp,5000,"{""bdg2_building_data_genome"":0.3333333333333333,""heapo_heat_pumps"":0.3333333333333333,""smart_grid_smart_city"":0.3333333333333333}","{""bdg2_building_data_genome"":0.48333333333333334,""heapo_heat_pumps"":0.25833333333333336,""smart_grid_smart_city"":0.25833333333333336}","{""bdg2_building_data_genome"":2416,""heapo_heat_pumps"":1292,""smart_grid_smart_city"":1292}",False,test,31.445672370428387,9.893516212173946,21.55215615825444,68.53774950133412,0.8942840000000004,0.9675868803861314,0,0.0,21.885831417511866,0.3336752592574251,0.0,"{""bdg2_building_data_genome"":{""available_profile_sources"":1570,""logical_devices"":2416,""mean_profile_reuse"":1.9483870967741936,""profile_bootstrap"":true,""selected_unique_profile_sources"":1240,""weight"":0.48333333333333334},""heapo_heat_pumps"":{""available_profile_sources"":1362,""logical_devices"":1292,""mean_profile_reuse"":1.0,""profile_bootstrap"":false,""selected_unique_profile_sources"":1292,""weight"":0.25833333333333336},""smart_grid_smart_city"":{""available_profile_sources"":5000,""logical_devices"":1292,""mean_profile_reuse"":1.0,""profile_bootstrap"":false,""selected_unique_profile_sources"":1292,""weight"":0.25833333333333336}}",dataset_combinations_mixed_physical_fleet_v1,,,,
predefined_mixed_scenario,S1-B,Building-heat pump-residential,建筑、热泵和带受控负荷住宅的高差异融合,aggregate,mean_field_control,Mean-field control,O(N),18,4192423,4592423,dominant_plus_15pp,5000,"{""bdg2_building_data_genome"":0.3333333333333333,""heapo_heat_pumps"":0.3333333333333333,""smart_grid_smart_city"":0.3333333333333333}","{""bdg2_building_data_genome"":0.48333333333333334,""heapo_heat_pumps"":0.25833333333333336,""smart_grid_smart_city"":0.25833333333333336}","{""bdg2_building_data_genome"":2416,""heapo_heat_pumps"":1292,""smart_grid_smart_city"":1292}",False,test,33.11740021659258,11.62431894774388,21.493081268848698,64.89966340437608,0.8954159999999999,0.9636074672803636,0,0.0,21.525595491840225,0.03251422299152541,0.0,"{""bdg2_building_data_genome"":{""available_profile_sources"":1570,""logical_devices"":2416,""mean_profile_reuse"":1.9835796387520526,""profile_bootstrap"":true,""selected_unique_profile_sources"":1218,""weight"":0.48333333333333334},""heapo_heat_pumps"":{""available_profile_sources"":1362,""logical_devices"":1292,""mean_profile_reuse"":1.0,""profile_bootstrap"":false,""selected_unique_profile_sources"":1292,""weight"":0.25833333333333336},""smart_grid_smart_city"":{""available_profile_sources"":5000,""logical_devices"":1292,""mean_profile_reuse"":1.0,""profile_bootstrap"":false,""selected_unique_profile_sources"":1292,""weight"":0.25833333333333336}}",dataset_combinations_mixed_physical_fleet_v1,,,,
predefined_mixed_scenario,S1-B,Building-heat pump-residential,建筑、热泵和带受控负荷住宅的高差异融合,aggregate,mean_field_control,Mean-field control,O(N),19,4192424,4592424,dominant_plus_15pp,5000,"{""bdg2_building_data_genome"":0.3333333333333333,""heapo_heat_pumps"":0.3333333333333333,""smart_grid_smart_city"":0.3333333333333333}","{""bdg2_building_data_genome"":0.48333333333333334,""heapo_heat_pumps"":0.25833333333333336,""smart_grid_smart_city"":0.25833333333333336}","{""bdg2_building_data_genome"":2416,""heapo_heat_pumps"":1292,""smart_grid_smart_city"":1292}",False,test,32.491653088509615,10.998336362099028,21.493316726410587,66.15027148006669,0.8950100000000004,0.9634813428328408,0,0.0,21.72765465031968,0.2343379239090903,0.0,"{""bdg2_building_data_genome"":{""available_profile_sources"":1570,""logical_devices"":2416,""mean_profile_reuse"":1.9610389610389611,""profile_bootstrap"":true,""selected_unique_profile_sources"":1232,""weight"":0.48333333333333334},""heapo_heat_pumps"":{""available_profile_sources"":1362,""logical_devices"":1292,""mean_profile_reuse"":1.0,""profile_bootstrap"":false,""selected_unique_profile_sources"":1292,""weight"":0.25833333333333336},""smart_grid_smart_city"":{""available_profile_sources"":5000,""logical_devices"":1292,""mean_profile_reuse"":1.0,""profile_bootstrap"":false,""selected_unique_profile_sources"":1292,""weight"":0.25833333333333336}}",dataset_combinations_mixed_physical_fleet_v1,,,,
predefined_mixed_scenario,S1-B,Building-heat pump-residential,建筑、热泵和带受控负荷住宅的高差异融合,aggregate,mean_field_control,Mean-field control,O(N),20,4192425,4592425,dominant_minus_15pp,5000,"{""bdg2_building_data_genome"":0.3333333333333333,""heapo_heat_pumps"":0.3333333333333333,""smart_grid_smart_city"":0.3333333333333333}","{""bdg2_building_data_genome"":0.18333333333333332,""heapo_heat_pumps"":0.40833333333333327,""smart_grid_smart_city"":0.40833333333333327}","{""bdg2_building_data_genome"":916,""heapo_heat_pumps"":2042,""smart_grid_smart_city"":2042}",False,test,34.87232223208805,13.037085040259548,21.835237191828504,62.614806798661185,0.8948519999999996,0.9563120834751364,0,0.0,21.85090338903177,0.0156661972032637,0.0,"{""bdg2_building_data_genome"":{""available_profile_sources"":1570,""logical_devices"":916,""mean_profile_reuse"":1.0,""profile_bootstrap"":false,""selected_unique_profile_sources"":916,""weight"":0.18333333333333332},""heapo_heat_pumps"":{""available_profile_sources"":1362,""logical_devices"":2042,""mean_profile_reuse"":1.9318826868495742,""profile_bootstrap"":true,""selected_unique_profile_sources"":1057,""weight"":0.40833333333333327},""smart_grid_smart_city"":{""available_profile_sources"":5000,""logical_devices"":2042,""mean_profile_reuse"":1.0,""profile_bootstrap"":false,""selected_unique_profile_sources"":2042,""weight"":0.40833333333333327}}",dataset_combinations_mixed_physical_fleet_v1,,,,
predefined_mixed_scenario,S1-B,Building-heat pump-residential,建筑、热泵和带受控负荷住宅的高差异融合,aggregate,mean_field_control,Mean-field control,O(N),21,4192426,4592426,dominant_minus_15pp,5000,"{""bdg2_building_data_genome"":0.3333333333333333,""heapo_heat_pumps"":0.3333333333333333,""smart_grid_smart_city"":0.3333333333333333}","{""bdg2_building_data_genome"":0.18333333333333332,""heapo_heat_pumps"":0.40833333333333327,""smart_grid_smart_city"":0.40833333333333327}","{""bdg2_building_data_genome"":916,""heapo_heat_pumps"":2042,""smart_grid_smart_city"":2042}",False,test,35.114231306513624,13.446756550468532,21.66747475604509,61.705678722990626,0.8952779999999997,0.9562067846790718,0,0.0,21.691425290277166,0.023950534232073058,0.0,"{""bdg2_building_data_genome"":{""available_profile_sources"":1570,""logical_devices"":916,""mean_profile_reuse"":1.0,""profile_bootstrap"":false,""selected_unique_profile_sources"":916,""weight"":0.18333333333333332},""heapo_heat_pumps"":{""available_profile_sources"":1362,""logical_devices"":2042,""mean_profile_reuse"":1.9844509232264333,""profile_bootstrap"":true,""selected_unique_profile_sources"":1029,""weight"":0.40833333333333327},""smart_grid_smart_city"":{""available_profile_sources"":5000,""logical_devices"":2042,""mean_profile_reuse"":1.0,""profile_bootstrap"":false,""selected_unique_profile_sources"":2042,""weight"":0.40833333333333327}}",dataset_combinations_mixed_physical_fleet_v1,,,,
predefined_mixed_scenario,S1-B,Building-heat pump-residential,建筑、热泵和带受控负荷住宅的高差异融合,aggregate,mean_field_control,Mean-field control,O(N),22,4192427,4592427,dominant_minus_15pp,5000,"{""bdg2_building_data_genome"":0.3333333333333333,""heapo_heat_pumps"":0.3333333333333333,""smart_grid_smart_city"":0.3333333333333333}","{""bdg2_building_data_genome"":0.18333333333333332,""heapo_heat_pumps"":0.40833333333333327,""smart_grid_smart_city"":0.40833333333333327}","{""bdg2_building_data_genome"":916,""heapo_heat_pumps"":2042,""smart_grid_smart_city"":2042}",False,test,34.859109736705875,13.296962127855053,21.56214760885082,61.855129897784956,0.8961859999999999,0.9558172152102937,0,0.0,21.59822963411778,0.03608202526695761,0.0,"{""bdg2_building_data_genome"":{""available_profile_sources"":1570,""logical_devices"":916,""mean_profile_reuse"":1.0,""profile_bootstrap"":false,""selected_unique_profile_sources"":916,""weight"":0.18333333333333332},""heapo_heat_pumps"":{""available_profile_sources"":1362,""logical_devices"":2042,""mean_profile_reuse"":1.9373814041745732,""profile_bootstrap"":true,""selected_unique_profile_sources"":1054,""weight"":0.40833333333333327},""smart_grid_smart_city"":{""available_profile_sources"":5000,""logical_devices"":2042,""mean_profile_reuse"":1.0,""profile_bootstrap"":false,""selected_unique_profile_sources"":2042,""weight"":0.40833333333333327}}",dataset_combinations_mixed_physical_fleet_v1,,,,
predefined_mixed_scenario,S1-B,Building-heat pump-residential,建筑、热泵和带受控负荷住宅的高差异融合,aggregate,mean_field_control,Mean-field control,O(N),23,4192428,4592428,dominant_minus_15pp,5000,"{""bdg2_building_data_genome"":0.3333333333333333,""heapo_heat_pumps"":0.3333333333333333,""smart_grid_smart_city"":0.3333333333333333}","{""bdg2_building_data_genome"":0.18333333333333332,""heapo_heat_pumps"":0.40833333333333327,""smart_grid_smart_city"":0.40833333333333327}","{""bdg2_building_data_genome"":916,""heapo_heat_pumps"":2042,""smart_grid_smart_city"":2042}",False,test,35.96318710406283,14.363069436646178,21.600117667416654,60.06174481954199,0.8958879999999995,0.9540674450022103,0,0.0,21.637309630370865,0.03719196295421214,0.0,"{""bdg2_building_data_genome"":{""available_profile_sources"":1570,""logical_devices"":916,""mean_profile_reuse"":1.0,""profile_bootstrap"":false,""selected_unique_profile_sources"":916,""weight"":0.18333333333333332},""heapo_heat_pumps"":{""available_profile_sources"":1362,""logical_devices"":2042,""mean_profile_reuse"":1.9578139980824545,""profile_bootstrap"":true,""selected_unique_profile_sources"":1043,""weight"":0.40833333333333327},""smart_grid_smart_city"":{""available_profile_sources"":5000,""logical_devices"":2042,""mean_profile_reuse"":1.0,""profile_bootstrap"":false,""selected_unique_profile_sources"":2042,""weight"":0.40833333333333327}}",dataset_combinations_mixed_physical_fleet_v1,,,,
predefined_mixed_scenario,S1-B,Building-heat pump-residential,建筑、热泵和带受控负荷住宅的高差异融合,aggregate,mean_field_control,Mean-field control,O(N),24,4192429,4592429,dominant_minus_15pp,5000,"{""bdg2_building_data_genome"":0.3333333333333333,""heapo_heat_pumps"":0.3333333333333333,""smart_grid_smart_city"":0.3333333333333333}","{""bdg2_building_data_genome"":0.18333333333333332,""heapo_heat_pumps"":0.40833333333333327,""smart_grid_smart_city"":0.40833333333333327}","{""bdg2_building_data_genome"":916,""heapo_heat_pumps"":2042,""smart_grid_smart_city"":2042}",False,test,34.51198086158722,13.173039854223568,21.33894100736365,61.83053094791924,0.8946499999999995,0.9598583107306856,0,0.0,21.35873771334769,0.0197967059840408,0.0,"{""bdg2_building_data_genome"":{""available_profile_sources"":1570,""logical_devices"":916,""mean_profile_reuse"":1.0,""profile_bootstrap"":false,""selected_unique_profile_sources"":916,""weight"":0.18333333333333332},""heapo_heat_pumps"":{""available_profile_sources"":1362,""logical_devices"":2042,""mean_profile_reuse"":1.9355450236966825,""profile_bootstrap"":true,""selected_unique_profile_sources"":1055,""weight"":0.40833333333333327},""smart_grid_smart_city"":{""available_profile_sources"":5000,""logical_devices"":2042,""mean_profile_reuse"":1.0,""profile_bootstrap"":false,""selected_unique_profile_sources"":2042,""weight"":0.40833333333333327}}",dataset_combinations_mixed_physical_fleet_v1,,,,
predefined_mixed_scenario,S1-B,Building-heat pump-residential,建筑、热泵和带受控负荷住宅的高差异融合,aggregate,mean_field_control,Mean-field control,O(N),25,4192430,4592430,dominant_minus_15pp,5000,"{""bdg2_building_data_genome"":0.3333333333333333,""heapo_heat_pumps"":0.3333333333333333,""smart_grid_smart_city"":0.3333333333333333}","{""bdg2_building_data_genome"":0.18333333333333332,""heapo_heat_pumps"":0.40833333333333327,""smart_grid_smart_city"":0.40833333333333327}","{""bdg2_building_data_genome"":916,""heapo_heat_pumps"":2042,""smart_grid_smart_city"":2042}",False,test,35.58321869915716,13.858998225342344,21.724220473814814,61.05187014554527,0.8957280000000002,0.9546066810338587,0,0.0,21.731037567142188,0.006817093327373489,0.0,"{""bdg2_building_data_genome"":{""available_profile_sources"":1570,""logical_devices"":916,""mean_profile_reuse"":1.0,""profile_bootstrap"":false,""selected_unique_profile_sources"":916,""weight"":0.18333333333333332},""heapo_heat_pumps"":{""available_profile_sources"":1362,""logical_devices"":2042,""mean_profile_reuse"":1.9521988527724665,""profile_bootstrap"":true,""selected_unique_profile_sources"":1046,""weight"":0.40833333333333327},""smart_grid_smart_city"":{""available_profile_sources"":5000,""logical_devices"":2042,""mean_profile_reuse"":1.0,""profile_bootstrap"":false,""selected_unique_profile_sources"":2042,""weight"":0.40833333333333327}}",dataset_combinations_mixed_physical_fleet_v1,,,,
predefined_mixed_scenario,S1-B,Building-heat pump-residential,建筑、热泵和带受控负荷住宅的高差异融合,aggregate,mean_field_control,Mean-field control,O(N),26,4192431,4592431,dominant_minus_15pp,5000,"{""bdg2_building_data_genome"":0.3333333333333333,""heapo_heat_pumps"":0.3333333333333333,""smart_grid_smart_city"":0.3333333333333333}","{""bdg2_building_data_genome"":0.18333333333333332,""heapo_heat_pumps"":0.40833333333333327,""smart_grid_smart_city"":0.40833333333333327}","{""bdg2_building_data_genome"":916,""heapo_heat_pumps"":2042,""smart_grid_smart_city"":2042}",False,test,36.45019587661368,15.062946756949856,21.38724911966382,58.6752652634874,0.8953599999999999,0.9542103198240821,0,0.0,21.41266074633913,0.025411626675308982,0.0,"{""bdg2_building_data_genome"":{""available_profile_sources"":1570,""logical_devices"":916,""mean_profile_reuse"":1.0,""profile_bootstrap"":false,""selected_unique_profile_sources"":916,""weight"":0.18333333333333332},""heapo_heat_pumps"":{""available_profile_sources"":1362,""logical_devices"":2042,""mean_profile_reuse"":1.9691417550626809,""profile_bootstrap"":true,""selected_unique_profile_sources"":1037,""weight"":0.40833333333333327},""smart_grid_smart_city"":{""available_profile_sources"":5000,""logical_devices"":2042,""mean_profile_reuse"":1.0,""profile_bootstrap"":false,""selected_unique_profile_sources"":2042,""weight"":0.40833333333333327}}",dataset_combinations_mixed_physical_fleet_v1,,,,
predefined_mixed_scenario,S1-B,Building-heat pump-residential,建筑、热泵和带受控负荷住宅的高差异融合,aggregate,mean_field_control,Mean-field control,O(N),27,4192432,4592432,dominant_minus_15pp,5000,"{""bdg2_building_data_genome"":0.3333333333333333,""heapo_heat_pumps"":0.3333333333333333,""smart_grid_smart_city"":0.3333333333333333}","{""bdg2_building_data_genome"":0.18333333333333332,""heapo_heat_pumps"":0.40833333333333327,""smart_grid_smart_city"":0.40833333333333327}","{""bdg2_building_data_genome"":916,""heapo_heat_pumps"":2042,""smart_grid_smart_city"":2042}",False,test,35.64816180688353,14.19062201504564,21.45753979183789,60.19255609329768,0.8947139999999998,0.9545234679150814,0,0.0,21.471124076189827,0.013584284351937904,0.0,"{""bdg2_building_data_genome"":{""available_profile_sources"":1570,""logical_devices"":916,""mean_profile_reuse"":1.0,""profile_bootstrap"":false,""selected_unique_profile_sources"":916,""weight"":0.18333333333333332},""heapo_heat_pumps"":{""available_profile_sources"":1362,""logical_devices"":2042,""mean_profile_reuse"":1.919172932330827,""profile_bootstrap"":true,""selected_unique_profile_sources"":1064,""weight"":0.40833333333333327},""smart_grid_smart_city"":{""available_profile_sources"":5000,""logical_devices"":2042,""mean_profile_reuse"":1.0,""profile_bootstrap"":false,""selected_unique_profile_sources"":2042,""weight"":0.40833333333333327}}",dataset_combinations_mixed_physical_fleet_v1,,,,
predefined_mixed_scenario,S1-B,Building-heat pump-residential,建筑、热泵和带受控负荷住宅的高差异融合,aggregate,mean_field_control,Mean-field control,O(N),28,4192433,4592433,dominant_minus_15pp,5000,"{""bdg2_building_data_genome"":0.3333333333333333,""heapo_heat_pumps"":0.3333333333333333,""smart_grid_smart_city"":0.3333333333333333}","{""bdg2_building_data_genome"":0.18333333333333332,""heapo_heat_pumps"":0.40833333333333327,""smart_grid_smart_city"":0.40833333333333327}","{""bdg2_building_data_genome"":916,""heapo_heat_pumps"":2042,""smart_grid_smart_city"":2042}",False,test,35.78806254278101,14.303028789416736,21.485033753364277,60.03407903873279,0.8966379999999998,0.9556549300189796,0,0.0,21.514082330389684,0.029048577025405344,0.0,"{""bdg2_building_data_genome"":{""available_profile_sources"":1570,""logical_devices"":916,""mean_profile_reuse"":1.0,""profile_bootstrap"":false,""selected_unique_profile_sources"":916,""weight"":0.18333333333333332},""heapo_heat_pumps"":{""available_profile_sources"":1362,""logical_devices"":2042,""mean_profile_reuse"":1.9318826868495742,""profile_bootstrap"":true,""selected_unique_profile_sources"":1057,""weight"":0.40833333333333327},""smart_grid_smart_city"":{""available_profile_sources"":5000,""logical_devices"":2042,""mean_profile_reuse"":1.0,""profile_bootstrap"":false,""selected_unique_profile_sources"":2042,""weight"":0.40833333333333327}}",dataset_combinations_mixed_physical_fleet_v1,,,,
predefined_mixed_scenario,S1-B,Building-heat pump-residential,建筑、热泵和带受控负荷住宅的高差异融合,aggregate,mean_field_control,Mean-field control,O(N),29,4192434,4592434,dominant_minus_15pp,5000,"{""bdg2_building_data_genome"":0.3333333333333333,""heapo_heat_pumps"":0.3333333333333333,""smart_grid_smart_city"":0.3333333333333333}","{""bdg2_building_data_genome"":0.18333333333333332,""heapo_heat_pumps"":0.40833333333333327,""smart_grid_smart_city"":0.40833333333333327}","{""bdg2_building_data_genome"":916,""heapo_heat_pumps"":2042,""smart_grid_smart_city"":2042}",False,test,35.277225187284394,13.86755729623313,21.409667891051264,60.68977301187604,0.8947179999999999,0.956405585008804,0,0.0,21.44344573135026,0.03377784029899829,0.0,"{""bdg2_building_data_genome"":{""available_profile_sources"":1570,""logical_devices"":916,""mean_profile_reuse"":1.0,""profile_bootstrap"":false,""selected_unique_profile_sources"":916,""weight"":0.18333333333333332},""heapo_heat_pumps"":{""available_profile_sources"":1362,""logical_devices"":2042,""mean_profile_reuse"":1.933712121212121,""profile_bootstrap"":true,""selected_unique_profile_sources"":1056,""weight"":0.40833333333333327},""smart_grid_smart_city"":{""available_profile_sources"":5000,""logical_devices"":2042,""mean_profile_reuse"":1.0,""profile_bootstrap"":false,""selected_unique_profile_sources"":2042,""weight"":0.40833333333333327}}",dataset_combinations_mixed_physical_fleet_v1,,,,
predefined_mixed_scenario,S1-B,Building-heat pump-residential,建筑、热泵和带受控负荷住宅的高差异融合,aggregate,mpc_optimal,MPC,O(HN),0,4192405,4492405,nominal,5000,"{""bdg2_building_data_genome"":0.3333333333333333,""heapo_heat_pumps"":0.3333333333333333,""smart_grid_smart_city"":0.3333333333333333}","{""bdg2_building_data_genome"":0.3333333333333333,""heapo_heat_pumps"":0.3333333333333333,""smart_grid_smart_city"":0.3333333333333333}","{""bdg2_building_data_genome"":1667,""heapo_heat_pumps"":1667,""smart_grid_smart_city"":1666}",False,test,33.770062841823574,12.165496435077266,21.604566406746308,63.97549956581504,0.8953080000000005,0.9622604115992708,0,0.0,21.604566406746308,3.789561257387201e-17,0.0,"{""bdg2_building_data_genome"":{""available_profile_sources"":1570,""logical_devices"":1667,""mean_profile_reuse"":1.6603585657370519,""profile_bootstrap"":true,""selected_unique_profile_sources"":1004,""weight"":0.3333333333333333},""heapo_heat_pumps"":{""available_profile_sources"":1362,""logical_devices"":1667,""mean_profile_reuse"":1.727461139896373,""profile_bootstrap"":true,""selected_unique_profile_sources"":965,""weight"":0.3333333333333333},""smart_grid_smart_city"":{""available_profile_sources"":5000,""logical_devices"":1666,""mean_profile_reuse"":1.0,""profile_bootstrap"":false,""selected_unique_profile_sources"":1666,""weight"":0.3333333333333333}}",dataset_combinations_mixed_physical_fleet_v1,,,,
predefined_mixed_scenario,S1-B,Building-heat pump-residential,建筑、热泵和带受控负荷住宅的高差异融合,aggregate,mpc_optimal,MPC,O(HN),1,4192406,4492406,nominal,5000,"{""bdg2_building_data_genome"":0.3333333333333333,""heapo_heat_pumps"":0.3333333333333333,""smart_grid_smart_city"":0.3333333333333333}","{""bdg2_building_data_genome"":0.3333333333333333,""heapo_heat_pumps"":0.3333333333333333,""smart_grid_smart_city"":0.3333333333333333}","{""bdg2_building_data_genome"":1667,""heapo_heat_pumps"":1667,""smart_grid_smart_city"":1666}",False,test,34.60258790505812,12.735535686439981,21.86705221861814,63.19484623120246,0.8949139999999988,0.9576219017716886,0,0.0,21.86705221861814,1.1368683772161603e-16,0.0,"{""bdg2_building_data_genome"":{""available_profile_sources"":1570,""logical_devices"":1667,""mean_profile_reuse"":1.6168768186226965,""profile_bootstrap"":true,""selected_unique_profile_sources"":1031,""weight"":0.3333333333333333},""heapo_heat_pumps"":{""available_profile_sources"":1362,""logical_devices"":1667,""mean_profile_reuse"":1.7346514047866806,""profile_bootstrap"":true,""selected_unique_profile_sources"":961,""weight"":0.3333333333333333},""smart_grid_smart_city"":{""available_profile_sources"":5000,""logical_devices"":1666,""mean_profile_reuse"":1.0,""profile_bootstrap"":false,""selected_unique_profile_sources"":1666,""weight"":0.3333333333333333}}",dataset_combinations_mixed_physical_fleet_v1,,,,
predefined_mixed_scenario,S1-B,Building-heat pump-residential,建筑、热泵和带受控负荷住宅的高差异融合,aggregate,mpc_optimal,MPC,O(HN),2,4192407,4492407,nominal,5000,"{""bdg2_building_data_genome"":0.3333333333333333,""heapo_heat_pumps"":0.3333333333333333,""smart_grid_smart_city"":0.3333333333333333}","{""bdg2_building_data_genome"":0.3333333333333333,""heapo_heat_pumps"":0.3333333333333333,""smart_grid_smart_city"":0.3333333333333333}","{""bdg2_building_data_genome"":1667,""heapo_heat_pumps"":1667,""smart_grid_smart_city"":1666}",False,test,34.571407372048384,13.048166996462278,21.523240375586106,62.25734504805853,0.8935520000000002,0.9569109542942597,0,0.0,21.523240375586106,7.579122514774402e-17,0.0,"{""bdg2_building_data_genome"":{""available_profile_sources"":1570,""logical_devices"":1667,""mean_profile_reuse"":1.5921680993314231,""profile_bootstrap"":true,""selected_unique_profile_sources"":1047,""weight"":0.3333333333333333},""heapo_heat_pumps"":{""available_profile_sources"":1362,""logical_devices"":1667,""mean_profile_reuse"":1.7132579650565263,""profile_bootstrap"":true,""selected_unique_profile_sources"":973,""weight"":0.3333333333333333},""smart_grid_smart_city"":{""available_profile_sources"":5000,""logical_devices"":1666,""mean_profile_reuse"":1.0,""profile_bootstrap"":false,""selected_unique_profile_sources"":1666,""weight"":0.3333333333333333}}",dataset_combinations_mixed_physical_fleet_v1,,,,
predefined_mixed_scenario,S1-B,Building-heat pump-residential,建筑、热泵和带受控负荷住宅的高差异融合,aggregate,mpc_optimal,MPC,O(HN),3,4192408,4492408,nominal,5000,"{""bdg2_building_data_genome"":0.3333333333333333,""heapo_heat_pumps"":0.3333333333333333,""smart_grid_smart_city"":0.3333333333333333}","{""bdg2_building_data_genome"":0.3333333333333333,""heapo_heat_pumps"":0.3333333333333333,""smart_grid_smart_city"":0.3333333333333333}","{""bdg2_building_data_genome"":1667,""heapo_heat_pumps"":1667,""smart_grid_smart_city"":1666}",False,test,34.40789121539473,12.62749767207254,21.780393543322187,63.30057662347304,0.8936060000000008,0.9590076947462529,0,0.0,21.780393543322187,7.579122514774402e-17,0.0,"{""bdg2_building_data_genome"":{""available_profile_sources"":1570,""logical_devices"":1667,""mean_profile_reuse"":1.6359175662414132,""profile_bootstrap"":true,""selected_unique_profile_sources"":1019,""weight"":0.3333333333333333},""heapo_heat_pumps"":{""available_profile_sources"":1362,""logical_devices"":1667,""mean_profile_reuse"":1.7185567010309277,""profile_bootstrap"":true,""selected_unique_profile_sources"":970,""weight"":0.3333333333333333},""smart_grid_smart_city"":{""available_profile_sources"":5000,""logical_devices"":1666,""mean_profile_reuse"":1.0,""profile_bootstrap"":false,""selected_unique_profile_sources"":1666,""weight"":0.3333333333333333}}",dataset_combinations_mixed_physical_fleet_v1,,,,
predefined_mixed_scenario,S1-B,Building-heat pump-residential,建筑、热泵和带受控负荷住宅的高差异融合,aggregate,mpc_optimal,MPC,O(HN),4,4192409,4492409,nominal,5000,"{""bdg2_building_data_genome"":0.3333333333333333,""heapo_heat_pumps"":0.3333333333333333,""smart_grid_smart_city"":0.3333333333333333}","{""bdg2_building_data_genome"":0.3333333333333333,""heapo_heat_pumps"":0.3333333333333333,""smart_grid_smart_city"":0.3333333333333333}","{""bdg2_building_data_genome"":1667,""heapo_heat_pumps"":1667,""smart_grid_smart_city"":1666}",False,test,34.22166491262871,12.416827747382715,21.804837165245996,63.71647089910996,0.8943359999999999,0.9577285409846559,0,0.0,21.804837165245996,3.789561257387201e-17,0.0,"{""bdg2_building_data_genome"":{""available_profile_sources"":1570,""logical_devices"":1667,""mean_profile_reuse"":1.629521016617791,""profile_bootstrap"":true,""selected_unique_profile_sources"":1023,""weight"":0.3333333333333333},""heapo_heat_pumps"":{""available_profile_sources"":1362,""logical_devices"":1667,""mean_profile_reuse"":1.7455497382198952,""profile_bootstrap"":true,""selected_unique_profile_sources"":955,""weight"":0.3333333333333333},""smart_grid_smart_city"":{""available_profile_sources"":5000,""logical_devices"":1666,""mean_profile_reuse"":1.0,""profile_bootstrap"":false,""selected_unique_profile_sources"":1666,""weight"":0.3333333333333333}}",dataset_combinations_mixed_physical_fleet_v1,,,,
predefined_mixed_scenario,S1-B,Building-heat pump-residential,建筑、热泵和带受控负荷住宅的高差异融合,aggregate,mpc_optimal,MPC,O(HN),5,4192410,4492410,nominal,5000,"{""bdg2_building_data_genome"":0.3333333333333333,""heapo_heat_pumps"":0.3333333333333333,""smart_grid_smart_city"":0.3333333333333333}","{""bdg2_building_data_genome"":0.3333333333333333,""heapo_heat_pumps"":0.3333333333333333,""smart_grid_smart_city"":0.3333333333333333}","{""bdg2_building_data_genome"":1667,""heapo_heat_pumps"":1667,""smart_grid_smart_city"":1666}",False,test,33.40390885113893,11.757385704930147,21.646523146208782,64.80236562335946,0.894052,0.9621539602210514,0,0.0,21.646523146208782,0.0,0.0,"{""bdg2_building_data_genome"":{""available_profile_sources"":1570,""logical_devices"":1667,""mean_profile_reuse"":1.6311154598825832,""profile_bootstrap"":true,""selected_unique_profile_sources"":1022,""weight"":0.3333333333333333},""heapo_heat_pumps"":{""available_profile_sources"":1362,""logical_devices"":1667,""mean_profile_reuse"":1.741901776384535,""profile_bootstrap"":true,""selected_unique_profile_sources"":957,""weight"":0.3333333333333333},""smart_grid_smart_city"":{""available_profile_sources"":5000,""logical_devices"":1666,""mean_profile_reuse"":1.0,""profile_bootstrap"":false,""selected_unique_profile_sources"":1666,""weight"":0.3333333333333333}}",dataset_combinations_mixed_physical_fleet_v1,,,,
predefined_mixed_scenario,S1-B,Building-heat pump-residential,建筑、热泵和带受控负荷住宅的高差异融合,aggregate,mpc_optimal,MPC,O(HN),6,4192411,4492411,nominal,5000,"{""bdg2_building_data_genome"":0.3333333333333333,""heapo_heat_pumps"":0.3333333333333333,""smart_grid_smart_city"":0.3333333333333333}","{""bdg2_building_data_genome"":0.3333333333333333,""heapo_heat_pumps"":0.3333333333333333,""smart_grid_smart_city"":0.3333333333333333}","{""bdg2_building_data_genome"":1667,""heapo_heat_pumps"":1667,""smart_grid_smart_city"":1666}",False,test,34.28020632264545,12.571689116134298,21.70851720651115,63.32668188222234,0.8945940000000004,0.9588840631828693,0,0.0,21.70851720651115,7.579122514774402e-17,0.0,"{""bdg2_building_data_genome"":{""available_profile_sources"":1570,""logical_devices"":1667,""mean_profile_reuse"":1.648862512363996,""profile_bootstrap"":true,""selected_unique_profile_sources"":1011,""weight"":0.3333333333333333},""heapo_heat_pumps"":{""available_profile_sources"":1362,""logical_devices"":1667,""mean_profile_reuse"":1.7473794549266248,""profile_bootstrap"":true,""selected_unique_profile_sources"":954,""weight"":0.3333333333333333},""smart_grid_smart_city"":{""available_profile_sources"":5000,""logical_devices"":1666,""mean_profile_reuse"":1.0,""profile_bootstrap"":false,""selected_unique_profile_sources"":1666,""weight"":0.3333333333333333}}",dataset_combinations_mixed_physical_fleet_v1,,,,
predefined_mixed_scenario,S1-B,Building-heat pump-residential,建筑、热泵和带受控负荷住宅的高差异融合,aggregate,mpc_optimal,MPC,O(HN),7,4192412,4492412,nominal,5000,"{""bdg2_building_data_genome"":0.3333333333333333,""heapo_heat_pumps"":0.3333333333333333,""smart_grid_smart_city"":0.3333333333333333}","{""bdg2_building_data_genome"":0.3333333333333333,""heapo_heat_pumps"":0.3333333333333333,""smart_grid_smart_city"":0.3333333333333333}","{""bdg2_building_data_genome"":1667,""heapo_heat_pumps"":1667,""smart_grid_smart_city"":1666}",False,test,33.5646486481881,11.92219568331278,21.642452964875318,64.47990322116371,0.8946139999999999,0.9620413583832753,0,0.0,21.642452964875325,5.267490147768209e-15,0.0,"{""bdg2_building_data_genome"":{""available_profile_sources"":1570,""logical_devices"":1667,""mean_profile_reuse"":1.629521016617791,""profile_bootstrap"":true,""selected_unique_profile_sources"":1023,""weight"":0.3333333333333333},""heapo_heat_pumps"":{""available_profile_sources"":1362,""logical_devices"":1667,""mean_profile_reuse"":1.731048805815161,""profile_bootstrap"":true,""selected_unique_profile_sources"":963,""weight"":0.3333333333333333},""smart_grid_smart_city"":{""available_profile_sources"":5000,""logical_devices"":1666,""mean_profile_reuse"":1.0,""profile_bootstrap"":false,""selected_unique_profile_sources"":1666,""weight"":0.3333333333333333}}",dataset_combinations_mixed_physical_fleet_v1,,,,
predefined_mixed_scenario,S1-B,Building-heat pump-residential,建筑、热泵和带受控负荷住宅的高差异融合,aggregate,mpc_optimal,MPC,O(HN),8,4192413,4492413,nominal,5000,"{""bdg2_building_data_genome"":0.3333333333333333,""heapo_heat_pumps"":0.3333333333333333,""smart_grid_smart_city"":0.3333333333333333}","{""bdg2_building_data_genome"":0.3333333333333333,""heapo_heat_pumps"":0.3333333333333333,""smart_grid_smart_city"":0.3333333333333333}","{""bdg2_building_data_genome"":1667,""heapo_heat_pumps"":1667,""smart_grid_smart_city"":1666}",False,test,35.266990334508364,13.52666640422176,21.740323930286603,61.64496523258446,0.8944260000000006,0.9527429361847675,0,0.0,21.740323930286603,3.789561257387201e-17,0.0,"{""bdg2_building_data_genome"":{""available_profile_sources"":1570,""logical_devices"":1667,""mean_profile_reuse"":1.6184466019417476,""profile_bootstrap"":true,""selected_unique_profile_sources"":1030,""weight"":0.3333333333333333},""heapo_heat_pumps"":{""available_profile_sources"":1362,""logical_devices"":1667,""mean_profile_reuse"":1.711498973305955,""profile_bootstrap"":true,""selected_unique_profile_sources"":974,""weight"":0.3333333333333333},""smart_grid_smart_city"":{""available_profile_sources"":5000,""logical_devices"":1666,""mean_profile_reuse"":1.0,""profile_bootstrap"":false,""selected_unique_profile_sources"":1666,""weight"":0.3333333333333333}}",dataset_combinations_mixed_physical_fleet_v1,,,,
predefined_mixed_scenario,S1-B,Building-heat pump-residential,建筑、热泵和带受控负荷住宅的高差异融合,aggregate,mpc_optimal,MPC,O(HN),9,4192414,4492414,nominal,5000,"{""bdg2_building_data_genome"":0.3333333333333333,""heapo_heat_pumps"":0.3333333333333333,""smart_grid_smart_city"":0.3333333333333333}","{""bdg2_building_data_genome"":0.3333333333333333,""heapo_heat_pumps"":0.3333333333333333,""smart_grid_smart_city"":0.3333333333333333}","{""bdg2_building_data_genome"":1667,""heapo_heat_pumps"":1667,""smart_grid_smart_city"":1666}",False,test,35.3534098498996,13.649208453030315,21.704201396869284,61.39210189064952,0.8946980000000001,0.9556462250642246,0,0.0,21.704201396869284,3.789561257387201e-17,0.0,"{""bdg2_building_data_genome"":{""available_profile_sources"":1570,""logical_devices"":1667,""mean_profile_reuse"":1.620019436345967,""profile_bootstrap"":true,""selected_unique_profile_sources"":1029,""weight"":0.3333333333333333},""heapo_heat_pumps"":{""available_profile_sources"":1362,""logical_devices"":1667,""mean_profile_reuse"":1.7565858798735512,""profile_bootstrap"":true,""selected_unique_profile_sources"":949,""weight"":0.3333333333333333},""smart_grid_smart_city"":{""available_profile_sources"":5000,""logical_devices"":1666,""mean_profile_reuse"":1.0,""profile_bootstrap"":false,""selected_unique_profile_sources"":1666,""weight"":0.3333333333333333}}",dataset_combinations_mixed_physical_fleet_v1,,,,
predefined_mixed_scenario,S1-B,Building-heat pump-residential,建筑、热泵和带受控负荷住宅的高差异融合,aggregate,mpc_optimal,MPC,O(HN),10,4192415,4492415,dominant_plus_15pp,5000,"{""bdg2_building_data_genome"":0.3333333333333333,""heapo_heat_pumps"":0.3333333333333333,""smart_grid_smart_city"":0.3333333333333333}","{""bdg2_building_data_genome"":0.48333333333333334,""heapo_heat_pumps"":0.25833333333333336,""smart_grid_smart_city"":0.25833333333333336}","{""bdg2_building_data_genome"":2416,""heapo_heat_pumps"":1292,""smart_grid_smart_city"":1292}",False,test,32.07470647466447,10.823105159732616,21.25160131493185,66.25657301561998,0.8955760000000001,0.97204701865517,0,0.0,21.25160131493185,7.579122514774402e-17,0.0,"{""bdg2_building_data_genome"":{""available_profile_sources"":1570,""logical_devices"":2416,""mean_profile_reuse"":1.973856209150327,""profile_bootstrap"":true,""selected_unique_profile_sources"":1224,""weight"":0.48333333333333334},""heapo_heat_pumps"":{""available_profile_sources"":1362,""logical_devices"":1292,""mean_profile_reuse"":1.0,""profile_bootstrap"":false,""selected_unique_profile_sources"":1292,""weight"":0.25833333333333336},""smart_grid_smart_city"":{""available_profile_sources"":5000,""logical_devices"":1292,""mean_profile_reuse"":1.0,""profile_bootstrap"":false,""selected_unique_profile_sources"":1292,""weight"":0.25833333333333336}}",dataset_combinations_mixed_physical_fleet_v1,,,,
predefined_mixed_scenario,S1-B,Building-heat pump-residential,建筑、热泵和带受控负荷住宅的高差异融合,aggregate,mpc_optimal,MPC,O(HN),11,4192416,4492416,dominant_plus_15pp,5000,"{""bdg2_building_data_genome"":0.3333333333333333,""heapo_heat_pumps"":0.3333333333333333,""smart_grid_smart_city"":0.3333333333333333}","{""bdg2_building_data_genome"":0.48333333333333334,""heapo_heat_pumps"":0.25833333333333336,""smart_grid_smart_city"":0.25833333333333336}","{""bdg2_building_data_genome"":2416,""heapo_heat_pumps"":1292,""smart_grid_smart_city"":1292}",False,test,31.991966856819207,10.388282791615204,21.603684065204003,67.52846476083134,0.8939279999999997,0.9712275206467554,0,0.0,21.603684065204003,3.789561257387201e-17,0.0,"{""bdg2_building_data_genome"":{""available_profile_sources"":1570,""logical_devices"":2416,""mean_profile_reuse"":1.9770867430441899,""profile_bootstrap"":true,""selected_unique_profile_sources"":1222,""weight"":0.48333333333333334},""heapo_heat_pumps"":{""available_profile_sources"":1362,""logical_devices"":1292,""mean_profile_reuse"":1.0,""profile_bootstrap"":false,""selected_unique_profile_sources"":1292,""weight"":0.25833333333333336},""smart_grid_smart_city"":{""available_profile_sources"":5000,""logical_devices"":1292,""mean_profile_reuse"":1.0,""profile_bootstrap"":false,""selected_unique_profile_sources"":1292,""weight"":0.25833333333333336}}",dataset_combinations_mixed_physical_fleet_v1,,,,
predefined_mixed_scenario,S1-B,Building-heat pump-residential,建筑、热泵和带受控负荷住宅的高差异融合,aggregate,mpc_optimal,MPC,O(HN),12,4192417,4492417,dominant_plus_15pp,5000,"{""bdg2_building_data_genome"":0.3333333333333333,""heapo_heat_pumps"":0.3333333333333333,""smart_grid_smart_city"":0.3333333333333333}","{""bdg2_building_data_genome"":0.48333333333333334,""heapo_heat_pumps"":0.25833333333333336,""smart_grid_smart_city"":0.25833333333333336}","{""bdg2_building_data_genome"":2416,""heapo_heat_pumps"":1292,""smart_grid_smart_city"":1292}",False,test,31.876280372356973,10.44650427516466,21.429776097192313,67.22796965914554,0.8947499999999998,0.9728847183891021,0,0.0,21.429776097192313,3.789561257387201e-17,0.0,"{""bdg2_building_data_genome"":{""available_profile_sources"":1570,""logical_devices"":2416,""mean_profile_reuse"":1.9722448979591836,""profile_bootstrap"":true,""selected_unique_profile_sources"":1225,""weight"":0.48333333333333334},""heapo_heat_pumps"":{""available_profile_sources"":1362,""logical_devices"":1292,""mean_profile_reuse"":1.0,""profile_bootstrap"":false,""selected_unique_profile_sources"":1292,""weight"":0.25833333333333336},""smart_grid_smart_city"":{""available_profile_sources"":5000,""logical_devices"":1292,""mean_profile_reuse"":1.0,""profile_bootstrap"":false,""selected_unique_profile_sources"":1292,""weight"":0.25833333333333336}}",dataset_combinations_mixed_physical_fleet_v1,,,,
predefined_mixed_scenario,S1-B,Building-heat pump-residential,建筑、热泵和带受控负荷住宅的高差异融合,aggregate,mpc_optimal,MPC,O(HN),13,4192418,4492418,dominant_plus_15pp,5000,"{""bdg2_building_data_genome"":0.3333333333333333,""heapo_heat_pumps"":0.3333333333333333,""smart_grid_smart_city"":0.3333333333333333}","{""bdg2_building_data_genome"":0.48333333333333334,""heapo_heat_pumps"":0.25833333333333336,""smart_grid_smart_city"":0.25833333333333336}","{""bdg2_building_data_genome"":2416,""heapo_heat_pumps"":1292,""smart_grid_smart_city"":1292}",False,test,32.53467567659086,11.237493778053178,21.29718189853768,65.45994836475745,0.89465,0.9683024399845706,0,0.0,21.29718189853768,0.0,0.0,"{""bdg2_building_data_genome"":{""available_profile_sources"":1570,""logical_devices"":2416,""mean_profile_reuse"":1.9754701553556828,""profile_bootstrap"":true,""selected_unique_profile_sources"":1223,""weight"":0.48333333333333334},""heapo_heat_pumps"":{""available_profile_sources"":1362,""logical_devices"":1292,""mean_profile_reuse"":1.0,""profile_bootstrap"":false,""selected_unique_profile_sources"":1292,""weight"":0.25833333333333336},""smart_grid_smart_city"":{""available_profile_sources"":5000,""logical_devices"":1292,""mean_profile_reuse"":1.0,""profile_bootstrap"":false,""selected_unique_profile_sources"":1292,""weight"":0.25833333333333336}}",dataset_combinations_mixed_physical_fleet_v1,,,,
predefined_mixed_scenario,S1-B,Building-heat pump-residential,建筑、热泵和带受控负荷住宅的高差异融合,aggregate,mpc_optimal,MPC,O(HN),14,4192419,4492419,dominant_plus_15pp,5000,"{""bdg2_building_data_genome"":0.3333333333333333,""heapo_heat_pumps"":0.3333333333333333,""smart_grid_smart_city"":0.3333333333333333}","{""bdg2_building_data_genome"":0.48333333333333334,""heapo_heat_pumps"":0.25833333333333336,""smart_grid_smart_city"":0.25833333333333336}","{""bdg2_building_data_genome"":2416,""heapo_heat_pumps"":1292,""smart_grid_smart_city"":1292}",False,test,31.914512405800075,10.533121867212522,21.381390538587553,66.99582392711645,0.8953079999999993,0.9734971075872758,0,0.0,21.381390538587553,7.579122514774402e-17,0.0,"{""bdg2_building_data_genome"":{""available_profile_sources"":1570,""logical_devices"":2416,""mean_profile_reuse"":1.9562753036437246,""profile_bootstrap"":true,""selected_unique_profile_sources"":1235,""weight"":0.48333333333333334},""heapo_heat_pumps"":{""available_profile_sources"":1362,""logical_devices"":1292,""mean_profile_reuse"":1.0,""profile_bootstrap"":false,""selected_unique_profile_sources"":1292,""weight"":0.25833333333333336},""smart_grid_smart_city"":{""available_profile_sources"":5000,""logical_devices"":1292,""mean_profile_reuse"":1.0,""profile_bootstrap"":false,""selected_unique_profile_sources"":1292,""weight"":0.25833333333333336}}",dataset_combinations_mixed_physical_fleet_v1,,,,
predefined_mixed_scenario,S1-B,Building-heat pump-residential,建筑、热泵和带受控负荷住宅的高差异融合,aggregate,mpc_optimal,MPC,O(HN),15,4192420,4492420,dominant_plus_15pp,5000,"{""bdg2_building_data_genome"":0.3333333333333333,""heapo_heat_pumps"":0.3333333333333333,""smart_grid_smart_city"":0.3333333333333333}","{""bdg2_building_data_genome"":0.48333333333333334,""heapo_heat_pumps"":0.25833333333333336,""smart_grid_smart_city"":0.25833333333333336}","{""bdg2_building_data_genome"":2416,""heapo_heat_pumps"":1292,""smart_grid_smart_city"":1292}",False,test,34.494743203181436,13.054518819555888,21.440224383625548,62.15504854562339,0.89639,0.9617339743742844,0,0.0,21.440224383625548,0.0,0.0,"{""bdg2_building_data_genome"":{""available_profile_sources"":1570,""logical_devices"":2416,""mean_profile_reuse"":1.980327868852459,""profile_bootstrap"":true,""selected_unique_profile_sources"":1220,""weight"":0.48333333333333334},""heapo_heat_pumps"":{""available_profile_sources"":1362,""logical_devices"":1292,""mean_profile_reuse"":1.0,""profile_bootstrap"":false,""selected_unique_profile_sources"":1292,""weight"":0.25833333333333336},""smart_grid_smart_city"":{""available_profile_sources"":5000,""logical_devices"":1292,""mean_profile_reuse"":1.0,""profile_bootstrap"":false,""selected_unique_profile_sources"":1292,""weight"":0.25833333333333336}}",dataset_combinations_mixed_physical_fleet_v1,,,,
predefined_mixed_scenario,S1-B,Building-heat pump-residential,建筑、热泵和带受控负荷住宅的高差异融合,aggregate,mpc_optimal,MPC,O(HN),16,4192421,4492421,dominant_plus_15pp,5000,"{""bdg2_building_data_genome"":0.3333333333333333,""heapo_heat_pumps"":0.3333333333333333,""smart_grid_smart_city"":0.3333333333333333}","{""bdg2_building_data_genome"":0.48333333333333334,""heapo_heat_pumps"":0.25833333333333336,""smart_grid_smart_city"":0.25833333333333336}","{""bdg2_building_data_genome"":2416,""heapo_heat_pumps"":1292,""smart_grid_smart_city"":1292}",False,test,33.196111626875876,11.243815809836097,21.95229581703978,66.12911796352378,0.8941739999999999,0.9620108922591419,0,0.0,21.95229581703978,3.789561257387201e-17,0.0,"{""bdg2_building_data_genome"":{""available_profile_sources"":1570,""logical_devices"":2416,""mean_profile_reuse"":1.949959644874899,""profile_bootstrap"":true,""selected_unique_profile_sources"":1239,""weight"":0.48333333333333334},""heapo_heat_pumps"":{""available_profile_sources"":1362,""logical_devices"":1292,""mean_profile_reuse"":1.0,""profile_bootstrap"":false,""selected_unique_profile_sources"":1292,""weight"":0.25833333333333336},""smart_grid_smart_city"":{""available_profile_sources"":5000,""logical_devices"":1292,""mean_profile_reuse"":1.0,""profile_bootstrap"":false,""selected_unique_profile_sources"":1292,""weight"":0.25833333333333336}}",dataset_combinations_mixed_physical_fleet_v1,,,,
predefined_mixed_scenario,S1-B,Building-heat pump-residential,建筑、热泵和带受控负荷住宅的高差异融合,aggregate,mpc_optimal,MPC,O(HN),17,4192422,4492422,dominant_plus_15pp,5000,"{""bdg2_building_data_genome"":0.3333333333333333,""heapo_heat_pumps"":0.3333333333333333,""smart_grid_smart_city"":0.3333333333333333}","{""bdg2_building_data_genome"":0.48333333333333334,""heapo_heat_pumps"":0.25833333333333336,""smart_grid_smart_city"":0.25833333333333336}","{""bdg2_building_data_genome"":2416,""heapo_heat_pumps"":1292,""smart_grid_smart_city"":1292}",False,test,31.445672370428387,9.547031017099233,21.898641353329154,69.63960285334115,0.8942840000000004,0.9715595016603658,0,0.0,21.898641353329154,3.789561257387201e-17,0.0,"{""bdg2_building_data_genome"":{""available_profile_sources"":1570,""logical_devices"":2416,""mean_profile_reuse"":1.9483870967741936,""profile_bootstrap"":true,""selected_unique_profile_sources"":1240,""weight"":0.48333333333333334},""heapo_heat_pumps"":{""available_profile_sources"":1362,""logical_devices"":1292,""mean_profile_reuse"":1.0,""profile_bootstrap"":false,""selected_unique_profile_sources"":1292,""weight"":0.25833333333333336},""smart_grid_smart_city"":{""available_profile_sources"":5000,""logical_devices"":1292,""mean_profile_reuse"":1.0,""profile_bootstrap"":false,""selected_unique_profile_sources"":1292,""weight"":0.25833333333333336}}",dataset_combinations_mixed_physical_fleet_v1,,,,
predefined_mixed_scenario,S1-B,Building-heat pump-residential,建筑、热泵和带受控负荷住宅的高差异融合,aggregate,mpc_optimal,MPC,O(HN),18,4192423,4492423,dominant_plus_15pp,5000,"{""bdg2_building_data_genome"":0.3333333333333333,""heapo_heat_pumps"":0.3333333333333333,""smart_grid_smart_city"":0.3333333333333333}","{""bdg2_building_data_genome"":0.48333333333333334,""heapo_heat_pumps"":0.25833333333333336,""smart_grid_smart_city"":0.25833333333333336}","{""bdg2_building_data_genome"":2416,""heapo_heat_pumps"":1292,""smart_grid_smart_city"":1292}",False,test,33.11740021659258,11.585908507684849,21.53149170890773,65.01564605943904,0.8954159999999999,0.9680432488715738,0,0.0,21.53149170890773,3.789561257387201e-17,0.0,"{""bdg2_building_data_genome"":{""available_profile_sources"":1570,""logical_devices"":2416,""mean_profile_reuse"":1.9835796387520526,""profile_bootstrap"":true,""selected_unique_profile_sources"":1218,""weight"":0.48333333333333334},""heapo_heat_pumps"":{""available_profile_sources"":1362,""logical_devices"":1292,""mean_profile_reuse"":1.0,""profile_bootstrap"":false,""selected_unique_profile_sources"":1292,""weight"":0.25833333333333336},""smart_grid_smart_city"":{""available_profile_sources"":5000,""logical_devices"":1292,""mean_profile_reuse"":1.0,""profile_bootstrap"":false,""selected_unique_profile_sources"":1292,""weight"":0.25833333333333336}}",dataset_combinations_mixed_physical_fleet_v1,,,,
predefined_mixed_scenario,S1-B,Building-heat pump-residential,建筑、热泵和带受控负荷住宅的高差异融合,aggregate,mpc_optimal,MPC,O(HN),19,4192424,4492424,dominant_plus_15pp,5000,"{""bdg2_building_data_genome"":0.3333333333333333,""heapo_heat_pumps"":0.3333333333333333,""smart_grid_smart_city"":0.3333333333333333}","{""bdg2_building_data_genome"":0.48333333333333334,""heapo_heat_pumps"":0.25833333333333336,""smart_grid_smart_city"":0.25833333333333336}","{""bdg2_building_data_genome"":2416,""heapo_heat_pumps"":1292,""smart_grid_smart_city"":1292}",False,test,32.491653088509615,10.754442473595148,21.737210614914467,66.90090699817806,0.8950100000000004,0.9652364058312632,0,0.0,21.737210614914467,7.579122514774402e-17,0.0,"{""bdg2_building_data_genome"":{""available_profile_sources"":1570,""logical_devices"":2416,""mean_profile_reuse"":1.9610389610389611,""profile_bootstrap"":true,""selected_unique_profile_sources"":1232,""weight"":0.48333333333333334},""heapo_heat_pumps"":{""available_profile_sources"":1362,""logical_devices"":1292,""mean_profile_reuse"":1.0,""profile_bootstrap"":false,""selected_unique_profile_sources"":1292,""weight"":0.25833333333333336},""smart_grid_smart_city"":{""available_profile_sources"":5000,""logical_devices"":1292,""mean_profile_reuse"":1.0,""profile_bootstrap"":false,""selected_unique_profile_sources"":1292,""weight"":0.25833333333333336}}",dataset_combinations_mixed_physical_fleet_v1,,,,
predefined_mixed_scenario,S1-B,Building-heat pump-residential,建筑、热泵和带受控负荷住宅的高差异融合,aggregate,mpc_optimal,MPC,O(HN),20,4192425,4492425,dominant_minus_15pp,5000,"{""bdg2_building_data_genome"":0.3333333333333333,""heapo_heat_pumps"":0.3333333333333333,""smart_grid_smart_city"":0.3333333333333333}","{""bdg2_building_data_genome"":0.18333333333333332,""heapo_heat_pumps"":0.40833333333333327,""smart_grid_smart_city"":0.40833333333333327}","{""bdg2_building_data_genome"":916,""heapo_heat_pumps"":2042,""smart_grid_smart_city"":2042}",False,test,34.87232223208805,13.011658330607421,21.86066390148063,62.68772052514863,0.8948519999999996,0.9523471439956792,0,0.0,21.86066390148063,0.0,0.0,"{""bdg2_building_data_genome"":{""available_profile_sources"":1570,""logical_devices"":916,""mean_profile_reuse"":1.0,""profile_bootstrap"":false,""selected_unique_profile_sources"":916,""weight"":0.18333333333333332},""heapo_heat_pumps"":{""available_profile_sources"":1362,""logical_devices"":2042,""mean_profile_reuse"":1.9318826868495742,""profile_bootstrap"":true,""selected_unique_profile_sources"":1057,""weight"":0.40833333333333327},""smart_grid_smart_city"":{""available_profile_sources"":5000,""logical_devices"":2042,""mean_profile_reuse"":1.0,""profile_bootstrap"":false,""selected_unique_profile_sources"":2042,""weight"":0.40833333333333327}}",dataset_combinations_mixed_physical_fleet_v1,,,,
predefined_mixed_scenario,S1-B,Building-heat pump-residential,建筑、热泵和带受控负荷住宅的高差异融合,aggregate,mpc_optimal,MPC,O(HN),21,4192426,4492426,dominant_minus_15pp,5000,"{""bdg2_building_data_genome"":0.3333333333333333,""heapo_heat_pumps"":0.3333333333333333,""smart_grid_smart_city"":0.3333333333333333}","{""bdg2_building_data_genome"":0.18333333333333332,""heapo_heat_pumps"":0.40833333333333327,""smart_grid_smart_city"":0.40833333333333327}","{""bdg2_building_data_genome"":916,""heapo_heat_pumps"":2042,""smart_grid_smart_city"":2042}",False,test,35.114231306513624,13.412548931544336,21.701682374969288,61.803096828560406,0.8952779999999997,0.9567256508565336,0,0.0,21.701682374969288,2.3116323670061924e-15,0.0,"{""bdg2_building_data_genome"":{""available_profile_sources"":1570,""logical_devices"":916,""mean_profile_reuse"":1.0,""profile_bootstrap"":false,""selected_unique_profile_sources"":916,""weight"":0.18333333333333332},""heapo_heat_pumps"":{""available_profile_sources"":1362,""logical_devices"":2042,""mean_profile_reuse"":1.9844509232264333,""profile_bootstrap"":true,""selected_unique_profile_sources"":1029,""weight"":0.40833333333333327},""smart_grid_smart_city"":{""available_profile_sources"":5000,""logical_devices"":2042,""mean_profile_reuse"":1.0,""profile_bootstrap"":false,""selected_unique_profile_sources"":2042,""weight"":0.40833333333333327}}",dataset_combinations_mixed_physical_fleet_v1,,,,
predefined_mixed_scenario,S1-B,Building-heat pump-residential,建筑、热泵和带受控负荷住宅的高差异融合,aggregate,mpc_optimal,MPC,O(HN),22,4192427,4492427,dominant_minus_15pp,5000,"{""bdg2_building_data_genome"":0.3333333333333333,""heapo_heat_pumps"":0.3333333333333333,""smart_grid_smart_city"":0.3333333333333333}","{""bdg2_building_data_genome"":0.18333333333333332,""heapo_heat_pumps"":0.40833333333333327,""smart_grid_smart_city"":0.40833333333333327}","{""bdg2_building_data_genome"":916,""heapo_heat_pumps"":2042,""smart_grid_smart_city"":2042}",False,test,34.859109736705875,13.251401078328705,21.60770865837717,61.985830451730465,0.8961859999999999,0.9546067186374919,0,0.0,21.60770865837717,3.789561257387201e-17,0.0,"{""bdg2_building_data_genome"":{""available_profile_sources"":1570,""logical_devices"":916,""mean_profile_reuse"":1.0,""profile_bootstrap"":false,""selected_unique_profile_sources"":916,""weight"":0.18333333333333332},""heapo_heat_pumps"":{""available_profile_sources"":1362,""logical_devices"":2042,""mean_profile_reuse"":1.9373814041745732,""profile_bootstrap"":true,""selected_unique_profile_sources"":1054,""weight"":0.40833333333333327},""smart_grid_smart_city"":{""available_profile_sources"":5000,""logical_devices"":2042,""mean_profile_reuse"":1.0,""profile_bootstrap"":false,""selected_unique_profile_sources"":2042,""weight"":0.40833333333333327}}",dataset_combinations_mixed_physical_fleet_v1,,,,
predefined_mixed_scenario,S1-B,Building-heat pump-residential,建筑、热泵和带受控负荷住宅的高差异融合,aggregate,mpc_optimal,MPC,O(HN),23,4192428,4492428,dominant_minus_15pp,5000,"{""bdg2_building_data_genome"":0.3333333333333333,""heapo_heat_pumps"":0.3333333333333333,""smart_grid_smart_city"":0.3333333333333333}","{""bdg2_building_data_genome"":0.18333333333333332,""heapo_heat_pumps"":0.40833333333333327,""smart_grid_smart_city"":0.40833333333333327}","{""bdg2_building_data_genome"":916,""heapo_heat_pumps"":2042,""smart_grid_smart_city"":2042}",False,test,35.96318710406283,14.318013410775443,21.64517369328739,60.18702855966314,0.8958879999999995,0.9504721704597594,0,0.0,21.64517369328739,3.907985046680551e-17,0.0,"{""bdg2_building_data_genome"":{""available_profile_sources"":1570,""logical_devices"":916,""mean_profile_reuse"":1.0,""profile_bootstrap"":false,""selected_unique_profile_sources"":916,""weight"":0.18333333333333332},""heapo_heat_pumps"":{""available_profile_sources"":1362,""logical_devices"":2042,""mean_profile_reuse"":1.9578139980824545,""profile_bootstrap"":true,""selected_unique_profile_sources"":1043,""weight"":0.40833333333333327},""smart_grid_smart_city"":{""available_profile_sources"":5000,""logical_devices"":2042,""mean_profile_reuse"":1.0,""profile_bootstrap"":false,""selected_unique_profile_sources"":2042,""weight"":0.40833333333333327}}",dataset_combinations_mixed_physical_fleet_v1,,,,
predefined_mixed_scenario,S1-B,Building-heat pump-residential,建筑、热泵和带受控负荷住宅的高差异融合,aggregate,mpc_optimal,MPC,O(HN),24,4192429,4492429,dominant_minus_15pp,5000,"{""bdg2_building_data_genome"":0.3333333333333333,""heapo_heat_pumps"":0.3333333333333333,""smart_grid_smart_city"":0.3333333333333333}","{""bdg2_building_data_genome"":0.18333333333333332,""heapo_heat_pumps"":0.40833333333333327,""smart_grid_smart_city"":0.40833333333333327}","{""bdg2_building_data_genome"":916,""heapo_heat_pumps"":2042,""smart_grid_smart_city"":2042}",False,test,34.51198086158722,13.151972173793514,21.360008687793705,61.89157548927591,0.8946499999999995,0.9618091738308551,0,0.0,21.360008687793705,7.579122514774402e-17,0.0,"{""bdg2_building_data_genome"":{""available_profile_sources"":1570,""logical_devices"":916,""mean_profile_reuse"":1.0,""profile_bootstrap"":false,""selected_unique_profile_sources"":916,""weight"":0.18333333333333332},""heapo_heat_pumps"":{""available_profile_sources"":1362,""logical_devices"":2042,""mean_profile_reuse"":1.9355450236966825,""profile_bootstrap"":true,""selected_unique_profile_sources"":1055,""weight"":0.40833333333333327},""smart_grid_smart_city"":{""available_profile_sources"":5000,""logical_devices"":2042,""mean_profile_reuse"":1.0,""profile_bootstrap"":false,""selected_unique_profile_sources"":2042,""weight"":0.40833333333333327}}",dataset_combinations_mixed_physical_fleet_v1,,,,
predefined_mixed_scenario,S1-B,Building-heat pump-residential,建筑、热泵和带受控负荷住宅的高差异融合,aggregate,mpc_optimal,MPC,O(HN),25,4192430,4492430,dominant_minus_15pp,5000,"{""bdg2_building_data_genome"":0.3333333333333333,""heapo_heat_pumps"":0.3333333333333333,""smart_grid_smart_city"":0.3333333333333333}","{""bdg2_building_data_genome"":0.18333333333333332,""heapo_heat_pumps"":0.40833333333333327,""smart_grid_smart_city"":0.40833333333333327}","{""bdg2_building_data_genome"":916,""heapo_heat_pumps"":2042,""smart_grid_smart_city"":2042}",False,test,35.58321869915716,13.843716713209943,21.739501985947214,61.09481598544132,0.8957280000000002,0.9554669720170258,0,0.0,21.739501985947214,0.0,0.0,"{""bdg2_building_data_genome"":{""available_profile_sources"":1570,""logical_devices"":916,""mean_profile_reuse"":1.0,""profile_bootstrap"":false,""selected_unique_profile_sources"":916,""weight"":0.18333333333333332},""heapo_heat_pumps"":{""available_profile_sources"":1362,""logical_devices"":2042,""mean_profile_reuse"":1.9521988527724665,""profile_bootstrap"":true,""selected_unique_profile_sources"":1046,""weight"":0.40833333333333327},""smart_grid_smart_city"":{""available_profile_sources"":5000,""logical_devices"":2042,""mean_profile_reuse"":1.0,""profile_bootstrap"":false,""selected_unique_profile_sources"":2042,""weight"":0.40833333333333327}}",dataset_combinations_mixed_physical_fleet_v1,,,,
predefined_mixed_scenario,S1-B,Building-heat pump-residential,建筑、热泵和带受控负荷住宅的高差异融合,aggregate,mpc_optimal,MPC,O(HN),26,4192431,4492431,dominant_minus_15pp,5000,"{""bdg2_building_data_genome"":0.3333333333333333,""heapo_heat_pumps"":0.3333333333333333,""smart_grid_smart_city"":0.3333333333333333}","{""bdg2_building_data_genome"":0.18333333333333332,""heapo_heat_pumps"":0.40833333333333327,""smart_grid_smart_city"":0.40833333333333327}","{""bdg2_building_data_genome"":916,""heapo_heat_pumps"":2042,""smart_grid_smart_city"":2042}",False,test,36.45019587661368,15.031993452508683,21.418202424104994,58.76018470958846,0.8953599999999999,0.9502964865543437,0,0.0,21.418202424104994,0.0,0.0,"{""bdg2_building_data_genome"":{""available_profile_sources"":1570,""logical_devices"":916,""mean_profile_reuse"":1.0,""profile_bootstrap"":false,""selected_unique_profile_sources"":916,""weight"":0.18333333333333332},""heapo_heat_pumps"":{""available_profile_sources"":1362,""logical_devices"":2042,""mean_profile_reuse"":1.9691417550626809,""profile_bootstrap"":true,""selected_unique_profile_sources"":1037,""weight"":0.40833333333333327},""smart_grid_smart_city"":{""available_profile_sources"":5000,""logical_devices"":2042,""mean_profile_reuse"":1.0,""profile_bootstrap"":false,""selected_unique_profile_sources"":2042,""weight"":0.40833333333333327}}",dataset_combinations_mixed_physical_fleet_v1,,,,
predefined_mixed_scenario,S1-B,Building-heat pump-residential,建筑、热泵和带受控负荷住宅的高差异融合,aggregate,mpc_optimal,MPC,O(HN),27,4192432,4492432,dominant_minus_15pp,5000,"{""bdg2_building_data_genome"":0.3333333333333333,""heapo_heat_pumps"":0.3333333333333333,""smart_grid_smart_city"":0.3333333333333333}","{""bdg2_building_data_genome"":0.18333333333333332,""heapo_heat_pumps"":0.40833333333333327,""smart_grid_smart_city"":0.40833333333333327}","{""bdg2_building_data_genome"":916,""heapo_heat_pumps"":2042,""smart_grid_smart_city"":2042}",False,test,35.64816180688353,14.168424966124011,21.479736840759518,60.254823115765426,0.8947139999999998,0.9524294951422808,0,0.0,21.479736840759518,7.579122514774402e-17,0.0,"{""bdg2_building_data_genome"":{""available_profile_sources"":1570,""logical_devices"":916,""mean_profile_reuse"":1.0,""profile_bootstrap"":false,""selected_unique_profile_sources"":916,""weight"":0.18333333333333332},""heapo_heat_pumps"":{""available_profile_sources"":1362,""logical_devices"":2042,""mean_profile_reuse"":1.919172932330827,""profile_bootstrap"":true,""selected_unique_profile_sources"":1064,""weight"":0.40833333333333327},""smart_grid_smart_city"":{""available_profile_sources"":5000,""logical_devices"":2042,""mean_profile_reuse"":1.0,""profile_bootstrap"":false,""selected_unique_profile_sources"":2042,""weight"":0.40833333333333327}}",dataset_combinations_mixed_physical_fleet_v1,,,,
predefined_mixed_scenario,S1-B,Building-heat pump-residential,建筑、热泵和带受控负荷住宅的高差异融合,aggregate,mpc_optimal,MPC,O(HN),28,4192433,4492433,dominant_minus_15pp,5000,"{""bdg2_building_data_genome"":0.3333333333333333,""heapo_heat_pumps"":0.3333333333333333,""smart_grid_smart_city"":0.3333333333333333}","{""bdg2_building_data_genome"":0.18333333333333332,""heapo_heat_pumps"":0.40833333333333327,""smart_grid_smart_city"":0.40833333333333327}","{""bdg2_building_data_genome"":916,""heapo_heat_pumps"":2042,""smart_grid_smart_city"":2042}",False,test,35.78806254278101,14.260047850262154,21.52801469251886,60.154177574671145,0.8966379999999998,0.9550116232156574,0,0.0,21.52801469251886,3.907985046680551e-17,0.0,"{""bdg2_building_data_genome"":{""available_profile_sources"":1570,""logical_devices"":916,""mean_profile_reuse"":1.0,""profile_bootstrap"":false,""selected_unique_profile_sources"":916,""weight"":0.18333333333333332},""heapo_heat_pumps"":{""available_profile_sources"":1362,""logical_devices"":2042,""mean_profile_reuse"":1.9318826868495742,""profile_bootstrap"":true,""selected_unique_profile_sources"":1057,""weight"":0.40833333333333327},""smart_grid_smart_city"":{""available_profile_sources"":5000,""logical_devices"":2042,""mean_profile_reuse"":1.0,""profile_bootstrap"":false,""selected_unique_profile_sources"":2042,""weight"":0.40833333333333327}}",dataset_combinations_mixed_physical_fleet_v1,,,,
predefined_mixed_scenario,S1-B,Building-heat pump-residential,建筑、热泵和带受控负荷住宅的高差异融合,aggregate,mpc_optimal,MPC,O(HN),29,4192434,4492434,dominant_minus_15pp,5000,"{""bdg2_building_data_genome"":0.3333333333333333,""heapo_heat_pumps"":0.3333333333333333,""smart_grid_smart_city"":0.3333333333333333}","{""bdg2_building_data_genome"":0.18333333333333332,""heapo_heat_pumps"":0.40833333333333327,""smart_grid_smart_city"":0.40833333333333327}","{""bdg2_building_data_genome"":916,""heapo_heat_pumps"":2042,""smart_grid_smart_city"":2042}",False,test,35.277225187284394,13.824265880027756,21.452959307256638,60.812490759588755,0.8947179999999999,0.9550492522509645,0,0.0,21.452959307256638,7.579122514774402e-17,0.0,"{""bdg2_building_data_genome"":{""available_profile_sources"":1570,""logical_devices"":916,""mean_profile_reuse"":1.0,""profile_bootstrap"":false,""selected_unique_profile_sources"":916,""weight"":0.18333333333333332},""heapo_heat_pumps"":{""available_profile_sources"":1362,""logical_devices"":2042,""mean_profile_reuse"":1.933712121212121,""profile_bootstrap"":true,""selected_unique_profile_sources"":1056,""weight"":0.40833333333333327},""smart_grid_smart_city"":{""available_profile_sources"":5000,""logical_devices"":2042,""mean_profile_reuse"":1.0,""profile_bootstrap"":false,""selected_unique_profile_sources"":2042,""weight"":0.40833333333333327}}",dataset_combinations_mixed_physical_fleet_v1,,,,
predefined_mixed_scenario,S1-B,Building-heat pump-residential,建筑、热泵和带受控负荷住宅的高差异融合,aggregate,no_coordination,No coordination,O(0),0,4192405,4192405,nominal,5000,"{""bdg2_building_data_genome"":0.3333333333333333,""heapo_heat_pumps"":0.3333333333333333,""smart_grid_smart_city"":0.3333333333333333}","{""bdg2_building_data_genome"":0.3333333333333333,""heapo_heat_pumps"":0.3333333333333333,""smart_grid_smart_city"":0.3333333333333333}","{""bdg2_building_data_genome"":1667,""heapo_heat_pumps"":1667,""smart_grid_smart_city"":1666}",False,test,33.770062841823574,33.770062841823574,0.0,0.0,0.8953080000000005,1.0,0,0.0,0.0,0.0,0.0,"{""bdg2_building_data_genome"":{""available_profile_sources"":1570,""logical_devices"":1667,""mean_profile_reuse"":1.6603585657370519,""profile_bootstrap"":true,""selected_unique_profile_sources"":1004,""weight"":0.3333333333333333},""heapo_heat_pumps"":{""available_profile_sources"":1362,""logical_devices"":1667,""mean_profile_reuse"":1.727461139896373,""profile_bootstrap"":true,""selected_unique_profile_sources"":965,""weight"":0.3333333333333333},""smart_grid_smart_city"":{""available_profile_sources"":5000,""logical_devices"":1666,""mean_profile_reuse"":1.0,""profile_bootstrap"":false,""selected_unique_profile_sources"":1666,""weight"":0.3333333333333333}}",dataset_combinations_mixed_physical_fleet_v1,,,,
predefined_mixed_scenario,S1-B,Building-heat pump-residential,建筑、热泵和带受控负荷住宅的高差异融合,aggregate,no_coordination,No coordination,O(0),1,4192406,4192406,nominal,5000,"{""bdg2_building_data_genome"":0.3333333333333333,""heapo_heat_pumps"":0.3333333333333333,""smart_grid_smart_city"":0.3333333333333333}","{""bdg2_building_data_genome"":0.3333333333333333,""heapo_heat_pumps"":0.3333333333333333,""smart_grid_smart_city"":0.3333333333333333}","{""bdg2_building_data_genome"":1667,""heapo_heat_pumps"":1667,""smart_grid_smart_city"":1666}",False,test,34.60258790505812,34.60258790505812,0.0,0.0,0.8949139999999988,1.0,0,0.0,0.0,0.0,0.0,"{""bdg2_building_data_genome"":{""available_profile_sources"":1570,""logical_devices"":1667,""mean_profile_reuse"":1.6168768186226965,""profile_bootstrap"":true,""selected_unique_profile_sources"":1031,""weight"":0.3333333333333333},""heapo_heat_pumps"":{""available_profile_sources"":1362,""logical_devices"":1667,""mean_profile_reuse"":1.7346514047866806,""profile_bootstrap"":true,""selected_unique_profile_sources"":961,""weight"":0.3333333333333333},""smart_grid_smart_city"":{""available_profile_sources"":5000,""logical_devices"":1666,""mean_profile_reuse"":1.0,""profile_bootstrap"":false,""selected_unique_profile_sources"":1666,""weight"":0.3333333333333333}}",dataset_combinations_mixed_physical_fleet_v1,,,,
predefined_mixed_scenario,S1-B,Building-heat pump-residential,建筑、热泵和带受控负荷住宅的高差异融合,aggregate,no_coordination,No coordination,O(0),2,4192407,4192407,nominal,5000,"{""bdg2_building_data_genome"":0.3333333333333333,""heapo_heat_pumps"":0.3333333333333333,""smart_grid_smart_city"":0.3333333333333333}","{""bdg2_building_data_genome"":0.3333333333333333,""heapo_heat_pumps"":0.3333333333333333,""smart_grid_smart_city"":0.3333333333333333}","{""bdg2_building_data_genome"":1667,""heapo_heat_pumps"":1667,""smart_grid_smart_city"":1666}",False,test,34.571407372048384,34.571407372048384,0.0,0.0,0.8935520000000002,1.0,0,0.0,0.0,0.0,0.0,"{""bdg2_building_data_genome"":{""available_profile_sources"":1570,""logical_devices"":1667,""mean_profile_reuse"":1.5921680993314231,""profile_bootstrap"":true,""selected_unique_profile_sources"":1047,""weight"":0.3333333333333333},""heapo_heat_pumps"":{""available_profile_sources"":1362,""logical_devices"":1667,""mean_profile_reuse"":1.7132579650565263,""profile_bootstrap"":true,""selected_unique_profile_sources"":973,""weight"":0.3333333333333333},""smart_grid_smart_city"":{""available_profile_sources"":5000,""logical_devices"":1666,""mean_profile_reuse"":1.0,""profile_bootstrap"":false,""selected_unique_profile_sources"":1666,""weight"":0.3333333333333333}}",dataset_combinations_mixed_physical_fleet_v1,,,,
predefined_mixed_scenario,S1-B,Building-heat pump-residential,建筑、热泵和带受控负荷住宅的高差异融合,aggregate,no_coordination,No coordination,O(0),3,4192408,4192408,nominal,5000,"{""bdg2_building_data_genome"":0.3333333333333333,""heapo_heat_pumps"":0.3333333333333333,""smart_grid_smart_city"":0.3333333333333333}","{""bdg2_building_data_genome"":0.3333333333333333,""heapo_heat_pumps"":0.3333333333333333,""smart_grid_smart_city"":0.3333333333333333}","{""bdg2_building_data_genome"":1667,""heapo_heat_pumps"":1667,""smart_grid_smart_city"":1666}",False,test,34.40789121539473,34.40789121539473,0.0,0.0,0.8936060000000008,1.0,0,0.0,0.0,0.0,0.0,"{""bdg2_building_data_genome"":{""available_profile_sources"":1570,""logical_devices"":1667,""mean_profile_reuse"":1.6359175662414132,""profile_bootstrap"":true,""selected_unique_profile_sources"":1019,""weight"":0.3333333333333333},""heapo_heat_pumps"":{""available_profile_sources"":1362,""logical_devices"":1667,""mean_profile_reuse"":1.7185567010309277,""profile_bootstrap"":true,""selected_unique_profile_sources"":970,""weight"":0.3333333333333333},""smart_grid_smart_city"":{""available_profile_sources"":5000,""logical_devices"":1666,""mean_profile_reuse"":1.0,""profile_bootstrap"":false,""selected_unique_profile_sources"":1666,""weight"":0.3333333333333333}}",dataset_combinations_mixed_physical_fleet_v1,,,,
predefined_mixed_scenario,S1-B,Building-heat pump-residential,建筑、热泵和带受控负荷住宅的高差异融合,aggregate,no_coordination,No coordination,O(0),4,4192409,4192409,nominal,5000,"{""bdg2_building_data_genome"":0.3333333333333333,""heapo_heat_pumps"":0.3333333333333333,""smart_grid_smart_city"":0.3333333333333333}","{""bdg2_building_data_genome"":0.3333333333333333,""heapo_heat_pumps"":0.3333333333333333,""smart_grid_smart_city"":0.3333333333333333}","{""bdg2_building_data_genome"":1667,""heapo_heat_pumps"":1667,""smart_grid_smart_city"":1666}",False,test,34.22166491262871,34.22166491262871,0.0,0.0,0.8943359999999999,1.0,0,0.0,0.0,0.0,0.0,"{""bdg2_building_data_genome"":{""available_profile_sources"":1570,""logical_devices"":1667,""mean_profile_reuse"":1.629521016617791,""profile_bootstrap"":true,""selected_unique_profile_sources"":1023,""weight"":0.3333333333333333},""heapo_heat_pumps"":{""available_profile_sources"":1362,""logical_devices"":1667,""mean_profile_reuse"":1.7455497382198952,""profile_bootstrap"":true,""selected_unique_profile_sources"":955,""weight"":0.3333333333333333},""smart_grid_smart_city"":{""available_profile_sources"":5000,""logical_devices"":1666,""mean_profile_reuse"":1.0,""profile_bootstrap"":false,""selected_unique_profile_sources"":1666,""weight"":0.3333333333333333}}",dataset_combinations_mixed_physical_fleet_v1,,,,
predefined_mixed_scenario,S1-B,Building-heat pump-residential,建筑、热泵和带受控负荷住宅的高差异融合,aggregate,no_coordination,No coordination,O(0),5,4192410,4192410,nominal,5000,"{""bdg2_building_data_genome"":0.3333333333333333,""heapo_heat_pumps"":0.3333333333333333,""smart_grid_smart_city"":0.3333333333333333}","{""bdg2_building_data_genome"":0.3333333333333333,""heapo_heat_pumps"":0.3333333333333333,""smart_grid_smart_city"":0.3333333333333333}","{""bdg2_building_data_genome"":1667,""heapo_heat_pumps"":1667,""smart_grid_smart_city"":1666}",False,test,33.40390885113893,33.40390885113893,0.0,0.0,0.894052,1.0,0,0.0,0.0,0.0,0.0,"{""bdg2_building_data_genome"":{""available_profile_sources"":1570,""logical_devices"":1667,""mean_profile_reuse"":1.6311154598825832,""profile_bootstrap"":true,""selected_unique_profile_sources"":1022,""weight"":0.3333333333333333},""heapo_heat_pumps"":{""available_profile_sources"":1362,""logical_devices"":1667,""mean_profile_reuse"":1.741901776384535,""profile_bootstrap"":true,""selected_unique_profile_sources"":957,""weight"":0.3333333333333333},""smart_grid_smart_city"":{""available_profile_sources"":5000,""logical_devices"":1666,""mean_profile_reuse"":1.0,""profile_bootstrap"":false,""selected_unique_profile_sources"":1666,""weight"":0.3333333333333333}}",dataset_combinations_mixed_physical_fleet_v1,,,,
predefined_mixed_scenario,S1-B,Building-heat pump-residential,建筑、热泵和带受控负荷住宅的高差异融合,aggregate,no_coordination,No coordination,O(0),6,4192411,4192411,nominal,5000,"{""bdg2_building_data_genome"":0.3333333333333333,""heapo_heat_pumps"":0.3333333333333333,""smart_grid_smart_city"":0.3333333333333333}","{""bdg2_building_data_genome"":0.3333333333333333,""heapo_heat_pumps"":0.3333333333333333,""smart_grid_smart_city"":0.3333333333333333}","{""bdg2_building_data_genome"":1667,""heapo_heat_pumps"":1667,""smart_grid_smart_city"":1666}",False,test,34.28020632264545,34.28020632264545,0.0,0.0,0.8945940000000004,1.0,0,0.0,0.0,0.0,0.0,"{""bdg2_building_data_genome"":{""available_profile_sources"":1570,""logical_devices"":1667,""mean_profile_reuse"":1.648862512363996,""profile_bootstrap"":true,""selected_unique_profile_sources"":1011,""weight"":0.3333333333333333},""heapo_heat_pumps"":{""available_profile_sources"":1362,""logical_devices"":1667,""mean_profile_reuse"":1.7473794549266248,""profile_bootstrap"":true,""selected_unique_profile_sources"":954,""weight"":0.3333333333333333},""smart_grid_smart_city"":{""available_profile_sources"":5000,""logical_devices"":1666,""mean_profile_reuse"":1.0,""profile_bootstrap"":false,""selected_unique_profile_sources"":1666,""weight"":0.3333333333333333}}",dataset_combinations_mixed_physical_fleet_v1,,,,
predefined_mixed_scenario,S1-B,Building-heat pump-residential,建筑、热泵和带受控负荷住宅的高差异融合,aggregate,no_coordination,No coordination,O(0),7,4192412,4192412,nominal,5000,"{""bdg2_building_data_genome"":0.3333333333333333,""heapo_heat_pumps"":0.3333333333333333,""smart_grid_smart_city"":0.3333333333333333}","{""bdg2_building_data_genome"":0.3333333333333333,""heapo_heat_pumps"":0.3333333333333333,""smart_grid_smart_city"":0.3333333333333333}","{""bdg2_building_data_genome"":1667,""heapo_heat_pumps"":1667,""smart_grid_smart_city"":1666}",False,test,33.5646486481881,33.5646486481881,0.0,0.0,0.8946139999999999,1.0,0,0.0,0.0,0.0,0.0,"{""bdg2_building_data_genome"":{""available_profile_sources"":1570,""logical_devices"":1667,""mean_profile_reuse"":1.629521016617791,""profile_bootstrap"":true,""selected_unique_profile_sources"":1023,""weight"":0.3333333333333333},""heapo_heat_pumps"":{""available_profile_sources"":1362,""logical_devices"":1667,""mean_profile_reuse"":1.731048805815161,""profile_bootstrap"":true,""selected_unique_profile_sources"":963,""weight"":0.3333333333333333},""smart_grid_smart_city"":{""available_profile_sources"":5000,""logical_devices"":1666,""mean_profile_reuse"":1.0,""profile_bootstrap"":false,""selected_unique_profile_sources"":1666,""weight"":0.3333333333333333}}",dataset_combinations_mixed_physical_fleet_v1,,,,
predefined_mixed_scenario,S1-B,Building-heat pump-residential,建筑、热泵和带受控负荷住宅的高差异融合,aggregate,no_coordination,No coordination,O(0),8,4192413,4192413,nominal,5000,"{""bdg2_building_data_genome"":0.3333333333333333,""heapo_heat_pumps"":0.3333333333333333,""smart_grid_smart_city"":0.3333333333333333}","{""bdg2_building_data_genome"":0.3333333333333333,""heapo_heat_pumps"":0.3333333333333333,""smart_grid_smart_city"":0.3333333333333333}","{""bdg2_building_data_genome"":1667,""heapo_heat_pumps"":1667,""smart_grid_smart_city"":1666}",False,test,35.266990334508364,35.266990334508364,0.0,0.0,0.8944260000000006,1.0,0,0.0,0.0,0.0,0.0,"{""bdg2_building_data_genome"":{""available_profile_sources"":1570,""logical_devices"":1667,""mean_profile_reuse"":1.6184466019417476,""profile_bootstrap"":true,""selected_unique_profile_sources"":1030,""weight"":0.3333333333333333},""heapo_heat_pumps"":{""available_profile_sources"":1362,""logical_devices"":1667,""mean_profile_reuse"":1.711498973305955,""profile_bootstrap"":true,""selected_unique_profile_sources"":974,""weight"":0.3333333333333333},""smart_grid_smart_city"":{""available_profile_sources"":5000,""logical_devices"":1666,""mean_profile_reuse"":1.0,""profile_bootstrap"":false,""selected_unique_profile_sources"":1666,""weight"":0.3333333333333333}}",dataset_combinations_mixed_physical_fleet_v1,,,,
predefined_mixed_scenario,S1-B,Building-heat pump-residential,建筑、热泵和带受控负荷住宅的高差异融合,aggregate,no_coordination,No coordination,O(0),9,4192414,4192414,nominal,5000,"{""bdg2_building_data_genome"":0.3333333333333333,""heapo_heat_pumps"":0.3333333333333333,""smart_grid_smart_city"":0.3333333333333333}","{""bdg2_building_data_genome"":0.3333333333333333,""heapo_heat_pumps"":0.3333333333333333,""smart_grid_smart_city"":0.3333333333333333}","{""bdg2_building_data_genome"":1667,""heapo_heat_pumps"":1667,""smart_grid_smart_city"":1666}",False,test,35.3534098498996,35.3534098498996,0.0,0.0,0.8946980000000001,1.0,0,0.0,0.0,0.0,0.0,"{""bdg2_building_data_genome"":{""available_profile_sources"":1570,""logical_devices"":1667,""mean_profile_reuse"":1.620019436345967,""profile_bootstrap"":true,""selected_unique_profile_sources"":1029,""weight"":0.3333333333333333},""heapo_heat_pumps"":{""available_profile_sources"":1362,""logical_devices"":1667,""mean_profile_reuse"":1.7565858798735512,""profile_bootstrap"":true,""selected_unique_profile_sources"":949,""weight"":0.3333333333333333},""smart_grid_smart_city"":{""available_profile_sources"":5000,""logical_devices"":1666,""mean_profile_reuse"":1.0,""profile_bootstrap"":false,""selected_unique_profile_sources"":1666,""weight"":0.3333333333333333}}",dataset_combinations_mixed_physical_fleet_v1,,,,
predefined_mixed_scenario,S1-B,Building-heat pump-residential,建筑、热泵和带受控负荷住宅的高差异融合,aggregate,no_coordination,No coordination,O(0),10,4192415,4192415,dominant_plus_15pp,5000,"{""bdg2_building_data_genome"":0.3333333333333333,""heapo_heat_pumps"":0.3333333333333333,""smart_grid_smart_city"":0.3333333333333333}","{""bdg2_building_data_genome"":0.48333333333333334,""heapo_heat_pumps"":0.25833333333333336,""smart_grid_smart_city"":0.25833333333333336}","{""bdg2_building_data_genome"":2416,""heapo_heat_pumps"":1292,""smart_grid_smart_city"":1292}",False,test,32.07470647466447,32.07470647466447,0.0,0.0,0.8955760000000001,1.0,0,0.0,0.0,0.0,0.0,"{""bdg2_building_data_genome"":{""available_profile_sources"":1570,""logical_devices"":2416,""mean_profile_reuse"":1.973856209150327,""profile_bootstrap"":true,""selected_unique_profile_sources"":1224,""weight"":0.48333333333333334},""heapo_heat_pumps"":{""available_profile_sources"":1362,""logical_devices"":1292,""mean_profile_reuse"":1.0,""profile_bootstrap"":false,""selected_unique_profile_sources"":1292,""weight"":0.25833333333333336},""smart_grid_smart_city"":{""available_profile_sources"":5000,""logical_devices"":1292,""mean_profile_reuse"":1.0,""profile_bootstrap"":false,""selected_unique_profile_sources"":1292,""weight"":0.25833333333333336}}",dataset_combinations_mixed_physical_fleet_v1,,,,
predefined_mixed_scenario,S1-B,Building-heat pump-residential,建筑、热泵和带受控负荷住宅的高差异融合,aggregate,no_coordination,No coordination,O(0),11,4192416,4192416,dominant_plus_15pp,5000,"{""bdg2_building_data_genome"":0.3333333333333333,""heapo_heat_pumps"":0.3333333333333333,""smart_grid_smart_city"":0.3333333333333333}","{""bdg2_building_data_genome"":0.48333333333333334,""heapo_heat_pumps"":0.25833333333333336,""smart_grid_smart_city"":0.25833333333333336}","{""bdg2_building_data_genome"":2416,""heapo_heat_pumps"":1292,""smart_grid_smart_city"":1292}",False,test,31.991966856819207,31.991966856819207,0.0,0.0,0.8939279999999997,1.0,0,0.0,0.0,0.0,0.0,"{""bdg2_building_data_genome"":{""available_profile_sources"":1570,""logical_devices"":2416,""mean_profile_reuse"":1.9770867430441899,""profile_bootstrap"":true,""selected_unique_profile_sources"":1222,""weight"":0.48333333333333334},""heapo_heat_pumps"":{""available_profile_sources"":1362,""logical_devices"":1292,""mean_profile_reuse"":1.0,""profile_bootstrap"":false,""selected_unique_profile_sources"":1292,""weight"":0.25833333333333336},""smart_grid_smart_city"":{""available_profile_sources"":5000,""logical_devices"":1292,""mean_profile_reuse"":1.0,""profile_bootstrap"":false,""selected_unique_profile_sources"":1292,""weight"":0.25833333333333336}}",dataset_combinations_mixed_physical_fleet_v1,,,,
predefined_mixed_scenario,S1-B,Building-heat pump-residential,建筑、热泵和带受控负荷住宅的高差异融合,aggregate,no_coordination,No coordination,O(0),12,4192417,4192417,dominant_plus_15pp,5000,"{""bdg2_building_data_genome"":0.3333333333333333,""heapo_heat_pumps"":0.3333333333333333,""smart_grid_smart_city"":0.3333333333333333}","{""bdg2_building_data_genome"":0.48333333333333334,""heapo_heat_pumps"":0.25833333333333336,""smart_grid_smart_city"":0.25833333333333336}","{""bdg2_building_data_genome"":2416,""heapo_heat_pumps"":1292,""smart_grid_smart_city"":1292}",False,test,31.876280372356973,31.876280372356973,0.0,0.0,0.8947499999999998,1.0,0,0.0,0.0,0.0,0.0,"{""bdg2_building_data_genome"":{""available_profile_sources"":1570,""logical_devices"":2416,""mean_profile_reuse"":1.9722448979591836,""profile_bootstrap"":true,""selected_unique_profile_sources"":1225,""weight"":0.48333333333333334},""heapo_heat_pumps"":{""available_profile_sources"":1362,""logical_devices"":1292,""mean_profile_reuse"":1.0,""profile_bootstrap"":false,""selected_unique_profile_sources"":1292,""weight"":0.25833333333333336},""smart_grid_smart_city"":{""available_profile_sources"":5000,""logical_devices"":1292,""mean_profile_reuse"":1.0,""profile_bootstrap"":false,""selected_unique_profile_sources"":1292,""weight"":0.25833333333333336}}",dataset_combinations_mixed_physical_fleet_v1,,,,
predefined_mixed_scenario,S1-B,Building-heat pump-residential,建筑、热泵和带受控负荷住宅的高差异融合,aggregate,no_coordination,No coordination,O(0),13,4192418,4192418,dominant_plus_15pp,5000,"{""bdg2_building_data_genome"":0.3333333333333333,""heapo_heat_pumps"":0.3333333333333333,""smart_grid_smart_city"":0.3333333333333333}","{""bdg2_building_data_genome"":0.48333333333333334,""heapo_heat_pumps"":0.25833333333333336,""smart_grid_smart_city"":0.25833333333333336}","{""bdg2_building_data_genome"":2416,""heapo_heat_pumps"":1292,""smart_grid_smart_city"":1292}",False,test,32.53467567659086,32.53467567659086,0.0,0.0,0.89465,1.0,0,0.0,0.0,0.0,0.0,"{""bdg2_building_data_genome"":{""available_profile_sources"":1570,""logical_devices"":2416,""mean_profile_reuse"":1.9754701553556828,""profile_bootstrap"":true,""selected_unique_profile_sources"":1223,""weight"":0.48333333333333334},""heapo_heat_pumps"":{""available_profile_sources"":1362,""logical_devices"":1292,""mean_profile_reuse"":1.0,""profile_bootstrap"":false,""selected_unique_profile_sources"":1292,""weight"":0.25833333333333336},""smart_grid_smart_city"":{""available_profile_sources"":5000,""logical_devices"":1292,""mean_profile_reuse"":1.0,""profile_bootstrap"":false,""selected_unique_profile_sources"":1292,""weight"":0.25833333333333336}}",dataset_combinations_mixed_physical_fleet_v1,,,,
predefined_mixed_scenario,S1-B,Building-heat pump-residential,建筑、热泵和带受控负荷住宅的高差异融合,aggregate,no_coordination,No coordination,O(0),14,4192419,4192419,dominant_plus_15pp,5000,"{""bdg2_building_data_genome"":0.3333333333333333,""heapo_heat_pumps"":0.3333333333333333,""smart_grid_smart_city"":0.3333333333333333}","{""bdg2_building_data_genome"":0.48333333333333334,""heapo_heat_pumps"":0.25833333333333336,""smart_grid_smart_city"":0.25833333333333336}","{""bdg2_building_data_genome"":2416,""heapo_heat_pumps"":1292,""smart_grid_smart_city"":1292}",False,test,31.914512405800075,31.914512405800075,0.0,0.0,0.8953079999999993,1.0,0,0.0,0.0,0.0,0.0,"{""bdg2_building_data_genome"":{""available_profile_sources"":1570,""logical_devices"":2416,""mean_profile_reuse"":1.9562753036437246,""profile_bootstrap"":true,""selected_unique_profile_sources"":1235,""weight"":0.48333333333333334},""heapo_heat_pumps"":{""available_profile_sources"":1362,""logical_devices"":1292,""mean_profile_reuse"":1.0,""profile_bootstrap"":false,""selected_unique_profile_sources"":1292,""weight"":0.25833333333333336},""smart_grid_smart_city"":{""available_profile_sources"":5000,""logical_devices"":1292,""mean_profile_reuse"":1.0,""profile_bootstrap"":false,""selected_unique_profile_sources"":1292,""weight"":0.25833333333333336}}",dataset_combinations_mixed_physical_fleet_v1,,,,
predefined_mixed_scenario,S1-B,Building-heat pump-residential,建筑、热泵和带受控负荷住宅的高差异融合,aggregate,no_coordination,No coordination,O(0),15,4192420,4192420,dominant_plus_15pp,5000,"{""bdg2_building_data_genome"":0.3333333333333333,""heapo_heat_pumps"":0.3333333333333333,""smart_grid_smart_city"":0.3333333333333333}","{""bdg2_building_data_genome"":0.48333333333333334,""heapo_heat_pumps"":0.25833333333333336,""smart_grid_smart_city"":0.25833333333333336}","{""bdg2_building_data_genome"":2416,""heapo_heat_pumps"":1292,""smart_grid_smart_city"":1292}",False,test,34.494743203181436,34.494743203181436,0.0,0.0,0.89639,1.0,0,0.0,0.0,0.0,0.0,"{""bdg2_building_data_genome"":{""available_profile_sources"":1570,""logical_devices"":2416,""mean_profile_reuse"":1.980327868852459,""profile_bootstrap"":true,""selected_unique_profile_sources"":1220,""weight"":0.48333333333333334},""heapo_heat_pumps"":{""available_profile_sources"":1362,""logical_devices"":1292,""mean_profile_reuse"":1.0,""profile_bootstrap"":false,""selected_unique_profile_sources"":1292,""weight"":0.25833333333333336},""smart_grid_smart_city"":{""available_profile_sources"":5000,""logical_devices"":1292,""mean_profile_reuse"":1.0,""profile_bootstrap"":false,""selected_unique_profile_sources"":1292,""weight"":0.25833333333333336}}",dataset_combinations_mixed_physical_fleet_v1,,,,
predefined_mixed_scenario,S1-B,Building-heat pump-residential,建筑、热泵和带受控负荷住宅的高差异融合,aggregate,no_coordination,No coordination,O(0),16,4192421,4192421,dominant_plus_15pp,5000,"{""bdg2_building_data_genome"":0.3333333333333333,""heapo_heat_pumps"":0.3333333333333333,""smart_grid_smart_city"":0.3333333333333333}","{""bdg2_building_data_genome"":0.48333333333333334,""heapo_heat_pumps"":0.25833333333333336,""smart_grid_smart_city"":0.25833333333333336}","{""bdg2_building_data_genome"":2416,""heapo_heat_pumps"":1292,""smart_grid_smart_city"":1292}",False,test,33.196111626875876,33.196111626875876,0.0,0.0,0.8941739999999999,1.0,0,0.0,0.0,0.0,0.0,"{""bdg2_building_data_genome"":{""available_profile_sources"":1570,""logical_devices"":2416,""mean_profile_reuse"":1.949959644874899,""profile_bootstrap"":true,""selected_unique_profile_sources"":1239,""weight"":0.48333333333333334},""heapo_heat_pumps"":{""available_profile_sources"":1362,""logical_devices"":1292,""mean_profile_reuse"":1.0,""profile_bootstrap"":false,""selected_unique_profile_sources"":1292,""weight"":0.25833333333333336},""smart_grid_smart_city"":{""available_profile_sources"":5000,""logical_devices"":1292,""mean_profile_reuse"":1.0,""profile_bootstrap"":false,""selected_unique_profile_sources"":1292,""weight"":0.25833333333333336}}",dataset_combinations_mixed_physical_fleet_v1,,,,
predefined_mixed_scenario,S1-B,Building-heat pump-residential,建筑、热泵和带受控负荷住宅的高差异融合,aggregate,no_coordination,No coordination,O(0),17,4192422,4192422,dominant_plus_15pp,5000,"{""bdg2_building_data_genome"":0.3333333333333333,""heapo_heat_pumps"":0.3333333333333333,""smart_grid_smart_city"":0.3333333333333333}","{""bdg2_building_data_genome"":0.48333333333333334,""heapo_heat_pumps"":0.25833333333333336,""smart_grid_smart_city"":0.25833333333333336}","{""bdg2_building_data_genome"":2416,""heapo_heat_pumps"":1292,""smart_grid_smart_city"":1292}",False,test,31.445672370428387,31.445672370428387,0.0,0.0,0.8942840000000004,1.0,0,0.0,0.0,0.0,0.0,"{""bdg2_building_data_genome"":{""available_profile_sources"":1570,""logical_devices"":2416,""mean_profile_reuse"":1.9483870967741936,""profile_bootstrap"":true,""selected_unique_profile_sources"":1240,""weight"":0.48333333333333334},""heapo_heat_pumps"":{""available_profile_sources"":1362,""logical_devices"":1292,""mean_profile_reuse"":1.0,""profile_bootstrap"":false,""selected_unique_profile_sources"":1292,""weight"":0.25833333333333336},""smart_grid_smart_city"":{""available_profile_sources"":5000,""logical_devices"":1292,""mean_profile_reuse"":1.0,""profile_bootstrap"":false,""selected_unique_profile_sources"":1292,""weight"":0.25833333333333336}}",dataset_combinations_mixed_physical_fleet_v1,,,,
predefined_mixed_scenario,S1-B,Building-heat pump-residential,建筑、热泵和带受控负荷住宅的高差异融合,aggregate,no_coordination,No coordination,O(0),18,4192423,4192423,dominant_plus_15pp,5000,"{""bdg2_building_data_genome"":0.3333333333333333,""heapo_heat_pumps"":0.3333333333333333,""smart_grid_smart_city"":0.3333333333333333}","{""bdg2_building_data_genome"":0.48333333333333334,""heapo_heat_pumps"":0.25833333333333336,""smart_grid_smart_city"":0.25833333333333336}","{""bdg2_building_data_genome"":2416,""heapo_heat_pumps"":1292,""smart_grid_smart_city"":1292}",False,test,33.11740021659258,33.11740021659258,0.0,0.0,0.8954159999999999,1.0,0,0.0,0.0,0.0,0.0,"{""bdg2_building_data_genome"":{""available_profile_sources"":1570,""logical_devices"":2416,""mean_profile_reuse"":1.9835796387520526,""profile_bootstrap"":true,""selected_unique_profile_sources"":1218,""weight"":0.48333333333333334},""heapo_heat_pumps"":{""available_profile_sources"":1362,""logical_devices"":1292,""mean_profile_reuse"":1.0,""profile_bootstrap"":false,""selected_unique_profile_sources"":1292,""weight"":0.25833333333333336},""smart_grid_smart_city"":{""available_profile_sources"":5000,""logical_devices"":1292,""mean_profile_reuse"":1.0,""profile_bootstrap"":false,""selected_unique_profile_sources"":1292,""weight"":0.25833333333333336}}",dataset_combinations_mixed_physical_fleet_v1,,,,
predefined_mixed_scenario,S1-B,Building-heat pump-residential,建筑、热泵和带受控负荷住宅的高差异融合,aggregate,no_coordination,No coordination,O(0),19,4192424,4192424,dominant_plus_15pp,5000,"{""bdg2_building_data_genome"":0.3333333333333333,""heapo_heat_pumps"":0.3333333333333333,""smart_grid_smart_city"":0.3333333333333333}","{""bdg2_building_data_genome"":0.48333333333333334,""heapo_heat_pumps"":0.25833333333333336,""smart_grid_smart_city"":0.25833333333333336}","{""bdg2_building_data_genome"":2416,""heapo_heat_pumps"":1292,""smart_grid_smart_city"":1292}",False,test,32.491653088509615,32.491653088509615,0.0,0.0,0.8950100000000004,1.0,0,0.0,0.0,0.0,0.0,"{""bdg2_building_data_genome"":{""available_profile_sources"":1570,""logical_devices"":2416,""mean_profile_reuse"":1.9610389610389611,""profile_bootstrap"":true,""selected_unique_profile_sources"":1232,""weight"":0.48333333333333334},""heapo_heat_pumps"":{""available_profile_sources"":1362,""logical_devices"":1292,""mean_profile_reuse"":1.0,""profile_bootstrap"":false,""selected_unique_profile_sources"":1292,""weight"":0.25833333333333336},""smart_grid_smart_city"":{""available_profile_sources"":5000,""logical_devices"":1292,""mean_profile_reuse"":1.0,""profile_bootstrap"":false,""selected_unique_profile_sources"":1292,""weight"":0.25833333333333336}}",dataset_combinations_mixed_physical_fleet_v1,,,,
predefined_mixed_scenario,S1-B,Building-heat pump-residential,建筑、热泵和带受控负荷住宅的高差异融合,aggregate,no_coordination,No coordination,O(0),20,4192425,4192425,dominant_minus_15pp,5000,"{""bdg2_building_data_genome"":0.3333333333333333,""heapo_heat_pumps"":0.3333333333333333,""smart_grid_smart_city"":0.3333333333333333}","{""bdg2_building_data_genome"":0.18333333333333332,""heapo_heat_pumps"":0.40833333333333327,""smart_grid_smart_city"":0.40833333333333327}","{""bdg2_building_data_genome"":916,""heapo_heat_pumps"":2042,""smart_grid_smart_city"":2042}",False,test,34.87232223208805,34.87232223208805,0.0,0.0,0.8948519999999996,1.0,0,0.0,0.0,0.0,0.0,"{""bdg2_building_data_genome"":{""available_profile_sources"":1570,""logical_devices"":916,""mean_profile_reuse"":1.0,""profile_bootstrap"":false,""selected_unique_profile_sources"":916,""weight"":0.18333333333333332},""heapo_heat_pumps"":{""available_profile_sources"":1362,""logical_devices"":2042,""mean_profile_reuse"":1.9318826868495742,""profile_bootstrap"":true,""selected_unique_profile_sources"":1057,""weight"":0.40833333333333327},""smart_grid_smart_city"":{""available_profile_sources"":5000,""logical_devices"":2042,""mean_profile_reuse"":1.0,""profile_bootstrap"":false,""selected_unique_profile_sources"":2042,""weight"":0.40833333333333327}}",dataset_combinations_mixed_physical_fleet_v1,,,,
predefined_mixed_scenario,S1-B,Building-heat pump-residential,建筑、热泵和带受控负荷住宅的高差异融合,aggregate,no_coordination,No coordination,O(0),21,4192426,4192426,dominant_minus_15pp,5000,"{""bdg2_building_data_genome"":0.3333333333333333,""heapo_heat_pumps"":0.3333333333333333,""smart_grid_smart_city"":0.3333333333333333}","{""bdg2_building_data_genome"":0.18333333333333332,""heapo_heat_pumps"":0.40833333333333327,""smart_grid_smart_city"":0.40833333333333327}","{""bdg2_building_data_genome"":916,""heapo_heat_pumps"":2042,""smart_grid_smart_city"":2042}",False,test,35.114231306513624,35.114231306513624,0.0,0.0,0.8952779999999997,1.0,0,0.0,0.0,0.0,0.0,"{""bdg2_building_data_genome"":{""available_profile_sources"":1570,""logical_devices"":916,""mean_profile_reuse"":1.0,""profile_bootstrap"":false,""selected_unique_profile_sources"":916,""weight"":0.18333333333333332},""heapo_heat_pumps"":{""available_profile_sources"":1362,""logical_devices"":2042,""mean_profile_reuse"":1.9844509232264333,""profile_bootstrap"":true,""selected_unique_profile_sources"":1029,""weight"":0.40833333333333327},""smart_grid_smart_city"":{""available_profile_sources"":5000,""logical_devices"":2042,""mean_profile_reuse"":1.0,""profile_bootstrap"":false,""selected_unique_profile_sources"":2042,""weight"":0.40833333333333327}}",dataset_combinations_mixed_physical_fleet_v1,,,,
predefined_mixed_scenario,S1-B,Building-heat pump-residential,建筑、热泵和带受控负荷住宅的高差异融合,aggregate,no_coordination,No coordination,O(0),22,4192427,4192427,dominant_minus_15pp,5000,"{""bdg2_building_data_genome"":0.3333333333333333,""heapo_heat_pumps"":0.3333333333333333,""smart_grid_smart_city"":0.3333333333333333}","{""bdg2_building_data_genome"":0.18333333333333332,""heapo_heat_pumps"":0.40833333333333327,""smart_grid_smart_city"":0.40833333333333327}","{""bdg2_building_data_genome"":916,""heapo_heat_pumps"":2042,""smart_grid_smart_city"":2042}",False,test,34.859109736705875,34.859109736705875,0.0,0.0,0.8961859999999999,1.0,0,0.0,0.0,0.0,0.0,"{""bdg2_building_data_genome"":{""available_profile_sources"":1570,""logical_devices"":916,""mean_profile_reuse"":1.0,""profile_bootstrap"":false,""selected_unique_profile_sources"":916,""weight"":0.18333333333333332},""heapo_heat_pumps"":{""available_profile_sources"":1362,""logical_devices"":2042,""mean_profile_reuse"":1.9373814041745732,""profile_bootstrap"":true,""selected_unique_profile_sources"":1054,""weight"":0.40833333333333327},""smart_grid_smart_city"":{""available_profile_sources"":5000,""logical_devices"":2042,""mean_profile_reuse"":1.0,""profile_bootstrap"":false,""selected_unique_profile_sources"":2042,""weight"":0.40833333333333327}}",dataset_combinations_mixed_physical_fleet_v1,,,,
predefined_mixed_scenario,S1-B,Building-heat pump-residential,建筑、热泵和带受控负荷住宅的高差异融合,aggregate,no_coordination,No coordination,O(0),23,4192428,4192428,dominant_minus_15pp,5000,"{""bdg2_building_data_genome"":0.3333333333333333,""heapo_heat_pumps"":0.3333333333333333,""smart_grid_smart_city"":0.3333333333333333}","{""bdg2_building_data_genome"":0.18333333333333332,""heapo_heat_pumps"":0.40833333333333327,""smart_grid_smart_city"":0.40833333333333327}","{""bdg2_building_data_genome"":916,""heapo_heat_pumps"":2042,""smart_grid_smart_city"":2042}",False,test,35.96318710406283,35.96318710406283,0.0,0.0,0.8958879999999995,1.0,0,0.0,0.0,0.0,0.0,"{""bdg2_building_data_genome"":{""available_profile_sources"":1570,""logical_devices"":916,""mean_profile_reuse"":1.0,""profile_bootstrap"":false,""selected_unique_profile_sources"":916,""weight"":0.18333333333333332},""heapo_heat_pumps"":{""available_profile_sources"":1362,""logical_devices"":2042,""mean_profile_reuse"":1.9578139980824545,""profile_bootstrap"":true,""selected_unique_profile_sources"":1043,""weight"":0.40833333333333327},""smart_grid_smart_city"":{""available_profile_sources"":5000,""logical_devices"":2042,""mean_profile_reuse"":1.0,""profile_bootstrap"":false,""selected_unique_profile_sources"":2042,""weight"":0.40833333333333327}}",dataset_combinations_mixed_physical_fleet_v1,,,,
predefined_mixed_scenario,S1-B,Building-heat pump-residential,建筑、热泵和带受控负荷住宅的高差异融合,aggregate,no_coordination,No coordination,O(0),24,4192429,4192429,dominant_minus_15pp,5000,"{""bdg2_building_data_genome"":0.3333333333333333,""heapo_heat_pumps"":0.3333333333333333,""smart_grid_smart_city"":0.3333333333333333}","{""bdg2_building_data_genome"":0.18333333333333332,""heapo_heat_pumps"":0.40833333333333327,""smart_grid_smart_city"":0.40833333333333327}","{""bdg2_building_data_genome"":916,""heapo_heat_pumps"":2042,""smart_grid_smart_city"":2042}",False,test,34.51198086158722,34.51198086158722,0.0,0.0,0.8946499999999995,1.0,0,0.0,0.0,0.0,0.0,"{""bdg2_building_data_genome"":{""available_profile_sources"":1570,""logical_devices"":916,""mean_profile_reuse"":1.0,""profile_bootstrap"":false,""selected_unique_profile_sources"":916,""weight"":0.18333333333333332},""heapo_heat_pumps"":{""available_profile_sources"":1362,""logical_devices"":2042,""mean_profile_reuse"":1.9355450236966825,""profile_bootstrap"":true,""selected_unique_profile_sources"":1055,""weight"":0.40833333333333327},""smart_grid_smart_city"":{""available_profile_sources"":5000,""logical_devices"":2042,""mean_profile_reuse"":1.0,""profile_bootstrap"":false,""selected_unique_profile_sources"":2042,""weight"":0.40833333333333327}}",dataset_combinations_mixed_physical_fleet_v1,,,,
predefined_mixed_scenario,S1-B,Building-heat pump-residential,建筑、热泵和带受控负荷住宅的高差异融合,aggregate,no_coordination,No coordination,O(0),25,4192430,4192430,dominant_minus_15pp,5000,"{""bdg2_building_data_genome"":0.3333333333333333,""heapo_heat_pumps"":0.3333333333333333,""smart_grid_smart_city"":0.3333333333333333}","{""bdg2_building_data_genome"":0.18333333333333332,""heapo_heat_pumps"":0.40833333333333327,""smart_grid_smart_city"":0.40833333333333327}","{""bdg2_building_data_genome"":916,""heapo_heat_pumps"":2042,""smart_grid_smart_city"":2042}",False,test,35.58321869915716,35.58321869915716,0.0,0.0,0.8957280000000002,1.0,0,0.0,0.0,0.0,0.0,"{""bdg2_building_data_genome"":{""available_profile_sources"":1570,""logical_devices"":916,""mean_profile_reuse"":1.0,""profile_bootstrap"":false,""selected_unique_profile_sources"":916,""weight"":0.18333333333333332},""heapo_heat_pumps"":{""available_profile_sources"":1362,""logical_devices"":2042,""mean_profile_reuse"":1.9521988527724665,""profile_bootstrap"":true,""selected_unique_profile_sources"":1046,""weight"":0.40833333333333327},""smart_grid_smart_city"":{""available_profile_sources"":5000,""logical_devices"":2042,""mean_profile_reuse"":1.0,""profile_bootstrap"":false,""selected_unique_profile_sources"":2042,""weight"":0.40833333333333327}}",dataset_combinations_mixed_physical_fleet_v1,,,,
predefined_mixed_scenario,S1-B,Building-heat pump-residential,建筑、热泵和带受控负荷住宅的高差异融合,aggregate,no_coordination,No coordination,O(0),26,4192431,4192431,dominant_minus_15pp,5000,"{""bdg2_building_data_genome"":0.3333333333333333,""heapo_heat_pumps"":0.3333333333333333,""smart_grid_smart_city"":0.3333333333333333}","{""bdg2_building_data_genome"":0.18333333333333332,""heapo_heat_pumps"":0.40833333333333327,""smart_grid_smart_city"":0.40833333333333327}","{""bdg2_building_data_genome"":916,""heapo_heat_pumps"":2042,""smart_grid_smart_city"":2042}",False,test,36.45019587661368,36.45019587661368,0.0,0.0,0.8953599999999999,1.0,0,0.0,0.0,0.0,0.0,"{""bdg2_building_data_genome"":{""available_profile_sources"":1570,""logical_devices"":916,""mean_profile_reuse"":1.0,""profile_bootstrap"":false,""selected_unique_profile_sources"":916,""weight"":0.18333333333333332},""heapo_heat_pumps"":{""available_profile_sources"":1362,""logical_devices"":2042,""mean_profile_reuse"":1.9691417550626809,""profile_bootstrap"":true,""selected_unique_profile_sources"":1037,""weight"":0.40833333333333327},""smart_grid_smart_city"":{""available_profile_sources"":5000,""logical_devices"":2042,""mean_profile_reuse"":1.0,""profile_bootstrap"":false,""selected_unique_profile_sources"":2042,""weight"":0.40833333333333327}}",dataset_combinations_mixed_physical_fleet_v1,,,,
predefined_mixed_scenario,S1-B,Building-heat pump-residential,建筑、热泵和带受控负荷住宅的高差异融合,aggregate,no_coordination,No coordination,O(0),27,4192432,4192432,dominant_minus_15pp,5000,"{""bdg2_building_data_genome"":0.3333333333333333,""heapo_heat_pumps"":0.3333333333333333,""smart_grid_smart_city"":0.3333333333333333}","{""bdg2_building_data_genome"":0.18333333333333332,""heapo_heat_pumps"":0.40833333333333327,""smart_grid_smart_city"":0.40833333333333327}","{""bdg2_building_data_genome"":916,""heapo_heat_pumps"":2042,""smart_grid_smart_city"":2042}",False,test,35.64816180688353,35.64816180688353,0.0,0.0,0.8947139999999998,1.0,0,0.0,0.0,0.0,0.0,"{""bdg2_building_data_genome"":{""available_profile_sources"":1570,""logical_devices"":916,""mean_profile_reuse"":1.0,""profile_bootstrap"":false,""selected_unique_profile_sources"":916,""weight"":0.18333333333333332},""heapo_heat_pumps"":{""available_profile_sources"":1362,""logical_devices"":2042,""mean_profile_reuse"":1.919172932330827,""profile_bootstrap"":true,""selected_unique_profile_sources"":1064,""weight"":0.40833333333333327},""smart_grid_smart_city"":{""available_profile_sources"":5000,""logical_devices"":2042,""mean_profile_reuse"":1.0,""profile_bootstrap"":false,""selected_unique_profile_sources"":2042,""weight"":0.40833333333333327}}",dataset_combinations_mixed_physical_fleet_v1,,,,
predefined_mixed_scenario,S1-B,Building-heat pump-residential,建筑、热泵和带受控负荷住宅的高差异融合,aggregate,no_coordination,No coordination,O(0),28,4192433,4192433,dominant_minus_15pp,5000,"{""bdg2_building_data_genome"":0.3333333333333333,""heapo_heat_pumps"":0.3333333333333333,""smart_grid_smart_city"":0.3333333333333333}","{""bdg2_building_data_genome"":0.18333333333333332,""heapo_heat_pumps"":0.40833333333333327,""smart_grid_smart_city"":0.40833333333333327}","{""bdg2_building_data_genome"":916,""heapo_heat_pumps"":2042,""smart_grid_smart_city"":2042}",False,test,35.78806254278101,35.78806254278101,0.0,0.0,0.8966379999999998,1.0,0,0.0,0.0,0.0,0.0,"{""bdg2_building_data_genome"":{""available_profile_sources"":1570,""logical_devices"":916,""mean_profile_reuse"":1.0,""profile_bootstrap"":false,""selected_unique_profile_sources"":916,""weight"":0.18333333333333332},""heapo_heat_pumps"":{""available_profile_sources"":1362,""logical_devices"":2042,""mean_profile_reuse"":1.9318826868495742,""profile_bootstrap"":true,""selected_unique_profile_sources"":1057,""weight"":0.40833333333333327},""smart_grid_smart_city"":{""available_profile_sources"":5000,""logical_devices"":2042,""mean_profile_reuse"":1.0,""profile_bootstrap"":false,""selected_unique_profile_sources"":2042,""weight"":0.40833333333333327}}",dataset_combinations_mixed_physical_fleet_v1,,,,
predefined_mixed_scenario,S1-B,Building-heat pump-residential,建筑、热泵和带受控负荷住宅的高差异融合,aggregate,no_coordination,No coordination,O(0),29,4192434,4192434,dominant_minus_15pp,5000,"{""bdg2_building_data_genome"":0.3333333333333333,""heapo_heat_pumps"":0.3333333333333333,""smart_grid_smart_city"":0.3333333333333333}","{""bdg2_building_data_genome"":0.18333333333333332,""heapo_heat_pumps"":0.40833333333333327,""smart_grid_smart_city"":0.40833333333333327}","{""bdg2_building_data_genome"":916,""heapo_heat_pumps"":2042,""smart_grid_smart_city"":2042}",False,test,35.277225187284394,35.277225187284394,0.0,0.0,0.8947179999999999,1.0,0,0.0,0.0,0.0,0.0,"{""bdg2_building_data_genome"":{""available_profile_sources"":1570,""logical_devices"":916,""mean_profile_reuse"":1.0,""profile_bootstrap"":false,""selected_unique_profile_sources"":916,""weight"":0.18333333333333332},""heapo_heat_pumps"":{""available_profile_sources"":1362,""logical_devices"":2042,""mean_profile_reuse"":1.933712121212121,""profile_bootstrap"":true,""selected_unique_profile_sources"":1056,""weight"":0.40833333333333327},""smart_grid_smart_city"":{""available_profile_sources"":5000,""logical_devices"":2042,""mean_profile_reuse"":1.0,""profile_bootstrap"":false,""selected_unique_profile_sources"":2042,""weight"":0.40833333333333327}}",dataset_combinations_mixed_physical_fleet_v1,,,,
predefined_mixed_scenario,S1-B,Building-heat pump-residential,建筑、热泵和带受控负荷住宅的高差异融合,aggregate,packetized_energy_management,Packetized Energy Management,O(N log N),0,4192405,4792405,nominal,5000,"{""bdg2_building_data_genome"":0.3333333333333333,""heapo_heat_pumps"":0.3333333333333333,""smart_grid_smart_city"":0.3333333333333333}","{""bdg2_building_data_genome"":0.3333333333333333,""heapo_heat_pumps"":0.3333333333333333,""smart_grid_smart_city"":0.3333333333333333}","{""bdg2_building_data_genome"":1667,""heapo_heat_pumps"":1667,""smart_grid_smart_city"":1666}",False,test,33.770062841823574,14.83232035504836,18.937742486775214,56.07849347357798,0.8953080000000005,0.9948621254755038,0,0.0,18.937742486775214,0.0,0.0,"{""bdg2_building_data_genome"":{""available_profile_sources"":1570,""logical_devices"":1667,""mean_profile_reuse"":1.6603585657370519,""profile_bootstrap"":true,""selected_unique_profile_sources"":1004,""weight"":0.3333333333333333},""heapo_heat_pumps"":{""available_profile_sources"":1362,""logical_devices"":1667,""mean_profile_reuse"":1.727461139896373,""profile_bootstrap"":true,""selected_unique_profile_sources"":965,""weight"":0.3333333333333333},""smart_grid_smart_city"":{""available_profile_sources"":5000,""logical_devices"":1666,""mean_profile_reuse"":1.0,""profile_bootstrap"":false,""selected_unique_profile_sources"":1666,""weight"":0.3333333333333333}}",dataset_combinations_mixed_physical_fleet_v1,,,,
predefined_mixed_scenario,S1-B,Building-heat pump-residential,建筑、热泵和带受控负荷住宅的高差异融合,aggregate,packetized_energy_management,Packetized Energy Management,O(N log N),1,4192406,4792406,nominal,5000,"{""bdg2_building_data_genome"":0.3333333333333333,""heapo_heat_pumps"":0.3333333333333333,""smart_grid_smart_city"":0.3333333333333333}","{""bdg2_building_data_genome"":0.3333333333333333,""heapo_heat_pumps"":0.3333333333333333,""smart_grid_smart_city"":0.3333333333333333}","{""bdg2_building_data_genome"":1667,""heapo_heat_pumps"":1667,""smart_grid_smart_city"":1666}",False,test,34.60258790505812,15.492422449627487,19.110165455430636,55.22756132536884,0.8949139999999988,0.9944471852378329,0,0.0,19.110165455430636,0.0,0.0,"{""bdg2_building_data_genome"":{""available_profile_sources"":1570,""logical_devices"":1667,""mean_profile_reuse"":1.6168768186226965,""profile_bootstrap"":true,""selected_unique_profile_sources"":1031,""weight"":0.3333333333333333},""heapo_heat_pumps"":{""available_profile_sources"":1362,""logical_devices"":1667,""mean_profile_reuse"":1.7346514047866806,""profile_bootstrap"":true,""selected_unique_profile_sources"":961,""weight"":0.3333333333333333},""smart_grid_smart_city"":{""available_profile_sources"":5000,""logical_devices"":1666,""mean_profile_reuse"":1.0,""profile_bootstrap"":false,""selected_unique_profile_sources"":1666,""weight"":0.3333333333333333}}",dataset_combinations_mixed_physical_fleet_v1,,,,
predefined_mixed_scenario,S1-B,Building-heat pump-residential,建筑、热泵和带受控负荷住宅的高差异融合,aggregate,packetized_energy_management,Packetized Energy Management,O(N log N),2,4192407,4792407,nominal,5000,"{""bdg2_building_data_genome"":0.3333333333333333,""heapo_heat_pumps"":0.3333333333333333,""smart_grid_smart_city"":0.3333333333333333}","{""bdg2_building_data_genome"":0.3333333333333333,""heapo_heat_pumps"":0.3333333333333333,""smart_grid_smart_city"":0.3333333333333333}","{""bdg2_building_data_genome"":1667,""heapo_heat_pumps"":1667,""smart_grid_smart_city"":1666}",False,test,34.571407372048384,15.643339863920652,18.928067508127732,54.75064206796343,0.8935520000000002,0.9941248413587032,0,0.0,18.928067508127732,0.0,0.0,"{""bdg2_building_data_genome"":{""available_profile_sources"":1570,""logical_devices"":1667,""mean_profile_reuse"":1.5921680993314231,""profile_bootstrap"":true,""selected_unique_profile_sources"":1047,""weight"":0.3333333333333333},""heapo_heat_pumps"":{""available_profile_sources"":1362,""logical_devices"":1667,""mean_profile_reuse"":1.7132579650565263,""profile_bootstrap"":true,""selected_unique_profile_sources"":973,""weight"":0.3333333333333333},""smart_grid_smart_city"":{""available_profile_sources"":5000,""logical_devices"":1666,""mean_profile_reuse"":1.0,""profile_bootstrap"":false,""selected_unique_profile_sources"":1666,""weight"":0.3333333333333333}}",dataset_combinations_mixed_physical_fleet_v1,,,,
predefined_mixed_scenario,S1-B,Building-heat pump-residential,建筑、热泵和带受控负荷住宅的高差异融合,aggregate,packetized_energy_management,Packetized Energy Management,O(N log N),3,4192408,4792408,nominal,5000,"{""bdg2_building_data_genome"":0.3333333333333333,""heapo_heat_pumps"":0.3333333333333333,""smart_grid_smart_city"":0.3333333333333333}","{""bdg2_building_data_genome"":0.3333333333333333,""heapo_heat_pumps"":0.3333333333333333,""smart_grid_smart_city"":0.3333333333333333}","{""bdg2_building_data_genome"":1667,""heapo_heat_pumps"":1667,""smart_grid_smart_city"":1666}",False,test,34.40789121539473,15.463242889683514,18.944648325711213,55.05902180147276,0.8936060000000008,0.9949104779186201,0,0.0,18.944648325711213,0.0,0.0,"{""bdg2_building_data_genome"":{""available_profile_sources"":1570,""logical_devices"":1667,""mean_profile_reuse"":1.6359175662414132,""profile_bootstrap"":true,""selected_unique_profile_sources"":1019,""weight"":0.3333333333333333},""heapo_heat_pumps"":{""available_profile_sources"":1362,""logical_devices"":1667,""mean_profile_reuse"":1.7185567010309277,""profile_bootstrap"":true,""selected_unique_profile_sources"":970,""weight"":0.3333333333333333},""smart_grid_smart_city"":{""available_profile_sources"":5000,""logical_devices"":1666,""mean_profile_reuse"":1.0,""profile_bootstrap"":false,""selected_unique_profile_sources"":1666,""weight"":0.3333333333333333}}",dataset_combinations_mixed_physical_fleet_v1,,,,
predefined_mixed_scenario,S1-B,Building-heat pump-residential,建筑、热泵和带受控负荷住宅的高差异融合,aggregate,packetized_energy_management,Packetized Energy Management,O(N log N),4,4192409,4792409,nominal,5000,"{""bdg2_building_data_genome"":0.3333333333333333,""heapo_heat_pumps"":0.3333333333333333,""smart_grid_smart_city"":0.3333333333333333}","{""bdg2_building_data_genome"":0.3333333333333333,""heapo_heat_pumps"":0.3333333333333333,""smart_grid_smart_city"":0.3333333333333333}","{""bdg2_building_data_genome"":1667,""heapo_heat_pumps"":1667,""smart_grid_smart_city"":1666}",False,test,34.22166491262871,15.256475091398887,18.965189821229824,55.418664958732506,0.8943359999999999,0.9950552075868146,0,0.0,18.965189821229824,0.0,0.0,"{""bdg2_building_data_genome"":{""available_profile_sources"":1570,""logical_devices"":1667,""mean_profile_reuse"":1.629521016617791,""profile_bootstrap"":true,""selected_unique_profile_sources"":1023,""weight"":0.3333333333333333},""heapo_heat_pumps"":{""available_profile_sources"":1362,""logical_devices"":1667,""mean_profile_reuse"":1.7455497382198952,""profile_bootstrap"":true,""selected_unique_profile_sources"":955,""weight"":0.3333333333333333},""smart_grid_smart_city"":{""available_profile_sources"":5000,""logical_devices"":1666,""mean_profile_reuse"":1.0,""profile_bootstrap"":false,""selected_unique_profile_sources"":1666,""weight"":0.3333333333333333}}",dataset_combinations_mixed_physical_fleet_v1,,,,
predefined_mixed_scenario,S1-B,Building-heat pump-residential,建筑、热泵和带受控负荷住宅的高差异融合,aggregate,packetized_energy_management,Packetized Energy Management,O(N log N),5,4192410,4792410,nominal,5000,"{""bdg2_building_data_genome"":0.3333333333333333,""heapo_heat_pumps"":0.3333333333333333,""smart_grid_smart_city"":0.3333333333333333}","{""bdg2_building_data_genome"":0.3333333333333333,""heapo_heat_pumps"":0.3333333333333333,""smart_grid_smart_city"":0.3333333333333333}","{""bdg2_building_data_genome"":1667,""heapo_heat_pumps"":1667,""smart_grid_smart_city"":1666}",False,test,33.40390885113893,14.623775169243494,18.780133681895435,56.2213654862584,0.894052,0.994932186487876,0,0.0,18.780133681895435,0.0,0.0,"{""bdg2_building_data_genome"":{""available_profile_sources"":1570,""logical_devices"":1667,""mean_profile_reuse"":1.6311154598825832,""profile_bootstrap"":true,""selected_unique_profile_sources"":1022,""weight"":0.3333333333333333},""heapo_heat_pumps"":{""available_profile_sources"":1362,""logical_devices"":1667,""mean_profile_reuse"":1.741901776384535,""profile_bootstrap"":true,""selected_unique_profile_sources"":957,""weight"":0.3333333333333333},""smart_grid_smart_city"":{""available_profile_sources"":5000,""logical_devices"":1666,""mean_profile_reuse"":1.0,""profile_bootstrap"":false,""selected_unique_profile_sources"":1666,""weight"":0.3333333333333333}}",dataset_combinations_mixed_physical_fleet_v1,,,,
predefined_mixed_scenario,S1-B,Building-heat pump-residential,建筑、热泵和带受控负荷住宅的高差异融合,aggregate,packetized_energy_management,Packetized Energy Management,O(N log N),6,4192411,4792411,nominal,5000,"{""bdg2_building_data_genome"":0.3333333333333333,""heapo_heat_pumps"":0.3333333333333333,""smart_grid_smart_city"":0.3333333333333333}","{""bdg2_building_data_genome"":0.3333333333333333,""heapo_heat_pumps"":0.3333333333333333,""smart_grid_smart_city"":0.3333333333333333}","{""bdg2_building_data_genome"":1667,""heapo_heat_pumps"":1667,""smart_grid_smart_city"":1666}",False,test,34.28020632264545,15.347482601530825,18.932723721114623,55.22931671682413,0.8945940000000004,0.9950344863674361,0,0.0,18.932723721114623,0.0,0.0,"{""bdg2_building_data_genome"":{""available_profile_sources"":1570,""logical_devices"":1667,""mean_profile_reuse"":1.648862512363996,""profile_bootstrap"":true,""selected_unique_profile_sources"":1011,""weight"":0.3333333333333333},""heapo_heat_pumps"":{""available_profile_sources"":1362,""logical_devices"":1667,""mean_profile_reuse"":1.7473794549266248,""profile_bootstrap"":true,""selected_unique_profile_sources"":954,""weight"":0.3333333333333333},""smart_grid_smart_city"":{""available_profile_sources"":5000,""logical_devices"":1666,""mean_profile_reuse"":1.0,""profile_bootstrap"":false,""selected_unique_profile_sources"":1666,""weight"":0.3333333333333333}}",dataset_combinations_mixed_physical_fleet_v1,,,,
predefined_mixed_scenario,S1-B,Building-heat pump-residential,建筑、热泵和带受控负荷住宅的高差异融合,aggregate,packetized_energy_management,Packetized Energy Management,O(N log N),7,4192412,4792412,nominal,5000,"{""bdg2_building_data_genome"":0.3333333333333333,""heapo_heat_pumps"":0.3333333333333333,""smart_grid_smart_city"":0.3333333333333333}","{""bdg2_building_data_genome"":0.3333333333333333,""heapo_heat_pumps"":0.3333333333333333,""smart_grid_smart_city"":0.3333333333333333}","{""bdg2_building_data_genome"":1667,""heapo_heat_pumps"":1667,""smart_grid_smart_city"":1666}",False,test,33.5646486481881,14.60378016790757,18.960868480280528,56.49059127363778,0.8946139999999999,0.9958632825099334,0,0.0,18.960868480280528,0.0,0.0,"{""bdg2_building_data_genome"":{""available_profile_sources"":1570,""logical_devices"":1667,""mean_profile_reuse"":1.629521016617791,""profile_bootstrap"":true,""selected_unique_profile_sources"":1023,""weight"":0.3333333333333333},""heapo_heat_pumps"":{""available_profile_sources"":1362,""logical_devices"":1667,""mean_profile_reuse"":1.731048805815161,""profile_bootstrap"":true,""selected_unique_profile_sources"":963,""weight"":0.3333333333333333},""smart_grid_smart_city"":{""available_profile_sources"":5000,""logical_devices"":1666,""mean_profile_reuse"":1.0,""profile_bootstrap"":false,""selected_unique_profile_sources"":1666,""weight"":0.3333333333333333}}",dataset_combinations_mixed_physical_fleet_v1,,,,
predefined_mixed_scenario,S1-B,Building-heat pump-residential,建筑、热泵和带受控负荷住宅的高差异融合,aggregate,packetized_energy_management,Packetized Energy Management,O(N log N),8,4192413,4792413,nominal,5000,"{""bdg2_building_data_genome"":0.3333333333333333,""heapo_heat_pumps"":0.3333333333333333,""smart_grid_smart_city"":0.3333333333333333}","{""bdg2_building_data_genome"":0.3333333333333333,""heapo_heat_pumps"":0.3333333333333333,""smart_grid_smart_city"":0.3333333333333333}","{""bdg2_building_data_genome"":1667,""heapo_heat_pumps"":1667,""smart_grid_smart_city"":1666}",False,test,35.266990334508364,16.26831530048391,18.998675034024455,53.87098488932995,0.8944260000000006,0.994305256679624,0,0.0,18.998675034024455,0.0,0.0,"{""bdg2_building_data_genome"":{""available_profile_sources"":1570,""logical_devices"":1667,""mean_profile_reuse"":1.6184466019417476,""profile_bootstrap"":true,""selected_unique_profile_sources"":1030,""weight"":0.3333333333333333},""heapo_heat_pumps"":{""available_profile_sources"":1362,""logical_devices"":1667,""mean_profile_reuse"":1.711498973305955,""profile_bootstrap"":true,""selected_unique_profile_sources"":974,""weight"":0.3333333333333333},""smart_grid_smart_city"":{""available_profile_sources"":5000,""logical_devices"":1666,""mean_profile_reuse"":1.0,""profile_bootstrap"":false,""selected_unique_profile_sources"":1666,""weight"":0.3333333333333333}}",dataset_combinations_mixed_physical_fleet_v1,,,,
predefined_mixed_scenario,S1-B,Building-heat pump-residential,建筑、热泵和带受控负荷住宅的高差异融合,aggregate,packetized_energy_management,Packetized Energy Management,O(N log N),9,4192414,4792414,nominal,5000,"{""bdg2_building_data_genome"":0.3333333333333333,""heapo_heat_pumps"":0.3333333333333333,""smart_grid_smart_city"":0.3333333333333333}","{""bdg2_building_data_genome"":0.3333333333333333,""heapo_heat_pumps"":0.3333333333333333,""smart_grid_smart_city"":0.3333333333333333}","{""bdg2_building_data_genome"":1667,""heapo_heat_pumps"":1667,""smart_grid_smart_city"":1666}",False,test,35.3534098498996,16.314667251412715,19.038742598486884,53.852634524703284,0.8946980000000001,0.9953143296753315,0,0.0,19.038742598486884,0.0,0.0,"{""bdg2_building_data_genome"":{""available_profile_sources"":1570,""logical_devices"":1667,""mean_profile_reuse"":1.620019436345967,""profile_bootstrap"":true,""selected_unique_profile_sources"":1029,""weight"":0.3333333333333333},""heapo_heat_pumps"":{""available_profile_sources"":1362,""logical_devices"":1667,""mean_profile_reuse"":1.7565858798735512,""profile_bootstrap"":true,""selected_unique_profile_sources"":949,""weight"":0.3333333333333333},""smart_grid_smart_city"":{""available_profile_sources"":5000,""logical_devices"":1666,""mean_profile_reuse"":1.0,""profile_bootstrap"":false,""selected_unique_profile_sources"":1666,""weight"":0.3333333333333333}}",dataset_combinations_mixed_physical_fleet_v1,,,,
predefined_mixed_scenario,S1-B,Building-heat pump-residential,建筑、热泵和带受控负荷住宅的高差异融合,aggregate,packetized_energy_management,Packetized Energy Management,O(N log N),10,4192415,4792415,dominant_plus_15pp,5000,"{""bdg2_building_data_genome"":0.3333333333333333,""heapo_heat_pumps"":0.3333333333333333,""smart_grid_smart_city"":0.3333333333333333}","{""bdg2_building_data_genome"":0.48333333333333334,""heapo_heat_pumps"":0.25833333333333336,""smart_grid_smart_city"":0.25833333333333336}","{""bdg2_building_data_genome"":2416,""heapo_heat_pumps"":1292,""smart_grid_smart_city"":1292}",False,test,32.07470647466447,13.52695832452348,18.547748150140986,57.826712038009425,0.8955760000000001,0.9970035535130862,0,0.0,18.547748150140986,0.0,0.0,"{""bdg2_building_data_genome"":{""available_profile_sources"":1570,""logical_devices"":2416,""mean_profile_reuse"":1.973856209150327,""profile_bootstrap"":true,""selected_unique_profile_sources"":1224,""weight"":0.48333333333333334},""heapo_heat_pumps"":{""available_profile_sources"":1362,""logical_devices"":1292,""mean_profile_reuse"":1.0,""profile_bootstrap"":false,""selected_unique_profile_sources"":1292,""weight"":0.25833333333333336},""smart_grid_smart_city"":{""available_profile_sources"":5000,""logical_devices"":1292,""mean_profile_reuse"":1.0,""profile_bootstrap"":false,""selected_unique_profile_sources"":1292,""weight"":0.25833333333333336}}",dataset_combinations_mixed_physical_fleet_v1,,,,
predefined_mixed_scenario,S1-B,Building-heat pump-residential,建筑、热泵和带受控负荷住宅的高差异融合,aggregate,packetized_energy_management,Packetized Energy Management,O(N log N),11,4192416,4792416,dominant_plus_15pp,5000,"{""bdg2_building_data_genome"":0.3333333333333333,""heapo_heat_pumps"":0.3333333333333333,""smart_grid_smart_city"":0.3333333333333333}","{""bdg2_building_data_genome"":0.48333333333333334,""heapo_heat_pumps"":0.25833333333333336,""smart_grid_smart_city"":0.25833333333333336}","{""bdg2_building_data_genome"":2416,""heapo_heat_pumps"":1292,""smart_grid_smart_city"":1292}",False,test,31.991966856819207,13.226005819404062,18.765961037415146,58.65835358420644,0.8939279999999997,0.9963280180465427,0,0.0,18.765961037415146,0.0,0.0,"{""bdg2_building_data_genome"":{""available_profile_sources"":1570,""logical_devices"":2416,""mean_profile_reuse"":1.9770867430441899,""profile_bootstrap"":true,""selected_unique_profile_sources"":1222,""weight"":0.48333333333333334},""heapo_heat_pumps"":{""available_profile_sources"":1362,""logical_devices"":1292,""mean_profile_reuse"":1.0,""profile_bootstrap"":false,""selected_unique_profile_sources"":1292,""weight"":0.25833333333333336},""smart_grid_smart_city"":{""available_profile_sources"":5000,""logical_devices"":1292,""mean_profile_reuse"":1.0,""profile_bootstrap"":false,""selected_unique_profile_sources"":1292,""weight"":0.25833333333333336}}",dataset_combinations_mixed_physical_fleet_v1,,,,
predefined_mixed_scenario,S1-B,Building-heat pump-residential,建筑、热泵和带受控负荷住宅的高差异融合,aggregate,packetized_energy_management,Packetized Energy Management,O(N log N),12,4192417,4792417,dominant_plus_15pp,5000,"{""bdg2_building_data_genome"":0.3333333333333333,""heapo_heat_pumps"":0.3333333333333333,""smart_grid_smart_city"":0.3333333333333333}","{""bdg2_building_data_genome"":0.48333333333333334,""heapo_heat_pumps"":0.25833333333333336,""smart_grid_smart_city"":0.25833333333333336}","{""bdg2_building_data_genome"":2416,""heapo_heat_pumps"":1292,""smart_grid_smart_city"":1292}",False,test,31.876280372356973,13.267942667318419,18.608337705038554,58.376753773240296,0.8947499999999998,0.9968111549383971,0,0.0,18.608337705038554,0.0,0.0,"{""bdg2_building_data_genome"":{""available_profile_sources"":1570,""logical_devices"":2416,""mean_profile_reuse"":1.9722448979591836,""profile_bootstrap"":true,""selected_unique_profile_sources"":1225,""weight"":0.48333333333333334},""heapo_heat_pumps"":{""available_profile_sources"":1362,""logical_devices"":1292,""mean_profile_reuse"":1.0,""profile_bootstrap"":false,""selected_unique_profile_sources"":1292,""weight"":0.25833333333333336},""smart_grid_smart_city"":{""available_profile_sources"":5000,""logical_devices"":1292,""mean_profile_reuse"":1.0,""profile_bootstrap"":false,""selected_unique_profile_sources"":1292,""weight"":0.25833333333333336}}",dataset_combinations_mixed_physical_fleet_v1,,,,
predefined_mixed_scenario,S1-B,Building-heat pump-residential,建筑、热泵和带受控负荷住宅的高差异融合,aggregate,packetized_energy_management,Packetized Energy Management,O(N log N),13,4192418,4792418,dominant_plus_15pp,5000,"{""bdg2_building_data_genome"":0.3333333333333333,""heapo_heat_pumps"":0.3333333333333333,""smart_grid_smart_city"":0.3333333333333333}","{""bdg2_building_data_genome"":0.48333333333333334,""heapo_heat_pumps"":0.25833333333333336,""smart_grid_smart_city"":0.25833333333333336}","{""bdg2_building_data_genome"":2416,""heapo_heat_pumps"":1292,""smart_grid_smart_city"":1292}",False,test,32.53467567659086,13.860883475273486,18.673792201317372,57.396583223829154,0.89465,0.9962511417655244,0,0.0,18.673792201317372,0.0,0.0,"{""bdg2_building_data_genome"":{""available_profile_sources"":1570,""logical_devices"":2416,""mean_profile_reuse"":1.9754701553556828,""profile_bootstrap"":true,""selected_unique_profile_sources"":1223,""weight"":0.48333333333333334},""heapo_heat_pumps"":{""available_profile_sources"":1362,""logical_devices"":1292,""mean_profile_reuse"":1.0,""profile_bootstrap"":false,""selected_unique_profile_sources"":1292,""weight"":0.25833333333333336},""smart_grid_smart_city"":{""available_profile_sources"":5000,""logical_devices"":1292,""mean_profile_reuse"":1.0,""profile_bootstrap"":false,""selected_unique_profile_sources"":1292,""weight"":0.25833333333333336}}",dataset_combinations_mixed_physical_fleet_v1,,,,
predefined_mixed_scenario,S1-B,Building-heat pump-residential,建筑、热泵和带受控负荷住宅的高差异融合,aggregate,packetized_energy_management,Packetized Energy Management,O(N log N),14,4192419,4792419,dominant_plus_15pp,5000,"{""bdg2_building_data_genome"":0.3333333333333333,""heapo_heat_pumps"":0.3333333333333333,""smart_grid_smart_city"":0.3333333333333333}","{""bdg2_building_data_genome"":0.48333333333333334,""heapo_heat_pumps"":0.25833333333333336,""smart_grid_smart_city"":0.25833333333333336}","{""bdg2_building_data_genome"":2416,""heapo_heat_pumps"":1292,""smart_grid_smart_city"":1292}",False,test,31.914512405800075,13.204168503550672,18.710343902249402,58.626444497547844,0.8953079999999993,0.9978872833357895,0,0.0,18.710343902249402,0.0,0.0,"{""bdg2_building_data_genome"":{""available_profile_sources"":1570,""logical_devices"":2416,""mean_profile_reuse"":1.9562753036437246,""profile_bootstrap"":true,""selected_unique_profile_sources"":1235,""weight"":0.48333333333333334},""heapo_heat_pumps"":{""available_profile_sources"":1362,""logical_devices"":1292,""mean_profile_reuse"":1.0,""profile_bootstrap"":false,""selected_unique_profile_sources"":1292,""weight"":0.25833333333333336},""smart_grid_smart_city"":{""available_profile_sources"":5000,""logical_devices"":1292,""mean_profile_reuse"":1.0,""profile_bootstrap"":false,""selected_unique_profile_sources"":1292,""weight"":0.25833333333333336}}",dataset_combinations_mixed_physical_fleet_v1,,,,
predefined_mixed_scenario,S1-B,Building-heat pump-residential,建筑、热泵和带受控负荷住宅的高差异融合,aggregate,packetized_energy_management,Packetized Energy Management,O(N log N),15,4192420,4792420,dominant_plus_15pp,5000,"{""bdg2_building_data_genome"":0.3333333333333333,""heapo_heat_pumps"":0.3333333333333333,""smart_grid_smart_city"":0.3333333333333333}","{""bdg2_building_data_genome"":0.48333333333333334,""heapo_heat_pumps"":0.25833333333333336,""smart_grid_smart_city"":0.25833333333333336}","{""bdg2_building_data_genome"":2416,""heapo_heat_pumps"":1292,""smart_grid_smart_city"":1292}",False,test,34.494743203181436,15.702597921390922,18.792145281790514,54.47828723089994,0.89639,0.9955353713707089,0,0.0,18.792145281790514,0.0,0.0,"{""bdg2_building_data_genome"":{""available_profile_sources"":1570,""logical_devices"":2416,""mean_profile_reuse"":1.980327868852459,""profile_bootstrap"":true,""selected_unique_profile_sources"":1220,""weight"":0.48333333333333334},""heapo_heat_pumps"":{""available_profile_sources"":1362,""logical_devices"":1292,""mean_profile_reuse"":1.0,""profile_bootstrap"":false,""selected_unique_profile_sources"":1292,""weight"":0.25833333333333336},""smart_grid_smart_city"":{""available_profile_sources"":5000,""logical_devices"":1292,""mean_profile_reuse"":1.0,""profile_bootstrap"":false,""selected_unique_profile_sources"":1292,""weight"":0.25833333333333336}}",dataset_combinations_mixed_physical_fleet_v1,,,,
predefined_mixed_scenario,S1-B,Building-heat pump-residential,建筑、热泵和带受控负荷住宅的高差异融合,aggregate,packetized_energy_management,Packetized Energy Management,O(N log N),16,4192421,4792421,dominant_plus_15pp,5000,"{""bdg2_building_data_genome"":0.3333333333333333,""heapo_heat_pumps"":0.3333333333333333,""smart_grid_smart_city"":0.3333333333333333}","{""bdg2_building_data_genome"":0.48333333333333334,""heapo_heat_pumps"":0.25833333333333336,""smart_grid_smart_city"":0.25833333333333336}","{""bdg2_building_data_genome"":2416,""heapo_heat_pumps"":1292,""smart_grid_smart_city"":1292}",False,test,33.196111626875876,14.08621196499396,19.109899661881915,57.56668093142079,0.8941739999999999,0.9954937859420434,0,0.0,19.109899661881915,0.0,0.0,"{""bdg2_building_data_genome"":{""available_profile_sources"":1570,""logical_devices"":2416,""mean_profile_reuse"":1.949959644874899,""profile_bootstrap"":true,""selected_unique_profile_sources"":1239,""weight"":0.48333333333333334},""heapo_heat_pumps"":{""available_profile_sources"":1362,""logical_devices"":1292,""mean_profile_reuse"":1.0,""profile_bootstrap"":false,""selected_unique_profile_sources"":1292,""weight"":0.25833333333333336},""smart_grid_smart_city"":{""available_profile_sources"":5000,""logical_devices"":1292,""mean_profile_reuse"":1.0,""profile_bootstrap"":false,""selected_unique_profile_sources"":1292,""weight"":0.25833333333333336}}",dataset_combinations_mixed_physical_fleet_v1,,,,
predefined_mixed_scenario,S1-B,Building-heat pump-residential,建筑、热泵和带受控负荷住宅的高差异融合,aggregate,packetized_energy_management,Packetized Energy Management,O(N log N),17,4192422,4792422,dominant_plus_15pp,5000,"{""bdg2_building_data_genome"":0.3333333333333333,""heapo_heat_pumps"":0.3333333333333333,""smart_grid_smart_city"":0.3333333333333333}","{""bdg2_building_data_genome"":0.48333333333333334,""heapo_heat_pumps"":0.25833333333333336,""smart_grid_smart_city"":0.25833333333333336}","{""bdg2_building_data_genome"":2416,""heapo_heat_pumps"":1292,""smart_grid_smart_city"":1292}",False,test,31.445672370428387,12.642516278749905,18.80315609167848,59.795687845940385,0.8942840000000004,0.9965499177206034,0,0.0,18.80315609167848,0.0,0.0,"{""bdg2_building_data_genome"":{""available_profile_sources"":1570,""logical_devices"":2416,""mean_profile_reuse"":1.9483870967741936,""profile_bootstrap"":true,""selected_unique_profile_sources"":1240,""weight"":0.48333333333333334},""heapo_heat_pumps"":{""available_profile_sources"":1362,""logical_devices"":1292,""mean_profile_reuse"":1.0,""profile_bootstrap"":false,""selected_unique_profile_sources"":1292,""weight"":0.25833333333333336},""smart_grid_smart_city"":{""available_profile_sources"":5000,""logical_devices"":1292,""mean_profile_reuse"":1.0,""profile_bootstrap"":false,""selected_unique_profile_sources"":1292,""weight"":0.25833333333333336}}",dataset_combinations_mixed_physical_fleet_v1,,,,
predefined_mixed_scenario,S1-B,Building-heat pump-residential,建筑、热泵和带受控负荷住宅的高差异融合,aggregate,packetized_energy_management,Packetized Energy Management,O(N log N),18,4192423,4792423,dominant_plus_15pp,5000,"{""bdg2_building_data_genome"":0.3333333333333333,""heapo_heat_pumps"":0.3333333333333333,""smart_grid_smart_city"":0.3333333333333333}","{""bdg2_building_data_genome"":0.48333333333333334,""heapo_heat_pumps"":0.25833333333333336,""smart_grid_smart_city"":0.25833333333333336}","{""bdg2_building_data_genome"":2416,""heapo_heat_pumps"":1292,""smart_grid_smart_city"":1292}",False,test,33.11740021659258,14.44076701489102,18.67663320170156,56.39522752255214,0.8954159999999999,0.9955773330069836,0,0.0,18.67663320170156,0.0,0.0,"{""bdg2_building_data_genome"":{""available_profile_sources"":1570,""logical_devices"":2416,""mean_profile_reuse"":1.9835796387520526,""profile_bootstrap"":true,""selected_unique_profile_sources"":1218,""weight"":0.48333333333333334},""heapo_heat_pumps"":{""available_profile_sources"":1362,""logical_devices"":1292,""mean_profile_reuse"":1.0,""profile_bootstrap"":false,""selected_unique_profile_sources"":1292,""weight"":0.25833333333333336},""smart_grid_smart_city"":{""available_profile_sources"":5000,""logical_devices"":1292,""mean_profile_reuse"":1.0,""profile_bootstrap"":false,""selected_unique_profile_sources"":1292,""weight"":0.25833333333333336}}",dataset_combinations_mixed_physical_fleet_v1,,,,
predefined_mixed_scenario,S1-B,Building-heat pump-residential,建筑、热泵和带受控负荷住宅的高差异融合,aggregate,packetized_energy_management,Packetized Energy Management,O(N log N),19,4192424,4792424,dominant_plus_15pp,5000,"{""bdg2_building_data_genome"":0.3333333333333333,""heapo_heat_pumps"":0.3333333333333333,""smart_grid_smart_city"":0.3333333333333333}","{""bdg2_building_data_genome"":0.48333333333333334,""heapo_heat_pumps"":0.25833333333333336,""smart_grid_smart_city"":0.25833333333333336}","{""bdg2_building_data_genome"":2416,""heapo_heat_pumps"":1292,""smart_grid_smart_city"":1292}",False,test,32.491653088509615,13.603488377132564,18.88816471137705,58.132359901554786,0.8950100000000004,0.996053529466402,0,0.0,18.88816471137705,0.0,0.0,"{""bdg2_building_data_genome"":{""available_profile_sources"":1570,""logical_devices"":2416,""mean_profile_reuse"":1.9610389610389611,""profile_bootstrap"":true,""selected_unique_profile_sources"":1232,""weight"":0.48333333333333334},""heapo_heat_pumps"":{""available_profile_sources"":1362,""logical_devices"":1292,""mean_profile_reuse"":1.0,""profile_bootstrap"":false,""selected_unique_profile_sources"":1292,""weight"":0.25833333333333336},""smart_grid_smart_city"":{""available_profile_sources"":5000,""logical_devices"":1292,""mean_profile_reuse"":1.0,""profile_bootstrap"":false,""selected_unique_profile_sources"":1292,""weight"":0.25833333333333336}}",dataset_combinations_mixed_physical_fleet_v1,,,,
predefined_mixed_scenario,S1-B,Building-heat pump-residential,建筑、热泵和带受控负荷住宅的高差异融合,aggregate,packetized_energy_management,Packetized Energy Management,O(N log N),20,4192425,4792425,dominant_minus_15pp,5000,"{""bdg2_building_data_genome"":0.3333333333333333,""heapo_heat_pumps"":0.3333333333333333,""smart_grid_smart_city"":0.3333333333333333}","{""bdg2_building_data_genome"":0.18333333333333332,""heapo_heat_pumps"":0.40833333333333327,""smart_grid_smart_city"":0.40833333333333327}","{""bdg2_building_data_genome"":916,""heapo_heat_pumps"":2042,""smart_grid_smart_city"":2042}",False,test,34.87232223208805,15.788418253986006,19.083903978102047,54.72507351558548,0.8948519999999996,0.9935840382203713,0,0.0,19.083903978102047,0.0,0.0,"{""bdg2_building_data_genome"":{""available_profile_sources"":1570,""logical_devices"":916,""mean_profile_reuse"":1.0,""profile_bootstrap"":false,""selected_unique_profile_sources"":916,""weight"":0.18333333333333332},""heapo_heat_pumps"":{""available_profile_sources"":1362,""logical_devices"":2042,""mean_profile_reuse"":1.9318826868495742,""profile_bootstrap"":true,""selected_unique_profile_sources"":1057,""weight"":0.40833333333333327},""smart_grid_smart_city"":{""available_profile_sources"":5000,""logical_devices"":2042,""mean_profile_reuse"":1.0,""profile_bootstrap"":false,""selected_unique_profile_sources"":2042,""weight"":0.40833333333333327}}",dataset_combinations_mixed_physical_fleet_v1,,,,
predefined_mixed_scenario,S1-B,Building-heat pump-residential,建筑、热泵和带受控负荷住宅的高差异融合,aggregate,packetized_energy_management,Packetized Energy Management,O(N log N),21,4192426,4792426,dominant_minus_15pp,5000,"{""bdg2_building_data_genome"":0.3333333333333333,""heapo_heat_pumps"":0.3333333333333333,""smart_grid_smart_city"":0.3333333333333333}","{""bdg2_building_data_genome"":0.18333333333333332,""heapo_heat_pumps"":0.40833333333333327,""smart_grid_smart_city"":0.40833333333333327}","{""bdg2_building_data_genome"":916,""heapo_heat_pumps"":2042,""smart_grid_smart_city"":2042}",False,test,35.114231306513624,16.177737079086587,18.936494227427037,53.928260773045466,0.8952779999999997,0.9942777807788045,0,0.0,18.936494227427037,0.0,0.0,"{""bdg2_building_data_genome"":{""available_profile_sources"":1570,""logical_devices"":916,""mean_profile_reuse"":1.0,""profile_bootstrap"":false,""selected_unique_profile_sources"":916,""weight"":0.18333333333333332},""heapo_heat_pumps"":{""available_profile_sources"":1362,""logical_devices"":2042,""mean_profile_reuse"":1.9844509232264333,""profile_bootstrap"":true,""selected_unique_profile_sources"":1029,""weight"":0.40833333333333327},""smart_grid_smart_city"":{""available_profile_sources"":5000,""logical_devices"":2042,""mean_profile_reuse"":1.0,""profile_bootstrap"":false,""selected_unique_profile_sources"":2042,""weight"":0.40833333333333327}}",dataset_combinations_mixed_physical_fleet_v1,,,,
predefined_mixed_scenario,S1-B,Building-heat pump-residential,建筑、热泵和带受控负荷住宅的高差异融合,aggregate,packetized_energy_management,Packetized Energy Management,O(N log N),22,4192427,4792427,dominant_minus_15pp,5000,"{""bdg2_building_data_genome"":0.3333333333333333,""heapo_heat_pumps"":0.3333333333333333,""smart_grid_smart_city"":0.3333333333333333}","{""bdg2_building_data_genome"":0.18333333333333332,""heapo_heat_pumps"":0.40833333333333327,""smart_grid_smart_city"":0.40833333333333327}","{""bdg2_building_data_genome"":916,""heapo_heat_pumps"":2042,""smart_grid_smart_city"":2042}",False,test,34.859109736705875,15.967418378864028,18.891691357841847,54.194417185443235,0.8961859999999999,0.9941600939185713,0,0.0,18.891691357841847,0.0,0.0,"{""bdg2_building_data_genome"":{""available_profile_sources"":1570,""logical_devices"":916,""mean_profile_reuse"":1.0,""profile_bootstrap"":false,""selected_unique_profile_sources"":916,""weight"":0.18333333333333332},""heapo_heat_pumps"":{""available_profile_sources"":1362,""logical_devices"":2042,""mean_profile_reuse"":1.9373814041745732,""profile_bootstrap"":true,""selected_unique_profile_sources"":1054,""weight"":0.40833333333333327},""smart_grid_smart_city"":{""available_profile_sources"":5000,""logical_devices"":2042,""mean_profile_reuse"":1.0,""profile_bootstrap"":false,""selected_unique_profile_sources"":2042,""weight"":0.40833333333333327}}",dataset_combinations_mixed_physical_fleet_v1,,,,
predefined_mixed_scenario,S1-B,Building-heat pump-residential,建筑、热泵和带受控负荷住宅的高差异融合,aggregate,packetized_energy_management,Packetized Energy Management,O(N log N),23,4192428,4792428,dominant_minus_15pp,5000,"{""bdg2_building_data_genome"":0.3333333333333333,""heapo_heat_pumps"":0.3333333333333333,""smart_grid_smart_city"":0.3333333333333333}","{""bdg2_building_data_genome"":0.18333333333333332,""heapo_heat_pumps"":0.40833333333333327,""smart_grid_smart_city"":0.40833333333333327}","{""bdg2_building_data_genome"":916,""heapo_heat_pumps"":2042,""smart_grid_smart_city"":2042}",False,test,35.96318710406283,16.948192149430117,19.014994954632716,52.87349783435783,0.8958879999999995,0.9942658856425616,0,0.0,19.014994954632716,0.0,0.0,"{""bdg2_building_data_genome"":{""available_profile_sources"":1570,""logical_devices"":916,""mean_profile_reuse"":1.0,""profile_bootstrap"":false,""selected_unique_profile_sources"":916,""weight"":0.18333333333333332},""heapo_heat_pumps"":{""available_profile_sources"":1362,""logical_devices"":2042,""mean_profile_reuse"":1.9578139980824545,""profile_bootstrap"":true,""selected_unique_profile_sources"":1043,""weight"":0.40833333333333327},""smart_grid_smart_city"":{""available_profile_sources"":5000,""logical_devices"":2042,""mean_profile_reuse"":1.0,""profile_bootstrap"":false,""selected_unique_profile_sources"":2042,""weight"":0.40833333333333327}}",dataset_combinations_mixed_physical_fleet_v1,,,,
predefined_mixed_scenario,S1-B,Building-heat pump-residential,建筑、热泵和带受控负荷住宅的高差异融合,aggregate,packetized_energy_management,Packetized Energy Management,O(N log N),24,4192429,4792429,dominant_minus_15pp,5000,"{""bdg2_building_data_genome"":0.3333333333333333,""heapo_heat_pumps"":0.3333333333333333,""smart_grid_smart_city"":0.3333333333333333}","{""bdg2_building_data_genome"":0.18333333333333332,""heapo_heat_pumps"":0.40833333333333327,""smart_grid_smart_city"":0.40833333333333327}","{""bdg2_building_data_genome"":916,""heapo_heat_pumps"":2042,""smart_grid_smart_city"":2042}",False,test,34.51198086158722,15.775688649480848,18.73629221210637,54.28924027064578,0.8946499999999995,0.9956761056817979,0,0.0,18.73629221210637,0.0,0.0,"{""bdg2_building_data_genome"":{""available_profile_sources"":1570,""logical_devices"":916,""mean_profile_reuse"":1.0,""profile_bootstrap"":false,""selected_unique_profile_sources"":916,""weight"":0.18333333333333332},""heapo_heat_pumps"":{""available_profile_sources"":1362,""logical_devices"":2042,""mean_profile_reuse"":1.9355450236966825,""profile_bootstrap"":true,""selected_unique_profile_sources"":1055,""weight"":0.40833333333333327},""smart_grid_smart_city"":{""available_profile_sources"":5000,""logical_devices"":2042,""mean_profile_reuse"":1.0,""profile_bootstrap"":false,""selected_unique_profile_sources"":2042,""weight"":0.40833333333333327}}",dataset_combinations_mixed_physical_fleet_v1,,,,
predefined_mixed_scenario,S1-B,Building-heat pump-residential,建筑、热泵和带受控负荷住宅的高差异融合,aggregate,packetized_energy_management,Packetized Energy Management,O(N log N),25,4192430,4792430,dominant_minus_15pp,5000,"{""bdg2_building_data_genome"":0.3333333333333333,""heapo_heat_pumps"":0.3333333333333333,""smart_grid_smart_city"":0.3333333333333333}","{""bdg2_building_data_genome"":0.18333333333333332,""heapo_heat_pumps"":0.40833333333333327,""smart_grid_smart_city"":0.40833333333333327}","{""bdg2_building_data_genome"":916,""heapo_heat_pumps"":2042,""smart_grid_smart_city"":2042}",False,test,35.58321869915716,16.544897022217206,19.03832167693995,53.50365248827505,0.8957280000000002,0.994781524002749,0,0.0,19.03832167693995,0.0,0.0,"{""bdg2_building_data_genome"":{""available_profile_sources"":1570,""logical_devices"":916,""mean_profile_reuse"":1.0,""profile_bootstrap"":false,""selected_unique_profile_sources"":916,""weight"":0.18333333333333332},""heapo_heat_pumps"":{""available_profile_sources"":1362,""logical_devices"":2042,""mean_profile_reuse"":1.9521988527724665,""profile_bootstrap"":true,""selected_unique_profile_sources"":1046,""weight"":0.40833333333333327},""smart_grid_smart_city"":{""available_profile_sources"":5000,""logical_devices"":2042,""mean_profile_reuse"":1.0,""profile_bootstrap"":false,""selected_unique_profile_sources"":2042,""weight"":0.40833333333333327}}",dataset_combinations_mixed_physical_fleet_v1,,,,
predefined_mixed_scenario,S1-B,Building-heat pump-residential,建筑、热泵和带受控负荷住宅的高差异融合,aggregate,packetized_energy_management,Packetized Energy Management,O(N log N),26,4192431,4792431,dominant_minus_15pp,5000,"{""bdg2_building_data_genome"":0.3333333333333333,""heapo_heat_pumps"":0.3333333333333333,""smart_grid_smart_city"":0.3333333333333333}","{""bdg2_building_data_genome"":0.18333333333333332,""heapo_heat_pumps"":0.40833333333333327,""smart_grid_smart_city"":0.40833333333333327}","{""bdg2_building_data_genome"":916,""heapo_heat_pumps"":2042,""smart_grid_smart_city"":2042}",False,test,36.45019587661368,17.698173327026137,18.75202254958754,51.44560159035737,0.8953599999999999,0.9949934630113755,0,0.0,18.75202254958754,0.0,0.0,"{""bdg2_building_data_genome"":{""available_profile_sources"":1570,""logical_devices"":916,""mean_profile_reuse"":1.0,""profile_bootstrap"":false,""selected_unique_profile_sources"":916,""weight"":0.18333333333333332},""heapo_heat_pumps"":{""available_profile_sources"":1362,""logical_devices"":2042,""mean_profile_reuse"":1.9691417550626809,""profile_bootstrap"":true,""selected_unique_profile_sources"":1037,""weight"":0.40833333333333327},""smart_grid_smart_city"":{""available_profile_sources"":5000,""logical_devices"":2042,""mean_profile_reuse"":1.0,""profile_bootstrap"":false,""selected_unique_profile_sources"":2042,""weight"":0.40833333333333327}}",dataset_combinations_mixed_physical_fleet_v1,,,,
predefined_mixed_scenario,S1-B,Building-heat pump-residential,建筑、热泵和带受控负荷住宅的高差异融合,aggregate,packetized_energy_management,Packetized Energy Management,O(N log N),27,4192432,4792432,dominant_minus_15pp,5000,"{""bdg2_building_data_genome"":0.3333333333333333,""heapo_heat_pumps"":0.3333333333333333,""smart_grid_smart_city"":0.3333333333333333}","{""bdg2_building_data_genome"":0.18333333333333332,""heapo_heat_pumps"":0.40833333333333327,""smart_grid_smart_city"":0.40833333333333327}","{""bdg2_building_data_genome"":916,""heapo_heat_pumps"":2042,""smart_grid_smart_city"":2042}",False,test,35.64816180688353,16.893478190646405,18.754683616237124,52.610520895401855,0.8947139999999998,0.9944995467533112,0,0.0,18.754683616237124,0.0,0.0,"{""bdg2_building_data_genome"":{""available_profile_sources"":1570,""logical_devices"":916,""mean_profile_reuse"":1.0,""profile_bootstrap"":false,""selected_unique_profile_sources"":916,""weight"":0.18333333333333332},""heapo_heat_pumps"":{""available_profile_sources"":1362,""logical_devices"":2042,""mean_profile_reuse"":1.919172932330827,""profile_bootstrap"":true,""selected_unique_profile_sources"":1064,""weight"":0.40833333333333327},""smart_grid_smart_city"":{""available_profile_sources"":5000,""logical_devices"":2042,""mean_profile_reuse"":1.0,""profile_bootstrap"":false,""selected_unique_profile_sources"":2042,""weight"":0.40833333333333327}}",dataset_combinations_mixed_physical_fleet_v1,,,,
predefined_mixed_scenario,S1-B,Building-heat pump-residential,建筑、热泵和带受控负荷住宅的高差异融合,aggregate,packetized_energy_management,Packetized Energy Management,O(N log N),28,4192433,4792433,dominant_minus_15pp,5000,"{""bdg2_building_data_genome"":0.3333333333333333,""heapo_heat_pumps"":0.3333333333333333,""smart_grid_smart_city"":0.3333333333333333}","{""bdg2_building_data_genome"":0.18333333333333332,""heapo_heat_pumps"":0.40833333333333327,""smart_grid_smart_city"":0.40833333333333327}","{""bdg2_building_data_genome"":916,""heapo_heat_pumps"":2042,""smart_grid_smart_city"":2042}",False,test,35.78806254278101,16.87882762923943,18.90923491354158,52.83671026040457,0.8966379999999998,0.9951074044123401,0,0.0,18.90923491354158,0.0,0.0,"{""bdg2_building_data_genome"":{""available_profile_sources"":1570,""logical_devices"":916,""mean_profile_reuse"":1.0,""profile_bootstrap"":false,""selected_unique_profile_sources"":916,""weight"":0.18333333333333332},""heapo_heat_pumps"":{""available_profile_sources"":1362,""logical_devices"":2042,""mean_profile_reuse"":1.9318826868495742,""profile_bootstrap"":true,""selected_unique_profile_sources"":1057,""weight"":0.40833333333333327},""smart_grid_smart_city"":{""available_profile_sources"":5000,""logical_devices"":2042,""mean_profile_reuse"":1.0,""profile_bootstrap"":false,""selected_unique_profile_sources"":2042,""weight"":0.40833333333333327}}",dataset_combinations_mixed_physical_fleet_v1,,,,
predefined_mixed_scenario,S1-B,Building-heat pump-residential,建筑、热泵和带受控负荷住宅的高差异融合,aggregate,packetized_energy_management,Packetized Energy Management,O(N log N),29,4192434,4792434,dominant_minus_15pp,5000,"{""bdg2_building_data_genome"":0.3333333333333333,""heapo_heat_pumps"":0.3333333333333333,""smart_grid_smart_city"":0.3333333333333333}","{""bdg2_building_data_genome"":0.18333333333333332,""heapo_heat_pumps"":0.40833333333333327,""smart_grid_smart_city"":0.40833333333333327}","{""bdg2_building_data_genome"":916,""heapo_heat_pumps"":2042,""smart_grid_smart_city"":2042}",False,test,35.277225187284394,16.48925377208285,18.787971415201543,53.25807604044105,0.8947179999999999,0.9948494726491709,0,0.0,18.787971415201543,0.0,0.0,"{""bdg2_building_data_genome"":{""available_profile_sources"":1570,""logical_devices"":916,""mean_profile_reuse"":1.0,""profile_bootstrap"":false,""selected_unique_profile_sources"":916,""weight"":0.18333333333333332},""heapo_heat_pumps"":{""available_profile_sources"":1362,""logical_devices"":2042,""mean_profile_reuse"":1.933712121212121,""profile_bootstrap"":true,""selected_unique_profile_sources"":1056,""weight"":0.40833333333333327},""smart_grid_smart_city"":{""available_profile_sources"":5000,""logical_devices"":2042,""mean_profile_reuse"":1.0,""profile_bootstrap"":false,""selected_unique_profile_sources"":2042,""weight"":0.40833333333333327}}",dataset_combinations_mixed_physical_fleet_v1,,,,
predefined_mixed_scenario,S1-B,Building-heat pump-residential,建筑、热泵和带受控负荷住宅的高差异融合,aggregate,transactive_control,Transactive control,O(N log N),0,4192405,4892405,nominal,5000,"{""bdg2_building_data_genome"":0.3333333333333333,""heapo_heat_pumps"":0.3333333333333333,""smart_grid_smart_city"":0.3333333333333333}","{""bdg2_building_data_genome"":0.3333333333333333,""heapo_heat_pumps"":0.3333333333333333,""smart_grid_smart_city"":0.3333333333333333}","{""bdg2_building_data_genome"":1667,""heapo_heat_pumps"":1667,""smart_grid_smart_city"":1666}",False,test,33.770062841823574,12.201629256661526,21.568433585162047,63.868502958336094,0.8953080000000005,0.9941254732696242,0,0.0,21.583813414358417,0.015379829196369807,0.0,"{""bdg2_building_data_genome"":{""available_profile_sources"":1570,""logical_devices"":1667,""mean_profile_reuse"":1.6603585657370519,""profile_bootstrap"":true,""selected_unique_profile_sources"":1004,""weight"":0.3333333333333333},""heapo_heat_pumps"":{""available_profile_sources"":1362,""logical_devices"":1667,""mean_profile_reuse"":1.727461139896373,""profile_bootstrap"":true,""selected_unique_profile_sources"":965,""weight"":0.3333333333333333},""smart_grid_smart_city"":{""available_profile_sources"":5000,""logical_devices"":1666,""mean_profile_reuse"":1.0,""profile_bootstrap"":false,""selected_unique_profile_sources"":1666,""weight"":0.3333333333333333}}",dataset_combinations_mixed_physical_fleet_v1,,,,
predefined_mixed_scenario,S1-B,Building-heat pump-residential,建筑、热泵和带受控负荷住宅的高差异融合,aggregate,transactive_control,Transactive control,O(N log N),1,4192406,4892406,nominal,5000,"{""bdg2_building_data_genome"":0.3333333333333333,""heapo_heat_pumps"":0.3333333333333333,""smart_grid_smart_city"":0.3333333333333333}","{""bdg2_building_data_genome"":0.3333333333333333,""heapo_heat_pumps"":0.3333333333333333,""smart_grid_smart_city"":0.3333333333333333}","{""bdg2_building_data_genome"":1667,""heapo_heat_pumps"":1667,""smart_grid_smart_city"":1666}",False,test,34.60258790505812,12.766910897610746,21.835677007447376,63.10417321201427,0.8949139999999988,0.9945863845226159,0,0.0,21.835677007447376,0.0,0.0,"{""bdg2_building_data_genome"":{""available_profile_sources"":1570,""logical_devices"":1667,""mean_profile_reuse"":1.6168768186226965,""profile_bootstrap"":true,""selected_unique_profile_sources"":1031,""weight"":0.3333333333333333},""heapo_heat_pumps"":{""available_profile_sources"":1362,""logical_devices"":1667,""mean_profile_reuse"":1.7346514047866806,""profile_bootstrap"":true,""selected_unique_profile_sources"":961,""weight"":0.3333333333333333},""smart_grid_smart_city"":{""available_profile_sources"":5000,""logical_devices"":1666,""mean_profile_reuse"":1.0,""profile_bootstrap"":false,""selected_unique_profile_sources"":1666,""weight"":0.3333333333333333}}",dataset_combinations_mixed_physical_fleet_v1,,,,
predefined_mixed_scenario,S1-B,Building-heat pump-residential,建筑、热泵和带受控负荷住宅的高差异融合,aggregate,transactive_control,Transactive control,O(N log N),2,4192407,4892407,nominal,5000,"{""bdg2_building_data_genome"":0.3333333333333333,""heapo_heat_pumps"":0.3333333333333333,""smart_grid_smart_city"":0.3333333333333333}","{""bdg2_building_data_genome"":0.3333333333333333,""heapo_heat_pumps"":0.3333333333333333,""smart_grid_smart_city"":0.3333333333333333}","{""bdg2_building_data_genome"":1667,""heapo_heat_pumps"":1667,""smart_grid_smart_city"":1666}",False,test,34.571407372048384,13.129840801675133,21.44156657037325,62.02109835918671,0.8935520000000002,0.9928219421625037,0,0.0,21.510904625714936,0.06933805534168604,0.0,"{""bdg2_building_data_genome"":{""available_profile_sources"":1570,""logical_devices"":1667,""mean_profile_reuse"":1.5921680993314231,""profile_bootstrap"":true,""selected_unique_profile_sources"":1047,""weight"":0.3333333333333333},""heapo_heat_pumps"":{""available_profile_sources"":1362,""logical_devices"":1667,""mean_profile_reuse"":1.7132579650565263,""profile_bootstrap"":true,""selected_unique_profile_sources"":973,""weight"":0.3333333333333333},""smart_grid_smart_city"":{""available_profile_sources"":5000,""logical_devices"":1666,""mean_profile_reuse"":1.0,""profile_bootstrap"":false,""selected_unique_profile_sources"":1666,""weight"":0.3333333333333333}}",dataset_combinations_mixed_physical_fleet_v1,,,,
predefined_mixed_scenario,S1-B,Building-heat pump-residential,建筑、热泵和带受控负荷住宅的高差异融合,aggregate,transactive_control,Transactive control,O(N log N),3,4192408,4892408,nominal,5000,"{""bdg2_building_data_genome"":0.3333333333333333,""heapo_heat_pumps"":0.3333333333333333,""smart_grid_smart_city"":0.3333333333333333}","{""bdg2_building_data_genome"":0.3333333333333333,""heapo_heat_pumps"":0.3333333333333333,""smart_grid_smart_city"":0.3333333333333333}","{""bdg2_building_data_genome"":1667,""heapo_heat_pumps"":1667,""smart_grid_smart_city"":1666}",False,test,34.40789121539473,12.65560981672148,21.752281398673247,63.218874014984316,0.8936060000000008,0.9939743006355047,0,0.0,21.752281398673247,0.0,0.0,"{""bdg2_building_data_genome"":{""available_profile_sources"":1570,""logical_devices"":1667,""mean_profile_reuse"":1.6359175662414132,""profile_bootstrap"":true,""selected_unique_profile_sources"":1019,""weight"":0.3333333333333333},""heapo_heat_pumps"":{""available_profile_sources"":1362,""logical_devices"":1667,""mean_profile_reuse"":1.7185567010309277,""profile_bootstrap"":true,""selected_unique_profile_sources"":970,""weight"":0.3333333333333333},""smart_grid_smart_city"":{""available_profile_sources"":5000,""logical_devices"":1666,""mean_profile_reuse"":1.0,""profile_bootstrap"":false,""selected_unique_profile_sources"":1666,""weight"":0.3333333333333333}}",dataset_combinations_mixed_physical_fleet_v1,,,,
predefined_mixed_scenario,S1-B,Building-heat pump-residential,建筑、热泵和带受控负荷住宅的高差异融合,aggregate,transactive_control,Transactive control,O(N log N),4,4192409,4892409,nominal,5000,"{""bdg2_building_data_genome"":0.3333333333333333,""heapo_heat_pumps"":0.3333333333333333,""smart_grid_smart_city"":0.3333333333333333}","{""bdg2_building_data_genome"":0.3333333333333333,""heapo_heat_pumps"":0.3333333333333333,""smart_grid_smart_city"":0.3333333333333333}","{""bdg2_building_data_genome"":1667,""heapo_heat_pumps"":1667,""smart_grid_smart_city"":1666}",False,test,34.22166491262871,12.489889860042265,21.731775052586446,63.50297423596956,0.8943359999999999,0.9942673444287605,0,0.0,21.77172618723851,0.03995113465206439,0.0,"{""bdg2_building_data_genome"":{""available_profile_sources"":1570,""logical_devices"":1667,""mean_profile_reuse"":1.629521016617791,""profile_bootstrap"":true,""selected_unique_profile_sources"":1023,""weight"":0.3333333333333333},""heapo_heat_pumps"":{""available_profile_sources"":1362,""logical_devices"":1667,""mean_profile_reuse"":1.7455497382198952,""profile_bootstrap"":true,""selected_unique_profile_sources"":955,""weight"":0.3333333333333333},""smart_grid_smart_city"":{""available_profile_sources"":5000,""logical_devices"":1666,""mean_profile_reuse"":1.0,""profile_bootstrap"":false,""selected_unique_profile_sources"":1666,""weight"":0.3333333333333333}}",dataset_combinations_mixed_physical_fleet_v1,,,,
predefined_mixed_scenario,S1-B,Building-heat pump-residential,建筑、热泵和带受控负荷住宅的高差异融合,aggregate,transactive_control,Transactive control,O(N log N),5,4192410,4892410,nominal,5000,"{""bdg2_building_data_genome"":0.3333333333333333,""heapo_heat_pumps"":0.3333333333333333,""smart_grid_smart_city"":0.3333333333333333}","{""bdg2_building_data_genome"":0.3333333333333333,""heapo_heat_pumps"":0.3333333333333333,""smart_grid_smart_city"":0.3333333333333333}","{""bdg2_building_data_genome"":1667,""heapo_heat_pumps"":1667,""smart_grid_smart_city"":1666}",False,test,33.40390885113893,11.910004913239963,21.493903937898967,64.34547535644505,0.894052,0.997083529148859,0,0.0,21.625361796912152,0.1314578590131844,0.0,"{""bdg2_building_data_genome"":{""available_profile_sources"":1570,""logical_devices"":1667,""mean_profile_reuse"":1.6311154598825832,""profile_bootstrap"":true,""selected_unique_profile_sources"":1022,""weight"":0.3333333333333333},""heapo_heat_pumps"":{""available_profile_sources"":1362,""logical_devices"":1667,""mean_profile_reuse"":1.741901776384535,""profile_bootstrap"":true,""selected_unique_profile_sources"":957,""weight"":0.3333333333333333},""smart_grid_smart_city"":{""available_profile_sources"":5000,""logical_devices"":1666,""mean_profile_reuse"":1.0,""profile_bootstrap"":false,""selected_unique_profile_sources"":1666,""weight"":0.3333333333333333}}",dataset_combinations_mixed_physical_fleet_v1,,,,
predefined_mixed_scenario,S1-B,Building-heat pump-residential,建筑、热泵和带受控负荷住宅的高差异融合,aggregate,transactive_control,Transactive control,O(N log N),6,4192411,4892411,nominal,5000,"{""bdg2_building_data_genome"":0.3333333333333333,""heapo_heat_pumps"":0.3333333333333333,""smart_grid_smart_city"":0.3333333333333333}","{""bdg2_building_data_genome"":0.3333333333333333,""heapo_heat_pumps"":0.3333333333333333,""smart_grid_smart_city"":0.3333333333333333}","{""bdg2_building_data_genome"":1667,""heapo_heat_pumps"":1667,""smart_grid_smart_city"":1666}",False,test,34.28020632264545,12.60240415726733,21.677802165378118,63.237081951451955,0.8945940000000004,0.9921251698860295,0,0.0,21.683174232533922,0.005372067155809039,0.0,"{""bdg2_building_data_genome"":{""available_profile_sources"":1570,""logical_devices"":1667,""mean_profile_reuse"":1.648862512363996,""profile_bootstrap"":true,""selected_unique_profile_sources"":1011,""weight"":0.3333333333333333},""heapo_heat_pumps"":{""available_profile_sources"":1362,""logical_devices"":1667,""mean_profile_reuse"":1.7473794549266248,""profile_bootstrap"":true,""selected_unique_profile_sources"":954,""weight"":0.3333333333333333},""smart_grid_smart_city"":{""available_profile_sources"":5000,""logical_devices"":1666,""mean_profile_reuse"":1.0,""profile_bootstrap"":false,""selected_unique_profile_sources"":1666,""weight"":0.3333333333333333}}",dataset_combinations_mixed_physical_fleet_v1,,,,
predefined_mixed_scenario,S1-B,Building-heat pump-residential,建筑、热泵和带受控负荷住宅的高差异融合,aggregate,transactive_control,Transactive control,O(N log N),7,4192412,4892412,nominal,5000,"{""bdg2_building_data_genome"":0.3333333333333333,""heapo_heat_pumps"":0.3333333333333333,""smart_grid_smart_city"":0.3333333333333333}","{""bdg2_building_data_genome"":0.3333333333333333,""heapo_heat_pumps"":0.3333333333333333,""smart_grid_smart_city"":0.3333333333333333}","{""bdg2_building_data_genome"":1667,""heapo_heat_pumps"":1667,""smart_grid_smart_city"":1666}",False,test,33.5646486481881,11.98834894592952,21.576299702258577,64.28281114577769,0.8946139999999999,0.9962600513526818,0,0.0,21.610494767169307,0.03419506491073207,0.0,"{""bdg2_building_data_genome"":{""available_profile_sources"":1570,""logical_devices"":1667,""mean_profile_reuse"":1.629521016617791,""profile_bootstrap"":true,""selected_unique_profile_sources"":1023,""weight"":0.3333333333333333},""heapo_heat_pumps"":{""available_profile_sources"":1362,""logical_devices"":1667,""mean_profile_reuse"":1.731048805815161,""profile_bootstrap"":true,""selected_unique_profile_sources"":963,""weight"":0.3333333333333333},""smart_grid_smart_city"":{""available_profile_sources"":5000,""logical_devices"":1666,""mean_profile_reuse"":1.0,""profile_bootstrap"":false,""selected_unique_profile_sources"":1666,""weight"":0.3333333333333333}}",dataset_combinations_mixed_physical_fleet_v1,,,,
predefined_mixed_scenario,S1-B,Building-heat pump-residential,建筑、热泵和带受控负荷住宅的高差异融合,aggregate,transactive_control,Transactive control,O(N log N),8,4192413,4892413,nominal,5000,"{""bdg2_building_data_genome"":0.3333333333333333,""heapo_heat_pumps"":0.3333333333333333,""smart_grid_smart_city"":0.3333333333333333}","{""bdg2_building_data_genome"":0.3333333333333333,""heapo_heat_pumps"":0.3333333333333333,""smart_grid_smart_city"":0.3333333333333333}","{""bdg2_building_data_genome"":1667,""heapo_heat_pumps"":1667,""smart_grid_smart_city"":1666}",False,test,35.266990334508364,13.613664864968886,21.653325469539478,61.39827998974989,0.8944260000000006,0.9936657000397658,0,0.0,21.726331217446898,0.0730057479074186,0.0,"{""bdg2_building_data_genome"":{""available_profile_sources"":1570,""logical_devices"":1667,""mean_profile_reuse"":1.6184466019417476,""profile_bootstrap"":true,""selected_unique_profile_sources"":1030,""weight"":0.3333333333333333},""heapo_heat_pumps"":{""available_profile_sources"":1362,""logical_devices"":1667,""mean_profile_reuse"":1.711498973305955,""profile_bootstrap"":true,""selected_unique_profile_sources"":974,""weight"":0.3333333333333333},""smart_grid_smart_city"":{""available_profile_sources"":5000,""logical_devices"":1666,""mean_profile_reuse"":1.0,""profile_bootstrap"":false,""selected_unique_profile_sources"":1666,""weight"":0.3333333333333333}}",dataset_combinations_mixed_physical_fleet_v1,,,,
predefined_mixed_scenario,S1-B,Building-heat pump-residential,建筑、热泵和带受控负荷住宅的高差异融合,aggregate,transactive_control,Transactive control,O(N log N),9,4192414,4892414,nominal,5000,"{""bdg2_building_data_genome"":0.3333333333333333,""heapo_heat_pumps"":0.3333333333333333,""smart_grid_smart_city"":0.3333333333333333}","{""bdg2_building_data_genome"":0.3333333333333333,""heapo_heat_pumps"":0.3333333333333333,""smart_grid_smart_city"":0.3333333333333333}","{""bdg2_building_data_genome"":1667,""heapo_heat_pumps"":1667,""smart_grid_smart_city"":1666}",False,test,35.3534098498996,13.760719212522599,21.592690637377,61.076684622652664,0.8946980000000001,0.9916150098645962,0,0.0,21.691087463155505,0.0983968257785053,0.0,"{""bdg2_building_data_genome"":{""available_profile_sources"":1570,""logical_devices"":1667,""mean_profile_reuse"":1.620019436345967,""profile_bootstrap"":true,""selected_unique_profile_sources"":1029,""weight"":0.3333333333333333},""heapo_heat_pumps"":{""available_profile_sources"":1362,""logical_devices"":1667,""mean_profile_reuse"":1.7565858798735512,""profile_bootstrap"":true,""selected_unique_profile_sources"":949,""weight"":0.3333333333333333},""smart_grid_smart_city"":{""available_profile_sources"":5000,""logical_devices"":1666,""mean_profile_reuse"":1.0,""profile_bootstrap"":false,""selected_unique_profile_sources"":1666,""weight"":0.3333333333333333}}",dataset_combinations_mixed_physical_fleet_v1,,,,
predefined_mixed_scenario,S1-B,Building-heat pump-residential,建筑、热泵和带受控负荷住宅的高差异融合,aggregate,transactive_control,Transactive control,O(N log N),10,4192415,4892415,dominant_plus_15pp,5000,"{""bdg2_building_data_genome"":0.3333333333333333,""heapo_heat_pumps"":0.3333333333333333,""smart_grid_smart_city"":0.3333333333333333}","{""bdg2_building_data_genome"":0.48333333333333334,""heapo_heat_pumps"":0.25833333333333336,""smart_grid_smart_city"":0.25833333333333336}","{""bdg2_building_data_genome"":2416,""heapo_heat_pumps"":1292,""smart_grid_smart_city"":1292}",False,test,32.07470647466447,10.977300475492562,21.097405999171905,65.77583497400533,0.8955760000000001,0.9983879923642173,0,0.0,21.224627647486976,0.12722164831507116,0.0,"{""bdg2_building_data_genome"":{""available_profile_sources"":1570,""logical_devices"":2416,""mean_profile_reuse"":1.973856209150327,""profile_bootstrap"":true,""selected_unique_profile_sources"":1224,""weight"":0.48333333333333334},""heapo_heat_pumps"":{""available_profile_sources"":1362,""logical_devices"":1292,""mean_profile_reuse"":1.0,""profile_bootstrap"":false,""selected_unique_profile_sources"":1292,""weight"":0.25833333333333336},""smart_grid_smart_city"":{""available_profile_sources"":5000,""logical_devices"":1292,""mean_profile_reuse"":1.0,""profile_bootstrap"":false,""selected_unique_profile_sources"":1292,""weight"":0.25833333333333336}}",dataset_combinations_mixed_physical_fleet_v1,,,,
predefined_mixed_scenario,S1-B,Building-heat pump-residential,建筑、热泵和带受控负荷住宅的高差异融合,aggregate,transactive_control,Transactive control,O(N log N),11,4192416,4892416,dominant_plus_15pp,5000,"{""bdg2_building_data_genome"":0.3333333333333333,""heapo_heat_pumps"":0.3333333333333333,""smart_grid_smart_city"":0.3333333333333333}","{""bdg2_building_data_genome"":0.48333333333333334,""heapo_heat_pumps"":0.25833333333333336,""smart_grid_smart_city"":0.25833333333333336}","{""bdg2_building_data_genome"":2416,""heapo_heat_pumps"":1292,""smart_grid_smart_city"":1292}",False,test,31.991966856819207,10.548328617319953,21.443638239499254,67.02819597016575,0.8939279999999997,0.9981275991896036,0,0.0,21.577238874613425,0.13360063511416978,0.0,"{""bdg2_building_data_genome"":{""available_profile_sources"":1570,""logical_devices"":2416,""mean_profile_reuse"":1.9770867430441899,""profile_bootstrap"":true,""selected_unique_profile_sources"":1222,""weight"":0.48333333333333334},""heapo_heat_pumps"":{""available_profile_sources"":1362,""logical_devices"":1292,""mean_profile_reuse"":1.0,""profile_bootstrap"":false,""selected_unique_profile_sources"":1292,""weight"":0.25833333333333336},""smart_grid_smart_city"":{""available_profile_sources"":5000,""logical_devices"":1292,""mean_profile_reuse"":1.0,""profile_bootstrap"":false,""selected_unique_profile_sources"":1292,""weight"":0.25833333333333336}}",dataset_combinations_mixed_physical_fleet_v1,,,,
predefined_mixed_scenario,S1-B,Building-heat pump-residential,建筑、热泵和带受控负荷住宅的高差异融合,aggregate,transactive_control,Transactive control,O(N log N),12,4192417,4892417,dominant_plus_15pp,5000,"{""bdg2_building_data_genome"":0.3333333333333333,""heapo_heat_pumps"":0.3333333333333333,""smart_grid_smart_city"":0.3333333333333333}","{""bdg2_building_data_genome"":0.48333333333333334,""heapo_heat_pumps"":0.25833333333333336,""smart_grid_smart_city"":0.25833333333333336}","{""bdg2_building_data_genome"":2416,""heapo_heat_pumps"":1292,""smart_grid_smart_city"":1292}",False,test,31.876280372356973,10.634721239301232,21.24155913305574,66.63750878372987,0.8947499999999998,0.9991553255488314,0,0.0,21.388737501755195,0.14717836869945597,0.0,"{""bdg2_building_data_genome"":{""available_profile_sources"":1570,""logical_devices"":2416,""mean_profile_reuse"":1.9722448979591836,""profile_bootstrap"":true,""selected_unique_profile_sources"":1225,""weight"":0.48333333333333334},""heapo_heat_pumps"":{""available_profile_sources"":1362,""logical_devices"":1292,""mean_profile_reuse"":1.0,""profile_bootstrap"":false,""selected_unique_profile_sources"":1292,""weight"":0.25833333333333336},""smart_grid_smart_city"":{""available_profile_sources"":5000,""logical_devices"":1292,""mean_profile_reuse"":1.0,""profile_bootstrap"":false,""selected_unique_profile_sources"":1292,""weight"":0.25833333333333336}}",dataset_combinations_mixed_physical_fleet_v1,,,,
predefined_mixed_scenario,S1-B,Building-heat pump-residential,建筑、热泵和带受控负荷住宅的高差异融合,aggregate,transactive_control,Transactive control,O(N log N),13,4192418,4892418,dominant_plus_15pp,5000,"{""bdg2_building_data_genome"":0.3333333333333333,""heapo_heat_pumps"":0.3333333333333333,""smart_grid_smart_city"":0.3333333333333333}","{""bdg2_building_data_genome"":0.48333333333333334,""heapo_heat_pumps"":0.25833333333333336,""smart_grid_smart_city"":0.25833333333333336}","{""bdg2_building_data_genome"":2416,""heapo_heat_pumps"":1292,""smart_grid_smart_city"":1292}",False,test,32.53467567659086,11.361508921775865,21.173166754814993,65.07877000307514,0.89465,0.9976983382075237,0,0.0,21.275265474176123,0.10209871936112916,0.0,"{""bdg2_building_data_genome"":{""available_profile_sources"":1570,""logical_devices"":2416,""mean_profile_reuse"":1.9754701553556828,""profile_bootstrap"":true,""selected_unique_profile_sources"":1223,""weight"":0.48333333333333334},""heapo_heat_pumps"":{""available_profile_sources"":1362,""logical_devices"":1292,""mean_profile_reuse"":1.0,""profile_bootstrap"":false,""selected_unique_profile_sources"":1292,""weight"":0.25833333333333336},""smart_grid_smart_city"":{""available_profile_sources"":5000,""logical_devices"":1292,""mean_profile_reuse"":1.0,""profile_bootstrap"":false,""selected_unique_profile_sources"":1292,""weight"":0.25833333333333336}}",dataset_combinations_mixed_physical_fleet_v1,,,,
predefined_mixed_scenario,S1-B,Building-heat pump-residential,建筑、热泵和带受控负荷住宅的高差异融合,aggregate,transactive_control,Transactive control,O(N log N),14,4192419,4892419,dominant_plus_15pp,5000,"{""bdg2_building_data_genome"":0.3333333333333333,""heapo_heat_pumps"":0.3333333333333333,""smart_grid_smart_city"":0.3333333333333333}","{""bdg2_building_data_genome"":0.48333333333333334,""heapo_heat_pumps"":0.25833333333333336,""smart_grid_smart_city"":0.25833333333333336}","{""bdg2_building_data_genome"":2416,""heapo_heat_pumps"":1292,""smart_grid_smart_city"":1292}",False,test,31.914512405800075,10.682858293380363,21.23165411241971,66.52664418761765,0.8953079999999993,0.997476074004304,0,0.0,21.358545445281372,0.1268913328616633,0.0,"{""bdg2_building_data_genome"":{""available_profile_sources"":1570,""logical_devices"":2416,""mean_profile_reuse"":1.9562753036437246,""profile_bootstrap"":true,""selected_unique_profile_sources"":1235,""weight"":0.48333333333333334},""heapo_heat_pumps"":{""available_profile_sources"":1362,""logical_devices"":1292,""mean_profile_reuse"":1.0,""profile_bootstrap"":false,""selected_unique_profile_sources"":1292,""weight"":0.25833333333333336},""smart_grid_smart_city"":{""available_profile_sources"":5000,""logical_devices"":1292,""mean_profile_reuse"":1.0,""profile_bootstrap"":false,""selected_unique_profile_sources"":1292,""weight"":0.25833333333333336}}",dataset_combinations_mixed_physical_fleet_v1,,,,
predefined_mixed_scenario,S1-B,Building-heat pump-residential,建筑、热泵和带受控负荷住宅的高差异融合,aggregate,transactive_control,Transactive control,O(N log N),15,4192420,4892420,dominant_plus_15pp,5000,"{""bdg2_building_data_genome"":0.3333333333333333,""heapo_heat_pumps"":0.3333333333333333,""smart_grid_smart_city"":0.3333333333333333}","{""bdg2_building_data_genome"":0.48333333333333334,""heapo_heat_pumps"":0.25833333333333336,""smart_grid_smart_city"":0.25833333333333336}","{""bdg2_building_data_genome"":2416,""heapo_heat_pumps"":1292,""smart_grid_smart_city"":1292}",False,test,34.494743203181436,13.077111080153472,21.417632123027964,62.089553752795084,0.89639,0.9959103175476051,0,0.0,21.42222827830413,0.004596155276165442,0.0,"{""bdg2_building_data_genome"":{""available_profile_sources"":1570,""logical_devices"":2416,""mean_profile_reuse"":1.980327868852459,""profile_bootstrap"":true,""selected_unique_profile_sources"":1220,""weight"":0.48333333333333334},""heapo_heat_pumps"":{""available_profile_sources"":1362,""logical_devices"":1292,""mean_profile_reuse"":1.0,""profile_bootstrap"":false,""selected_unique_profile_sources"":1292,""weight"":0.25833333333333336},""smart_grid_smart_city"":{""available_profile_sources"":5000,""logical_devices"":1292,""mean_profile_reuse"":1.0,""profile_bootstrap"":false,""selected_unique_profile_sources"":1292,""weight"":0.25833333333333336}}",dataset_combinations_mixed_physical_fleet_v1,,,,
predefined_mixed_scenario,S1-B,Building-heat pump-residential,建筑、热泵和带受控负荷住宅的高差异融合,aggregate,transactive_control,Transactive control,O(N log N),16,4192421,4892421,dominant_plus_15pp,5000,"{""bdg2_building_data_genome"":0.3333333333333333,""heapo_heat_pumps"":0.3333333333333333,""smart_grid_smart_city"":0.3333333333333333}","{""bdg2_building_data_genome"":0.48333333333333334,""heapo_heat_pumps"":0.25833333333333336,""smart_grid_smart_city"":0.25833333333333336}","{""bdg2_building_data_genome"":2416,""heapo_heat_pumps"":1292,""smart_grid_smart_city"":1292}",False,test,33.196111626875876,11.413244549060014,21.78286707781586,65.61873065934702,0.8941739999999999,0.9978462084930746,0,0.0,21.886264608354065,0.10339753053820057,0.0,"{""bdg2_building_data_genome"":{""available_profile_sources"":1570,""logical_devices"":2416,""mean_profile_reuse"":1.949959644874899,""profile_bootstrap"":true,""selected_unique_profile_sources"":1239,""weight"":0.48333333333333334},""heapo_heat_pumps"":{""available_profile_sources"":1362,""logical_devices"":1292,""mean_profile_reuse"":1.0,""profile_bootstrap"":false,""selected_unique_profile_sources"":1292,""weight"":0.25833333333333336},""smart_grid_smart_city"":{""available_profile_sources"":5000,""logical_devices"":1292,""mean_profile_reuse"":1.0,""profile_bootstrap"":false,""selected_unique_profile_sources"":1292,""weight"":0.25833333333333336}}",dataset_combinations_mixed_physical_fleet_v1,,,,
predefined_mixed_scenario,S1-B,Building-heat pump-residential,建筑、热泵和带受控负荷住宅的高差异融合,aggregate,transactive_control,Transactive control,O(N log N),17,4192422,4892422,dominant_plus_15pp,5000,"{""bdg2_building_data_genome"":0.3333333333333333,""heapo_heat_pumps"":0.3333333333333333,""smart_grid_smart_city"":0.3333333333333333}","{""bdg2_building_data_genome"":0.48333333333333334,""heapo_heat_pumps"":0.25833333333333336,""smart_grid_smart_city"":0.25833333333333336}","{""bdg2_building_data_genome"":2416,""heapo_heat_pumps"":1292,""smart_grid_smart_city"":1292}",False,test,31.445672370428387,9.86738315861087,21.578289211817516,68.62085490692134,0.8942840000000004,0.9984781092271215,0,0.0,21.826897002830535,0.2486077910130166,0.0,"{""bdg2_building_data_genome"":{""available_profile_sources"":1570,""logical_devices"":2416,""mean_profile_reuse"":1.9483870967741936,""profile_bootstrap"":true,""selected_unique_profile_sources"":1240,""weight"":0.48333333333333334},""heapo_heat_pumps"":{""available_profile_sources"":1362,""logical_devices"":1292,""mean_profile_reuse"":1.0,""profile_bootstrap"":false,""selected_unique_profile_sources"":1292,""weight"":0.25833333333333336},""smart_grid_smart_city"":{""available_profile_sources"":5000,""logical_devices"":1292,""mean_profile_reuse"":1.0,""profile_bootstrap"":false,""selected_unique_profile_sources"":1292,""weight"":0.25833333333333336}}",dataset_combinations_mixed_physical_fleet_v1,,,,
predefined_mixed_scenario,S1-B,Building-heat pump-residential,建筑、热泵和带受控负荷住宅的高差异融合,aggregate,transactive_control,Transactive control,O(N log N),18,4192423,4892423,dominant_plus_15pp,5000,"{""bdg2_building_data_genome"":0.3333333333333333,""heapo_heat_pumps"":0.3333333333333333,""smart_grid_smart_city"":0.3333333333333333}","{""bdg2_building_data_genome"":0.48333333333333334,""heapo_heat_pumps"":0.25833333333333336,""smart_grid_smart_city"":0.25833333333333336}","{""bdg2_building_data_genome"":2416,""heapo_heat_pumps"":1292,""smart_grid_smart_city"":1292}",False,test,33.11740021659258,11.70692588380619,21.41047433278639,64.65022674714439,0.8954159999999999,0.9960773615135453,0,0.0,21.505409418615567,0.09493508582917659,0.0,"{""bdg2_building_data_genome"":{""available_profile_sources"":1570,""logical_devices"":2416,""mean_profile_reuse"":1.9835796387520526,""profile_bootstrap"":true,""selected_unique_profile_sources"":1218,""weight"":0.48333333333333334},""heapo_heat_pumps"":{""available_profile_sources"":1362,""logical_devices"":1292,""mean_profile_reuse"":1.0,""profile_bootstrap"":false,""selected_unique_profile_sources"":1292,""weight"":0.25833333333333336},""smart_grid_smart_city"":{""available_profile_sources"":5000,""logical_devices"":1292,""mean_profile_reuse"":1.0,""profile_bootstrap"":false,""selected_unique_profile_sources"":1292,""weight"":0.25833333333333336}}",dataset_combinations_mixed_physical_fleet_v1,,,,
predefined_mixed_scenario,S1-B,Building-heat pump-residential,建筑、热泵和带受控负荷住宅的高差异融合,aggregate,transactive_control,Transactive control,O(N log N),19,4192424,4892424,dominant_plus_15pp,5000,"{""bdg2_building_data_genome"":0.3333333333333333,""heapo_heat_pumps"":0.3333333333333333,""smart_grid_smart_city"":0.3333333333333333}","{""bdg2_building_data_genome"":0.48333333333333334,""heapo_heat_pumps"":0.25833333333333336,""smart_grid_smart_city"":0.25833333333333336}","{""bdg2_building_data_genome"":2416,""heapo_heat_pumps"":1292,""smart_grid_smart_city"":1292}",False,test,32.491653088509615,10.985407329658564,21.50624575885105,66.19006333801016,0.8950100000000004,0.998039263093324,0,0.0,21.70693096925798,0.20068521040692355,0.0,"{""bdg2_building_data_genome"":{""available_profile_sources"":1570,""logical_devices"":2416,""mean_profile_reuse"":1.9610389610389611,""profile_bootstrap"":true,""selected_unique_profile_sources"":1232,""weight"":0.48333333333333334},""heapo_heat_pumps"":{""available_profile_sources"":1362,""logical_devices"":1292,""mean_profile_reuse"":1.0,""profile_bootstrap"":false,""selected_unique_profile_sources"":1292,""weight"":0.25833333333333336},""smart_grid_smart_city"":{""available_profile_sources"":5000,""logical_devices"":1292,""mean_profile_reuse"":1.0,""profile_bootstrap"":false,""selected_unique_profile_sources"":1292,""weight"":0.25833333333333336}}",dataset_combinations_mixed_physical_fleet_v1,,,,
predefined_mixed_scenario,S1-B,Building-heat pump-residential,建筑、热泵和带受控负荷住宅的高差异融合,aggregate,transactive_control,Transactive control,O(N log N),20,4192425,4892425,dominant_minus_15pp,5000,"{""bdg2_building_data_genome"":0.3333333333333333,""heapo_heat_pumps"":0.3333333333333333,""smart_grid_smart_city"":0.3333333333333333}","{""bdg2_building_data_genome"":0.18333333333333332,""heapo_heat_pumps"":0.40833333333333327,""smart_grid_smart_city"":0.40833333333333327}","{""bdg2_building_data_genome"":916,""heapo_heat_pumps"":2042,""smart_grid_smart_city"":2042}",False,test,34.87232223208805,13.04986585967044,21.822456372417612,62.57815647372489,0.8948519999999996,0.992481571834772,0,0.0,21.836501294897133,0.014044922479524945,0.0,"{""bdg2_building_data_genome"":{""available_profile_sources"":1570,""logical_devices"":916,""mean_profile_reuse"":1.0,""profile_bootstrap"":false,""selected_unique_profile_sources"":916,""weight"":0.18333333333333332},""heapo_heat_pumps"":{""available_profile_sources"":1362,""logical_devices"":2042,""mean_profile_reuse"":1.9318826868495742,""profile_bootstrap"":true,""selected_unique_profile_sources"":1057,""weight"":0.40833333333333327},""smart_grid_smart_city"":{""available_profile_sources"":5000,""logical_devices"":2042,""mean_profile_reuse"":1.0,""profile_bootstrap"":false,""selected_unique_profile_sources"":2042,""weight"":0.40833333333333327}}",dataset_combinations_mixed_physical_fleet_v1,,,,
predefined_mixed_scenario,S1-B,Building-heat pump-residential,建筑、热泵和带受控负荷住宅的高差异融合,aggregate,transactive_control,Transactive control,O(N log N),21,4192426,4892426,dominant_minus_15pp,5000,"{""bdg2_building_data_genome"":0.3333333333333333,""heapo_heat_pumps"":0.3333333333333333,""smart_grid_smart_city"":0.3333333333333333}","{""bdg2_building_data_genome"":0.18333333333333332,""heapo_heat_pumps"":0.40833333333333327,""smart_grid_smart_city"":0.40833333333333327}","{""bdg2_building_data_genome"":916,""heapo_heat_pumps"":2042,""smart_grid_smart_city"":2042}",False,test,35.114231306513624,13.431338872494859,21.682892434018765,61.74958592927144,0.8952779999999997,0.9935457772311543,0,0.0,21.682892434018765,0.0,0.0,"{""bdg2_building_data_genome"":{""available_profile_sources"":1570,""logical_devices"":916,""mean_profile_reuse"":1.0,""profile_bootstrap"":false,""selected_unique_profile_sources"":916,""weight"":0.18333333333333332},""heapo_heat_pumps"":{""available_profile_sources"":1362,""logical_devices"":2042,""mean_profile_reuse"":1.9844509232264333,""profile_bootstrap"":true,""selected_unique_profile_sources"":1029,""weight"":0.40833333333333327},""smart_grid_smart_city"":{""available_profile_sources"":5000,""logical_devices"":2042,""mean_profile_reuse"":1.0,""profile_bootstrap"":false,""selected_unique_profile_sources"":2042,""weight"":0.40833333333333327}}",dataset_combinations_mixed_physical_fleet_v1,,,,
predefined_mixed_scenario,S1-B,Building-heat pump-residential,建筑、热泵和带受控负荷住宅的高差异融合,aggregate,transactive_control,Transactive control,O(N log N),22,4192427,4892427,dominant_minus_15pp,5000,"{""bdg2_building_data_genome"":0.3333333333333333,""heapo_heat_pumps"":0.3333333333333333,""smart_grid_smart_city"":0.3333333333333333}","{""bdg2_building_data_genome"":0.18333333333333332,""heapo_heat_pumps"":0.40833333333333327,""smart_grid_smart_city"":0.40833333333333327}","{""bdg2_building_data_genome"":916,""heapo_heat_pumps"":2042,""smart_grid_smart_city"":2042}",False,test,34.859109736705875,13.29141394613266,21.567695790573215,61.87104591447127,0.8961859999999999,0.9942044703241201,0,0.0,21.585928230679247,0.018232440106032716,0.0,"{""bdg2_building_data_genome"":{""available_profile_sources"":1570,""logical_devices"":916,""mean_profile_reuse"":1.0,""profile_bootstrap"":false,""selected_unique_profile_sources"":916,""weight"":0.18333333333333332},""heapo_heat_pumps"":{""available_profile_sources"":1362,""logical_devices"":2042,""mean_profile_reuse"":1.9373814041745732,""profile_bootstrap"":true,""selected_unique_profile_sources"":1054,""weight"":0.40833333333333327},""smart_grid_smart_city"":{""available_profile_sources"":5000,""logical_devices"":2042,""mean_profile_reuse"":1.0,""profile_bootstrap"":false,""selected_unique_profile_sources"":2042,""weight"":0.40833333333333327}}",dataset_combinations_mixed_physical_fleet_v1,,,,
predefined_mixed_scenario,S1-B,Building-heat pump-residential,建筑、热泵和带受控负荷住宅的高差异融合,aggregate,transactive_control,Transactive control,O(N log N),23,4192428,4892428,dominant_minus_15pp,5000,"{""bdg2_building_data_genome"":0.3333333333333333,""heapo_heat_pumps"":0.3333333333333333,""smart_grid_smart_city"":0.3333333333333333}","{""bdg2_building_data_genome"":0.18333333333333332,""heapo_heat_pumps"":0.40833333333333327,""smart_grid_smart_city"":0.40833333333333327}","{""bdg2_building_data_genome"":916,""heapo_heat_pumps"":2042,""smart_grid_smart_city"":2042}",False,test,35.96318710406283,15.395969535559779,20.567217568503054,57.189640920839125,0.8958879999999995,0.9942591107970797,0,0.0,21.23341899965865,0.6662014311556006,0.0,"{""bdg2_building_data_genome"":{""available_profile_sources"":1570,""logical_devices"":916,""mean_profile_reuse"":1.0,""profile_bootstrap"":false,""selected_unique_profile_sources"":916,""weight"":0.18333333333333332},""heapo_heat_pumps"":{""available_profile_sources"":1362,""logical_devices"":2042,""mean_profile_reuse"":1.9578139980824545,""profile_bootstrap"":true,""selected_unique_profile_sources"":1043,""weight"":0.40833333333333327},""smart_grid_smart_city"":{""available_profile_sources"":5000,""logical_devices"":2042,""mean_profile_reuse"":1.0,""profile_bootstrap"":false,""selected_unique_profile_sources"":2042,""weight"":0.40833333333333327}}",dataset_combinations_mixed_physical_fleet_v1,,,,
predefined_mixed_scenario,S1-B,Building-heat pump-residential,建筑、热泵和带受控负荷住宅的高差异融合,aggregate,transactive_control,Transactive control,O(N log N),24,4192429,4892429,dominant_minus_15pp,5000,"{""bdg2_building_data_genome"":0.3333333333333333,""heapo_heat_pumps"":0.3333333333333333,""smart_grid_smart_city"":0.3333333333333333}","{""bdg2_building_data_genome"":0.18333333333333332,""heapo_heat_pumps"":0.40833333333333327,""smart_grid_smart_city"":0.40833333333333327}","{""bdg2_building_data_genome"":916,""heapo_heat_pumps"":2042,""smart_grid_smart_city"":2042}",False,test,34.51198086158722,13.168231492227964,21.343749369359255,61.8444633907277,0.8946499999999995,0.995643062547653,0,0.0,21.343749369359255,0.0,0.0,"{""bdg2_building_data_genome"":{""available_profile_sources"":1570,""logical_devices"":916,""mean_profile_reuse"":1.0,""profile_bootstrap"":false,""selected_unique_profile_sources"":916,""weight"":0.18333333333333332},""heapo_heat_pumps"":{""available_profile_sources"":1362,""logical_devices"":2042,""mean_profile_reuse"":1.9355450236966825,""profile_bootstrap"":true,""selected_unique_profile_sources"":1055,""weight"":0.40833333333333327},""smart_grid_smart_city"":{""available_profile_sources"":5000,""logical_devices"":2042,""mean_profile_reuse"":1.0,""profile_bootstrap"":false,""selected_unique_profile_sources"":2042,""weight"":0.40833333333333327}}",dataset_combinations_mixed_physical_fleet_v1,,,,
predefined_mixed_scenario,S1-B,Building-heat pump-residential,建筑、热泵和带受控负荷住宅的高差异融合,aggregate,transactive_control,Transactive control,O(N log N),25,4192430,4892430,dominant_minus_15pp,5000,"{""bdg2_building_data_genome"":0.3333333333333333,""heapo_heat_pumps"":0.3333333333333333,""smart_grid_smart_city"":0.3333333333333333}","{""bdg2_building_data_genome"":0.18333333333333332,""heapo_heat_pumps"":0.40833333333333327,""smart_grid_smart_city"":0.40833333333333327}","{""bdg2_building_data_genome"":916,""heapo_heat_pumps"":2042,""smart_grid_smart_city"":2042}",False,test,35.58321869915716,13.944043976669722,21.639174722487436,60.81286492219433,0.8957280000000002,0.993019954381334,0,0.0,21.725031871443704,0.0858571489562701,0.0,"{""bdg2_building_data_genome"":{""available_profile_sources"":1570,""logical_devices"":916,""mean_profile_reuse"":1.0,""profile_bootstrap"":false,""selected_unique_profile_sources"":916,""weight"":0.18333333333333332},""heapo_heat_pumps"":{""available_profile_sources"":1362,""logical_devices"":2042,""mean_profile_reuse"":1.9521988527724665,""profile_bootstrap"":true,""selected_unique_profile_sources"":1046,""weight"":0.40833333333333327},""smart_grid_smart_city"":{""available_profile_sources"":5000,""logical_devices"":2042,""mean_profile_reuse"":1.0,""profile_bootstrap"":false,""selected_unique_profile_sources"":2042,""weight"":0.40833333333333327}}",dataset_combinations_mixed_physical_fleet_v1,,,,
predefined_mixed_scenario,S1-B,Building-heat pump-residential,建筑、热泵和带受控负荷住宅的高差异融合,aggregate,transactive_control,Transactive control,O(N log N),26,4192431,4892431,dominant_minus_15pp,5000,"{""bdg2_building_data_genome"":0.3333333333333333,""heapo_heat_pumps"":0.3333333333333333,""smart_grid_smart_city"":0.3333333333333333}","{""bdg2_building_data_genome"":0.18333333333333332,""heapo_heat_pumps"":0.40833333333333327,""smart_grid_smart_city"":0.40833333333333327}","{""bdg2_building_data_genome"":916,""heapo_heat_pumps"":2042,""smart_grid_smart_city"":2042}",False,test,36.45019587661368,15.051455815393634,21.398740061220042,58.706790310966205,0.8953599999999999,0.9885496651613299,0,0.0,21.398740061220042,0.0,0.0,"{""bdg2_building_data_genome"":{""available_profile_sources"":1570,""logical_devices"":916,""mean_profile_reuse"":1.0,""profile_bootstrap"":false,""selected_unique_profile_sources"":916,""weight"":0.18333333333333332},""heapo_heat_pumps"":{""available_profile_sources"":1362,""logical_devices"":2042,""mean_profile_reuse"":1.9691417550626809,""profile_bootstrap"":true,""selected_unique_profile_sources"":1037,""weight"":0.40833333333333327},""smart_grid_smart_city"":{""available_profile_sources"":5000,""logical_devices"":2042,""mean_profile_reuse"":1.0,""profile_bootstrap"":false,""selected_unique_profile_sources"":2042,""weight"":0.40833333333333327}}",dataset_combinations_mixed_physical_fleet_v1,,,,
predefined_mixed_scenario,S1-B,Building-heat pump-residential,建筑、热泵和带受控负荷住宅的高差异融合,aggregate,transactive_control,Transactive control,O(N log N),27,4192432,4892432,dominant_minus_15pp,5000,"{""bdg2_building_data_genome"":0.3333333333333333,""heapo_heat_pumps"":0.3333333333333333,""smart_grid_smart_city"":0.3333333333333333}","{""bdg2_building_data_genome"":0.18333333333333332,""heapo_heat_pumps"":0.40833333333333327,""smart_grid_smart_city"":0.40833333333333327}","{""bdg2_building_data_genome"":916,""heapo_heat_pumps"":2042,""smart_grid_smart_city"":2042}",False,test,35.64816180688353,14.191850394817877,21.456311412065652,60.189110250062086,0.8947139999999998,0.9904378290627176,0,0.0,21.456311412065652,0.0,0.0,"{""bdg2_building_data_genome"":{""available_profile_sources"":1570,""logical_devices"":916,""mean_profile_reuse"":1.0,""profile_bootstrap"":false,""selected_unique_profile_sources"":916,""weight"":0.18333333333333332},""heapo_heat_pumps"":{""available_profile_sources"":1362,""logical_devices"":2042,""mean_profile_reuse"":1.919172932330827,""profile_bootstrap"":true,""selected_unique_profile_sources"":1064,""weight"":0.40833333333333327},""smart_grid_smart_city"":{""available_profile_sources"":5000,""logical_devices"":2042,""mean_profile_reuse"":1.0,""profile_bootstrap"":false,""selected_unique_profile_sources"":2042,""weight"":0.40833333333333327}}",dataset_combinations_mixed_physical_fleet_v1,,,,
predefined_mixed_scenario,S1-B,Building-heat pump-residential,建筑、热泵和带受控负荷住宅的高差异融合,aggregate,transactive_control,Transactive control,O(N log N),28,4192433,4892433,dominant_minus_15pp,5000,"{""bdg2_building_data_genome"":0.3333333333333333,""heapo_heat_pumps"":0.3333333333333333,""smart_grid_smart_city"":0.3333333333333333}","{""bdg2_building_data_genome"":0.18333333333333332,""heapo_heat_pumps"":0.40833333333333327,""smart_grid_smart_city"":0.40833333333333327}","{""bdg2_building_data_genome"":916,""heapo_heat_pumps"":2042,""smart_grid_smart_city"":2042}",False,test,35.78806254278101,15.024123058479283,20.76393948430173,58.01917737089159,0.8966379999999998,0.9934403212914282,0,0.0,21.250095274097536,0.48615578979580676,0.0,"{""bdg2_building_data_genome"":{""available_profile_sources"":1570,""logical_devices"":916,""mean_profile_reuse"":1.0,""profile_bootstrap"":false,""selected_unique_profile_sources"":916,""weight"":0.18333333333333332},""heapo_heat_pumps"":{""available_profile_sources"":1362,""logical_devices"":2042,""mean_profile_reuse"":1.9318826868495742,""profile_bootstrap"":true,""selected_unique_profile_sources"":1057,""weight"":0.40833333333333327},""smart_grid_smart_city"":{""available_profile_sources"":5000,""logical_devices"":2042,""mean_profile_reuse"":1.0,""profile_bootstrap"":false,""selected_unique_profile_sources"":2042,""weight"":0.40833333333333327}}",dataset_combinations_mixed_physical_fleet_v1,,,,
predefined_mixed_scenario,S1-B,Building-heat pump-residential,建筑、热泵和带受控负荷住宅的高差异融合,aggregate,transactive_control,Transactive control,O(N log N),29,4192434,4892434,dominant_minus_15pp,5000,"{""bdg2_building_data_genome"":0.3333333333333333,""heapo_heat_pumps"":0.3333333333333333,""smart_grid_smart_city"":0.3333333333333333}","{""bdg2_building_data_genome"":0.18333333333333332,""heapo_heat_pumps"":0.40833333333333327,""smart_grid_smart_city"":0.40833333333333327}","{""bdg2_building_data_genome"":916,""heapo_heat_pumps"":2042,""smart_grid_smart_city"":2042}",False,test,35.277225187284394,13.84921146960643,21.428013717677963,60.74177774447421,0.8947179999999999,0.9926683721718005,0,0.0,21.42988270781714,0.0018689901391748358,0.0,"{""bdg2_building_data_genome"":{""available_profile_sources"":1570,""logical_devices"":916,""mean_profile_reuse"":1.0,""profile_bootstrap"":false,""selected_unique_profile_sources"":916,""weight"":0.18333333333333332},""heapo_heat_pumps"":{""available_profile_sources"":1362,""logical_devices"":2042,""mean_profile_reuse"":1.933712121212121,""profile_bootstrap"":true,""selected_unique_profile_sources"":1056,""weight"":0.40833333333333327},""smart_grid_smart_city"":{""available_profile_sources"":5000,""logical_devices"":2042,""mean_profile_reuse"":1.0,""profile_bootstrap"":false,""selected_unique_profile_sources"":2042,""weight"":0.40833333333333327}}",dataset_combinations_mixed_physical_fleet_v1,,,,
predefined_mixed_scenario,S1-B,Building-heat pump-residential,建筑、热泵和带受控负荷住宅的高差异融合,aggregate,virtual_battery,Virtual battery,O(N),0,4192405,4692405,nominal,5000,"{""bdg2_building_data_genome"":0.3333333333333333,""heapo_heat_pumps"":0.3333333333333333,""smart_grid_smart_city"":0.3333333333333333}","{""bdg2_building_data_genome"":0.3333333333333333,""heapo_heat_pumps"":0.3333333333333333,""smart_grid_smart_city"":0.3333333333333333}","{""bdg2_building_data_genome"":1667,""heapo_heat_pumps"":1667,""smart_grid_smart_city"":1666}",False,test,33.770062841823574,14.909821824555351,18.860241017268223,55.848995915726206,0.8953080000000005,0.9978826224158048,0,0.0,18.860241017268223,0.0,0.0,"{""bdg2_building_data_genome"":{""available_profile_sources"":1570,""logical_devices"":1667,""mean_profile_reuse"":1.6603585657370519,""profile_bootstrap"":true,""selected_unique_profile_sources"":1004,""weight"":0.3333333333333333},""heapo_heat_pumps"":{""available_profile_sources"":1362,""logical_devices"":1667,""mean_profile_reuse"":1.727461139896373,""profile_bootstrap"":true,""selected_unique_profile_sources"":965,""weight"":0.3333333333333333},""smart_grid_smart_city"":{""available_profile_sources"":5000,""logical_devices"":1666,""mean_profile_reuse"":1.0,""profile_bootstrap"":false,""selected_unique_profile_sources"":1666,""weight"":0.3333333333333333}}",dataset_combinations_mixed_physical_fleet_v1,,,,
predefined_mixed_scenario,S1-B,Building-heat pump-residential,建筑、热泵和带受控负荷住宅的高差异融合,aggregate,virtual_battery,Virtual battery,O(N),1,4192406,4692406,nominal,5000,"{""bdg2_building_data_genome"":0.3333333333333333,""heapo_heat_pumps"":0.3333333333333333,""smart_grid_smart_city"":0.3333333333333333}","{""bdg2_building_data_genome"":0.3333333333333333,""heapo_heat_pumps"":0.3333333333333333,""smart_grid_smart_city"":0.3333333333333333}","{""bdg2_building_data_genome"":1667,""heapo_heat_pumps"":1667,""smart_grid_smart_city"":1666}",False,test,34.60258790505812,15.409670020891348,19.192917884166775,55.46671230726417,0.8949139999999988,0.9958791961716764,0,0.0,19.192917884166775,0.0,0.0,"{""bdg2_building_data_genome"":{""available_profile_sources"":1570,""logical_devices"":1667,""mean_profile_reuse"":1.6168768186226965,""profile_bootstrap"":true,""selected_unique_profile_sources"":1031,""weight"":0.3333333333333333},""heapo_heat_pumps"":{""available_profile_sources"":1362,""logical_devices"":1667,""mean_profile_reuse"":1.7346514047866806,""profile_bootstrap"":true,""selected_unique_profile_sources"":961,""weight"":0.3333333333333333},""smart_grid_smart_city"":{""available_profile_sources"":5000,""logical_devices"":1666,""mean_profile_reuse"":1.0,""profile_bootstrap"":false,""selected_unique_profile_sources"":1666,""weight"":0.3333333333333333}}",dataset_combinations_mixed_physical_fleet_v1,,,,
predefined_mixed_scenario,S1-B,Building-heat pump-residential,建筑、热泵和带受控负荷住宅的高差异融合,aggregate,virtual_battery,Virtual battery,O(N),2,4192407,4692407,nominal,5000,"{""bdg2_building_data_genome"":0.3333333333333333,""heapo_heat_pumps"":0.3333333333333333,""smart_grid_smart_city"":0.3333333333333333}","{""bdg2_building_data_genome"":0.3333333333333333,""heapo_heat_pumps"":0.3333333333333333,""smart_grid_smart_city"":0.3333333333333333}","{""bdg2_building_data_genome"":1667,""heapo_heat_pumps"":1667,""smart_grid_smart_city"":1666}",False,test,34.571407372048384,15.606016818024703,18.96539055402368,54.858601357830594,0.8935520000000002,0.9943247955978968,0,0.0,18.96539055402368,0.0,0.0,"{""bdg2_building_data_genome"":{""available_profile_sources"":1570,""logical_devices"":1667,""mean_profile_reuse"":1.5921680993314231,""profile_bootstrap"":true,""selected_unique_profile_sources"":1047,""weight"":0.3333333333333333},""heapo_heat_pumps"":{""available_profile_sources"":1362,""logical_devices"":1667,""mean_profile_reuse"":1.7132579650565263,""profile_bootstrap"":true,""selected_unique_profile_sources"":973,""weight"":0.3333333333333333},""smart_grid_smart_city"":{""available_profile_sources"":5000,""logical_devices"":1666,""mean_profile_reuse"":1.0,""profile_bootstrap"":false,""selected_unique_profile_sources"":1666,""weight"":0.3333333333333333}}",dataset_combinations_mixed_physical_fleet_v1,,,,
predefined_mixed_scenario,S1-B,Building-heat pump-residential,建筑、热泵和带受控负荷住宅的高差异融合,aggregate,virtual_battery,Virtual battery,O(N),3,4192408,4692408,nominal,5000,"{""bdg2_building_data_genome"":0.3333333333333333,""heapo_heat_pumps"":0.3333333333333333,""smart_grid_smart_city"":0.3333333333333333}","{""bdg2_building_data_genome"":0.3333333333333333,""heapo_heat_pumps"":0.3333333333333333,""smart_grid_smart_city"":0.3333333333333333}","{""bdg2_building_data_genome"":1667,""heapo_heat_pumps"":1667,""smart_grid_smart_city"":1666}",False,test,34.40789121539473,15.45252937764598,18.955361837748747,55.090158589166215,0.8936060000000008,0.9950392960338045,0,0.0,18.955361837748747,0.0,0.0,"{""bdg2_building_data_genome"":{""available_profile_sources"":1570,""logical_devices"":1667,""mean_profile_reuse"":1.6359175662414132,""profile_bootstrap"":true,""selected_unique_profile_sources"":1019,""weight"":0.3333333333333333},""heapo_heat_pumps"":{""available_profile_sources"":1362,""logical_devices"":1667,""mean_profile_reuse"":1.7185567010309277,""profile_bootstrap"":true,""selected_unique_profile_sources"":970,""weight"":0.3333333333333333},""smart_grid_smart_city"":{""available_profile_sources"":5000,""logical_devices"":1666,""mean_profile_reuse"":1.0,""profile_bootstrap"":false,""selected_unique_profile_sources"":1666,""weight"":0.3333333333333333}}",dataset_combinations_mixed_physical_fleet_v1,,,,
predefined_mixed_scenario,S1-B,Building-heat pump-residential,建筑、热泵和带受控负荷住宅的高差异融合,aggregate,virtual_battery,Virtual battery,O(N),4,4192409,4692409,nominal,5000,"{""bdg2_building_data_genome"":0.3333333333333333,""heapo_heat_pumps"":0.3333333333333333,""smart_grid_smart_city"":0.3333333333333333}","{""bdg2_building_data_genome"":0.3333333333333333,""heapo_heat_pumps"":0.3333333333333333,""smart_grid_smart_city"":0.3333333333333333}","{""bdg2_building_data_genome"":1667,""heapo_heat_pumps"":1667,""smart_grid_smart_city"":1666}",False,test,34.22166491262871,15.175622044427186,19.046042868201525,55.654927709765005,0.8943359999999999,0.9966223917457664,0,0.0,19.046042868201525,0.0,0.0,"{""bdg2_building_data_genome"":{""available_profile_sources"":1570,""logical_devices"":1667,""mean_profile_reuse"":1.629521016617791,""profile_bootstrap"":true,""selected_unique_profile_sources"":1023,""weight"":0.3333333333333333},""heapo_heat_pumps"":{""available_profile_sources"":1362,""logical_devices"":1667,""mean_profile_reuse"":1.7455497382198952,""profile_bootstrap"":true,""selected_unique_profile_sources"":955,""weight"":0.3333333333333333},""smart_grid_smart_city"":{""available_profile_sources"":5000,""logical_devices"":1666,""mean_profile_reuse"":1.0,""profile_bootstrap"":false,""selected_unique_profile_sources"":1666,""weight"":0.3333333333333333}}",dataset_combinations_mixed_physical_fleet_v1,,,,
predefined_mixed_scenario,S1-B,Building-heat pump-residential,建筑、热泵和带受控负荷住宅的高差异融合,aggregate,virtual_battery,Virtual battery,O(N),5,4192410,4692410,nominal,5000,"{""bdg2_building_data_genome"":0.3333333333333333,""heapo_heat_pumps"":0.3333333333333333,""smart_grid_smart_city"":0.3333333333333333}","{""bdg2_building_data_genome"":0.3333333333333333,""heapo_heat_pumps"":0.3333333333333333,""smart_grid_smart_city"":0.3333333333333333}","{""bdg2_building_data_genome"":1667,""heapo_heat_pumps"":1667,""smart_grid_smart_city"":1666}",False,test,33.40390885113893,14.772043038642074,18.631865812496855,55.77750165565306,0.894052,0.9967187623470208,0,0.0,18.631865812496855,0.0,0.0,"{""bdg2_building_data_genome"":{""available_profile_sources"":1570,""logical_devices"":1667,""mean_profile_reuse"":1.6311154598825832,""profile_bootstrap"":true,""selected_unique_profile_sources"":1022,""weight"":0.3333333333333333},""heapo_heat_pumps"":{""available_profile_sources"":1362,""logical_devices"":1667,""mean_profile_reuse"":1.741901776384535,""profile_bootstrap"":true,""selected_unique_profile_sources"":957,""weight"":0.3333333333333333},""smart_grid_smart_city"":{""available_profile_sources"":5000,""logical_devices"":1666,""mean_profile_reuse"":1.0,""profile_bootstrap"":false,""selected_unique_profile_sources"":1666,""weight"":0.3333333333333333}}",dataset_combinations_mixed_physical_fleet_v1,,,,
predefined_mixed_scenario,S1-B,Building-heat pump-residential,建筑、热泵和带受控负荷住宅的高差异融合,aggregate,virtual_battery,Virtual battery,O(N),6,4192411,4692411,nominal,5000,"{""bdg2_building_data_genome"":0.3333333333333333,""heapo_heat_pumps"":0.3333333333333333,""smart_grid_smart_city"":0.3333333333333333}","{""bdg2_building_data_genome"":0.3333333333333333,""heapo_heat_pumps"":0.3333333333333333,""smart_grid_smart_city"":0.3333333333333333}","{""bdg2_building_data_genome"":1667,""heapo_heat_pumps"":1667,""smart_grid_smart_city"":1666}",False,test,34.28020632264545,15.251081962219235,19.029124360426213,55.51053042482887,0.8945940000000004,0.9968185187247293,0,0.0,19.029124360426213,0.0,0.0,"{""bdg2_building_data_genome"":{""available_profile_sources"":1570,""logical_devices"":1667,""mean_profile_reuse"":1.648862512363996,""profile_bootstrap"":true,""selected_unique_profile_sources"":1011,""weight"":0.3333333333333333},""heapo_heat_pumps"":{""available_profile_sources"":1362,""logical_devices"":1667,""mean_profile_reuse"":1.7473794549266248,""profile_bootstrap"":true,""selected_unique_profile_sources"":954,""weight"":0.3333333333333333},""smart_grid_smart_city"":{""available_profile_sources"":5000,""logical_devices"":1666,""mean_profile_reuse"":1.0,""profile_bootstrap"":false,""selected_unique_profile_sources"":1666,""weight"":0.3333333333333333}}",dataset_combinations_mixed_physical_fleet_v1,,,,
predefined_mixed_scenario,S1-B,Building-heat pump-residential,建筑、热泵和带受控负荷住宅的高差异融合,aggregate,virtual_battery,Virtual battery,O(N),7,4192412,4692412,nominal,5000,"{""bdg2_building_data_genome"":0.3333333333333333,""heapo_heat_pumps"":0.3333333333333333,""smart_grid_smart_city"":0.3333333333333333}","{""bdg2_building_data_genome"":0.3333333333333333,""heapo_heat_pumps"":0.3333333333333333,""smart_grid_smart_city"":0.3333333333333333}","{""bdg2_building_data_genome"":1667,""heapo_heat_pumps"":1667,""smart_grid_smart_city"":1666}",False,test,33.5646486481881,14.722271401819867,18.84237724636823,56.137567366984456,0.8946139999999999,0.9988130607884403,0,0.0,18.84237724636823,0.0,0.0,"{""bdg2_building_data_genome"":{""available_profile_sources"":1570,""logical_devices"":1667,""mean_profile_reuse"":1.629521016617791,""profile_bootstrap"":true,""selected_unique_profile_sources"":1023,""weight"":0.3333333333333333},""heapo_heat_pumps"":{""available_profile_sources"":1362,""logical_devices"":1667,""mean_profile_reuse"":1.731048805815161,""profile_bootstrap"":true,""selected_unique_profile_sources"":963,""weight"":0.3333333333333333},""smart_grid_smart_city"":{""available_profile_sources"":5000,""logical_devices"":1666,""mean_profile_reuse"":1.0,""profile_bootstrap"":false,""selected_unique_profile_sources"":1666,""weight"":0.3333333333333333}}",dataset_combinations_mixed_physical_fleet_v1,,,,
predefined_mixed_scenario,S1-B,Building-heat pump-residential,建筑、热泵和带受控负荷住宅的高差异融合,aggregate,virtual_battery,Virtual battery,O(N),8,4192413,4692413,nominal,5000,"{""bdg2_building_data_genome"":0.3333333333333333,""heapo_heat_pumps"":0.3333333333333333,""smart_grid_smart_city"":0.3333333333333333}","{""bdg2_building_data_genome"":0.3333333333333333,""heapo_heat_pumps"":0.3333333333333333,""smart_grid_smart_city"":0.3333333333333333}","{""bdg2_building_data_genome"":1667,""heapo_heat_pumps"":1667,""smart_grid_smart_city"":1666}",False,test,35.266990334508364,15.961573242504834,19.30541709200353,54.74075589918823,0.8944260000000006,0.9932352856399567,0,0.0,19.30541709200353,0.0,0.0,"{""bdg2_building_data_genome"":{""available_profile_sources"":1570,""logical_devices"":1667,""mean_profile_reuse"":1.6184466019417476,""profile_bootstrap"":true,""selected_unique_profile_sources"":1030,""weight"":0.3333333333333333},""heapo_heat_pumps"":{""available_profile_sources"":1362,""logical_devices"":1667,""mean_profile_reuse"":1.711498973305955,""profile_bootstrap"":true,""selected_unique_profile_sources"":974,""weight"":0.3333333333333333},""smart_grid_smart_city"":{""available_profile_sources"":5000,""logical_devices"":1666,""mean_profile_reuse"":1.0,""profile_bootstrap"":false,""selected_unique_profile_sources"":1666,""weight"":0.3333333333333333}}",dataset_combinations_mixed_physical_fleet_v1,,,,
predefined_mixed_scenario,S1-B,Building-heat pump-residential,建筑、热泵和带受控负荷住宅的高差异融合,aggregate,virtual_battery,Virtual battery,O(N),9,4192414,4692414,nominal,5000,"{""bdg2_building_data_genome"":0.3333333333333333,""heapo_heat_pumps"":0.3333333333333333,""smart_grid_smart_city"":0.3333333333333333}","{""bdg2_building_data_genome"":0.3333333333333333,""heapo_heat_pumps"":0.3333333333333333,""smart_grid_smart_city"":0.3333333333333333}","{""bdg2_building_data_genome"":1667,""heapo_heat_pumps"":1667,""smart_grid_smart_city"":1666}",False,test,35.3534098498996,16.077900136678448,19.27550971322115,54.52234959812764,0.8946980000000001,0.9954508364056248,0,0.0,19.27550971322115,0.0,0.0,"{""bdg2_building_data_genome"":{""available_profile_sources"":1570,""logical_devices"":1667,""mean_profile_reuse"":1.620019436345967,""profile_bootstrap"":true,""selected_unique_profile_sources"":1029,""weight"":0.3333333333333333},""heapo_heat_pumps"":{""available_profile_sources"":1362,""logical_devices"":1667,""mean_profile_reuse"":1.7565858798735512,""profile_bootstrap"":true,""selected_unique_profile_sources"":949,""weight"":0.3333333333333333},""smart_grid_smart_city"":{""available_profile_sources"":5000,""logical_devices"":1666,""mean_profile_reuse"":1.0,""profile_bootstrap"":false,""selected_unique_profile_sources"":1666,""weight"":0.3333333333333333}}",dataset_combinations_mixed_physical_fleet_v1,,,,
predefined_mixed_scenario,S1-B,Building-heat pump-residential,建筑、热泵和带受控负荷住宅的高差异融合,aggregate,virtual_battery,Virtual battery,O(N),10,4192415,4692415,dominant_plus_15pp,5000,"{""bdg2_building_data_genome"":0.3333333333333333,""heapo_heat_pumps"":0.3333333333333333,""smart_grid_smart_city"":0.3333333333333333}","{""bdg2_building_data_genome"":0.48333333333333334,""heapo_heat_pumps"":0.25833333333333336,""smart_grid_smart_city"":0.25833333333333336}","{""bdg2_building_data_genome"":2416,""heapo_heat_pumps"":1292,""smart_grid_smart_city"":1292}",False,test,32.07470647466447,13.697406230264377,18.37730024440009,57.29530294818492,0.8955760000000001,0.9997239161705862,0,0.0,18.37730024440009,0.0,0.0,"{""bdg2_building_data_genome"":{""available_profile_sources"":1570,""logical_devices"":2416,""mean_profile_reuse"":1.973856209150327,""profile_bootstrap"":true,""selected_unique_profile_sources"":1224,""weight"":0.48333333333333334},""heapo_heat_pumps"":{""available_profile_sources"":1362,""logical_devices"":1292,""mean_profile_reuse"":1.0,""profile_bootstrap"":false,""selected_unique_profile_sources"":1292,""weight"":0.25833333333333336},""smart_grid_smart_city"":{""available_profile_sources"":5000,""logical_devices"":1292,""mean_profile_reuse"":1.0,""profile_bootstrap"":false,""selected_unique_profile_sources"":1292,""weight"":0.25833333333333336}}",dataset_combinations_mixed_physical_fleet_v1,,,,
predefined_mixed_scenario,S1-B,Building-heat pump-residential,建筑、热泵和带受控负荷住宅的高差异融合,aggregate,virtual_battery,Virtual battery,O(N),11,4192416,4692416,dominant_plus_15pp,5000,"{""bdg2_building_data_genome"":0.3333333333333333,""heapo_heat_pumps"":0.3333333333333333,""smart_grid_smart_city"":0.3333333333333333}","{""bdg2_building_data_genome"":0.48333333333333334,""heapo_heat_pumps"":0.25833333333333336,""smart_grid_smart_city"":0.25833333333333336}","{""bdg2_building_data_genome"":2416,""heapo_heat_pumps"":1292,""smart_grid_smart_city"":1292}",False,test,31.991966856819207,13.47028942943972,18.521677427379487,57.894775617497,0.8939279999999997,0.9993804764055033,0,0.0,18.521677427379487,0.0,0.0,"{""bdg2_building_data_genome"":{""available_profile_sources"":1570,""logical_devices"":2416,""mean_profile_reuse"":1.9770867430441899,""profile_bootstrap"":true,""selected_unique_profile_sources"":1222,""weight"":0.48333333333333334},""heapo_heat_pumps"":{""available_profile_sources"":1362,""logical_devices"":1292,""mean_profile_reuse"":1.0,""profile_bootstrap"":false,""selected_unique_profile_sources"":1292,""weight"":0.25833333333333336},""smart_grid_smart_city"":{""available_profile_sources"":5000,""logical_devices"":1292,""mean_profile_reuse"":1.0,""profile_bootstrap"":false,""selected_unique_profile_sources"":1292,""weight"":0.25833333333333336}}",dataset_combinations_mixed_physical_fleet_v1,,,,
predefined_mixed_scenario,S1-B,Building-heat pump-residential,建筑、热泵和带受控负荷住宅的高差异融合,aggregate,virtual_battery,Virtual battery,O(N),12,4192417,4692417,dominant_plus_15pp,5000,"{""bdg2_building_data_genome"":0.3333333333333333,""heapo_heat_pumps"":0.3333333333333333,""smart_grid_smart_city"":0.3333333333333333}","{""bdg2_building_data_genome"":0.48333333333333334,""heapo_heat_pumps"":0.25833333333333336,""smart_grid_smart_city"":0.25833333333333336}","{""bdg2_building_data_genome"":2416,""heapo_heat_pumps"":1292,""smart_grid_smart_city"":1292}",False,test,31.876280372356973,13.473831323537453,18.40244904881952,57.73085452209184,0.8947499999999998,0.9995032998599984,0,0.0,18.40244904881952,0.0,0.0,"{""bdg2_building_data_genome"":{""available_profile_sources"":1570,""logical_devices"":2416,""mean_profile_reuse"":1.9722448979591836,""profile_bootstrap"":true,""selected_unique_profile_sources"":1225,""weight"":0.48333333333333334},""heapo_heat_pumps"":{""available_profile_sources"":1362,""logical_devices"":1292,""mean_profile_reuse"":1.0,""profile_bootstrap"":false,""selected_unique_profile_sources"":1292,""weight"":0.25833333333333336},""smart_grid_smart_city"":{""available_profile_sources"":5000,""logical_devices"":1292,""mean_profile_reuse"":1.0,""profile_bootstrap"":false,""selected_unique_profile_sources"":1292,""weight"":0.25833333333333336}}",dataset_combinations_mixed_physical_fleet_v1,,,,
predefined_mixed_scenario,S1-B,Building-heat pump-residential,建筑、热泵和带受控负荷住宅的高差异融合,aggregate,virtual_battery,Virtual battery,O(N),13,4192418,4692418,dominant_plus_15pp,5000,"{""bdg2_building_data_genome"":0.3333333333333333,""heapo_heat_pumps"":0.3333333333333333,""smart_grid_smart_city"":0.3333333333333333}","{""bdg2_building_data_genome"":0.48333333333333334,""heapo_heat_pumps"":0.25833333333333336,""smart_grid_smart_city"":0.25833333333333336}","{""bdg2_building_data_genome"":2416,""heapo_heat_pumps"":1292,""smart_grid_smart_city"":1292}",False,test,32.53467567659086,14.029775745194865,18.504899931395993,56.877468567207885,0.89465,0.9988565826763723,0,0.0,18.504899931395993,0.0,0.0,"{""bdg2_building_data_genome"":{""available_profile_sources"":1570,""logical_devices"":2416,""mean_profile_reuse"":1.9754701553556828,""profile_bootstrap"":true,""selected_unique_profile_sources"":1223,""weight"":0.48333333333333334},""heapo_heat_pumps"":{""available_profile_sources"":1362,""logical_devices"":1292,""mean_profile_reuse"":1.0,""profile_bootstrap"":false,""selected_unique_profile_sources"":1292,""weight"":0.25833333333333336},""smart_grid_smart_city"":{""available_profile_sources"":5000,""logical_devices"":1292,""mean_profile_reuse"":1.0,""profile_bootstrap"":false,""selected_unique_profile_sources"":1292,""weight"":0.25833333333333336}}",dataset_combinations_mixed_physical_fleet_v1,,,,
predefined_mixed_scenario,S1-B,Building-heat pump-residential,建筑、热泵和带受控负荷住宅的高差异融合,aggregate,virtual_battery,Virtual battery,O(N),14,4192419,4692419,dominant_plus_15pp,5000,"{""bdg2_building_data_genome"":0.3333333333333333,""heapo_heat_pumps"":0.3333333333333333,""smart_grid_smart_city"":0.3333333333333333}","{""bdg2_building_data_genome"":0.48333333333333334,""heapo_heat_pumps"":0.25833333333333336,""smart_grid_smart_city"":0.25833333333333336}","{""bdg2_building_data_genome"":2416,""heapo_heat_pumps"":1292,""smart_grid_smart_city"":1292}",False,test,31.914512405800075,13.576911301712588,18.337601104087486,57.45850311269318,0.8953079999999993,1.0,0,0.0,18.337601104087486,0.0,0.0,"{""bdg2_building_data_genome"":{""available_profile_sources"":1570,""logical_devices"":2416,""mean_profile_reuse"":1.9562753036437246,""profile_bootstrap"":true,""selected_unique_profile_sources"":1235,""weight"":0.48333333333333334},""heapo_heat_pumps"":{""available_profile_sources"":1362,""logical_devices"":1292,""mean_profile_reuse"":1.0,""profile_bootstrap"":false,""selected_unique_profile_sources"":1292,""weight"":0.25833333333333336},""smart_grid_smart_city"":{""available_profile_sources"":5000,""logical_devices"":1292,""mean_profile_reuse"":1.0,""profile_bootstrap"":false,""selected_unique_profile_sources"":1292,""weight"":0.25833333333333336}}",dataset_combinations_mixed_physical_fleet_v1,,,,
predefined_mixed_scenario,S1-B,Building-heat pump-residential,建筑、热泵和带受控负荷住宅的高差异融合,aggregate,virtual_battery,Virtual battery,O(N),15,4192420,4692420,dominant_plus_15pp,5000,"{""bdg2_building_data_genome"":0.3333333333333333,""heapo_heat_pumps"":0.3333333333333333,""smart_grid_smart_city"":0.3333333333333333}","{""bdg2_building_data_genome"":0.48333333333333334,""heapo_heat_pumps"":0.25833333333333336,""smart_grid_smart_city"":0.25833333333333336}","{""bdg2_building_data_genome"":2416,""heapo_heat_pumps"":1292,""smart_grid_smart_city"":1292}",False,test,34.494743203181436,15.515310979775673,18.979432223405762,55.021230660025026,0.89639,0.9971921619399868,0,0.0,18.979432223405762,0.0,0.0,"{""bdg2_building_data_genome"":{""available_profile_sources"":1570,""logical_devices"":2416,""mean_profile_reuse"":1.980327868852459,""profile_bootstrap"":true,""selected_unique_profile_sources"":1220,""weight"":0.48333333333333334},""heapo_heat_pumps"":{""available_profile_sources"":1362,""logical_devices"":1292,""mean_profile_reuse"":1.0,""profile_bootstrap"":false,""selected_unique_profile_sources"":1292,""weight"":0.25833333333333336},""smart_grid_smart_city"":{""available_profile_sources"":5000,""logical_devices"":1292,""mean_profile_reuse"":1.0,""profile_bootstrap"":false,""selected_unique_profile_sources"":1292,""weight"":0.25833333333333336}}",dataset_combinations_mixed_physical_fleet_v1,,,,
predefined_mixed_scenario,S1-B,Building-heat pump-residential,建筑、热泵和带受控负荷住宅的高差异融合,aggregate,virtual_battery,Virtual battery,O(N),16,4192421,4692421,dominant_plus_15pp,5000,"{""bdg2_building_data_genome"":0.3333333333333333,""heapo_heat_pumps"":0.3333333333333333,""smart_grid_smart_city"":0.3333333333333333}","{""bdg2_building_data_genome"":0.48333333333333334,""heapo_heat_pumps"":0.25833333333333336,""smart_grid_smart_city"":0.25833333333333336}","{""bdg2_building_data_genome"":2416,""heapo_heat_pumps"":1292,""smart_grid_smart_city"":1292}",False,test,33.196111626875876,14.237696140975224,18.95841548590065,57.11034984757596,0.8941739999999999,0.9974007774669533,0,0.0,18.95841548590065,0.0,0.0,"{""bdg2_building_data_genome"":{""available_profile_sources"":1570,""logical_devices"":2416,""mean_profile_reuse"":1.949959644874899,""profile_bootstrap"":true,""selected_unique_profile_sources"":1239,""weight"":0.48333333333333334},""heapo_heat_pumps"":{""available_profile_sources"":1362,""logical_devices"":1292,""mean_profile_reuse"":1.0,""profile_bootstrap"":false,""selected_unique_profile_sources"":1292,""weight"":0.25833333333333336},""smart_grid_smart_city"":{""available_profile_sources"":5000,""logical_devices"":1292,""mean_profile_reuse"":1.0,""profile_bootstrap"":false,""selected_unique_profile_sources"":1292,""weight"":0.25833333333333336}}",dataset_combinations_mixed_physical_fleet_v1,,,,
predefined_mixed_scenario,S1-B,Building-heat pump-residential,建筑、热泵和带受控负荷住宅的高差异融合,aggregate,virtual_battery,Virtual battery,O(N),17,4192422,4692422,dominant_plus_15pp,5000,"{""bdg2_building_data_genome"":0.3333333333333333,""heapo_heat_pumps"":0.3333333333333333,""smart_grid_smart_city"":0.3333333333333333}","{""bdg2_building_data_genome"":0.48333333333333334,""heapo_heat_pumps"":0.25833333333333336,""smart_grid_smart_city"":0.25833333333333336}","{""bdg2_building_data_genome"":2416,""heapo_heat_pumps"":1292,""smart_grid_smart_city"":1292}",False,test,31.445672370428387,12.996109831097804,18.449562539330582,58.671229293480174,0.8942840000000004,0.9996924936631749,0,0.0,18.449562539330582,0.0,0.0,"{""bdg2_building_data_genome"":{""available_profile_sources"":1570,""logical_devices"":2416,""mean_profile_reuse"":1.9483870967741936,""profile_bootstrap"":true,""selected_unique_profile_sources"":1240,""weight"":0.48333333333333334},""heapo_heat_pumps"":{""available_profile_sources"":1362,""logical_devices"":1292,""mean_profile_reuse"":1.0,""profile_bootstrap"":false,""selected_unique_profile_sources"":1292,""weight"":0.25833333333333336},""smart_grid_smart_city"":{""available_profile_sources"":5000,""logical_devices"":1292,""mean_profile_reuse"":1.0,""profile_bootstrap"":false,""selected_unique_profile_sources"":1292,""weight"":0.25833333333333336}}",dataset_combinations_mixed_physical_fleet_v1,,,,
predefined_mixed_scenario,S1-B,Building-heat pump-residential,建筑、热泵和带受控负荷住宅的高差异融合,aggregate,virtual_battery,Virtual battery,O(N),18,4192423,4692423,dominant_plus_15pp,5000,"{""bdg2_building_data_genome"":0.3333333333333333,""heapo_heat_pumps"":0.3333333333333333,""smart_grid_smart_city"":0.3333333333333333}","{""bdg2_building_data_genome"":0.48333333333333334,""heapo_heat_pumps"":0.25833333333333336,""smart_grid_smart_city"":0.25833333333333336}","{""bdg2_building_data_genome"":2416,""heapo_heat_pumps"":1292,""smart_grid_smart_city"":1292}",False,test,33.11740021659258,14.473031277024834,18.644368939567745,56.29780362477393,0.8954159999999999,0.9985174892084583,0,0.0,18.644368939567745,0.0,0.0,"{""bdg2_building_data_genome"":{""available_profile_sources"":1570,""logical_devices"":2416,""mean_profile_reuse"":1.9835796387520526,""profile_bootstrap"":true,""selected_unique_profile_sources"":1218,""weight"":0.48333333333333334},""heapo_heat_pumps"":{""available_profile_sources"":1362,""logical_devices"":1292,""mean_profile_reuse"":1.0,""profile_bootstrap"":false,""selected_unique_profile_sources"":1292,""weight"":0.25833333333333336},""smart_grid_smart_city"":{""available_profile_sources"":5000,""logical_devices"":1292,""mean_profile_reuse"":1.0,""profile_bootstrap"":false,""selected_unique_profile_sources"":1292,""weight"":0.25833333333333336}}",dataset_combinations_mixed_physical_fleet_v1,,,,
predefined_mixed_scenario,S1-B,Building-heat pump-residential,建筑、热泵和带受控负荷住宅的高差异融合,aggregate,virtual_battery,Virtual battery,O(N),19,4192424,4692424,dominant_plus_15pp,5000,"{""bdg2_building_data_genome"":0.3333333333333333,""heapo_heat_pumps"":0.3333333333333333,""smart_grid_smart_city"":0.3333333333333333}","{""bdg2_building_data_genome"":0.48333333333333334,""heapo_heat_pumps"":0.25833333333333336,""smart_grid_smart_city"":0.25833333333333336}","{""bdg2_building_data_genome"":2416,""heapo_heat_pumps"":1292,""smart_grid_smart_city"":1292}",False,test,32.491653088509615,13.752361657125707,18.739291431383908,57.6741705949424,0.8950100000000004,0.9986927095088861,0,0.0,18.739291431383908,0.0,0.0,"{""bdg2_building_data_genome"":{""available_profile_sources"":1570,""logical_devices"":2416,""mean_profile_reuse"":1.9610389610389611,""profile_bootstrap"":true,""selected_unique_profile_sources"":1232,""weight"":0.48333333333333334},""heapo_heat_pumps"":{""available_profile_sources"":1362,""logical_devices"":1292,""mean_profile_reuse"":1.0,""profile_bootstrap"":false,""selected_unique_profile_sources"":1292,""weight"":0.25833333333333336},""smart_grid_smart_city"":{""available_profile_sources"":5000,""logical_devices"":1292,""mean_profile_reuse"":1.0,""profile_bootstrap"":false,""selected_unique_profile_sources"":1292,""weight"":0.25833333333333336}}",dataset_combinations_mixed_physical_fleet_v1,,,,
predefined_mixed_scenario,S1-B,Building-heat pump-residential,建筑、热泵和带受控负荷住宅的高差异融合,aggregate,virtual_battery,Virtual battery,O(N),20,4192425,4692425,dominant_minus_15pp,5000,"{""bdg2_building_data_genome"":0.3333333333333333,""heapo_heat_pumps"":0.3333333333333333,""smart_grid_smart_city"":0.3333333333333333}","{""bdg2_building_data_genome"":0.18333333333333332,""heapo_heat_pumps"":0.40833333333333327,""smart_grid_smart_city"":0.40833333333333327}","{""bdg2_building_data_genome"":916,""heapo_heat_pumps"":2042,""smart_grid_smart_city"":2042}",False,test,34.87232223208805,15.68690672344766,19.185415508640393,55.016168355392104,0.8948519999999996,0.9933569299939111,0,0.0,19.185415508640393,0.0,0.0,"{""bdg2_building_data_genome"":{""available_profile_sources"":1570,""logical_devices"":916,""mean_profile_reuse"":1.0,""profile_bootstrap"":false,""selected_unique_profile_sources"":916,""weight"":0.18333333333333332},""heapo_heat_pumps"":{""available_profile_sources"":1362,""logical_devices"":2042,""mean_profile_reuse"":1.9318826868495742,""profile_bootstrap"":true,""selected_unique_profile_sources"":1057,""weight"":0.40833333333333327},""smart_grid_smart_city"":{""available_profile_sources"":5000,""logical_devices"":2042,""mean_profile_reuse"":1.0,""profile_bootstrap"":false,""selected_unique_profile_sources"":2042,""weight"":0.40833333333333327}}",dataset_combinations_mixed_physical_fleet_v1,,,,
predefined_mixed_scenario,S1-B,Building-heat pump-residential,建筑、热泵和带受控负荷住宅的高差异融合,aggregate,virtual_battery,Virtual battery,O(N),21,4192426,4692426,dominant_minus_15pp,5000,"{""bdg2_building_data_genome"":0.3333333333333333,""heapo_heat_pumps"":0.3333333333333333,""smart_grid_smart_city"":0.3333333333333333}","{""bdg2_building_data_genome"":0.18333333333333332,""heapo_heat_pumps"":0.40833333333333327,""smart_grid_smart_city"":0.40833333333333327}","{""bdg2_building_data_genome"":916,""heapo_heat_pumps"":2042,""smart_grid_smart_city"":2042}",False,test,35.114231306513624,16.023855757658318,19.090375548855306,54.36649141544522,0.8952779999999997,0.9944528885069772,0,0.0,19.090375548855306,0.0,0.0,"{""bdg2_building_data_genome"":{""available_profile_sources"":1570,""logical_devices"":916,""mean_profile_reuse"":1.0,""profile_bootstrap"":false,""selected_unique_profile_sources"":916,""weight"":0.18333333333333332},""heapo_heat_pumps"":{""available_profile_sources"":1362,""logical_devices"":2042,""mean_profile_reuse"":1.9844509232264333,""profile_bootstrap"":true,""selected_unique_profile_sources"":1029,""weight"":0.40833333333333327},""smart_grid_smart_city"":{""available_profile_sources"":5000,""logical_devices"":2042,""mean_profile_reuse"":1.0,""profile_bootstrap"":false,""selected_unique_profile_sources"":2042,""weight"":0.40833333333333327}}",dataset_combinations_mixed_physical_fleet_v1,,,,
predefined_mixed_scenario,S1-B,Building-heat pump-residential,建筑、热泵和带受控负荷住宅的高差异融合,aggregate,virtual_battery,Virtual battery,O(N),22,4192427,4692427,dominant_minus_15pp,5000,"{""bdg2_building_data_genome"":0.3333333333333333,""heapo_heat_pumps"":0.3333333333333333,""smart_grid_smart_city"":0.3333333333333333}","{""bdg2_building_data_genome"":0.18333333333333332,""heapo_heat_pumps"":0.40833333333333327,""smart_grid_smart_city"":0.40833333333333327}","{""bdg2_building_data_genome"":916,""heapo_heat_pumps"":2042,""smart_grid_smart_city"":2042}",False,test,34.859109736705875,15.906927830427438,18.952181906278437,54.3679458523928,0.8961859999999999,0.9937767573117703,0,0.0,18.952181906278437,0.0,0.0,"{""bdg2_building_data_genome"":{""available_profile_sources"":1570,""logical_devices"":916,""mean_profile_reuse"":1.0,""profile_bootstrap"":false,""selected_unique_profile_sources"":916,""weight"":0.18333333333333332},""heapo_heat_pumps"":{""available_profile_sources"":1362,""logical_devices"":2042,""mean_profile_reuse"":1.9373814041745732,""profile_bootstrap"":true,""selected_unique_profile_sources"":1054,""weight"":0.40833333333333327},""smart_grid_smart_city"":{""available_profile_sources"":5000,""logical_devices"":2042,""mean_profile_reuse"":1.0,""profile_bootstrap"":false,""selected_unique_profile_sources"":2042,""weight"":0.40833333333333327}}",dataset_combinations_mixed_physical_fleet_v1,,,,
predefined_mixed_scenario,S1-B,Building-heat pump-residential,建筑、热泵和带受控负荷住宅的高差异融合,aggregate,virtual_battery,Virtual battery,O(N),23,4192428,4692428,dominant_minus_15pp,5000,"{""bdg2_building_data_genome"":0.3333333333333333,""heapo_heat_pumps"":0.3333333333333333,""smart_grid_smart_city"":0.3333333333333333}","{""bdg2_building_data_genome"":0.18333333333333332,""heapo_heat_pumps"":0.40833333333333327,""smart_grid_smart_city"":0.40833333333333327}","{""bdg2_building_data_genome"":916,""heapo_heat_pumps"":2042,""smart_grid_smart_city"":2042}",False,test,35.96318710406283,16.7825711477032,19.18061595635963,53.334027100709214,0.8958879999999995,0.9910140769572825,0,0.0,19.18061595635963,0.0,0.0,"{""bdg2_building_data_genome"":{""available_profile_sources"":1570,""logical_devices"":916,""mean_profile_reuse"":1.0,""profile_bootstrap"":false,""selected_unique_profile_sources"":916,""weight"":0.18333333333333332},""heapo_heat_pumps"":{""available_profile_sources"":1362,""logical_devices"":2042,""mean_profile_reuse"":1.9578139980824545,""profile_bootstrap"":true,""selected_unique_profile_sources"":1043,""weight"":0.40833333333333327},""smart_grid_smart_city"":{""available_profile_sources"":5000,""logical_devices"":2042,""mean_profile_reuse"":1.0,""profile_bootstrap"":false,""selected_unique_profile_sources"":2042,""weight"":0.40833333333333327}}",dataset_combinations_mixed_physical_fleet_v1,,,,
predefined_mixed_scenario,S1-B,Building-heat pump-residential,建筑、热泵和带受控负荷住宅的高差异融合,aggregate,virtual_battery,Virtual battery,O(N),24,4192429,4692429,dominant_minus_15pp,5000,"{""bdg2_building_data_genome"":0.3333333333333333,""heapo_heat_pumps"":0.3333333333333333,""smart_grid_smart_city"":0.3333333333333333}","{""bdg2_building_data_genome"":0.18333333333333332,""heapo_heat_pumps"":0.40833333333333327,""smart_grid_smart_city"":0.40833333333333327}","{""bdg2_building_data_genome"":916,""heapo_heat_pumps"":2042,""smart_grid_smart_city"":2042}",False,test,34.51198086158722,15.573887565923442,18.938093295663776,54.873967888474326,0.8946499999999995,0.9966921119340049,0,0.0,18.938093295663776,0.0,0.0,"{""bdg2_building_data_genome"":{""available_profile_sources"":1570,""logical_devices"":916,""mean_profile_reuse"":1.0,""profile_bootstrap"":false,""selected_unique_profile_sources"":916,""weight"":0.18333333333333332},""heapo_heat_pumps"":{""available_profile_sources"":1362,""logical_devices"":2042,""mean_profile_reuse"":1.9355450236966825,""profile_bootstrap"":true,""selected_unique_profile_sources"":1055,""weight"":0.40833333333333327},""smart_grid_smart_city"":{""available_profile_sources"":5000,""logical_devices"":2042,""mean_profile_reuse"":1.0,""profile_bootstrap"":false,""selected_unique_profile_sources"":2042,""weight"":0.40833333333333327}}",dataset_combinations_mixed_physical_fleet_v1,,,,
predefined_mixed_scenario,S1-B,Building-heat pump-residential,建筑、热泵和带受控负荷住宅的高差异融合,aggregate,virtual_battery,Virtual battery,O(N),25,4192430,4692430,dominant_minus_15pp,5000,"{""bdg2_building_data_genome"":0.3333333333333333,""heapo_heat_pumps"":0.3333333333333333,""smart_grid_smart_city"":0.3333333333333333}","{""bdg2_building_data_genome"":0.18333333333333332,""heapo_heat_pumps"":0.40833333333333327,""smart_grid_smart_city"":0.40833333333333327}","{""bdg2_building_data_genome"":916,""heapo_heat_pumps"":2042,""smart_grid_smart_city"":2042}",False,test,35.58321869915716,16.41188672191483,19.17133197724233,53.877453131288625,0.8957280000000002,0.9944308593401013,0,0.0,19.17133197724233,0.0,0.0,"{""bdg2_building_data_genome"":{""available_profile_sources"":1570,""logical_devices"":916,""mean_profile_reuse"":1.0,""profile_bootstrap"":false,""selected_unique_profile_sources"":916,""weight"":0.18333333333333332},""heapo_heat_pumps"":{""available_profile_sources"":1362,""logical_devices"":2042,""mean_profile_reuse"":1.9521988527724665,""profile_bootstrap"":true,""selected_unique_profile_sources"":1046,""weight"":0.40833333333333327},""smart_grid_smart_city"":{""available_profile_sources"":5000,""logical_devices"":2042,""mean_profile_reuse"":1.0,""profile_bootstrap"":false,""selected_unique_profile_sources"":2042,""weight"":0.40833333333333327}}",dataset_combinations_mixed_physical_fleet_v1,,,,
predefined_mixed_scenario,S1-B,Building-heat pump-residential,建筑、热泵和带受控负荷住宅的高差异融合,aggregate,virtual_battery,Virtual battery,O(N),26,4192431,4692431,dominant_minus_15pp,5000,"{""bdg2_building_data_genome"":0.3333333333333333,""heapo_heat_pumps"":0.3333333333333333,""smart_grid_smart_city"":0.3333333333333333}","{""bdg2_building_data_genome"":0.18333333333333332,""heapo_heat_pumps"":0.40833333333333327,""smart_grid_smart_city"":0.40833333333333327}","{""bdg2_building_data_genome"":916,""heapo_heat_pumps"":2042,""smart_grid_smart_city"":2042}",False,test,36.45019587661368,17.310716738486466,19.13947913812721,52.5085769166114,0.8953599999999999,0.9916740938015052,0,0.0,19.13947913812721,0.0,0.0,"{""bdg2_building_data_genome"":{""available_profile_sources"":1570,""logical_devices"":916,""mean_profile_reuse"":1.0,""profile_bootstrap"":false,""selected_unique_profile_sources"":916,""weight"":0.18333333333333332},""heapo_heat_pumps"":{""available_profile_sources"":1362,""logical_devices"":2042,""mean_profile_reuse"":1.9691417550626809,""profile_bootstrap"":true,""selected_unique_profile_sources"":1037,""weight"":0.40833333333333327},""smart_grid_smart_city"":{""available_profile_sources"":5000,""logical_devices"":2042,""mean_profile_reuse"":1.0,""profile_bootstrap"":false,""selected_unique_profile_sources"":2042,""weight"":0.40833333333333327}}",dataset_combinations_mixed_physical_fleet_v1,,,,
predefined_mixed_scenario,S1-B,Building-heat pump-residential,建筑、热泵和带受控负荷住宅的高差异融合,aggregate,virtual_battery,Virtual battery,O(N),27,4192432,4692432,dominant_minus_15pp,5000,"{""bdg2_building_data_genome"":0.3333333333333333,""heapo_heat_pumps"":0.3333333333333333,""smart_grid_smart_city"":0.3333333333333333}","{""bdg2_building_data_genome"":0.18333333333333332,""heapo_heat_pumps"":0.40833333333333327,""smart_grid_smart_city"":0.40833333333333327}","{""bdg2_building_data_genome"":916,""heapo_heat_pumps"":2042,""smart_grid_smart_city"":2042}",False,test,35.64816180688353,16.69425656432425,18.95390524255928,53.16937615251553,0.8947139999999998,0.99371546653803,0,0.0,18.95390524255928,0.0,0.0,"{""bdg2_building_data_genome"":{""available_profile_sources"":1570,""logical_devices"":916,""mean_profile_reuse"":1.0,""profile_bootstrap"":false,""selected_unique_profile_sources"":916,""weight"":0.18333333333333332},""heapo_heat_pumps"":{""available_profile_sources"":1362,""logical_devices"":2042,""mean_profile_reuse"":1.919172932330827,""profile_bootstrap"":true,""selected_unique_profile_sources"":1064,""weight"":0.40833333333333327},""smart_grid_smart_city"":{""available_profile_sources"":5000,""logical_devices"":2042,""mean_profile_reuse"":1.0,""profile_bootstrap"":false,""selected_unique_profile_sources"":2042,""weight"":0.40833333333333327}}",dataset_combinations_mixed_physical_fleet_v1,,,,
predefined_mixed_scenario,S1-B,Building-heat pump-residential,建筑、热泵和带受控负荷住宅的高差异融合,aggregate,virtual_battery,Virtual battery,O(N),28,4192433,4692433,dominant_minus_15pp,5000,"{""bdg2_building_data_genome"":0.3333333333333333,""heapo_heat_pumps"":0.3333333333333333,""smart_grid_smart_city"":0.3333333333333333}","{""bdg2_building_data_genome"":0.18333333333333332,""heapo_heat_pumps"":0.40833333333333327,""smart_grid_smart_city"":0.40833333333333327}","{""bdg2_building_data_genome"":916,""heapo_heat_pumps"":2042,""smart_grid_smart_city"":2042}",False,test,35.78806254278101,16.721961122425988,19.066101420355025,53.27503101785247,0.8966379999999998,0.9954934364320328,0,0.0,19.066101420355025,0.0,0.0,"{""bdg2_building_data_genome"":{""available_profile_sources"":1570,""logical_devices"":916,""mean_profile_reuse"":1.0,""profile_bootstrap"":false,""selected_unique_profile_sources"":916,""weight"":0.18333333333333332},""heapo_heat_pumps"":{""available_profile_sources"":1362,""logical_devices"":2042,""mean_profile_reuse"":1.9318826868495742,""profile_bootstrap"":true,""selected_unique_profile_sources"":1057,""weight"":0.40833333333333327},""smart_grid_smart_city"":{""available_profile_sources"":5000,""logical_devices"":2042,""mean_profile_reuse"":1.0,""profile_bootstrap"":false,""selected_unique_profile_sources"":2042,""weight"":0.40833333333333327}}",dataset_combinations_mixed_physical_fleet_v1,,,,
predefined_mixed_scenario,S1-B,Building-heat pump-residential,建筑、热泵和带受控负荷住宅的高差异融合,aggregate,virtual_battery,Virtual battery,O(N),29,4192434,4692434,dominant_minus_15pp,5000,"{""bdg2_building_data_genome"":0.3333333333333333,""heapo_heat_pumps"":0.3333333333333333,""smart_grid_smart_city"":0.3333333333333333}","{""bdg2_building_data_genome"":0.18333333333333332,""heapo_heat_pumps"":0.40833333333333327,""smart_grid_smart_city"":0.40833333333333327}","{""bdg2_building_data_genome"":916,""heapo_heat_pumps"":2042,""smart_grid_smart_city"":2042}",False,test,35.277225187284394,16.34699849227168,18.930226695012713,53.66132566978674,0.8947179999999999,0.9941550179841564,0,0.0,18.930226695012713,0.0,0.0,"{""bdg2_building_data_genome"":{""available_profile_sources"":1570,""logical_devices"":916,""mean_profile_reuse"":1.0,""profile_bootstrap"":false,""selected_unique_profile_sources"":916,""weight"":0.18333333333333332},""heapo_heat_pumps"":{""available_profile_sources"":1362,""logical_devices"":2042,""mean_profile_reuse"":1.933712121212121,""profile_bootstrap"":true,""selected_unique_profile_sources"":1056,""weight"":0.40833333333333327},""smart_grid_smart_city"":{""available_profile_sources"":5000,""logical_devices"":2042,""mean_profile_reuse"":1.0,""profile_bootstrap"":false,""selected_unique_profile_sources"":2042,""weight"":0.40833333333333327}}",dataset_combinations_mixed_physical_fleet_v1,,,,
predefined_mixed_scenario,S1-B,Building-heat pump-residential,建筑、热泵和带受控负荷住宅的高差异融合,ieee33,centralized_optimal,Centralized greedy UB,O(N),0,4692405,5692405,nominal,5000,"{""bdg2_building_data_genome"":0.3333333333333333,""heapo_heat_pumps"":0.3333333333333333,""smart_grid_smart_city"":0.3333333333333333}","{""bdg2_building_data_genome"":0.3333333333333333,""heapo_heat_pumps"":0.3333333333333333,""smart_grid_smart_city"":0.3333333333333333}","{""bdg2_building_data_genome"":1667,""heapo_heat_pumps"":1667,""smart_grid_smart_city"":1666}",False,test,35.059361642193664,15.213896051389291,19.845465590804373,56.605324972376316,0.8947960000000004,0.8993055555555556,0,0.0,19.84546559080438,6.518045362705985e-15,0.0,"{""bdg2_building_data_genome"":{""available_profile_sources"":1570,""logical_devices"":1667,""mean_profile_reuse"":1.6215953307392996,""profile_bootstrap"":true,""selected_unique_profile_sources"":1028,""weight"":0.3333333333333333},""heapo_heat_pumps"":{""available_profile_sources"":1362,""logical_devices"":1667,""mean_profile_reuse"":1.7346514047866806,""profile_bootstrap"":true,""selected_unique_profile_sources"":961,""weight"":0.3333333333333333},""smart_grid_smart_city"":{""available_profile_sources"":5000,""logical_devices"":1666,""mean_profile_reuse"":1.0,""profile_bootstrap"":false,""selected_unique_profile_sources"":1666,""weight"":0.3333333333333333}}",dataset_combinations_mixed_physical_fleet_v1,,,,
predefined_mixed_scenario,S1-B,Building-heat pump-residential,建筑、热泵和带受控负荷住宅的高差异融合,ieee33,centralized_optimal,Centralized greedy UB,O(N),1,4692406,5692406,nominal,5000,"{""bdg2_building_data_genome"":0.3333333333333333,""heapo_heat_pumps"":0.3333333333333333,""smart_grid_smart_city"":0.3333333333333333}","{""bdg2_building_data_genome"":0.3333333333333333,""heapo_heat_pumps"":0.3333333333333333,""smart_grid_smart_city"":0.3333333333333333}","{""bdg2_building_data_genome"":1667,""heapo_heat_pumps"":1667,""smart_grid_smart_city"":1666}",False,test,34.11418977118736,13.612742441438979,20.501447329748384,60.096538910221405,0.8950719999999994,0.90625,0,0.0,20.501447329748395,4.64221254029932e-15,0.0,"{""bdg2_building_data_genome"":{""available_profile_sources"":1570,""logical_devices"":1667,""mean_profile_reuse"":1.632713026444662,""profile_bootstrap"":true,""selected_unique_profile_sources"":1021,""weight"":0.3333333333333333},""heapo_heat_pumps"":{""available_profile_sources"":1362,""logical_devices"":1667,""mean_profile_reuse"":1.7328482328482329,""profile_bootstrap"":true,""selected_unique_profile_sources"":962,""weight"":0.3333333333333333},""smart_grid_smart_city"":{""available_profile_sources"":5000,""logical_devices"":1666,""mean_profile_reuse"":1.0,""profile_bootstrap"":false,""selected_unique_profile_sources"":1666,""weight"":0.3333333333333333}}",dataset_combinations_mixed_physical_fleet_v1,,,,
predefined_mixed_scenario,S1-B,Building-heat pump-residential,建筑、热泵和带受控负荷住宅的高差异融合,ieee33,centralized_optimal,Centralized greedy UB,O(N),2,4692407,5692407,nominal,5000,"{""bdg2_building_data_genome"":0.3333333333333333,""heapo_heat_pumps"":0.3333333333333333,""smart_grid_smart_city"":0.3333333333333333}","{""bdg2_building_data_genome"":0.3333333333333333,""heapo_heat_pumps"":0.3333333333333333,""smart_grid_smart_city"":0.3333333333333333}","{""bdg2_building_data_genome"":1667,""heapo_heat_pumps"":1667,""smart_grid_smart_city"":1666}",False,test,35.92376450761006,15.571765910614378,20.35199859699568,56.653301445299064,0.8942299999999999,0.8993055555555556,0,0.0,20.351998596995685,4.433786671143025e-15,0.0,"{""bdg2_building_data_genome"":{""available_profile_sources"":1570,""logical_devices"":1667,""mean_profile_reuse"":1.6391347099311702,""profile_bootstrap"":true,""selected_unique_profile_sources"":1017,""weight"":0.3333333333333333},""heapo_heat_pumps"":{""available_profile_sources"":1362,""logical_devices"":1667,""mean_profile_reuse"":1.7167868177136971,""profile_bootstrap"":true,""selected_unique_profile_sources"":971,""weight"":0.3333333333333333},""smart_grid_smart_city"":{""available_profile_sources"":5000,""logical_devices"":1666,""mean_profile_reuse"":1.0,""profile_bootstrap"":false,""selected_unique_profile_sources"":1666,""weight"":0.3333333333333333}}",dataset_combinations_mixed_physical_fleet_v1,,,,
predefined_mixed_scenario,S1-B,Building-heat pump-residential,建筑、热泵和带受控负荷住宅的高差异融合,ieee33,centralized_optimal,Centralized greedy UB,O(N),3,4692408,5692408,nominal,5000,"{""bdg2_building_data_genome"":0.3333333333333333,""heapo_heat_pumps"":0.3333333333333333,""smart_grid_smart_city"":0.3333333333333333}","{""bdg2_building_data_genome"":0.3333333333333333,""heapo_heat_pumps"":0.3333333333333333,""smart_grid_smart_city"":0.3333333333333333}","{""bdg2_building_data_genome"":1667,""heapo_heat_pumps"":1667,""smart_grid_smart_city"":1666}",False,test,35.2801345563612,14.726662846975152,20.553471709386045,58.25791757270989,0.8944559999999999,0.9027168501072218,0,0.0,20.553471709386045,3.751665644813329e-15,0.0,"{""bdg2_building_data_genome"":{""available_profile_sources"":1570,""logical_devices"":1667,""mean_profile_reuse"":1.6686686686686687,""profile_bootstrap"":true,""selected_unique_profile_sources"":999,""weight"":0.3333333333333333},""heapo_heat_pumps"":{""available_profile_sources"":1362,""logical_devices"":1667,""mean_profile_reuse"":1.7492130115424973,""profile_bootstrap"":true,""selected_unique_profile_sources"":953,""weight"":0.3333333333333333},""smart_grid_smart_city"":{""available_profile_sources"":5000,""logical_devices"":1666,""mean_profile_reuse"":1.0,""profile_bootstrap"":false,""selected_unique_profile_sources"":1666,""weight"":0.3333333333333333}}",dataset_combinations_mixed_physical_fleet_v1,,,,
predefined_mixed_scenario,S1-B,Building-heat pump-residential,建筑、热泵和带受控负荷住宅的高差异融合,ieee33,centralized_optimal,Centralized greedy UB,O(N),4,4692409,5692409,nominal,5000,"{""bdg2_building_data_genome"":0.3333333333333333,""heapo_heat_pumps"":0.3333333333333333,""smart_grid_smart_city"":0.3333333333333333}","{""bdg2_building_data_genome"":0.3333333333333333,""heapo_heat_pumps"":0.3333333333333333,""smart_grid_smart_city"":0.3333333333333333}","{""bdg2_building_data_genome"":1667,""heapo_heat_pumps"":1667,""smart_grid_smart_city"":1666}",False,test,33.7319993914129,13.251277722020461,20.480721669392437,60.71600272412605,0.8953020000000004,0.9097222222222222,0,0.0,20.48072166939244,4.8695862157425526e-15,0.0,"{""bdg2_building_data_genome"":{""available_profile_sources"":1570,""logical_devices"":1667,""mean_profile_reuse"":1.6359175662414132,""profile_bootstrap"":true,""selected_unique_profile_sources"":1019,""weight"":0.3333333333333333},""heapo_heat_pumps"":{""available_profile_sources"":1362,""logical_devices"":1667,""mean_profile_reuse"":1.683838383838384,""profile_bootstrap"":true,""selected_unique_profile_sources"":990,""weight"":0.3333333333333333},""smart_grid_smart_city"":{""available_profile_sources"":5000,""logical_devices"":1666,""mean_profile_reuse"":1.0,""profile_bootstrap"":false,""selected_unique_profile_sources"":1666,""weight"":0.3333333333333333}}",dataset_combinations_mixed_physical_fleet_v1,,,,
predefined_mixed_scenario,S1-B,Building-heat pump-residential,建筑、热泵和带受控负荷住宅的高差异融合,ieee33,centralized_optimal,Centralized greedy UB,O(N),5,4692410,5692410,nominal,5000,"{""bdg2_building_data_genome"":0.3333333333333333,""heapo_heat_pumps"":0.3333333333333333,""smart_grid_smart_city"":0.3333333333333333}","{""bdg2_building_data_genome"":0.3333333333333333,""heapo_heat_pumps"":0.3333333333333333,""smart_grid_smart_city"":0.3333333333333333}","{""bdg2_building_data_genome"":1667,""heapo_heat_pumps"":1667,""smart_grid_smart_city"":1666}",False,test,34.39155207509888,13.823452078359114,20.568099996739765,59.80567539326627,0.8939779999999994,0.90625,0,0.0,20.56809999673977,5.570655048359186e-15,0.0,"{""bdg2_building_data_genome"":{""available_profile_sources"":1570,""logical_devices"":1667,""mean_profile_reuse"":1.6504950495049504,""profile_bootstrap"":true,""selected_unique_profile_sources"":1010,""weight"":0.3333333333333333},""heapo_heat_pumps"":{""available_profile_sources"":1362,""logical_devices"":1667,""mean_profile_reuse"":1.7185567010309277,""profile_bootstrap"":true,""selected_unique_profile_sources"":970,""weight"":0.3333333333333333},""smart_grid_smart_city"":{""available_profile_sources"":5000,""logical_devices"":1666,""mean_profile_reuse"":1.0,""profile_bootstrap"":false,""selected_unique_profile_sources"":1666,""weight"":0.3333333333333333}}",dataset_combinations_mixed_physical_fleet_v1,,,,
predefined_mixed_scenario,S1-B,Building-heat pump-residential,建筑、热泵和带受控负荷住宅的高差异融合,ieee33,centralized_optimal,Centralized greedy UB,O(N),6,4692411,5692411,nominal,5000,"{""bdg2_building_data_genome"":0.3333333333333333,""heapo_heat_pumps"":0.3333333333333333,""smart_grid_smart_city"":0.3333333333333333}","{""bdg2_building_data_genome"":0.3333333333333333,""heapo_heat_pumps"":0.3333333333333333,""smart_grid_smart_city"":0.3333333333333333}","{""bdg2_building_data_genome"":1667,""heapo_heat_pumps"":1667,""smart_grid_smart_city"":1666}",False,test,34.845869563277724,14.967384165819539,19.878485397458185,57.04689148698158,0.895458,0.8958333333333334,0,0.0,19.87848539745819,3.903248095108816e-15,0.0,"{""bdg2_building_data_genome"":{""available_profile_sources"":1570,""logical_devices"":1667,""mean_profile_reuse"":1.5861084681255946,""profile_bootstrap"":true,""selected_unique_profile_sources"":1051,""weight"":0.3333333333333333},""heapo_heat_pumps"":{""available_profile_sources"":1362,""logical_devices"":1667,""mean_profile_reuse"":1.7238883143743537,""profile_bootstrap"":true,""selected_unique_profile_sources"":967,""weight"":0.3333333333333333},""smart_grid_smart_city"":{""available_profile_sources"":5000,""logical_devices"":1666,""mean_profile_reuse"":1.0,""profile_bootstrap"":false,""selected_unique_profile_sources"":1666,""weight"":0.3333333333333333}}",dataset_combinations_mixed_physical_fleet_v1,,,,
predefined_mixed_scenario,S1-B,Building-heat pump-residential,建筑、热泵和带受控负荷住宅的高差异融合,ieee33,centralized_optimal,Centralized greedy UB,O(N),7,4692412,5692412,nominal,5000,"{""bdg2_building_data_genome"":0.3333333333333333,""heapo_heat_pumps"":0.3333333333333333,""smart_grid_smart_city"":0.3333333333333333}","{""bdg2_building_data_genome"":0.3333333333333333,""heapo_heat_pumps"":0.3333333333333333,""smart_grid_smart_city"":0.3333333333333333}","{""bdg2_building_data_genome"":1667,""heapo_heat_pumps"":1667,""smart_grid_smart_city"":1666}",False,test,35.94132529087837,16.065954403604742,19.875370887273625,55.299493623063036,0.8949959999999995,0.8958333333333334,0,0.0,19.875370887273636,6.518045362705985e-15,0.0,"{""bdg2_building_data_genome"":{""available_profile_sources"":1570,""logical_devices"":1667,""mean_profile_reuse"":1.626341463414634,""profile_bootstrap"":true,""selected_unique_profile_sources"":1025,""weight"":0.3333333333333333},""heapo_heat_pumps"":{""available_profile_sources"":1362,""logical_devices"":1667,""mean_profile_reuse"":1.7565858798735512,""profile_bootstrap"":true,""selected_unique_profile_sources"":949,""weight"":0.3333333333333333},""smart_grid_smart_city"":{""available_profile_sources"":5000,""logical_devices"":1666,""mean_profile_reuse"":1.0,""profile_bootstrap"":false,""selected_unique_profile_sources"":1666,""weight"":0.3333333333333333}}",dataset_combinations_mixed_physical_fleet_v1,,,,
predefined_mixed_scenario,S1-B,Building-heat pump-residential,建筑、热泵和带受控负荷住宅的高差异融合,ieee33,centralized_optimal,Centralized greedy UB,O(N),8,4692413,5692413,nominal,5000,"{""bdg2_building_data_genome"":0.3333333333333333,""heapo_heat_pumps"":0.3333333333333333,""smart_grid_smart_city"":0.3333333333333333}","{""bdg2_building_data_genome"":0.3333333333333333,""heapo_heat_pumps"":0.3333333333333333,""smart_grid_smart_city"":0.3333333333333333}","{""bdg2_building_data_genome"":1667,""heapo_heat_pumps"":1667,""smart_grid_smart_city"":1666}",False,test,34.39170783495104,13.936997162431208,20.454710672519834,59.47570493062998,0.8949939999999996,0.90625,0,0.0,20.45471067251984,6.006454592958713e-15,0.0,"{""bdg2_building_data_genome"":{""available_profile_sources"":1570,""logical_devices"":1667,""mean_profile_reuse"":1.6456071076011847,""profile_bootstrap"":true,""selected_unique_profile_sources"":1013,""weight"":0.3333333333333333},""heapo_heat_pumps"":{""available_profile_sources"":1362,""logical_devices"":1667,""mean_profile_reuse"":1.7364583333333334,""profile_bootstrap"":true,""selected_unique_profile_sources"":960,""weight"":0.3333333333333333},""smart_grid_smart_city"":{""available_profile_sources"":5000,""logical_devices"":1666,""mean_profile_reuse"":1.0,""profile_bootstrap"":false,""selected_unique_profile_sources"":1666,""weight"":0.3333333333333333}}",dataset_combinations_mixed_physical_fleet_v1,,,,
predefined_mixed_scenario,S1-B,Building-heat pump-residential,建筑、热泵和带受控负荷住宅的高差异融合,ieee33,centralized_optimal,Centralized greedy UB,O(N),9,4692414,5692414,nominal,5000,"{""bdg2_building_data_genome"":0.3333333333333333,""heapo_heat_pumps"":0.3333333333333333,""smart_grid_smart_city"":0.3333333333333333}","{""bdg2_building_data_genome"":0.3333333333333333,""heapo_heat_pumps"":0.3333333333333333,""smart_grid_smart_city"":0.3333333333333333}","{""bdg2_building_data_genome"":1667,""heapo_heat_pumps"":1667,""smart_grid_smart_city"":1666}",False,test,35.189356381386276,14.309668252485363,20.879688128900913,59.335237344509686,0.8958839999999997,0.90625,0,0.0,20.87968812890092,7.44648787076585e-15,0.0,"{""bdg2_building_data_genome"":{""available_profile_sources"":1570,""logical_devices"":1667,""mean_profile_reuse"":1.6168768186226965,""profile_bootstrap"":true,""selected_unique_profile_sources"":1031,""weight"":0.3333333333333333},""heapo_heat_pumps"":{""available_profile_sources"":1362,""logical_devices"":1667,""mean_profile_reuse"":1.76215644820296,""profile_bootstrap"":true,""selected_unique_profile_sources"":946,""weight"":0.3333333333333333},""smart_grid_smart_city"":{""available_profile_sources"":5000,""logical_devices"":1666,""mean_profile_reuse"":1.0,""profile_bootstrap"":false,""selected_unique_profile_sources"":1666,""weight"":0.3333333333333333}}",dataset_combinations_mixed_physical_fleet_v1,,,,
predefined_mixed_scenario,S1-B,Building-heat pump-residential,建筑、热泵和带受控负荷住宅的高差异融合,ieee33,centralized_optimal,Centralized greedy UB,O(N),10,4692415,5692415,dominant_plus_15pp,5000,"{""bdg2_building_data_genome"":0.3333333333333333,""heapo_heat_pumps"":0.3333333333333333,""smart_grid_smart_city"":0.3333333333333333}","{""bdg2_building_data_genome"":0.48333333333333334,""heapo_heat_pumps"":0.25833333333333336,""smart_grid_smart_city"":0.25833333333333336}","{""bdg2_building_data_genome"":2416,""heapo_heat_pumps"":1292,""smart_grid_smart_city"":1292}",False,test,31.86490646862508,11.445683623198388,20.41922284542669,64.08059871612028,0.8949239999999993,0.9166666666666666,0,0.0,20.4192228454267,8.232821831673693e-15,0.0,"{""bdg2_building_data_genome"":{""available_profile_sources"":1570,""logical_devices"":2416,""mean_profile_reuse"":1.9531123686337915,""profile_bootstrap"":true,""selected_unique_profile_sources"":1237,""weight"":0.48333333333333334},""heapo_heat_pumps"":{""available_profile_sources"":1362,""logical_devices"":1292,""mean_profile_reuse"":1.0,""profile_bootstrap"":false,""selected_unique_profile_sources"":1292,""weight"":0.25833333333333336},""smart_grid_smart_city"":{""available_profile_sources"":5000,""logical_devices"":1292,""mean_profile_reuse"":1.0,""profile_bootstrap"":false,""selected_unique_profile_sources"":1292,""weight"":0.25833333333333336}}",dataset_combinations_mixed_physical_fleet_v1,,,,
predefined_mixed_scenario,S1-B,Building-heat pump-residential,建筑、热泵和带受控负荷住宅的高差异融合,ieee33,centralized_optimal,Centralized greedy UB,O(N),11,4692416,5692416,dominant_plus_15pp,5000,"{""bdg2_building_data_genome"":0.3333333333333333,""heapo_heat_pumps"":0.3333333333333333,""smart_grid_smart_city"":0.3333333333333333}","{""bdg2_building_data_genome"":0.48333333333333334,""heapo_heat_pumps"":0.25833333333333336,""smart_grid_smart_city"":0.25833333333333336}","{""bdg2_building_data_genome"":2416,""heapo_heat_pumps"":1292,""smart_grid_smart_city"":1292}",False,test,33.755738766867616,13.685492785994505,20.07024598087311,59.45728552850612,0.8955500000000002,0.90625,0,0.0,20.070245980873114,7.143322970174873e-15,0.0,"{""bdg2_building_data_genome"":{""available_profile_sources"":1570,""logical_devices"":2416,""mean_profile_reuse"":1.995045417010735,""profile_bootstrap"":true,""selected_unique_profile_sources"":1211,""weight"":0.48333333333333334},""heapo_heat_pumps"":{""available_profile_sources"":1362,""logical_devices"":1292,""mean_profile_reuse"":1.0,""profile_bootstrap"":false,""selected_unique_profile_sources"":1292,""weight"":0.25833333333333336},""smart_grid_smart_city"":{""available_profile_sources"":5000,""logical_devices"":1292,""mean_profile_reuse"":1.0,""profile_bootstrap"":false,""selected_unique_profile_sources"":1292,""weight"":0.25833333333333336}}",dataset_combinations_mixed_physical_fleet_v1,,,,
predefined_mixed_scenario,S1-B,Building-heat pump-residential,建筑、热泵和带受控负荷住宅的高差异融合,ieee33,centralized_optimal,Centralized greedy UB,O(N),12,4692417,5692417,dominant_plus_15pp,5000,"{""bdg2_building_data_genome"":0.3333333333333333,""heapo_heat_pumps"":0.3333333333333333,""smart_grid_smart_city"":0.3333333333333333}","{""bdg2_building_data_genome"":0.48333333333333334,""heapo_heat_pumps"":0.25833333333333336,""smart_grid_smart_city"":0.25833333333333336}","{""bdg2_building_data_genome"":2416,""heapo_heat_pumps"":1292,""smart_grid_smart_city"":1292}",False,test,32.80964871441859,12.389090611138108,20.420558103280484,62.239490221382425,0.8961460000000001,0.9131944444444444,0,0.0,20.420558103280488,5.002220859751105e-15,0.0,"{""bdg2_building_data_genome"":{""available_profile_sources"":1570,""logical_devices"":2416,""mean_profile_reuse"":1.959448499594485,""profile_bootstrap"":true,""selected_unique_profile_sources"":1233,""weight"":0.48333333333333334},""heapo_heat_pumps"":{""available_profile_sources"":1362,""logical_devices"":1292,""mean_profile_reuse"":1.0,""profile_bootstrap"":false,""selected_unique_profile_sources"":1292,""weight"":0.25833333333333336},""smart_grid_smart_city"":{""available_profile_sources"":5000,""logical_devices"":1292,""mean_profile_reuse"":1.0,""profile_bootstrap"":false,""selected_unique_profile_sources"":1292,""weight"":0.25833333333333336}}",dataset_combinations_mixed_physical_fleet_v1,,,,
predefined_mixed_scenario,S1-B,Building-heat pump-residential,建筑、热泵和带受控负荷住宅的高差异融合,ieee33,centralized_optimal,Centralized greedy UB,O(N),13,4692418,5692418,dominant_plus_15pp,5000,"{""bdg2_building_data_genome"":0.3333333333333333,""heapo_heat_pumps"":0.3333333333333333,""smart_grid_smart_city"":0.3333333333333333}","{""bdg2_building_data_genome"":0.48333333333333334,""heapo_heat_pumps"":0.25833333333333336,""smart_grid_smart_city"":0.25833333333333336}","{""bdg2_building_data_genome"":2416,""heapo_heat_pumps"":1292,""smart_grid_smart_city"":1292}",False,test,32.73060482826036,12.119155998328552,20.61144882993181,62.97301543335798,0.8955140000000003,0.9131944444444444,0,0.0,20.611448829931817,8.715990891990562e-15,0.0,"{""bdg2_building_data_genome"":{""available_profile_sources"":1570,""logical_devices"":2416,""mean_profile_reuse"":1.9483870967741936,""profile_bootstrap"":true,""selected_unique_profile_sources"":1240,""weight"":0.48333333333333334},""heapo_heat_pumps"":{""available_profile_sources"":1362,""logical_devices"":1292,""mean_profile_reuse"":1.0,""profile_bootstrap"":false,""selected_unique_profile_sources"":1292,""weight"":0.25833333333333336},""smart_grid_smart_city"":{""available_profile_sources"":5000,""logical_devices"":1292,""mean_profile_reuse"":1.0,""profile_bootstrap"":false,""selected_unique_profile_sources"":1292,""weight"":0.25833333333333336}}",dataset_combinations_mixed_physical_fleet_v1,,,,
predefined_mixed_scenario,S1-B,Building-heat pump-residential,建筑、热泵和带受控负荷住宅的高差异融合,ieee33,centralized_optimal,Centralized greedy UB,O(N),14,4692419,5692419,dominant_plus_15pp,5000,"{""bdg2_building_data_genome"":0.3333333333333333,""heapo_heat_pumps"":0.3333333333333333,""smart_grid_smart_city"":0.3333333333333333}","{""bdg2_building_data_genome"":0.48333333333333334,""heapo_heat_pumps"":0.25833333333333336,""smart_grid_smart_city"":0.25833333333333336}","{""bdg2_building_data_genome"":2416,""heapo_heat_pumps"":1292,""smart_grid_smart_city"":1292}",False,test,32.56482680467927,11.72570699826289,20.83911980641638,63.99272420948969,0.893972,0.9166666666666666,0,0.0,20.839119806416388,7.219114195322618e-15,0.0,"{""bdg2_building_data_genome"":{""available_profile_sources"":1570,""logical_devices"":2416,""mean_profile_reuse"":1.9658258746948738,""profile_bootstrap"":true,""selected_unique_profile_sources"":1229,""weight"":0.48333333333333334},""heapo_heat_pumps"":{""available_profile_sources"":1362,""logical_devices"":1292,""mean_profile_reuse"":1.0,""profile_bootstrap"":false,""selected_unique_profile_sources"":1292,""weight"":0.25833333333333336},""smart_grid_smart_city"":{""available_profile_sources"":5000,""logical_devices"":1292,""mean_profile_reuse"":1.0,""profile_bootstrap"":false,""selected_unique_profile_sources"":1292,""weight"":0.25833333333333336}}",dataset_combinations_mixed_physical_fleet_v1,,,,
predefined_mixed_scenario,S1-B,Building-heat pump-residential,建筑、热泵和带受控负荷住宅的高差异融合,ieee33,centralized_optimal,Centralized greedy UB,O(N),15,4692420,5692420,dominant_plus_15pp,5000,"{""bdg2_building_data_genome"":0.3333333333333333,""heapo_heat_pumps"":0.3333333333333333,""smart_grid_smart_city"":0.3333333333333333}","{""bdg2_building_data_genome"":0.48333333333333334,""heapo_heat_pumps"":0.25833333333333336,""smart_grid_smart_city"":0.25833333333333336}","{""bdg2_building_data_genome"":2416,""heapo_heat_pumps"":1292,""smart_grid_smart_city"":1292}",False,test,31.467091430656698,11.01863416625688,20.448457264399817,64.98362681362404,0.8942120000000005,0.9201388888888888,0,0.0,20.448457264399828,7.673861546209083e-15,0.0,"{""bdg2_building_data_genome"":{""available_profile_sources"":1570,""logical_devices"":2416,""mean_profile_reuse"":1.9706362153344208,""profile_bootstrap"":true,""selected_unique_profile_sources"":1226,""weight"":0.48333333333333334},""heapo_heat_pumps"":{""available_profile_sources"":1362,""logical_devices"":1292,""mean_profile_reuse"":1.0,""profile_bootstrap"":false,""selected_unique_profile_sources"":1292,""weight"":0.25833333333333336},""smart_grid_smart_city"":{""available_profile_sources"":5000,""logical_devices"":1292,""mean_profile_reuse"":1.0,""profile_bootstrap"":false,""selected_unique_profile_sources"":1292,""weight"":0.25833333333333336}}",dataset_combinations_mixed_physical_fleet_v1,,,,
predefined_mixed_scenario,S1-B,Building-heat pump-residential,建筑、热泵和带受控负荷住宅的高差异融合,ieee33,centralized_optimal,Centralized greedy UB,O(N),16,4692421,5692421,dominant_plus_15pp,5000,"{""bdg2_building_data_genome"":0.3333333333333333,""heapo_heat_pumps"":0.3333333333333333,""smart_grid_smart_city"":0.3333333333333333}","{""bdg2_building_data_genome"":0.48333333333333334,""heapo_heat_pumps"":0.25833333333333336,""smart_grid_smart_city"":0.25833333333333336}","{""bdg2_building_data_genome"":2416,""heapo_heat_pumps"":1292,""smart_grid_smart_city"":1292}",False,test,32.720107643306136,12.193161536769583,20.526946106536553,62.73495897479403,0.89593,0.9131944444444444,0,0.0,20.526946106536553,6.366462912410498e-15,0.0,"{""bdg2_building_data_genome"":{""available_profile_sources"":1570,""logical_devices"":2416,""mean_profile_reuse"":2.0,""profile_bootstrap"":true,""selected_unique_profile_sources"":1208,""weight"":0.48333333333333334},""heapo_heat_pumps"":{""available_profile_sources"":1362,""logical_devices"":1292,""mean_profile_reuse"":1.0,""profile_bootstrap"":false,""selected_unique_profile_sources"":1292,""weight"":0.25833333333333336},""smart_grid_smart_city"":{""available_profile_sources"":5000,""logical_devices"":1292,""mean_profile_reuse"":1.0,""profile_bootstrap"":false,""selected_unique_profile_sources"":1292,""weight"":0.25833333333333336}}",dataset_combinations_mixed_physical_fleet_v1,,,,
predefined_mixed_scenario,S1-B,Building-heat pump-residential,建筑、热泵和带受控负荷住宅的高差异融合,ieee33,centralized_optimal,Centralized greedy UB,O(N),17,4692422,5692422,dominant_plus_15pp,5000,"{""bdg2_building_data_genome"":0.3333333333333333,""heapo_heat_pumps"":0.3333333333333333,""smart_grid_smart_city"":0.3333333333333333}","{""bdg2_building_data_genome"":0.48333333333333334,""heapo_heat_pumps"":0.25833333333333336,""smart_grid_smart_city"":0.25833333333333336}","{""bdg2_building_data_genome"":2416,""heapo_heat_pumps"":1292,""smart_grid_smart_city"":1292}",False,test,32.48397792854776,12.985239637757953,19.498738290789806,60.02570970119337,0.8948979999999997,0.90625,0,0.0,19.498738290789813,7.124375163887937e-15,0.0,"{""bdg2_building_data_genome"":{""available_profile_sources"":1570,""logical_devices"":2416,""mean_profile_reuse"":2.0116569525395502,""profile_bootstrap"":true,""selected_unique_profile_sources"":1201,""weight"":0.48333333333333334},""heapo_heat_pumps"":{""available_profile_sources"":1362,""logical_devices"":1292,""mean_profile_reuse"":1.0,""profile_bootstrap"":false,""selected_unique_profile_sources"":1292,""weight"":0.25833333333333336},""smart_grid_smart_city"":{""available_profile_sources"":5000,""logical_devices"":1292,""mean_profile_reuse"":1.0,""profile_bootstrap"":false,""selected_unique_profile_sources"":1292,""weight"":0.25833333333333336}}",dataset_combinations_mixed_physical_fleet_v1,,,,
predefined_mixed_scenario,S1-B,Building-heat pump-residential,建筑、热泵和带受控负荷住宅的高差异融合,ieee33,centralized_optimal,Centralized greedy UB,O(N),18,4692423,5692423,dominant_plus_15pp,5000,"{""bdg2_building_data_genome"":0.3333333333333333,""heapo_heat_pumps"":0.3333333333333333,""smart_grid_smart_city"":0.3333333333333333}","{""bdg2_building_data_genome"":0.48333333333333334,""heapo_heat_pumps"":0.25833333333333336,""smart_grid_smart_city"":0.25833333333333336}","{""bdg2_building_data_genome"":2416,""heapo_heat_pumps"":1292,""smart_grid_smart_city"":1292}",False,test,31.969367258870555,11.853789689372732,20.115577569497823,62.92141288444282,0.8950599999999996,0.9131944444444444,0,0.0,20.115577569497827,6.8780536821577696e-15,0.0,"{""bdg2_building_data_genome"":{""available_profile_sources"":1570,""logical_devices"":2416,""mean_profile_reuse"":1.9297124600638977,""profile_bootstrap"":true,""selected_unique_profile_sources"":1252,""weight"":0.48333333333333334},""heapo_heat_pumps"":{""available_profile_sources"":1362,""logical_devices"":1292,""mean_profile_reuse"":1.0,""profile_bootstrap"":false,""selected_unique_profile_sources"":1292,""weight"":0.25833333333333336},""smart_grid_smart_city"":{""available_profile_sources"":5000,""logical_devices"":1292,""mean_profile_reuse"":1.0,""profile_bootstrap"":false,""selected_unique_profile_sources"":1292,""weight"":0.25833333333333336}}",dataset_combinations_mixed_physical_fleet_v1,,,,
predefined_mixed_scenario,S1-B,Building-heat pump-residential,建筑、热泵和带受控负荷住宅的高差异融合,ieee33,centralized_optimal,Centralized greedy UB,O(N),19,4692424,5692424,dominant_plus_15pp,5000,"{""bdg2_building_data_genome"":0.3333333333333333,""heapo_heat_pumps"":0.3333333333333333,""smart_grid_smart_city"":0.3333333333333333}","{""bdg2_building_data_genome"":0.48333333333333334,""heapo_heat_pumps"":0.25833333333333336,""smart_grid_smart_city"":0.25833333333333336}","{""bdg2_building_data_genome"":2416,""heapo_heat_pumps"":1292,""smart_grid_smart_city"":1292}",False,test,32.15637982435094,12.04291720194243,20.113462622408512,62.5489023710849,0.8951939999999997,0.9131944444444444,0,0.0,20.11346262240852,7.598070321061337e-15,0.0,"{""bdg2_building_data_genome"":{""available_profile_sources"":1570,""logical_devices"":2416,""mean_profile_reuse"":1.951534733441034,""profile_bootstrap"":true,""selected_unique_profile_sources"":1238,""weight"":0.48333333333333334},""heapo_heat_pumps"":{""available_profile_sources"":1362,""logical_devices"":1292,""mean_profile_reuse"":1.0,""profile_bootstrap"":false,""selected_unique_profile_sources"":1292,""weight"":0.25833333333333336},""smart_grid_smart_city"":{""available_profile_sources"":5000,""logical_devices"":1292,""mean_profile_reuse"":1.0,""profile_bootstrap"":false,""selected_unique_profile_sources"":1292,""weight"":0.25833333333333336}}",dataset_combinations_mixed_physical_fleet_v1,,,,
predefined_mixed_scenario,S1-B,Building-heat pump-residential,建筑、热泵和带受控负荷住宅的高差异融合,ieee33,centralized_optimal,Centralized greedy UB,O(N),20,4692425,5692425,dominant_minus_15pp,5000,"{""bdg2_building_data_genome"":0.3333333333333333,""heapo_heat_pumps"":0.3333333333333333,""smart_grid_smart_city"":0.3333333333333333}","{""bdg2_building_data_genome"":0.18333333333333332,""heapo_heat_pumps"":0.40833333333333327,""smart_grid_smart_city"":0.40833333333333327}","{""bdg2_building_data_genome"":916,""heapo_heat_pumps"":2042,""smart_grid_smart_city"":2042}",False,test,35.3276903748212,15.043281352087117,20.284409022734085,57.41787478184879,0.8948860000000002,0.9027777777777778,0,0.0,20.284409022734092,5.229594535194337e-15,0.0,"{""bdg2_building_data_genome"":{""available_profile_sources"":1570,""logical_devices"":916,""mean_profile_reuse"":1.0,""profile_bootstrap"":false,""selected_unique_profile_sources"":916,""weight"":0.18333333333333332},""heapo_heat_pumps"":{""available_profile_sources"":1362,""logical_devices"":2042,""mean_profile_reuse"":1.9209783631232362,""profile_bootstrap"":true,""selected_unique_profile_sources"":1063,""weight"":0.40833333333333327},""smart_grid_smart_city"":{""available_profile_sources"":5000,""logical_devices"":2042,""mean_profile_reuse"":1.0,""profile_bootstrap"":false,""selected_unique_profile_sources"":2042,""weight"":0.40833333333333327}}",dataset_combinations_mixed_physical_fleet_v1,,,,
predefined_mixed_scenario,S1-B,Building-heat pump-residential,建筑、热泵和带受控负荷住宅的高差异融合,ieee33,centralized_optimal,Centralized greedy UB,O(N),21,4692426,5692426,dominant_minus_15pp,5000,"{""bdg2_building_data_genome"":0.3333333333333333,""heapo_heat_pumps"":0.3333333333333333,""smart_grid_smart_city"":0.3333333333333333}","{""bdg2_building_data_genome"":0.18333333333333332,""heapo_heat_pumps"":0.40833333333333327,""smart_grid_smart_city"":0.40833333333333327}","{""bdg2_building_data_genome"":916,""heapo_heat_pumps"":2042,""smart_grid_smart_city"":2042}",False,test,34.368856010425034,14.253992709398315,20.11486330102672,58.526426643136794,0.8952880000000006,0.90625,0,0.0,20.114863301026723,6.7643668444361535e-15,0.0,"{""bdg2_building_data_genome"":{""available_profile_sources"":1570,""logical_devices"":916,""mean_profile_reuse"":1.0,""profile_bootstrap"":false,""selected_unique_profile_sources"":916,""weight"":0.18333333333333332},""heapo_heat_pumps"":{""available_profile_sources"":1362,""logical_devices"":2042,""mean_profile_reuse"":1.9137769447047797,""profile_bootstrap"":true,""selected_unique_profile_sources"":1067,""weight"":0.40833333333333327},""smart_grid_smart_city"":{""available_profile_sources"":5000,""logical_devices"":2042,""mean_profile_reuse"":1.0,""profile_bootstrap"":false,""selected_unique_profile_sources"":2042,""weight"":0.40833333333333327}}",dataset_combinations_mixed_physical_fleet_v1,,,,
predefined_mixed_scenario,S1-B,Building-heat pump-residential,建筑、热泵和带受控负荷住宅的高差异融合,ieee33,centralized_optimal,Centralized greedy UB,O(N),22,4692427,5692427,dominant_minus_15pp,5000,"{""bdg2_building_data_genome"":0.3333333333333333,""heapo_heat_pumps"":0.3333333333333333,""smart_grid_smart_city"":0.3333333333333333}","{""bdg2_building_data_genome"":0.18333333333333332,""heapo_heat_pumps"":0.40833333333333327,""smart_grid_smart_city"":0.40833333333333327}","{""bdg2_building_data_genome"":916,""heapo_heat_pumps"":2042,""smart_grid_smart_city"":2042}",False,test,35.434363009484436,15.053549820380756,20.38081318910368,57.51708640465333,0.8946300000000005,0.9027777777777778,0,0.0,20.380813189103684,5.703289692367737e-15,0.0,"{""bdg2_building_data_genome"":{""available_profile_sources"":1570,""logical_devices"":916,""mean_profile_reuse"":1.0,""profile_bootstrap"":false,""selected_unique_profile_sources"":916,""weight"":0.18333333333333332},""heapo_heat_pumps"":{""available_profile_sources"":1362,""logical_devices"":2042,""mean_profile_reuse"":1.9634615384615384,""profile_bootstrap"":true,""selected_unique_profile_sources"":1040,""weight"":0.40833333333333327},""smart_grid_smart_city"":{""available_profile_sources"":5000,""logical_devices"":2042,""mean_profile_reuse"":1.0,""profile_bootstrap"":false,""selected_unique_profile_sources"":2042,""weight"":0.40833333333333327}}",dataset_combinations_mixed_physical_fleet_v1,,,,
predefined_mixed_scenario,S1-B,Building-heat pump-residential,建筑、热泵和带受控负荷住宅的高差异融合,ieee33,centralized_optimal,Centralized greedy UB,O(N),23,4692428,5692428,dominant_minus_15pp,5000,"{""bdg2_building_data_genome"":0.3333333333333333,""heapo_heat_pumps"":0.3333333333333333,""smart_grid_smart_city"":0.3333333333333333}","{""bdg2_building_data_genome"":0.18333333333333332,""heapo_heat_pumps"":0.40833333333333327,""smart_grid_smart_city"":0.40833333333333327}","{""bdg2_building_data_genome"":916,""heapo_heat_pumps"":2042,""smart_grid_smart_city"":2042}",False,test,34.41527204580041,14.00685298140236,20.408419064398046,59.3004728750602,0.8949680000000003,0.90625,0,0.0,20.408419064398057,7.105427357601002e-15,0.0,"{""bdg2_building_data_genome"":{""available_profile_sources"":1570,""logical_devices"":916,""mean_profile_reuse"":1.0,""profile_bootstrap"":false,""selected_unique_profile_sources"":916,""weight"":0.18333333333333332},""heapo_heat_pumps"":{""available_profile_sources"":1362,""logical_devices"":2042,""mean_profile_reuse"":1.9318826868495742,""profile_bootstrap"":true,""selected_unique_profile_sources"":1057,""weight"":0.40833333333333327},""smart_grid_smart_city"":{""available_profile_sources"":5000,""logical_devices"":2042,""mean_profile_reuse"":1.0,""profile_bootstrap"":false,""selected_unique_profile_sources"":2042,""weight"":0.40833333333333327}}",dataset_combinations_mixed_physical_fleet_v1,,,,
predefined_mixed_scenario,S1-B,Building-heat pump-residential,建筑、热泵和带受控负荷住宅的高差异融合,ieee33,centralized_optimal,Centralized greedy UB,O(N),24,4692429,5692429,dominant_minus_15pp,5000,"{""bdg2_building_data_genome"":0.3333333333333333,""heapo_heat_pumps"":0.3333333333333333,""smart_grid_smart_city"":0.3333333333333333}","{""bdg2_building_data_genome"":0.18333333333333332,""heapo_heat_pumps"":0.40833333333333327,""smart_grid_smart_city"":0.40833333333333327}","{""bdg2_building_data_genome"":916,""heapo_heat_pumps"":2042,""smart_grid_smart_city"":2042}",False,test,35.4753191970611,15.691655114768906,19.78366408229219,55.767402605728044,0.895066,0.8958333333333334,0,0.0,19.783664082292194,5.1348555037596574e-15,0.0,"{""bdg2_building_data_genome"":{""available_profile_sources"":1570,""logical_devices"":916,""mean_profile_reuse"":1.0,""profile_bootstrap"":false,""selected_unique_profile_sources"":916,""weight"":0.18333333333333332},""heapo_heat_pumps"":{""available_profile_sources"":1362,""logical_devices"":2042,""mean_profile_reuse"":1.9429115128449097,""profile_bootstrap"":true,""selected_unique_profile_sources"":1051,""weight"":0.40833333333333327},""smart_grid_smart_city"":{""available_profile_sources"":5000,""logical_devices"":2042,""mean_profile_reuse"":1.0,""profile_bootstrap"":false,""selected_unique_profile_sources"":2042,""weight"":0.40833333333333327}}",dataset_combinations_mixed_physical_fleet_v1,,,,
predefined_mixed_scenario,S1-B,Building-heat pump-residential,建筑、热泵和带受控负荷住宅的高差异融合,ieee33,centralized_optimal,Centralized greedy UB,O(N),25,4692430,5692430,dominant_minus_15pp,5000,"{""bdg2_building_data_genome"":0.3333333333333333,""heapo_heat_pumps"":0.3333333333333333,""smart_grid_smart_city"":0.3333333333333333}","{""bdg2_building_data_genome"":0.18333333333333332,""heapo_heat_pumps"":0.40833333333333327,""smart_grid_smart_city"":0.40833333333333327}","{""bdg2_building_data_genome"":916,""heapo_heat_pumps"":2042,""smart_grid_smart_city"":2042}",False,test,35.76185789411478,15.258152581429574,20.50370531268521,57.33400477512507,0.8948220000000008,0.9027777777777778,0,0.0,20.503705312685216,7.82544399650457e-15,0.0,"{""bdg2_building_data_genome"":{""available_profile_sources"":1570,""logical_devices"":916,""mean_profile_reuse"":1.0,""profile_bootstrap"":false,""selected_unique_profile_sources"":916,""weight"":0.18333333333333332},""heapo_heat_pumps"":{""available_profile_sources"":1362,""logical_devices"":2042,""mean_profile_reuse"":1.9209783631232362,""profile_bootstrap"":true,""selected_unique_profile_sources"":1063,""weight"":0.40833333333333327},""smart_grid_smart_city"":{""available_profile_sources"":5000,""logical_devices"":2042,""mean_profile_reuse"":1.0,""profile_bootstrap"":false,""selected_unique_profile_sources"":2042,""weight"":0.40833333333333327}}",dataset_combinations_mixed_physical_fleet_v1,,,,
predefined_mixed_scenario,S1-B,Building-heat pump-residential,建筑、热泵和带受控负荷住宅的高差异融合,ieee33,centralized_optimal,Centralized greedy UB,O(N),26,4692431,5692431,dominant_minus_15pp,5000,"{""bdg2_building_data_genome"":0.3333333333333333,""heapo_heat_pumps"":0.3333333333333333,""smart_grid_smart_city"":0.3333333333333333}","{""bdg2_building_data_genome"":0.18333333333333332,""heapo_heat_pumps"":0.40833333333333327,""smart_grid_smart_city"":0.40833333333333327}","{""bdg2_building_data_genome"":916,""heapo_heat_pumps"":2042,""smart_grid_smart_city"":2042}",False,test,37.27286542825839,17.20598794818272,20.06687748007567,53.837764415241296,0.8941679999999996,0.8923611111111112,0,0.0,20.066877480075682,8.405720564041986e-15,0.0,"{""bdg2_building_data_genome"":{""available_profile_sources"":1570,""logical_devices"":916,""mean_profile_reuse"":1.0,""profile_bootstrap"":false,""selected_unique_profile_sources"":916,""weight"":0.18333333333333332},""heapo_heat_pumps"":{""available_profile_sources"":1362,""logical_devices"":2042,""mean_profile_reuse"":1.9355450236966825,""profile_bootstrap"":true,""selected_unique_profile_sources"":1055,""weight"":0.40833333333333327},""smart_grid_smart_city"":{""available_profile_sources"":5000,""logical_devices"":2042,""mean_profile_reuse"":1.0,""profile_bootstrap"":false,""selected_unique_profile_sources"":2042,""weight"":0.40833333333333327}}",dataset_combinations_mixed_physical_fleet_v1,,,,
predefined_mixed_scenario,S1-B,Building-heat pump-residential,建筑、热泵和带受控负荷住宅的高差异融合,ieee33,centralized_optimal,Centralized greedy UB,O(N),27,4692432,5692432,dominant_minus_15pp,5000,"{""bdg2_building_data_genome"":0.3333333333333333,""heapo_heat_pumps"":0.3333333333333333,""smart_grid_smart_city"":0.3333333333333333}","{""bdg2_building_data_genome"":0.18333333333333332,""heapo_heat_pumps"":0.40833333333333327,""smart_grid_smart_city"":0.40833333333333327}","{""bdg2_building_data_genome"":916,""heapo_heat_pumps"":2042,""smart_grid_smart_city"":2042}",False,test,36.54227005633674,16.216039439107114,20.326230617229626,55.62388594330057,0.8952159999999997,0.8958239076405405,0,0.0,20.326230617229633,6.5985735394254635e-15,0.0,"{""bdg2_building_data_genome"":{""available_profile_sources"":1570,""logical_devices"":916,""mean_profile_reuse"":1.0,""profile_bootstrap"":false,""selected_unique_profile_sources"":916,""weight"":0.18333333333333332},""heapo_heat_pumps"":{""available_profile_sources"":1362,""logical_devices"":2042,""mean_profile_reuse"":1.9245994344957587,""profile_bootstrap"":true,""selected_unique_profile_sources"":1061,""weight"":0.40833333333333327},""smart_grid_smart_city"":{""available_profile_sources"":5000,""logical_devices"":2042,""mean_profile_reuse"":1.0,""profile_bootstrap"":false,""selected_unique_profile_sources"":2042,""weight"":0.40833333333333327}}",dataset_combinations_mixed_physical_fleet_v1,,,,
predefined_mixed_scenario,S1-B,Building-heat pump-residential,建筑、热泵和带受控负荷住宅的高差异融合,ieee33,centralized_optimal,Centralized greedy UB,O(N),28,4692433,5692433,dominant_minus_15pp,5000,"{""bdg2_building_data_genome"":0.3333333333333333,""heapo_heat_pumps"":0.3333333333333333,""smart_grid_smart_city"":0.3333333333333333}","{""bdg2_building_data_genome"":0.18333333333333332,""heapo_heat_pumps"":0.40833333333333327,""smart_grid_smart_city"":0.40833333333333327}","{""bdg2_building_data_genome"":916,""heapo_heat_pumps"":2042,""smart_grid_smart_city"":2042}",False,test,35.932429400638355,15.373859791413821,20.558569609224534,57.21452724501645,0.8951740000000002,0.9027777777777778,0,0.0,20.55856960922454,6.897001488444706e-15,0.0,"{""bdg2_building_data_genome"":{""available_profile_sources"":1570,""logical_devices"":916,""mean_profile_reuse"":1.0,""profile_bootstrap"":false,""selected_unique_profile_sources"":916,""weight"":0.18333333333333332},""heapo_heat_pumps"":{""available_profile_sources"":1362,""logical_devices"":2042,""mean_profile_reuse"":1.9559386973180077,""profile_bootstrap"":true,""selected_unique_profile_sources"":1044,""weight"":0.40833333333333327},""smart_grid_smart_city"":{""available_profile_sources"":5000,""logical_devices"":2042,""mean_profile_reuse"":1.0,""profile_bootstrap"":false,""selected_unique_profile_sources"":2042,""weight"":0.40833333333333327}}",dataset_combinations_mixed_physical_fleet_v1,,,,
predefined_mixed_scenario,S1-B,Building-heat pump-residential,建筑、热泵和带受控负荷住宅的高差异融合,ieee33,centralized_optimal,Centralized greedy UB,O(N),29,4692434,5692434,dominant_minus_15pp,5000,"{""bdg2_building_data_genome"":0.3333333333333333,""heapo_heat_pumps"":0.3333333333333333,""smart_grid_smart_city"":0.3333333333333333}","{""bdg2_building_data_genome"":0.18333333333333332,""heapo_heat_pumps"":0.40833333333333327,""smart_grid_smart_city"":0.40833333333333327}","{""bdg2_building_data_genome"":916,""heapo_heat_pumps"":2042,""smart_grid_smart_city"":2042}",False,test,36.2794310269736,16.306758696105142,19.972672330868456,55.05233066091599,0.8945959999999998,0.8958333333333334,0,0.0,19.972672330868463,6.8212102632969615e-15,0.0,"{""bdg2_building_data_genome"":{""available_profile_sources"":1570,""logical_devices"":916,""mean_profile_reuse"":1.0,""profile_bootstrap"":false,""selected_unique_profile_sources"":916,""weight"":0.18333333333333332},""heapo_heat_pumps"":{""available_profile_sources"":1362,""logical_devices"":2042,""mean_profile_reuse"":1.9373814041745732,""profile_bootstrap"":true,""selected_unique_profile_sources"":1054,""weight"":0.40833333333333327},""smart_grid_smart_city"":{""available_profile_sources"":5000,""logical_devices"":2042,""mean_profile_reuse"":1.0,""profile_bootstrap"":false,""selected_unique_profile_sources"":2042,""weight"":0.40833333333333327}}",dataset_combinations_mixed_physical_fleet_v1,,,,
predefined_mixed_scenario,S1-B,Building-heat pump-residential,建筑、热泵和带受控负荷住宅的高差异融合,ieee33,eps_e20_pooled,E20 pooled EPS,O(1),0,4692405,5492405,nominal,5000,"{""bdg2_building_data_genome"":0.3333333333333333,""heapo_heat_pumps"":0.3333333333333333,""smart_grid_smart_city"":0.3333333333333333}","{""bdg2_building_data_genome"":0.3333333333333333,""heapo_heat_pumps"":0.3333333333333333,""smart_grid_smart_city"":0.3333333333333333}","{""bdg2_building_data_genome"":1667,""heapo_heat_pumps"":1667,""smart_grid_smart_city"":1666}",False,test,35.059361642193664,18.049155582863662,17.010206059330002,48.51829942864206,0.8947960000000004,0.852897379474762,0,0.0,17.957076119502855,0.9468700601728551,0.0,"{""bdg2_building_data_genome"":{""available_profile_sources"":1570,""logical_devices"":1667,""mean_profile_reuse"":1.6215953307392996,""profile_bootstrap"":true,""selected_unique_profile_sources"":1028,""weight"":0.3333333333333333},""heapo_heat_pumps"":{""available_profile_sources"":1362,""logical_devices"":1667,""mean_profile_reuse"":1.7346514047866806,""profile_bootstrap"":true,""selected_unique_profile_sources"":961,""weight"":0.3333333333333333},""smart_grid_smart_city"":{""available_profile_sources"":5000,""logical_devices"":1666,""mean_profile_reuse"":1.0,""profile_bootstrap"":false,""selected_unique_profile_sources"":1666,""weight"":0.3333333333333333}}",dataset_combinations_mixed_physical_fleet_v1,2832.221196938216,3093.285714285714,3495.7715239928357,4953.703012365954
predefined_mixed_scenario,S1-B,Building-heat pump-residential,建筑、热泵和带受控负荷住宅的高差异融合,ieee33,eps_e20_pooled,E20 pooled EPS,O(1),1,4692406,5492406,nominal,5000,"{""bdg2_building_data_genome"":0.3333333333333333,""heapo_heat_pumps"":0.3333333333333333,""smart_grid_smart_city"":0.3333333333333333}","{""bdg2_building_data_genome"":0.3333333333333333,""heapo_heat_pumps"":0.3333333333333333,""smart_grid_smart_city"":0.3333333333333333}","{""bdg2_building_data_genome"":1667,""heapo_heat_pumps"":1667,""smart_grid_smart_city"":1666}",False,test,34.11418977118736,17.36475614953332,16.749433621654042,49.098142837326044,0.8950719999999994,0.8535999857705358,0,0.0,17.9332055969203,1.1837719752662519,0.0,"{""bdg2_building_data_genome"":{""available_profile_sources"":1570,""logical_devices"":1667,""mean_profile_reuse"":1.632713026444662,""profile_bootstrap"":true,""selected_unique_profile_sources"":1021,""weight"":0.3333333333333333},""heapo_heat_pumps"":{""available_profile_sources"":1362,""logical_devices"":1667,""mean_profile_reuse"":1.7328482328482329,""profile_bootstrap"":true,""selected_unique_profile_sources"":962,""weight"":0.3333333333333333},""smart_grid_smart_city"":{""available_profile_sources"":5000,""logical_devices"":1666,""mean_profile_reuse"":1.0,""profile_bootstrap"":false,""selected_unique_profile_sources"":1666,""weight"":0.3333333333333333}}",dataset_combinations_mixed_physical_fleet_v1,2716.4154939914297,2947.1428571428573,3446.1324360999997,4771.330432150807
predefined_mixed_scenario,S1-B,Building-heat pump-residential,建筑、热泵和带受控负荷住宅的高差异融合,ieee33,eps_e20_pooled,E20 pooled EPS,O(1),2,4692407,5492407,nominal,5000,"{""bdg2_building_data_genome"":0.3333333333333333,""heapo_heat_pumps"":0.3333333333333333,""smart_grid_smart_city"":0.3333333333333333}","{""bdg2_building_data_genome"":0.3333333333333333,""heapo_heat_pumps"":0.3333333333333333,""smart_grid_smart_city"":0.3333333333333333}","{""bdg2_building_data_genome"":1667,""heapo_heat_pumps"":1667,""smart_grid_smart_city"":1666}",False,test,35.92376450761006,18.981269470226078,16.94249503738398,47.16235970702596,0.8942299999999999,0.8487464972920359,0,0.0,17.887983291447018,0.9454882540630316,0.0,"{""bdg2_building_data_genome"":{""available_profile_sources"":1570,""logical_devices"":1667,""mean_profile_reuse"":1.6391347099311702,""profile_bootstrap"":true,""selected_unique_profile_sources"":1017,""weight"":0.3333333333333333},""heapo_heat_pumps"":{""available_profile_sources"":1362,""logical_devices"":1667,""mean_profile_reuse"":1.7167868177136971,""profile_bootstrap"":true,""selected_unique_profile_sources"":971,""weight"":0.3333333333333333},""smart_grid_smart_city"":{""available_profile_sources"":5000,""logical_devices"":1666,""mean_profile_reuse"":1.0,""profile_bootstrap"":false,""selected_unique_profile_sources"":1666,""weight"":0.3333333333333333}}",dataset_combinations_mixed_physical_fleet_v1,2933.6417720792183,3081.1428571428573,3497.2064700225374,4952.429475086421
predefined_mixed_scenario,S1-B,Building-heat pump-residential,建筑、热泵和带受控负荷住宅的高差异融合,ieee33,eps_e20_pooled,E20 pooled EPS,O(1),3,4692408,5492408,nominal,5000,"{""bdg2_building_data_genome"":0.3333333333333333,""heapo_heat_pumps"":0.3333333333333333,""smart_grid_smart_city"":0.3333333333333333}","{""bdg2_building_data_genome"":0.3333333333333333,""heapo_heat_pumps"":0.3333333333333333,""smart_grid_smart_city"":0.3333333333333333}","{""bdg2_building_data_genome"":1667,""heapo_heat_pumps"":1667,""smart_grid_smart_city"":1666}",False,test,35.2801345563612,18.287699674687495,16.992434881673702,48.16431426736119,0.8944559999999999,0.85551799559403,0,0.0,18.005406782789883,1.0129719011161793,0.0,"{""bdg2_building_data_genome"":{""available_profile_sources"":1570,""logical_devices"":1667,""mean_profile_reuse"":1.6686686686686687,""profile_bootstrap"":true,""selected_unique_profile_sources"":999,""weight"":0.3333333333333333},""heapo_heat_pumps"":{""available_profile_sources"":1362,""logical_devices"":1667,""mean_profile_reuse"":1.7492130115424973,""profile_bootstrap"":true,""selected_unique_profile_sources"":953,""weight"":0.3333333333333333},""smart_grid_smart_city"":{""available_profile_sources"":5000,""logical_devices"":1666,""mean_profile_reuse"":1.0,""profile_bootstrap"":false,""selected_unique_profile_sources"":1666,""weight"":0.3333333333333333}}",dataset_combinations_mixed_physical_fleet_v1,2872.153784929809,3069.0,3455.000067496449,4935.22909510277
predefined_mixed_scenario,S1-B,Building-heat pump-residential,建筑、热泵和带受控负荷住宅的高差异融合,ieee33,eps_e20_pooled,E20 pooled EPS,O(1),4,4692409,5492409,nominal,5000,"{""bdg2_building_data_genome"":0.3333333333333333,""heapo_heat_pumps"":0.3333333333333333,""smart_grid_smart_city"":0.3333333333333333}","{""bdg2_building_data_genome"":0.3333333333333333,""heapo_heat_pumps"":0.3333333333333333,""smart_grid_smart_city"":0.3333333333333333}","{""bdg2_building_data_genome"":1667,""heapo_heat_pumps"":1667,""smart_grid_smart_city"":1666}",False,test,33.7319993914129,16.98330804035462,16.74869135105828,49.65223423821705,0.8953020000000004,0.8563316542540007,0,0.0,17.969423431114535,1.2207320800562484,0.0,"{""bdg2_building_data_genome"":{""available_profile_sources"":1570,""logical_devices"":1667,""mean_profile_reuse"":1.6359175662414132,""profile_bootstrap"":true,""selected_unique_profile_sources"":1019,""weight"":0.3333333333333333},""heapo_heat_pumps"":{""available_profile_sources"":1362,""logical_devices"":1667,""mean_profile_reuse"":1.683838383838384,""profile_bootstrap"":true,""selected_unique_profile_sources"":990,""weight"":0.3333333333333333},""smart_grid_smart_city"":{""available_profile_sources"":5000,""logical_devices"":1666,""mean_profile_reuse"":1.0,""profile_bootstrap"":false,""selected_unique_profile_sources"":1666,""weight"":0.3333333333333333}}",dataset_combinations_mixed_physical_fleet_v1,2673.832484018096,2935.0,3434.1705326712477,4755.52841559834
predefined_mixed_scenario,S1-B,Building-heat pump-residential,建筑、热泵和带受控负荷住宅的高差异融合,ieee33,eps_e20_pooled,E20 pooled EPS,O(1),5,4692410,5492410,nominal,5000,"{""bdg2_building_data_genome"":0.3333333333333333,""heapo_heat_pumps"":0.3333333333333333,""smart_grid_smart_city"":0.3333333333333333}","{""bdg2_building_data_genome"":0.3333333333333333,""heapo_heat_pumps"":0.3333333333333333,""smart_grid_smart_city"":0.3333333333333333}","{""bdg2_building_data_genome"":1667,""heapo_heat_pumps"":1667,""smart_grid_smart_city"":1666}",False,test,34.39155207509888,17.187233734603144,17.204318340495735,50.02483837579544,0.8939779999999994,0.8571672376914949,0,0.0,18.235880689968923,1.0315623494731898,0.0,"{""bdg2_building_data_genome"":{""available_profile_sources"":1570,""logical_devices"":1667,""mean_profile_reuse"":1.6504950495049504,""profile_bootstrap"":true,""selected_unique_profile_sources"":1010,""weight"":0.3333333333333333},""heapo_heat_pumps"":{""available_profile_sources"":1362,""logical_devices"":1667,""mean_profile_reuse"":1.7185567010309277,""profile_bootstrap"":true,""selected_unique_profile_sources"":970,""weight"":0.3333333333333333},""smart_grid_smart_city"":{""available_profile_sources"":5000,""logical_devices"":1666,""mean_profile_reuse"":1.0,""profile_bootstrap"":false,""selected_unique_profile_sources"":1666,""weight"":0.3333333333333333}}",dataset_combinations_mixed_physical_fleet_v1,2753.2224326846704,2959.285714285714,3458.7239986405502,4788.110839971555
predefined_mixed_scenario,S1-B,Building-heat pump-residential,建筑、热泵和带受控负荷住宅的高差异融合,ieee33,eps_e20_pooled,E20 pooled EPS,O(1),6,4692411,5492411,nominal,5000,"{""bdg2_building_data_genome"":0.3333333333333333,""heapo_heat_pumps"":0.3333333333333333,""smart_grid_smart_city"":0.3333333333333333}","{""bdg2_building_data_genome"":0.3333333333333333,""heapo_heat_pumps"":0.3333333333333333,""smart_grid_smart_city"":0.3333333333333333}","{""bdg2_building_data_genome"":1667,""heapo_heat_pumps"":1667,""smart_grid_smart_city"":1666}",False,test,34.845869563277724,18.417879735024403,16.42798982825332,47.14472628792119,0.895458,0.8522006226485231,0,0.0,17.550721107035336,1.1227312787820167,0.0,"{""bdg2_building_data_genome"":{""available_profile_sources"":1570,""logical_devices"":1667,""mean_profile_reuse"":1.5861084681255946,""profile_bootstrap"":true,""selected_unique_profile_sources"":1051,""weight"":0.3333333333333333},""heapo_heat_pumps"":{""available_profile_sources"":1362,""logical_devices"":1667,""mean_profile_reuse"":1.7238883143743537,""profile_bootstrap"":true,""selected_unique_profile_sources"":967,""weight"":0.3333333333333333},""smart_grid_smart_city"":{""available_profile_sources"":5000,""logical_devices"":1666,""mean_profile_reuse"":1.0,""profile_bootstrap"":false,""selected_unique_profile_sources"":1666,""weight"":0.3333333333333333}}",dataset_combinations_mixed_physical_fleet_v1,2816.0950079930685,3044.5714285714284,3462.007118861106,4901.029148507244
predefined_mixed_scenario,S1-B,Building-heat pump-residential,建筑、热泵和带受控负荷住宅的高差异融合,ieee33,eps_e20_pooled,E20 pooled EPS,O(1),7,4692412,5492412,nominal,5000,"{""bdg2_building_data_genome"":0.3333333333333333,""heapo_heat_pumps"":0.3333333333333333,""smart_grid_smart_city"":0.3333333333333333}","{""bdg2_building_data_genome"":0.3333333333333333,""heapo_heat_pumps"":0.3333333333333333,""smart_grid_smart_city"":0.3333333333333333}","{""bdg2_building_data_genome"":1667,""heapo_heat_pumps"":1667,""smart_grid_smart_city"":1666}",False,test,35.94132529087837,19.113494690299323,16.827830600579045,46.82028407241238,0.8949959999999995,0.8490085857992263,0,0.0,17.853146506191084,1.0253159056120407,0.0,"{""bdg2_building_data_genome"":{""available_profile_sources"":1570,""logical_devices"":1667,""mean_profile_reuse"":1.626341463414634,""profile_bootstrap"":true,""selected_unique_profile_sources"":1025,""weight"":0.3333333333333333},""heapo_heat_pumps"":{""available_profile_sources"":1362,""logical_devices"":1667,""mean_profile_reuse"":1.7565858798735512,""profile_bootstrap"":true,""selected_unique_profile_sources"":949,""weight"":0.3333333333333333},""smart_grid_smart_city"":{""available_profile_sources"":5000,""logical_devices"":1666,""mean_profile_reuse"":1.0,""profile_bootstrap"":false,""selected_unique_profile_sources"":1666,""weight"":0.3333333333333333}}",dataset_combinations_mixed_physical_fleet_v1,2932.906310806141,3118.1428571428573,3513.8849768680557,4988.26173752249
predefined_mixed_scenario,S1-B,Building-heat pump-residential,建筑、热泵和带受控负荷住宅的高差异融合,ieee33,eps_e20_pooled,E20 pooled EPS,O(1),8,4692413,5492413,nominal,5000,"{""bdg2_building_data_genome"":0.3333333333333333,""heapo_heat_pumps"":0.3333333333333333,""smart_grid_smart_city"":0.3333333333333333}","{""bdg2_building_data_genome"":0.3333333333333333,""heapo_heat_pumps"":0.3333333333333333,""smart_grid_smart_city"":0.3333333333333333}","{""bdg2_building_data_genome"":1667,""heapo_heat_pumps"":1667,""smart_grid_smart_city"":1666}",False,test,34.39170783495104,17.742906123257864,16.648801711693178,48.40934853131546,0.8949939999999996,0.8523529272053051,0,0.0,17.859212265487002,1.210410553793826,0.0,"{""bdg2_building_data_genome"":{""available_profile_sources"":1570,""logical_devices"":1667,""mean_profile_reuse"":1.6456071076011847,""profile_bootstrap"":true,""selected_unique_profile_sources"":1013,""weight"":0.3333333333333333},""heapo_heat_pumps"":{""available_profile_sources"":1362,""logical_devices"":1667,""mean_profile_reuse"":1.7364583333333334,""profile_bootstrap"":true,""selected_unique_profile_sources"":960,""weight"":0.3333333333333333},""smart_grid_smart_city"":{""available_profile_sources"":5000,""logical_devices"":1666,""mean_profile_reuse"":1.0,""profile_bootstrap"":false,""selected_unique_profile_sources"":1666,""weight"":0.3333333333333333}}",dataset_combinations_mixed_physical_fleet_v1,2760.9040247775215,2995.8571428571427,3459.7555987190635,4838.018250574933
predefined_mixed_scenario,S1-B,Building-heat pump-residential,建筑、热泵和带受控负荷住宅的高差异融合,ieee33,eps_e20_pooled,E20 pooled EPS,O(1),9,4692414,5492414,nominal,5000,"{""bdg2_building_data_genome"":0.3333333333333333,""heapo_heat_pumps"":0.3333333333333333,""smart_grid_smart_city"":0.3333333333333333}","{""bdg2_building_data_genome"":0.3333333333333333,""heapo_heat_pumps"":0.3333333333333333,""smart_grid_smart_city"":0.3333333333333333}","{""bdg2_building_data_genome"":1667,""heapo_heat_pumps"":1667,""smart_grid_smart_city"":1666}",False,test,35.189356381386276,18.26632142703568,16.923034954350594,48.0913454936112,0.8958839999999997,0.8537624211018557,0,0.0,18.08951988164607,1.1664849272954716,0.0,"{""bdg2_building_data_genome"":{""available_profile_sources"":1570,""logical_devices"":1667,""mean_profile_reuse"":1.6168768186226965,""profile_bootstrap"":true,""selected_unique_profile_sources"":1031,""weight"":0.3333333333333333},""heapo_heat_pumps"":{""available_profile_sources"":1362,""logical_devices"":1667,""mean_profile_reuse"":1.76215644820296,""profile_bootstrap"":true,""selected_unique_profile_sources"":946,""weight"":0.3333333333333333},""smart_grid_smart_city"":{""available_profile_sources"":5000,""logical_devices"":1666,""mean_profile_reuse"":1.0,""profile_bootstrap"":false,""selected_unique_profile_sources"":1666,""weight"":0.3333333333333333}}",dataset_combinations_mixed_physical_fleet_v1,2836.986411305872,3056.714285714286,3448.4893807199273,4917.809556327991
predefined_mixed_scenario,S1-B,Building-heat pump-residential,建筑、热泵和带受控负荷住宅的高差异融合,ieee33,eps_e20_pooled,E20 pooled EPS,O(1),10,4692415,5492415,dominant_plus_15pp,5000,"{""bdg2_building_data_genome"":0.3333333333333333,""heapo_heat_pumps"":0.3333333333333333,""smart_grid_smart_city"":0.3333333333333333}","{""bdg2_building_data_genome"":0.48333333333333334,""heapo_heat_pumps"":0.25833333333333336,""smart_grid_smart_city"":0.25833333333333336}","{""bdg2_building_data_genome"":2416,""heapo_heat_pumps"":1292,""smart_grid_smart_city"":1292}",False,test,31.86490646862508,15.128347131823087,16.736559336801992,52.5234848979745,0.8949239999999993,0.8650538038693611,0,0.0,17.95655897017777,1.2199996333757788,0.0,"{""bdg2_building_data_genome"":{""available_profile_sources"":1570,""logical_devices"":2416,""mean_profile_reuse"":1.9531123686337915,""profile_bootstrap"":true,""selected_unique_profile_sources"":1237,""weight"":0.48333333333333334},""heapo_heat_pumps"":{""available_profile_sources"":1362,""logical_devices"":1292,""mean_profile_reuse"":1.0,""profile_bootstrap"":false,""selected_unique_profile_sources"":1292,""weight"":0.25833333333333336},""smart_grid_smart_city"":{""available_profile_sources"":5000,""logical_devices"":1292,""mean_profile_reuse"":1.0,""profile_bootstrap"":false,""selected_unique_profile_sources"":1292,""weight"":0.25833333333333336}}",dataset_combinations_mixed_physical_fleet_v1,2439.196772367179,2703.5714285714284,3265.9846662531018,4467.487212762254
predefined_mixed_scenario,S1-B,Building-heat pump-residential,建筑、热泵和带受控负荷住宅的高差异融合,ieee33,eps_e20_pooled,E20 pooled EPS,O(1),11,4692416,5492416,dominant_plus_15pp,5000,"{""bdg2_building_data_genome"":0.3333333333333333,""heapo_heat_pumps"":0.3333333333333333,""smart_grid_smart_city"":0.3333333333333333}","{""bdg2_building_data_genome"":0.48333333333333334,""heapo_heat_pumps"":0.25833333333333336,""smart_grid_smart_city"":0.25833333333333336}","{""bdg2_building_data_genome"":2416,""heapo_heat_pumps"":1292,""smart_grid_smart_city"":1292}",False,test,33.755738766867616,17.069948427344176,16.68579033952344,49.430973662769006,0.8955500000000002,0.855756576849464,0,0.0,17.928393808672176,1.2426034691487342,0.0,"{""bdg2_building_data_genome"":{""available_profile_sources"":1570,""logical_devices"":2416,""mean_profile_reuse"":1.995045417010735,""profile_bootstrap"":true,""selected_unique_profile_sources"":1211,""weight"":0.48333333333333334},""heapo_heat_pumps"":{""available_profile_sources"":1362,""logical_devices"":1292,""mean_profile_reuse"":1.0,""profile_bootstrap"":false,""selected_unique_profile_sources"":1292,""weight"":0.25833333333333336},""smart_grid_smart_city"":{""available_profile_sources"":5000,""logical_devices"":1292,""mean_profile_reuse"":1.0,""profile_bootstrap"":false,""selected_unique_profile_sources"":1292,""weight"":0.25833333333333336}}",dataset_combinations_mixed_physical_fleet_v1,2678.4122206065013,2934.8571428571427,3420.8544838382577,4755.332053639625
predefined_mixed_scenario,S1-B,Building-heat pump-residential,建筑、热泵和带受控负荷住宅的高差异融合,ieee33,eps_e20_pooled,E20 pooled EPS,O(1),12,4692417,5492417,dominant_plus_15pp,5000,"{""bdg2_building_data_genome"":0.3333333333333333,""heapo_heat_pumps"":0.3333333333333333,""smart_grid_smart_city"":0.3333333333333333}","{""bdg2_building_data_genome"":0.48333333333333334,""heapo_heat_pumps"":0.25833333333333336,""smart_grid_smart_city"":0.25833333333333336}","{""bdg2_building_data_genome"":2416,""heapo_heat_pumps"":1292,""smart_grid_smart_city"":1292}",False,test,32.80964871441859,15.747275993533552,17.06237272088504,52.00413106948864,0.8961460000000001,0.8635440559489287,0,0.0,18.328556048236056,1.266183327351017,0.0,"{""bdg2_building_data_genome"":{""available_profile_sources"":1570,""logical_devices"":2416,""mean_profile_reuse"":1.959448499594485,""profile_bootstrap"":true,""selected_unique_profile_sources"":1233,""weight"":0.48333333333333334},""heapo_heat_pumps"":{""available_profile_sources"":1362,""logical_devices"":1292,""mean_profile_reuse"":1.0,""profile_bootstrap"":false,""selected_unique_profile_sources"":1292,""weight"":0.25833333333333336},""smart_grid_smart_city"":{""available_profile_sources"":5000,""logical_devices"":1292,""mean_profile_reuse"":1.0,""profile_bootstrap"":false,""selected_unique_profile_sources"":1292,""weight"":0.25833333333333336}}",dataset_combinations_mixed_physical_fleet_v1,2556.1380667550775,2874.1428571428573,3377.574555649315,4686.637707471687
predefined_mixed_scenario,S1-B,Building-heat pump-residential,建筑、热泵和带受控负荷住宅的高差异融合,ieee33,eps_e20_pooled,E20 pooled EPS,O(1),13,4692418,5492418,dominant_plus_15pp,5000,"{""bdg2_building_data_genome"":0.3333333333333333,""heapo_heat_pumps"":0.3333333333333333,""smart_grid_smart_city"":0.3333333333333333}","{""bdg2_building_data_genome"":0.48333333333333334,""heapo_heat_pumps"":0.25833333333333336,""smart_grid_smart_city"":0.25833333333333336}","{""bdg2_building_data_genome"":2416,""heapo_heat_pumps"":1292,""smart_grid_smart_city"":1292}",False,test,32.73060482826036,15.565789633114491,17.16481519514587,52.44270701751705,0.8955140000000003,0.8635173814930835,0,0.0,18.375845709383565,1.2110305142376978,0.0,"{""bdg2_building_data_genome"":{""available_profile_sources"":1570,""logical_devices"":2416,""mean_profile_reuse"":1.9483870967741936,""profile_bootstrap"":true,""selected_unique_profile_sources"":1240,""weight"":0.48333333333333334},""heapo_heat_pumps"":{""available_profile_sources"":1362,""logical_devices"":1292,""mean_profile_reuse"":1.0,""profile_bootstrap"":false,""selected_unique_profile_sources"":1292,""weight"":0.25833333333333336},""smart_grid_smart_city"":{""available_profile_sources"":5000,""logical_devices"":1292,""mean_profile_reuse"":1.0,""profile_bootstrap"":false,""selected_unique_profile_sources"":1292,""weight"":0.25833333333333336}}",dataset_combinations_mixed_physical_fleet_v1,2536.990609743546,2849.714285714286,3350.8246358906276,4635.205687897784
predefined_mixed_scenario,S1-B,Building-heat pump-residential,建筑、热泵和带受控负荷住宅的高差异融合,ieee33,eps_e20_pooled,E20 pooled EPS,O(1),14,4692419,5492419,dominant_plus_15pp,5000,"{""bdg2_building_data_genome"":0.3333333333333333,""heapo_heat_pumps"":0.3333333333333333,""smart_grid_smart_city"":0.3333333333333333}","{""bdg2_building_data_genome"":0.48333333333333334,""heapo_heat_pumps"":0.25833333333333336,""smart_grid_smart_city"":0.25833333333333336}","{""bdg2_building_data_genome"":2416,""heapo_heat_pumps"":1292,""smart_grid_smart_city"":1292}",False,test,32.56482680467927,15.581959328963812,16.98286747571546,52.150952859590134,0.893972,0.8637065100765342,0,0.0,18.26698134459684,1.2841138688813836,0.0,"{""bdg2_building_data_genome"":{""available_profile_sources"":1570,""logical_devices"":2416,""mean_profile_reuse"":1.9658258746948738,""profile_bootstrap"":true,""selected_unique_profile_sources"":1229,""weight"":0.48333333333333334},""heapo_heat_pumps"":{""available_profile_sources"":1362,""logical_devices"":1292,""mean_profile_reuse"":1.0,""profile_bootstrap"":false,""selected_unique_profile_sources"":1292,""weight"":0.25833333333333336},""smart_grid_smart_city"":{""available_profile_sources"":5000,""logical_devices"":1292,""mean_profile_reuse"":1.0,""profile_bootstrap"":false,""selected_unique_profile_sources"":1292,""weight"":0.25833333333333336}}",dataset_combinations_mixed_physical_fleet_v1,2516.7927139129156,2837.4285714285716,3327.495792042076,4659.456399794858
predefined_mixed_scenario,S1-B,Building-heat pump-residential,建筑、热泵和带受控负荷住宅的高差异融合,ieee33,eps_e20_pooled,E20 pooled EPS,O(1),15,4692420,5492420,dominant_plus_15pp,5000,"{""bdg2_building_data_genome"":0.3333333333333333,""heapo_heat_pumps"":0.3333333333333333,""smart_grid_smart_city"":0.3333333333333333}","{""bdg2_building_data_genome"":0.48333333333333334,""heapo_heat_pumps"":0.25833333333333336,""smart_grid_smart_city"":0.25833333333333336}","{""bdg2_building_data_genome"":2416,""heapo_heat_pumps"":1292,""smart_grid_smart_city"":1292}",False,test,31.467091430656698,14.339262265342924,17.127829165313774,54.43092572778128,0.8942120000000005,0.8675880080767667,0,0.0,18.271557530665056,1.1437283653512789,0.0,"{""bdg2_building_data_genome"":{""available_profile_sources"":1570,""logical_devices"":2416,""mean_profile_reuse"":1.9706362153344208,""profile_bootstrap"":true,""selected_unique_profile_sources"":1226,""weight"":0.48333333333333334},""heapo_heat_pumps"":{""available_profile_sources"":1362,""logical_devices"":1292,""mean_profile_reuse"":1.0,""profile_bootstrap"":false,""selected_unique_profile_sources"":1292,""weight"":0.25833333333333336},""smart_grid_smart_city"":{""available_profile_sources"":5000,""logical_devices"":1292,""mean_profile_reuse"":1.0,""profile_bootstrap"":false,""selected_unique_profile_sources"":1292,""weight"":0.25833333333333336}}",dataset_combinations_mixed_physical_fleet_v1,2390.5503312506335,2728.0,3283.166363060158,4497.17597209095
predefined_mixed_scenario,S1-B,Building-heat pump-residential,建筑、热泵和带受控负荷住宅的高差异融合,ieee33,eps_e20_pooled,E20 pooled EPS,O(1),16,4692421,5492421,dominant_plus_15pp,5000,"{""bdg2_building_data_genome"":0.3333333333333333,""heapo_heat_pumps"":0.3333333333333333,""smart_grid_smart_city"":0.3333333333333333}","{""bdg2_building_data_genome"":0.48333333333333334,""heapo_heat_pumps"":0.25833333333333336,""smart_grid_smart_city"":0.25833333333333336}","{""bdg2_building_data_genome"":2416,""heapo_heat_pumps"":1292,""smart_grid_smart_city"":1292}",False,test,32.720107643306136,15.672099260409308,17.04800838289683,52.10254369803243,0.89593,0.8630269211343712,0,0.0,18.164065416086647,1.1160570331898214,0.0,"{""bdg2_building_data_genome"":{""available_profile_sources"":1570,""logical_devices"":2416,""mean_profile_reuse"":2.0,""profile_bootstrap"":true,""selected_unique_profile_sources"":1208,""weight"":0.48333333333333334},""heapo_heat_pumps"":{""available_profile_sources"":1362,""logical_devices"":1292,""mean_profile_reuse"":1.0,""profile_bootstrap"":false,""selected_unique_profile_sources"":1292,""weight"":0.25833333333333336},""smart_grid_smart_city"":{""available_profile_sources"":5000,""logical_devices"":1292,""mean_profile_reuse"":1.0,""profile_bootstrap"":false,""selected_unique_profile_sources"":1292,""weight"":0.25833333333333336}}",dataset_combinations_mixed_physical_fleet_v1,2543.1171549061087,2886.1428571428573,3378.7511245896244,4703.11927087663
predefined_mixed_scenario,S1-B,Building-heat pump-residential,建筑、热泵和带受控负荷住宅的高差异融合,ieee33,eps_e20_pooled,E20 pooled EPS,O(1),17,4692422,5492422,dominant_plus_15pp,5000,"{""bdg2_building_data_genome"":0.3333333333333333,""heapo_heat_pumps"":0.3333333333333333,""smart_grid_smart_city"":0.3333333333333333}","{""bdg2_building_data_genome"":0.48333333333333334,""heapo_heat_pumps"":0.25833333333333336,""smart_grid_smart_city"":0.25833333333333336}","{""bdg2_building_data_genome"":2416,""heapo_heat_pumps"":1292,""smart_grid_smart_city"":1292}",False,test,32.48397792854776,16.048010699622637,16.435967228925122,50.59715058629186,0.8948979999999997,0.861576302859329,0,0.0,17.640656206238607,1.2046889773134875,0.0,"{""bdg2_building_data_genome"":{""available_profile_sources"":1570,""logical_devices"":2416,""mean_profile_reuse"":2.0116569525395502,""profile_bootstrap"":true,""selected_unique_profile_sources"":1201,""weight"":0.48333333333333334},""heapo_heat_pumps"":{""available_profile_sources"":1362,""logical_devices"":1292,""mean_profile_reuse"":1.0,""profile_bootstrap"":false,""selected_unique_profile_sources"":1292,""weight"":0.25833333333333336},""smart_grid_smart_city"":{""available_profile_sources"":5000,""logical_devices"":1292,""mean_profile_reuse"":1.0,""profile_bootstrap"":false,""selected_unique_profile_sources"":1292,""weight"":0.25833333333333336}}",dataset_combinations_mixed_physical_fleet_v1,2511.228535488618,2825.4285714285716,3338.0152859931136,4602.725745981658
predefined_mixed_scenario,S1-B,Building-heat pump-residential,建筑、热泵和带受控负荷住宅的高差异融合,ieee33,eps_e20_pooled,E20 pooled EPS,O(1),18,4692423,5492423,dominant_plus_15pp,5000,"{""bdg2_building_data_genome"":0.3333333333333333,""heapo_heat_pumps"":0.3333333333333333,""smart_grid_smart_city"":0.3333333333333333}","{""bdg2_building_data_genome"":0.48333333333333334,""heapo_heat_pumps"":0.25833333333333336,""smart_grid_smart_city"":0.25833333333333336}","{""bdg2_building_data_genome"":2416,""heapo_heat_pumps"":1292,""smart_grid_smart_city"":1292}",False,test,31.969367258870555,15.06157650321438,16.907790755656176,52.88747387067776,0.8950599999999996,0.8652022235972592,0,0.0,18.066674436339046,1.1588836806828697,0.0,"{""bdg2_building_data_genome"":{""available_profile_sources"":1570,""logical_devices"":2416,""mean_profile_reuse"":1.9297124600638977,""profile_bootstrap"":true,""selected_unique_profile_sources"":1252,""weight"":0.48333333333333334},""heapo_heat_pumps"":{""available_profile_sources"":1362,""logical_devices"":1292,""mean_profile_reuse"":1.0,""profile_bootstrap"":false,""selected_unique_profile_sources"":1292,""weight"":0.25833333333333336},""smart_grid_smart_city"":{""available_profile_sources"":5000,""logical_devices"":1292,""mean_profile_reuse"":1.0,""profile_bootstrap"":false,""selected_unique_profile_sources"":1292,""weight"":0.25833333333333336}}",dataset_combinations_mixed_physical_fleet_v1,2442.5307497747094,2728.0,3296.899931521802,4497.17597209095
predefined_mixed_scenario,S1-B,Building-heat pump-residential,建筑、热泵和带受控负荷住宅的高差异融合,ieee33,eps_e20_pooled,E20 pooled EPS,O(1),19,4692424,5492424,dominant_plus_15pp,5000,"{""bdg2_building_data_genome"":0.3333333333333333,""heapo_heat_pumps"":0.3333333333333333,""smart_grid_smart_city"":0.3333333333333333}","{""bdg2_building_data_genome"":0.48333333333333334,""heapo_heat_pumps"":0.25833333333333336,""smart_grid_smart_city"":0.25833333333333336}","{""bdg2_building_data_genome"":2416,""heapo_heat_pumps"":1292,""smart_grid_smart_city"":1292}",False,test,32.15637982435094,15.009891889873685,17.146487934477257,53.32219618046929,0.8951939999999997,0.8663843956336401,0,0.0,18.279207254205794,1.1327193197285366,0.0,"{""bdg2_building_data_genome"":{""available_profile_sources"":1570,""logical_devices"":2416,""mean_profile_reuse"":1.951534733441034,""profile_bootstrap"":true,""selected_unique_profile_sources"":1238,""weight"":0.48333333333333334},""heapo_heat_pumps"":{""available_profile_sources"":1362,""logical_devices"":1292,""mean_profile_reuse"":1.0,""profile_bootstrap"":false,""selected_unique_profile_sources"":1292,""weight"":0.25833333333333336},""smart_grid_smart_city"":{""available_profile_sources"":5000,""logical_devices"":1292,""mean_profile_reuse"":1.0,""profile_bootstrap"":false,""selected_unique_profile_sources"":1292,""weight"":0.25833333333333336}}",dataset_combinations_mixed_physical_fleet_v1,2469.489557977081,2837.4285714285716,3331.183697058086,4659.456399794858
predefined_mixed_scenario,S1-B,Building-heat pump-residential,建筑、热泵和带受控负荷住宅的高差异融合,ieee33,eps_e20_pooled,E20 pooled EPS,O(1),20,4692425,5492425,dominant_minus_15pp,5000,"{""bdg2_building_data_genome"":0.3333333333333333,""heapo_heat_pumps"":0.3333333333333333,""smart_grid_smart_city"":0.3333333333333333}","{""bdg2_building_data_genome"":0.18333333333333332,""heapo_heat_pumps"":0.40833333333333327,""smart_grid_smart_city"":0.40833333333333327}","{""bdg2_building_data_genome"":916,""heapo_heat_pumps"":2042,""smart_grid_smart_city"":2042}",False,test,35.3276903748212,18.66120201185535,16.66648836296585,47.17684112982493,0.8948860000000002,0.851438050004309,0,0.0,17.79684049593646,1.1303521329706092,0.0,"{""bdg2_building_data_genome"":{""available_profile_sources"":1570,""logical_devices"":916,""mean_profile_reuse"":1.0,""profile_bootstrap"":false,""selected_unique_profile_sources"":916,""weight"":0.18333333333333332},""heapo_heat_pumps"":{""available_profile_sources"":1362,""logical_devices"":2042,""mean_profile_reuse"":1.9209783631232362,""profile_bootstrap"":true,""selected_unique_profile_sources"":1063,""weight"":0.40833333333333327},""smart_grid_smart_city"":{""available_profile_sources"":5000,""logical_devices"":2042,""mean_profile_reuse"":1.0,""profile_bootstrap"":false,""selected_unique_profile_sources"":2042,""weight"":0.40833333333333327}}",dataset_combinations_mixed_physical_fleet_v1,2871.970639103312,3069.0,3473.493195502179,4935.22909510277
predefined_mixed_scenario,S1-B,Building-heat pump-residential,建筑、热泵和带受控负荷住宅的高差异融合,ieee33,eps_e20_pooled,E20 pooled EPS,O(1),21,4692426,5492426,dominant_minus_15pp,5000,"{""bdg2_building_data_genome"":0.3333333333333333,""heapo_heat_pumps"":0.3333333333333333,""smart_grid_smart_city"":0.3333333333333333}","{""bdg2_building_data_genome"":0.18333333333333332,""heapo_heat_pumps"":0.40833333333333327,""smart_grid_smart_city"":0.40833333333333327}","{""bdg2_building_data_genome"":916,""heapo_heat_pumps"":2042,""smart_grid_smart_city"":2042}",False,test,34.368856010425034,17.798091756068928,16.570764254356106,48.214477227085276,0.8952880000000006,0.8516964397263236,0,0.0,17.564612495370813,0.9938482410147108,0.0,"{""bdg2_building_data_genome"":{""available_profile_sources"":1570,""logical_devices"":916,""mean_profile_reuse"":1.0,""profile_bootstrap"":false,""selected_unique_profile_sources"":916,""weight"":0.18333333333333332},""heapo_heat_pumps"":{""available_profile_sources"":1362,""logical_devices"":2042,""mean_profile_reuse"":1.9137769447047797,""profile_bootstrap"":true,""selected_unique_profile_sources"":1067,""weight"":0.40833333333333327},""smart_grid_smart_city"":{""available_profile_sources"":5000,""logical_devices"":2042,""mean_profile_reuse"":1.0,""profile_bootstrap"":false,""selected_unique_profile_sources"":2042,""weight"":0.40833333333333327}}",dataset_combinations_mixed_physical_fleet_v1,2764.8324383881977,3032.285714285714,3432.2774141125155,4885.030769996062
predefined_mixed_scenario,S1-B,Building-heat pump-residential,建筑、热泵和带受控负荷住宅的高差异融合,ieee33,eps_e20_pooled,E20 pooled EPS,O(1),22,4692427,5492427,dominant_minus_15pp,5000,"{""bdg2_building_data_genome"":0.3333333333333333,""heapo_heat_pumps"":0.3333333333333333,""smart_grid_smart_city"":0.3333333333333333}","{""bdg2_building_data_genome"":0.18333333333333332,""heapo_heat_pumps"":0.40833333333333327,""smart_grid_smart_city"":0.40833333333333327}","{""bdg2_building_data_genome"":916,""heapo_heat_pumps"":2042,""smart_grid_smart_city"":2042}",False,test,35.434363009484436,18.77733641773426,16.657026591750174,47.00811635104523,0.8946300000000005,0.8518012887433819,0,0.0,17.805615161619368,1.1485885698691922,0.0,"{""bdg2_building_data_genome"":{""available_profile_sources"":1570,""logical_devices"":916,""mean_profile_reuse"":1.0,""profile_bootstrap"":false,""selected_unique_profile_sources"":916,""weight"":0.18333333333333332},""heapo_heat_pumps"":{""available_profile_sources"":1362,""logical_devices"":2042,""mean_profile_reuse"":1.9634615384615384,""profile_bootstrap"":true,""selected_unique_profile_sources"":1040,""weight"":0.40833333333333327},""smart_grid_smart_city"":{""available_profile_sources"":5000,""logical_devices"":2042,""mean_profile_reuse"":1.0,""profile_bootstrap"":false,""selected_unique_profile_sources"":2042,""weight"":0.40833333333333327}}",dataset_combinations_mixed_physical_fleet_v1,2873.1070985088827,3069.0,3470.79542196295,4935.22909510277
predefined_mixed_scenario,S1-B,Building-heat pump-residential,建筑、热泵和带受控负荷住宅的高差异融合,ieee33,eps_e20_pooled,E20 pooled EPS,O(1),23,4692428,5492428,dominant_minus_15pp,5000,"{""bdg2_building_data_genome"":0.3333333333333333,""heapo_heat_pumps"":0.3333333333333333,""smart_grid_smart_city"":0.3333333333333333}","{""bdg2_building_data_genome"":0.18333333333333332,""heapo_heat_pumps"":0.40833333333333327,""smart_grid_smart_city"":0.40833333333333327}","{""bdg2_building_data_genome"":916,""heapo_heat_pumps"":2042,""smart_grid_smart_city"":2042}",False,test,34.41527204580041,17.880007398860094,16.535264646940313,48.04629940142537,0.8949680000000003,0.8530324210974936,0,0.0,17.672234799413776,1.136970152473463,0.0,"{""bdg2_building_data_genome"":{""available_profile_sources"":1570,""logical_devices"":916,""mean_profile_reuse"":1.0,""profile_bootstrap"":false,""selected_unique_profile_sources"":916,""weight"":0.18333333333333332},""heapo_heat_pumps"":{""available_profile_sources"":1362,""logical_devices"":2042,""mean_profile_reuse"":1.9318826868495742,""profile_bootstrap"":true,""selected_unique_profile_sources"":1057,""weight"":0.40833333333333327},""smart_grid_smart_city"":{""available_profile_sources"":5000,""logical_devices"":2042,""mean_profile_reuse"":1.0,""profile_bootstrap"":false,""selected_unique_profile_sources"":2042,""weight"":0.40833333333333327}}",dataset_combinations_mixed_physical_fleet_v1,2766.0909364924414,3044.5714285714284,3435.6644146547983,4901.029148507244
predefined_mixed_scenario,S1-B,Building-heat pump-residential,建筑、热泵和带受控负荷住宅的高差异融合,ieee33,eps_e20_pooled,E20 pooled EPS,O(1),24,4692429,5492429,dominant_minus_15pp,5000,"{""bdg2_building_data_genome"":0.3333333333333333,""heapo_heat_pumps"":0.3333333333333333,""smart_grid_smart_city"":0.3333333333333333}","{""bdg2_building_data_genome"":0.18333333333333332,""heapo_heat_pumps"":0.40833333333333327,""smart_grid_smart_city"":0.40833333333333327}","{""bdg2_building_data_genome"":916,""heapo_heat_pumps"":2042,""smart_grid_smart_city"":2042}",False,test,35.4753191970611,18.914626484750585,16.560692712310512,46.682293738691605,0.895066,0.8534283736864523,0,0.0,17.68640700951445,1.1257142972039387,0.0,"{""bdg2_building_data_genome"":{""available_profile_sources"":1570,""logical_devices"":916,""mean_profile_reuse"":1.0,""profile_bootstrap"":false,""selected_unique_profile_sources"":916,""weight"":0.18333333333333332},""heapo_heat_pumps"":{""available_profile_sources"":1362,""logical_devices"":2042,""mean_profile_reuse"":1.9429115128449097,""profile_bootstrap"":true,""selected_unique_profile_sources"":1051,""weight"":0.40833333333333327},""smart_grid_smart_city"":{""available_profile_sources"":5000,""logical_devices"":2042,""mean_profile_reuse"":1.0,""profile_bootstrap"":false,""selected_unique_profile_sources"":2042,""weight"":0.40833333333333327}}",dataset_combinations_mixed_physical_fleet_v1,2898.8068789807053,3056.714285714286,3457.3049649905815,4917.809556327991
predefined_mixed_scenario,S1-B,Building-heat pump-residential,建筑、热泵和带受控负荷住宅的高差异融合,ieee33,eps_e20_pooled,E20 pooled EPS,O(1),25,4692430,5492430,dominant_minus_15pp,5000,"{""bdg2_building_data_genome"":0.3333333333333333,""heapo_heat_pumps"":0.3333333333333333,""smart_grid_smart_city"":0.3333333333333333}","{""bdg2_building_data_genome"":0.18333333333333332,""heapo_heat_pumps"":0.40833333333333327,""smart_grid_smart_city"":0.40833333333333327}","{""bdg2_building_data_genome"":916,""heapo_heat_pumps"":2042,""smart_grid_smart_city"":2042}",False,test,35.76185789411478,19.247789140965583,16.5140687531492,46.177882597835804,0.8948220000000008,0.8492973259401114,0,0.0,17.606138977512625,1.0920702243634242,0.0,"{""bdg2_building_data_genome"":{""available_profile_sources"":1570,""logical_devices"":916,""mean_profile_reuse"":1.0,""profile_bootstrap"":false,""selected_unique_profile_sources"":916,""weight"":0.18333333333333332},""heapo_heat_pumps"":{""available_profile_sources"":1362,""logical_devices"":2042,""mean_profile_reuse"":1.9209783631232362,""profile_bootstrap"":true,""selected_unique_profile_sources"":1063,""weight"":0.40833333333333327},""smart_grid_smart_city"":{""available_profile_sources"":5000,""logical_devices"":2042,""mean_profile_reuse"":1.0,""profile_bootstrap"":false,""selected_unique_profile_sources"":2042,""weight"":0.40833333333333327}}",dataset_combinations_mixed_physical_fleet_v1,2915.537646179545,3069.0,3477.4644310522017,4935.22909510277
predefined_mixed_scenario,S1-B,Building-heat pump-residential,建筑、热泵和带受控负荷住宅的高差异融合,ieee33,eps_e20_pooled,E20 pooled EPS,O(1),26,4692431,5492431,dominant_minus_15pp,5000,"{""bdg2_building_data_genome"":0.3333333333333333,""heapo_heat_pumps"":0.3333333333333333,""smart_grid_smart_city"":0.3333333333333333}","{""bdg2_building_data_genome"":0.18333333333333332,""heapo_heat_pumps"":0.40833333333333327,""smart_grid_smart_city"":0.40833333333333327}","{""bdg2_building_data_genome"":916,""heapo_heat_pumps"":2042,""smart_grid_smart_city"":2042}",False,test,37.27286542825839,21.202097206573466,16.070768221684926,43.11653541265139,0.8941679999999996,0.8422241051068051,0,0.0,17.55609598177198,1.4853277600870516,0.0,"{""bdg2_building_data_genome"":{""available_profile_sources"":1570,""logical_devices"":916,""mean_profile_reuse"":1.0,""profile_bootstrap"":false,""selected_unique_profile_sources"":916,""weight"":0.18333333333333332},""heapo_heat_pumps"":{""available_profile_sources"":1362,""logical_devices"":2042,""mean_profile_reuse"":1.9355450236966825,""profile_bootstrap"":true,""selected_unique_profile_sources"":1055,""weight"":0.40833333333333327},""smart_grid_smart_city"":{""available_profile_sources"":5000,""logical_devices"":2042,""mean_profile_reuse"":1.0,""profile_bootstrap"":false,""selected_unique_profile_sources"":2042,""weight"":0.40833333333333327}}",dataset_combinations_mixed_physical_fleet_v1,2697.73039724795,2739.0,3125.2137573940004,4434.360494023763
predefined_mixed_scenario,S1-B,Building-heat pump-residential,建筑、热泵和带受控负荷住宅的高差异融合,ieee33,eps_e20_pooled,E20 pooled EPS,O(1),27,4692432,5492432,dominant_minus_15pp,5000,"{""bdg2_building_data_genome"":0.3333333333333333,""heapo_heat_pumps"":0.3333333333333333,""smart_grid_smart_city"":0.3333333333333333}","{""bdg2_building_data_genome"":0.18333333333333332,""heapo_heat_pumps"":0.40833333333333327,""smart_grid_smart_city"":0.40833333333333327}","{""bdg2_building_data_genome"":916,""heapo_heat_pumps"":2042,""smart_grid_smart_city"":2042}",False,test,36.54227005633674,20.19300084928303,16.34926920705371,44.74070489284944,0.8952159999999997,0.8449861088815678,0,0.0,17.564768448657183,1.215499241603475,0.0,"{""bdg2_building_data_genome"":{""available_profile_sources"":1570,""logical_devices"":916,""mean_profile_reuse"":1.0,""profile_bootstrap"":false,""selected_unique_profile_sources"":916,""weight"":0.18333333333333332},""heapo_heat_pumps"":{""available_profile_sources"":1362,""logical_devices"":2042,""mean_profile_reuse"":1.9245994344957587,""profile_bootstrap"":true,""selected_unique_profile_sources"":1061,""weight"":0.40833333333333327},""smart_grid_smart_city"":{""available_profile_sources"":5000,""logical_devices"":2042,""mean_profile_reuse"":1.0,""profile_bootstrap"":false,""selected_unique_profile_sources"":2042,""weight"":0.40833333333333327}}",dataset_combinations_mixed_physical_fleet_v1,2647.5740301801125,2728.375,3102.22654445768,4419.31016153807
predefined_mixed_scenario,S1-B,Building-heat pump-residential,建筑、热泵和带受控负荷住宅的高差异融合,ieee33,eps_e20_pooled,E20 pooled EPS,O(1),28,4692433,5492433,dominant_minus_15pp,5000,"{""bdg2_building_data_genome"":0.3333333333333333,""heapo_heat_pumps"":0.3333333333333333,""smart_grid_smart_city"":0.3333333333333333}","{""bdg2_building_data_genome"":0.18333333333333332,""heapo_heat_pumps"":0.40833333333333327,""smart_grid_smart_city"":0.40833333333333327}","{""bdg2_building_data_genome"":916,""heapo_heat_pumps"":2042,""smart_grid_smart_city"":2042}",False,test,35.932429400638355,19.175862575677417,16.756566824960938,46.63354831405652,0.8951740000000002,0.8514998290587023,0,0.0,17.872191441116193,1.1156246161552512,0.0,"{""bdg2_building_data_genome"":{""available_profile_sources"":1570,""logical_devices"":916,""mean_profile_reuse"":1.0,""profile_bootstrap"":false,""selected_unique_profile_sources"":916,""weight"":0.18333333333333332},""heapo_heat_pumps"":{""available_profile_sources"":1362,""logical_devices"":2042,""mean_profile_reuse"":1.9559386973180077,""profile_bootstrap"":true,""selected_unique_profile_sources"":1044,""weight"":0.40833333333333327},""smart_grid_smart_city"":{""available_profile_sources"":5000,""logical_devices"":2042,""mean_profile_reuse"":1.0,""profile_bootstrap"":false,""selected_unique_profile_sources"":2042,""weight"":0.40833333333333327}}",dataset_combinations_mixed_physical_fleet_v1,2926.919779385057,3069.4285714285716,3464.301462898511,4935.58787366378
predefined_mixed_scenario,S1-B,Building-heat pump-residential,建筑、热泵和带受控负荷住宅的高差异融合,ieee33,eps_e20_pooled,E20 pooled EPS,O(1),29,4692434,5492434,dominant_minus_15pp,5000,"{""bdg2_building_data_genome"":0.3333333333333333,""heapo_heat_pumps"":0.3333333333333333,""smart_grid_smart_city"":0.3333333333333333}","{""bdg2_building_data_genome"":0.18333333333333332,""heapo_heat_pumps"":0.40833333333333327,""smart_grid_smart_city"":0.40833333333333327}","{""bdg2_building_data_genome"":916,""heapo_heat_pumps"":2042,""smart_grid_smart_city"":2042}",False,test,36.2794310269736,19.249431804802555,17.029999222171043,46.94119709184335,0.8945959999999998,0.8527392256719855,0,0.0,18.058045139844214,1.0280459176731709,0.0,"{""bdg2_building_data_genome"":{""available_profile_sources"":1570,""logical_devices"":916,""mean_profile_reuse"":1.0,""profile_bootstrap"":false,""selected_unique_profile_sources"":916,""weight"":0.18333333333333332},""heapo_heat_pumps"":{""available_profile_sources"":1362,""logical_devices"":2042,""mean_profile_reuse"":1.9373814041745732,""profile_bootstrap"":true,""selected_unique_profile_sources"":1054,""weight"":0.40833333333333327},""smart_grid_smart_city"":{""available_profile_sources"":5000,""logical_devices"":2042,""mean_profile_reuse"":1.0,""profile_bootstrap"":false,""selected_unique_profile_sources"":2042,""weight"":0.40833333333333327}}",dataset_combinations_mixed_physical_fleet_v1,2984.243161768315,3081.4285714285716,3491.961933551987,4952.594963696824
predefined_mixed_scenario,S1-B,Building-heat pump-residential,建筑、热泵和带受控负荷住宅的高差异融合,ieee33,eps_mixed,Mixed EPS,O(1),0,4692405,5592405,nominal,5000,"{""bdg2_building_data_genome"":0.3333333333333333,""heapo_heat_pumps"":0.3333333333333333,""smart_grid_smart_city"":0.3333333333333333}","{""bdg2_building_data_genome"":0.3333333333333333,""heapo_heat_pumps"":0.3333333333333333,""smart_grid_smart_city"":0.3333333333333333}","{""bdg2_building_data_genome"":1667,""heapo_heat_pumps"":1667,""smart_grid_smart_city"":1666}",False,test,35.059361642193664,18.255634408286436,16.803727233907228,47.92935879837605,0.8947960000000004,0.838704660296965,0,0.0,17.80010735429593,0.9963801203887006,0.0,"{""bdg2_building_data_genome"":{""available_profile_sources"":1570,""logical_devices"":1667,""mean_profile_reuse"":1.6215953307392996,""profile_bootstrap"":true,""selected_unique_profile_sources"":1028,""weight"":0.3333333333333333},""heapo_heat_pumps"":{""available_profile_sources"":1362,""logical_devices"":1667,""mean_profile_reuse"":1.7346514047866806,""profile_bootstrap"":true,""selected_unique_profile_sources"":961,""weight"":0.3333333333333333},""smart_grid_smart_city"":{""available_profile_sources"":5000,""logical_devices"":1666,""mean_profile_reuse"":1.0,""profile_bootstrap"":false,""selected_unique_profile_sources"":1666,""weight"":0.3333333333333333}}",dataset_combinations_mixed_physical_fleet_v1,2832.221196938216,3510.0,3718.3313201668343,2440.7223582321094
predefined_mixed_scenario,S1-B,Building-heat pump-residential,建筑、热泵和带受控负荷住宅的高差异融合,ieee33,eps_mixed,Mixed EPS,O(1),1,4692406,5592406,nominal,5000,"{""bdg2_building_data_genome"":0.3333333333333333,""heapo_heat_pumps"":0.3333333333333333,""smart_grid_smart_city"":0.3333333333333333}","{""bdg2_building_data_genome"":0.3333333333333333,""heapo_heat_pumps"":0.3333333333333333,""smart_grid_smart_city"":0.3333333333333333}","{""bdg2_building_data_genome"":1667,""heapo_heat_pumps"":1667,""smart_grid_smart_city"":1666}",False,test,34.11418977118736,16.821401599971583,17.29278817121578,50.69089515888536,0.8950719999999994,0.8507844731748647,0,0.0,18.470934846034098,1.1781466748183156,0.0,"{""bdg2_building_data_genome"":{""available_profile_sources"":1570,""logical_devices"":1667,""mean_profile_reuse"":1.632713026444662,""profile_bootstrap"":true,""selected_unique_profile_sources"":1021,""weight"":0.3333333333333333},""heapo_heat_pumps"":{""available_profile_sources"":1362,""logical_devices"":1667,""mean_profile_reuse"":1.7328482328482329,""profile_bootstrap"":true,""selected_unique_profile_sources"":962,""weight"":0.3333333333333333},""smart_grid_smart_city"":{""available_profile_sources"":5000,""logical_devices"":1666,""mean_profile_reuse"":1.0,""profile_bootstrap"":false,""selected_unique_profile_sources"":1666,""weight"":0.3333333333333333}}",dataset_combinations_mixed_physical_fleet_v1,2716.4154939914297,3510.0,3709.2286241192264,2440.7223582321094
predefined_mixed_scenario,S1-B,Building-heat pump-residential,建筑、热泵和带受控负荷住宅的高差异融合,ieee33,eps_mixed,Mixed EPS,O(1),2,4692407,5592407,nominal,5000,"{""bdg2_building_data_genome"":0.3333333333333333,""heapo_heat_pumps"":0.3333333333333333,""smart_grid_smart_city"":0.3333333333333333}","{""bdg2_building_data_genome"":0.3333333333333333,""heapo_heat_pumps"":0.3333333333333333,""smart_grid_smart_city"":0.3333333333333333}","{""bdg2_building_data_genome"":1667,""heapo_heat_pumps"":1667,""smart_grid_smart_city"":1666}",False,test,35.92376450761006,19.46057186201992,16.46319264559014,45.828138757848144,0.8942299999999999,0.8276783428303087,0,0.0,17.442669372990572,0.9794767274004317,0.0,"{""bdg2_building_data_genome"":{""available_profile_sources"":1570,""logical_devices"":1667,""mean_profile_reuse"":1.6391347099311702,""profile_bootstrap"":true,""selected_unique_profile_sources"":1017,""weight"":0.3333333333333333},""heapo_heat_pumps"":{""available_profile_sources"":1362,""logical_devices"":1667,""mean_profile_reuse"":1.7167868177136971,""profile_bootstrap"":true,""selected_unique_profile_sources"":971,""weight"":0.3333333333333333},""smart_grid_smart_city"":{""available_profile_sources"":5000,""logical_devices"":1666,""mean_profile_reuse"":1.0,""profile_bootstrap"":false,""selected_unique_profile_sources"":1666,""weight"":0.3333333333333333}}",dataset_combinations_mixed_physical_fleet_v1,2933.6417720792183,3510.0,3743.7114998019174,2440.7223582321094
predefined_mixed_scenario,S1-B,Building-heat pump-residential,建筑、热泵和带受控负荷住宅的高差异融合,ieee33,eps_mixed,Mixed EPS,O(1),3,4692408,5592408,nominal,5000,"{""bdg2_building_data_genome"":0.3333333333333333,""heapo_heat_pumps"":0.3333333333333333,""smart_grid_smart_city"":0.3333333333333333}","{""bdg2_building_data_genome"":0.3333333333333333,""heapo_heat_pumps"":0.3333333333333333,""smart_grid_smart_city"":0.3333333333333333}","{""bdg2_building_data_genome"":1667,""heapo_heat_pumps"":1667,""smart_grid_smart_city"":1666}",False,test,35.2801345563612,18.39240265232039,16.88773190404081,47.86753825176628,0.8944559999999999,0.8381775153335399,0,0.0,17.901127375119223,1.0133954710784137,0.0,"{""bdg2_building_data_genome"":{""available_profile_sources"":1570,""logical_devices"":1667,""mean_profile_reuse"":1.6686686686686687,""profile_bootstrap"":true,""selected_unique_profile_sources"":999,""weight"":0.3333333333333333},""heapo_heat_pumps"":{""available_profile_sources"":1362,""logical_devices"":1667,""mean_profile_reuse"":1.7492130115424973,""profile_bootstrap"":true,""selected_unique_profile_sources"":953,""weight"":0.3333333333333333},""smart_grid_smart_city"":{""available_profile_sources"":5000,""logical_devices"":1666,""mean_profile_reuse"":1.0,""profile_bootstrap"":false,""selected_unique_profile_sources"":1666,""weight"":0.3333333333333333}}",dataset_combinations_mixed_physical_fleet_v1,2872.153784929809,3510.0,3724.8257803178726,2440.7223582321094
predefined_mixed_scenario,S1-B,Building-heat pump-residential,建筑、热泵和带受控负荷住宅的高差异融合,ieee33,eps_mixed,Mixed EPS,O(1),4,4692409,5592409,nominal,5000,"{""bdg2_building_data_genome"":0.3333333333333333,""heapo_heat_pumps"":0.3333333333333333,""smart_grid_smart_city"":0.3333333333333333}","{""bdg2_building_data_genome"":0.3333333333333333,""heapo_heat_pumps"":0.3333333333333333,""smart_grid_smart_city"":0.3333333333333333}","{""bdg2_building_data_genome"":1667,""heapo_heat_pumps"":1667,""smart_grid_smart_city"":1666}",False,test,33.7319993914129,17.025898614988865,16.706100776424034,49.52597260118794,0.8953020000000004,0.8468687642009028,0,0.0,17.973653502589823,1.267552726165787,0.0,"{""bdg2_building_data_genome"":{""available_profile_sources"":1570,""logical_devices"":1667,""mean_profile_reuse"":1.6359175662414132,""profile_bootstrap"":true,""selected_unique_profile_sources"":1019,""weight"":0.3333333333333333},""heapo_heat_pumps"":{""available_profile_sources"":1362,""logical_devices"":1667,""mean_profile_reuse"":1.683838383838384,""profile_bootstrap"":true,""selected_unique_profile_sources"":990,""weight"":0.3333333333333333},""smart_grid_smart_city"":{""available_profile_sources"":5000,""logical_devices"":1666,""mean_profile_reuse"":1.0,""profile_bootstrap"":false,""selected_unique_profile_sources"":1666,""weight"":0.3333333333333333}}",dataset_combinations_mixed_physical_fleet_v1,2673.832484018096,3510.0,3691.7755081273303,2440.7223582321094
predefined_mixed_scenario,S1-B,Building-heat pump-residential,建筑、热泵和带受控负荷住宅的高差异融合,ieee33,eps_mixed,Mixed EPS,O(1),5,4692410,5592410,nominal,5000,"{""bdg2_building_data_genome"":0.3333333333333333,""heapo_heat_pumps"":0.3333333333333333,""smart_grid_smart_city"":0.3333333333333333}","{""bdg2_building_data_genome"":0.3333333333333333,""heapo_heat_pumps"":0.3333333333333333,""smart_grid_smart_city"":0.3333333333333333}","{""bdg2_building_data_genome"":1667,""heapo_heat_pumps"":1667,""smart_grid_smart_city"":1666}",False,test,34.39155207509888,17.027050697175113,17.364501377923766,50.49060112206012,0.8939779999999994,0.8505428305580275,0,0.0,18.406276463558605,1.0417750856348362,0.0,"{""bdg2_building_data_genome"":{""available_profile_sources"":1570,""logical_devices"":1667,""mean_profile_reuse"":1.6504950495049504,""profile_bootstrap"":true,""selected_unique_profile_sources"":1010,""weight"":0.3333333333333333},""heapo_heat_pumps"":{""available_profile_sources"":1362,""logical_devices"":1667,""mean_profile_reuse"":1.7185567010309277,""profile_bootstrap"":true,""selected_unique_profile_sources"":970,""weight"":0.3333333333333333},""smart_grid_smart_city"":{""available_profile_sources"":5000,""logical_devices"":1666,""mean_profile_reuse"":1.0,""profile_bootstrap"":false,""selected_unique_profile_sources"":1666,""weight"":0.3333333333333333}}",dataset_combinations_mixed_physical_fleet_v1,2753.2224326846704,3510.0,3710.9896544929547,2440.7223582321094
predefined_mixed_scenario,S1-B,Building-heat pump-residential,建筑、热泵和带受控负荷住宅的高差异融合,ieee33,eps_mixed,Mixed EPS,O(1),6,4692411,5592411,nominal,5000,"{""bdg2_building_data_genome"":0.3333333333333333,""heapo_heat_pumps"":0.3333333333333333,""smart_grid_smart_city"":0.3333333333333333}","{""bdg2_building_data_genome"":0.3333333333333333,""heapo_heat_pumps"":0.3333333333333333,""smart_grid_smart_city"":0.3333333333333333}","{""bdg2_building_data_genome"":1667,""heapo_heat_pumps"":1667,""smart_grid_smart_city"":1666}",False,test,34.845869563277724,18.52734867639169,16.318520886886034,46.83057444513679,0.895458,0.8426555677306959,0,0.0,17.414380846812715,1.0958599599266798,0.0,"{""bdg2_building_data_genome"":{""available_profile_sources"":1570,""logical_devices"":1667,""mean_profile_reuse"":1.5861084681255946,""profile_bootstrap"":true,""selected_unique_profile_sources"":1051,""weight"":0.3333333333333333},""heapo_heat_pumps"":{""available_profile_sources"":1362,""logical_devices"":1667,""mean_profile_reuse"":1.7238883143743537,""profile_bootstrap"":true,""selected_unique_profile_sources"":967,""weight"":0.3333333333333333},""smart_grid_smart_city"":{""available_profile_sources"":5000,""logical_devices"":1666,""mean_profile_reuse"":1.0,""profile_bootstrap"":false,""selected_unique_profile_sources"":1666,""weight"":0.3333333333333333}}",dataset_combinations_mixed_physical_fleet_v1,2816.0950079930685,3510.0,3699.2668798735886,2440.7223582321094
predefined_mixed_scenario,S1-B,Building-heat pump-residential,建筑、热泵和带受控负荷住宅的高差异融合,ieee33,eps_mixed,Mixed EPS,O(1),7,4692412,5592412,nominal,5000,"{""bdg2_building_data_genome"":0.3333333333333333,""heapo_heat_pumps"":0.3333333333333333,""smart_grid_smart_city"":0.3333333333333333}","{""bdg2_building_data_genome"":0.3333333333333333,""heapo_heat_pumps"":0.3333333333333333,""smart_grid_smart_city"":0.3333333333333333}","{""bdg2_building_data_genome"":1667,""heapo_heat_pumps"":1667,""smart_grid_smart_city"":1666}",False,test,35.94132529087837,19.45129820572271,16.490027085155656,45.8804091159674,0.8949959999999995,0.8321869261132484,0,0.0,17.580817846159842,1.0907907610041887,0.0,"{""bdg2_building_data_genome"":{""available_profile_sources"":1570,""logical_devices"":1667,""mean_profile_reuse"":1.626341463414634,""profile_bootstrap"":true,""selected_unique_profile_sources"":1025,""weight"":0.3333333333333333},""heapo_heat_pumps"":{""available_profile_sources"":1362,""logical_devices"":1667,""mean_profile_reuse"":1.7565858798735512,""profile_bootstrap"":true,""selected_unique_profile_sources"":949,""weight"":0.3333333333333333},""smart_grid_smart_city"":{""available_profile_sources"":5000,""logical_devices"":1666,""mean_profile_reuse"":1.0,""profile_bootstrap"":false,""selected_unique_profile_sources"":1666,""weight"":0.3333333333333333}}",dataset_combinations_mixed_physical_fleet_v1,2932.906310806141,3510.0,3725.1114733367867,2440.7223582321094
predefined_mixed_scenario,S1-B,Building-heat pump-residential,建筑、热泵和带受控负荷住宅的高差异融合,ieee33,eps_mixed,Mixed EPS,O(1),8,4692413,5592413,nominal,5000,"{""bdg2_building_data_genome"":0.3333333333333333,""heapo_heat_pumps"":0.3333333333333333,""smart_grid_smart_city"":0.3333333333333333}","{""bdg2_building_data_genome"":0.3333333333333333,""heapo_heat_pumps"":0.3333333333333333,""smart_grid_smart_city"":0.3333333333333333}","{""bdg2_building_data_genome"":1667,""heapo_heat_pumps"":1667,""smart_grid_smart_city"":1666}",False,test,34.39170783495104,17.51339147563793,16.87831635931311,49.076703141099294,0.8949939999999996,0.8430306262538537,0,0.0,18.034335510356826,1.1560191510437143,0.0,"{""bdg2_building_data_genome"":{""available_profile_sources"":1570,""logical_devices"":1667,""mean_profile_reuse"":1.6456071076011847,""profile_bootstrap"":true,""selected_unique_profile_sources"":1013,""weight"":0.3333333333333333},""heapo_heat_pumps"":{""available_profile_sources"":1362,""logical_devices"":1667,""mean_profile_reuse"":1.7364583333333334,""profile_bootstrap"":true,""selected_unique_profile_sources"":960,""weight"":0.3333333333333333},""smart_grid_smart_city"":{""available_profile_sources"":5000,""logical_devices"":1666,""mean_profile_reuse"":1.0,""profile_bootstrap"":false,""selected_unique_profile_sources"":1666,""weight"":0.3333333333333333}}",dataset_combinations_mixed_physical_fleet_v1,2760.9040247775215,3510.0,3700.517200917754,2440.7223582321094
predefined_mixed_scenario,S1-B,Building-heat pump-residential,建筑、热泵和带受控负荷住宅的高差异融合,ieee33,eps_mixed,Mixed EPS,O(1),9,4692414,5592414,nominal,5000,"{""bdg2_building_data_genome"":0.3333333333333333,""heapo_heat_pumps"":0.3333333333333333,""smart_grid_smart_city"":0.3333333333333333}","{""bdg2_building_data_genome"":0.3333333333333333,""heapo_heat_pumps"":0.3333333333333333,""smart_grid_smart_city"":0.3333333333333333}","{""bdg2_building_data_genome"":1667,""heapo_heat_pumps"":1667,""smart_grid_smart_city"":1666}",False,test,35.189356381386276,17.88395052935914,17.305405852027135,49.17795501704881,0.8958839999999997,0.8472827007030623,0,0.0,18.42304900304257,1.1176431510154403,0.0,"{""bdg2_building_data_genome"":{""available_profile_sources"":1570,""logical_devices"":1667,""mean_profile_reuse"":1.6168768186226965,""profile_bootstrap"":true,""selected_unique_profile_sources"":1031,""weight"":0.3333333333333333},""heapo_heat_pumps"":{""available_profile_sources"":1362,""logical_devices"":1667,""mean_profile_reuse"":1.76215644820296,""profile_bootstrap"":true,""selected_unique_profile_sources"":946,""weight"":0.3333333333333333},""smart_grid_smart_city"":{""available_profile_sources"":5000,""logical_devices"":1666,""mean_profile_reuse"":1.0,""profile_bootstrap"":false,""selected_unique_profile_sources"":1666,""weight"":0.3333333333333333}}",dataset_combinations_mixed_physical_fleet_v1,2836.986411305872,3510.0,3707.1371411970877,2440.7223582321094
predefined_mixed_scenario,S1-B,Building-heat pump-residential,建筑、热泵和带受控负荷住宅的高差异融合,ieee33,eps_mixed,Mixed EPS,O(1),10,4692415,5592415,dominant_plus_15pp,5000,"{""bdg2_building_data_genome"":0.3333333333333333,""heapo_heat_pumps"":0.3333333333333333,""smart_grid_smart_city"":0.3333333333333333}","{""bdg2_building_data_genome"":0.48333333333333334,""heapo_heat_pumps"":0.25833333333333336,""smart_grid_smart_city"":0.25833333333333336}","{""bdg2_building_data_genome"":2416,""heapo_heat_pumps"":1292,""smart_grid_smart_city"":1292}",False,test,31.86490646862508,14.336886383520266,17.528020085104814,55.007285530127966,0.8949239999999993,0.8566414269545801,0,0.0,18.82013174406402,1.2921116589592065,0.0,"{""bdg2_building_data_genome"":{""available_profile_sources"":1570,""logical_devices"":2416,""mean_profile_reuse"":1.9531123686337915,""profile_bootstrap"":true,""selected_unique_profile_sources"":1237,""weight"":0.48333333333333334},""heapo_heat_pumps"":{""available_profile_sources"":1362,""logical_devices"":1292,""mean_profile_reuse"":1.0,""profile_bootstrap"":false,""selected_unique_profile_sources"":1292,""weight"":0.25833333333333336},""smart_grid_smart_city"":{""available_profile_sources"":5000,""logical_devices"":1292,""mean_profile_reuse"":1.0,""profile_bootstrap"":false,""selected_unique_profile_sources"":1292,""weight"":0.25833333333333336}}",dataset_combinations_mixed_physical_fleet_v1,2439.196772367179,3510.0,3679.781379973581,2440.7223582321094
predefined_mixed_scenario,S1-B,Building-heat pump-residential,建筑、热泵和带受控负荷住宅的高差异融合,ieee33,eps_mixed,Mixed EPS,O(1),11,4692416,5592416,dominant_plus_15pp,5000,"{""bdg2_building_data_genome"":0.3333333333333333,""heapo_heat_pumps"":0.3333333333333333,""smart_grid_smart_city"":0.3333333333333333}","{""bdg2_building_data_genome"":0.48333333333333334,""heapo_heat_pumps"":0.25833333333333336,""smart_grid_smart_city"":0.25833333333333336}","{""bdg2_building_data_genome"":2416,""heapo_heat_pumps"":1292,""smart_grid_smart_city"":1292}",False,test,33.755738766867616,16.479512991882164,17.276225774985452,51.180114570452375,0.8955500000000002,0.853509889192715,0,0.0,18.500389279464944,1.224163504479492,0.0,"{""bdg2_building_data_genome"":{""available_profile_sources"":1570,""logical_devices"":2416,""mean_profile_reuse"":1.995045417010735,""profile_bootstrap"":true,""selected_unique_profile_sources"":1211,""weight"":0.48333333333333334},""heapo_heat_pumps"":{""available_profile_sources"":1362,""logical_devices"":1292,""mean_profile_reuse"":1.0,""profile_bootstrap"":false,""selected_unique_profile_sources"":1292,""weight"":0.25833333333333336},""smart_grid_smart_city"":{""available_profile_sources"":5000,""logical_devices"":1292,""mean_profile_reuse"":1.0,""profile_bootstrap"":false,""selected_unique_profile_sources"":1292,""weight"":0.25833333333333336}}",dataset_combinations_mixed_physical_fleet_v1,2678.4122206065013,3510.0,3703.851767216411,2440.7223582321094
predefined_mixed_scenario,S1-B,Building-heat pump-residential,建筑、热泵和带受控负荷住宅的高差异融合,ieee33,eps_mixed,Mixed EPS,O(1),12,4692417,5592417,dominant_plus_15pp,5000,"{""bdg2_building_data_genome"":0.3333333333333333,""heapo_heat_pumps"":0.3333333333333333,""smart_grid_smart_city"":0.3333333333333333}","{""bdg2_building_data_genome"":0.48333333333333334,""heapo_heat_pumps"":0.25833333333333336,""smart_grid_smart_city"":0.25833333333333336}","{""bdg2_building_data_genome"":2416,""heapo_heat_pumps"":1292,""smart_grid_smart_city"":1292}",False,test,32.80964871441859,15.404514743665601,17.405133970752992,53.04882756365538,0.8961460000000001,0.8543855729665829,0,0.0,18.659966684834057,1.2548327140810647,0.0,"{""bdg2_building_data_genome"":{""available_profile_sources"":1570,""logical_devices"":2416,""mean_profile_reuse"":1.959448499594485,""profile_bootstrap"":true,""selected_unique_profile_sources"":1233,""weight"":0.48333333333333334},""heapo_heat_pumps"":{""available_profile_sources"":1362,""logical_devices"":1292,""mean_profile_reuse"":1.0,""profile_bootstrap"":false,""selected_unique_profile_sources"":1292,""weight"":0.25833333333333336},""smart_grid_smart_city"":{""available_profile_sources"":5000,""logical_devices"":1292,""mean_profile_reuse"":1.0,""profile_bootstrap"":false,""selected_unique_profile_sources"":1292,""weight"":0.25833333333333336}}",dataset_combinations_mixed_physical_fleet_v1,2556.1380667550775,3510.0,3692.6726836671455,2440.7223582321094
predefined_mixed_scenario,S1-B,Building-heat pump-residential,建筑、热泵和带受控负荷住宅的高差异融合,ieee33,eps_mixed,Mixed EPS,O(1),13,4692418,5592418,dominant_plus_15pp,5000,"{""bdg2_building_data_genome"":0.3333333333333333,""heapo_heat_pumps"":0.3333333333333333,""smart_grid_smart_city"":0.3333333333333333}","{""bdg2_building_data_genome"":0.48333333333333334,""heapo_heat_pumps"":0.25833333333333336,""smart_grid_smart_city"":0.25833333333333336}","{""bdg2_building_data_genome"":2416,""heapo_heat_pumps"":1292,""smart_grid_smart_city"":1292}",False,test,32.73060482826036,15.234377306447534,17.496227521812827,53.45525270191823,0.8955140000000003,0.8534070602616841,0,0.0,18.826480125797612,1.3302526039847902,0.0,"{""bdg2_building_data_genome"":{""available_profile_sources"":1570,""logical_devices"":2416,""mean_profile_reuse"":1.9483870967741936,""profile_bootstrap"":true,""selected_unique_profile_sources"":1240,""weight"":0.48333333333333334},""heapo_heat_pumps"":{""available_profile_sources"":1362,""logical_devices"":1292,""mean_profile_reuse"":1.0,""profile_bootstrap"":false,""selected_unique_profile_sources"":1292,""weight"":0.25833333333333336},""smart_grid_smart_city"":{""available_profile_sources"":5000,""logical_devices"":1292,""mean_profile_reuse"":1.0,""profile_bootstrap"":false,""selected_unique_profile_sources"":1292,""weight"":0.25833333333333336}}",dataset_combinations_mixed_physical_fleet_v1,2536.990609743546,3510.0,3699.6476954079417,2440.7223582321094
predefined_mixed_scenario,S1-B,Building-heat pump-residential,建筑、热泵和带受控负荷住宅的高差异融合,ieee33,eps_mixed,Mixed EPS,O(1),14,4692419,5592419,dominant_plus_15pp,5000,"{""bdg2_building_data_genome"":0.3333333333333333,""heapo_heat_pumps"":0.3333333333333333,""smart_grid_smart_city"":0.3333333333333333}","{""bdg2_building_data_genome"":0.48333333333333334,""heapo_heat_pumps"":0.25833333333333336,""smart_grid_smart_city"":0.25833333333333336}","{""bdg2_building_data_genome"":2416,""heapo_heat_pumps"":1292,""smart_grid_smart_city"":1292}",False,test,32.56482680467927,14.820758325637776,17.744068479041495,54.48844726080912,0.893972,0.8560958604981302,0,0.0,18.977563914025843,1.2334954349843497,0.0,"{""bdg2_building_data_genome"":{""available_profile_sources"":1570,""logical_devices"":2416,""mean_profile_reuse"":1.9658258746948738,""profile_bootstrap"":true,""selected_unique_profile_sources"":1229,""weight"":0.48333333333333334},""heapo_heat_pumps"":{""available_profile_sources"":1362,""logical_devices"":1292,""mean_profile_reuse"":1.0,""profile_bootstrap"":false,""selected_unique_profile_sources"":1292,""weight"":0.25833333333333336},""smart_grid_smart_city"":{""available_profile_sources"":5000,""logical_devices"":1292,""mean_profile_reuse"":1.0,""profile_bootstrap"":false,""selected_unique_profile_sources"":1292,""weight"":0.25833333333333336}}",dataset_combinations_mixed_physical_fleet_v1,2516.7927139129156,3510.0,3700.177242296673,2440.7223582321094
predefined_mixed_scenario,S1-B,Building-heat pump-residential,建筑、热泵和带受控负荷住宅的高差异融合,ieee33,eps_mixed,Mixed EPS,O(1),15,4692420,5592420,dominant_plus_15pp,5000,"{""bdg2_building_data_genome"":0.3333333333333333,""heapo_heat_pumps"":0.3333333333333333,""smart_grid_smart_city"":0.3333333333333333}","{""bdg2_building_data_genome"":0.48333333333333334,""heapo_heat_pumps"":0.25833333333333336,""smart_grid_smart_city"":0.25833333333333336}","{""bdg2_building_data_genome"":2416,""heapo_heat_pumps"":1292,""smart_grid_smart_city"":1292}",False,test,31.467091430656698,13.959962064562195,17.507129366094503,55.63631263688466,0.8942120000000005,0.8572759654575006,0,0.0,18.655086089666263,1.1479567235717603,0.0,"{""bdg2_building_data_genome"":{""available_profile_sources"":1570,""logical_devices"":2416,""mean_profile_reuse"":1.9706362153344208,""profile_bootstrap"":true,""selected_unique_profile_sources"":1226,""weight"":0.48333333333333334},""heapo_heat_pumps"":{""available_profile_sources"":1362,""logical_devices"":1292,""mean_profile_reuse"":1.0,""profile_bootstrap"":false,""selected_unique_profile_sources"":1292,""weight"":0.25833333333333336},""smart_grid_smart_city"":{""available_profile_sources"":5000,""logical_devices"":1292,""mean_profile_reuse"":1.0,""profile_bootstrap"":false,""selected_unique_profile_sources"":1292,""weight"":0.25833333333333336}}",dataset_combinations_mixed_physical_fleet_v1,2390.5503312506335,3510.0,3685.2497363850234,2440.7223582321094
predefined_mixed_scenario,S1-B,Building-heat pump-residential,建筑、热泵和带受控负荷住宅的高差异融合,ieee33,eps_mixed,Mixed EPS,O(1),16,4692421,5592421,dominant_plus_15pp,5000,"{""bdg2_building_data_genome"":0.3333333333333333,""heapo_heat_pumps"":0.3333333333333333,""smart_grid_smart_city"":0.3333333333333333}","{""bdg2_building_data_genome"":0.48333333333333334,""heapo_heat_pumps"":0.25833333333333336,""smart_grid_smart_city"":0.25833333333333336}","{""bdg2_building_data_genome"":2416,""heapo_heat_pumps"":1292,""smart_grid_smart_city"":1292}",False,test,32.720107643306136,15.771540859426931,16.948566783879205,51.79862783045133,0.89593,0.8498293276611167,0,0.0,18.187773765533706,1.2392069816545026,0.0,"{""bdg2_building_data_genome"":{""available_profile_sources"":1570,""logical_devices"":2416,""mean_profile_reuse"":2.0,""profile_bootstrap"":true,""selected_unique_profile_sources"":1208,""weight"":0.48333333333333334},""heapo_heat_pumps"":{""available_profile_sources"":1362,""logical_devices"":1292,""mean_profile_reuse"":1.0,""profile_bootstrap"":false,""selected_unique_profile_sources"":1292,""weight"":0.25833333333333336},""smart_grid_smart_city"":{""available_profile_sources"":5000,""logical_devices"":1292,""mean_profile_reuse"":1.0,""profile_bootstrap"":false,""selected_unique_profile_sources"":1292,""weight"":0.25833333333333336}}",dataset_combinations_mixed_physical_fleet_v1,2543.1171549061087,3510.0,3687.762341225484,2440.7223582321094
predefined_mixed_scenario,S1-B,Building-heat pump-residential,建筑、热泵和带受控负荷住宅的高差异融合,ieee33,eps_mixed,Mixed EPS,O(1),17,4692422,5592422,dominant_plus_15pp,5000,"{""bdg2_building_data_genome"":0.3333333333333333,""heapo_heat_pumps"":0.3333333333333333,""smart_grid_smart_city"":0.3333333333333333}","{""bdg2_building_data_genome"":0.48333333333333334,""heapo_heat_pumps"":0.25833333333333336,""smart_grid_smart_city"":0.25833333333333336}","{""bdg2_building_data_genome"":2416,""heapo_heat_pumps"":1292,""smart_grid_smart_city"":1292}",False,test,32.48397792854776,15.649174151715506,16.834803776832253,51.824945251047566,0.8948979999999997,0.850366951420491,0,0.0,18.044226965513808,1.2094231886815556,0.0,"{""bdg2_building_data_genome"":{""available_profile_sources"":1570,""logical_devices"":2416,""mean_profile_reuse"":2.0116569525395502,""profile_bootstrap"":true,""selected_unique_profile_sources"":1201,""weight"":0.48333333333333334},""heapo_heat_pumps"":{""available_profile_sources"":1362,""logical_devices"":1292,""mean_profile_reuse"":1.0,""profile_bootstrap"":false,""selected_unique_profile_sources"":1292,""weight"":0.25833333333333336},""smart_grid_smart_city"":{""available_profile_sources"":5000,""logical_devices"":1292,""mean_profile_reuse"":1.0,""profile_bootstrap"":false,""selected_unique_profile_sources"":1292,""weight"":0.25833333333333336}}",dataset_combinations_mixed_physical_fleet_v1,2511.228535488618,3510.0,3689.329930714915,2440.7223582321094
predefined_mixed_scenario,S1-B,Building-heat pump-residential,建筑、热泵和带受控负荷住宅的高差异融合,ieee33,eps_mixed,Mixed EPS,O(1),18,4692423,5592423,dominant_plus_15pp,5000,"{""bdg2_building_data_genome"":0.3333333333333333,""heapo_heat_pumps"":0.3333333333333333,""smart_grid_smart_city"":0.3333333333333333}","{""bdg2_building_data_genome"":0.48333333333333334,""heapo_heat_pumps"":0.25833333333333336,""smart_grid_smart_city"":0.25833333333333336}","{""bdg2_building_data_genome"":2416,""heapo_heat_pumps"":1292,""smart_grid_smart_city"":1292}",False,test,31.969367258870555,14.852130637968063,17.117236620902492,53.542619352758585,0.8950599999999996,0.8529323340750634,0,0.0,18.421931041795677,1.304694420893189,0.0,"{""bdg2_building_data_genome"":{""available_profile_sources"":1570,""logical_devices"":2416,""mean_profile_reuse"":1.9297124600638977,""profile_bootstrap"":true,""selected_unique_profile_sources"":1252,""weight"":0.48333333333333334},""heapo_heat_pumps"":{""available_profile_sources"":1362,""logical_devices"":1292,""mean_profile_reuse"":1.0,""profile_bootstrap"":false,""selected_unique_profile_sources"":1292,""weight"":0.25833333333333336},""smart_grid_smart_city"":{""available_profile_sources"":5000,""logical_devices"":1292,""mean_profile_reuse"":1.0,""profile_bootstrap"":false,""selected_unique_profile_sources"":1292,""weight"":0.25833333333333336}}",dataset_combinations_mixed_physical_fleet_v1,2442.5307497747094,3510.0,3686.090968761946,2440.7223582321094
predefined_mixed_scenario,S1-B,Building-heat pump-residential,建筑、热泵和带受控负荷住宅的高差异融合,ieee33,eps_mixed,Mixed EPS,O(1),19,4692424,5592424,dominant_plus_15pp,5000,"{""bdg2_building_data_genome"":0.3333333333333333,""heapo_heat_pumps"":0.3333333333333333,""smart_grid_smart_city"":0.3333333333333333}","{""bdg2_building_data_genome"":0.48333333333333334,""heapo_heat_pumps"":0.25833333333333336,""smart_grid_smart_city"":0.25833333333333336}","{""bdg2_building_data_genome"":2416,""heapo_heat_pumps"":1292,""smart_grid_smart_city"":1292}",False,test,32.15637982435094,14.674924317318943,17.481455507032,54.36387927534642,0.8951939999999997,0.8544308148474573,0,0.0,18.64351842777025,1.1620629207382502,0.0,"{""bdg2_building_data_genome"":{""available_profile_sources"":1570,""logical_devices"":2416,""mean_profile_reuse"":1.951534733441034,""profile_bootstrap"":true,""selected_unique_profile_sources"":1238,""weight"":0.48333333333333334},""heapo_heat_pumps"":{""available_profile_sources"":1362,""logical_devices"":1292,""mean_profile_reuse"":1.0,""profile_bootstrap"":false,""selected_unique_profile_sources"":1292,""weight"":0.25833333333333336},""smart_grid_smart_city"":{""available_profile_sources"":5000,""logical_devices"":1292,""mean_profile_reuse"":1.0,""profile_bootstrap"":false,""selected_unique_profile_sources"":1292,""weight"":0.25833333333333336}}",dataset_combinations_mixed_physical_fleet_v1,2469.489557977081,3510.0,3694.6207692594303,2440.7223582321094
predefined_mixed_scenario,S1-B,Building-heat pump-residential,建筑、热泵和带受控负荷住宅的高差异融合,ieee33,eps_mixed,Mixed EPS,O(1),20,4692425,5592425,dominant_minus_15pp,5000,"{""bdg2_building_data_genome"":0.3333333333333333,""heapo_heat_pumps"":0.3333333333333333,""smart_grid_smart_city"":0.3333333333333333}","{""bdg2_building_data_genome"":0.18333333333333332,""heapo_heat_pumps"":0.40833333333333327,""smart_grid_smart_city"":0.40833333333333327}","{""bdg2_building_data_genome"":916,""heapo_heat_pumps"":2042,""smart_grid_smart_city"":2042}",False,test,35.3276903748212,18.71452955766314,16.61316081715806,47.02589000553123,0.8948860000000002,0.8374684545332142,0,0.0,17.809343752407738,1.1961829352496838,0.0,"{""bdg2_building_data_genome"":{""available_profile_sources"":1570,""logical_devices"":916,""mean_profile_reuse"":1.0,""profile_bootstrap"":false,""selected_unique_profile_sources"":916,""weight"":0.18333333333333332},""heapo_heat_pumps"":{""available_profile_sources"":1362,""logical_devices"":2042,""mean_profile_reuse"":1.9209783631232362,""profile_bootstrap"":true,""selected_unique_profile_sources"":1063,""weight"":0.40833333333333327},""smart_grid_smart_city"":{""available_profile_sources"":5000,""logical_devices"":2042,""mean_profile_reuse"":1.0,""profile_bootstrap"":false,""selected_unique_profile_sources"":2042,""weight"":0.40833333333333327}}",dataset_combinations_mixed_physical_fleet_v1,2871.970639103312,3510.0,3712.5524081179465,2440.7223582321094
predefined_mixed_scenario,S1-B,Building-heat pump-residential,建筑、热泵和带受控负荷住宅的高差异融合,ieee33,eps_mixed,Mixed EPS,O(1),21,4692426,5592426,dominant_minus_15pp,5000,"{""bdg2_building_data_genome"":0.3333333333333333,""heapo_heat_pumps"":0.3333333333333333,""smart_grid_smart_city"":0.3333333333333333}","{""bdg2_building_data_genome"":0.18333333333333332,""heapo_heat_pumps"":0.40833333333333327,""smart_grid_smart_city"":0.40833333333333327}","{""bdg2_building_data_genome"":916,""heapo_heat_pumps"":2042,""smart_grid_smart_city"":2042}",False,test,34.368856010425034,17.43356125034733,16.935294760077703,49.27511918040203,0.8952880000000006,0.8461626212571725,0,0.0,17.945285319682263,1.009990559604555,0.0,"{""bdg2_building_data_genome"":{""available_profile_sources"":1570,""logical_devices"":916,""mean_profile_reuse"":1.0,""profile_bootstrap"":false,""selected_unique_profile_sources"":916,""weight"":0.18333333333333332},""heapo_heat_pumps"":{""available_profile_sources"":1362,""logical_devices"":2042,""mean_profile_reuse"":1.9137769447047797,""profile_bootstrap"":true,""selected_unique_profile_sources"":1067,""weight"":0.40833333333333327},""smart_grid_smart_city"":{""available_profile_sources"":5000,""logical_devices"":2042,""mean_profile_reuse"":1.0,""profile_bootstrap"":false,""selected_unique_profile_sources"":2042,""weight"":0.40833333333333327}}",dataset_combinations_mixed_physical_fleet_v1,2764.8324383881977,3510.0,3689.343065607739,2440.7223582321094
predefined_mixed_scenario,S1-B,Building-heat pump-residential,建筑、热泵和带受控负荷住宅的高差异融合,ieee33,eps_mixed,Mixed EPS,O(1),22,4692427,5592427,dominant_minus_15pp,5000,"{""bdg2_building_data_genome"":0.3333333333333333,""heapo_heat_pumps"":0.3333333333333333,""smart_grid_smart_city"":0.3333333333333333}","{""bdg2_building_data_genome"":0.18333333333333332,""heapo_heat_pumps"":0.40833333333333327,""smart_grid_smart_city"":0.40833333333333327}","{""bdg2_building_data_genome"":916,""heapo_heat_pumps"":2042,""smart_grid_smart_city"":2042}",False,test,35.434363009484436,18.35667341639111,17.077689593093325,48.19527752911002,0.8946300000000005,0.8423102582252278,0,0.0,18.12508512912828,1.0473955360349534,0.0,"{""bdg2_building_data_genome"":{""available_profile_sources"":1570,""logical_devices"":916,""mean_profile_reuse"":1.0,""profile_bootstrap"":false,""selected_unique_profile_sources"":916,""weight"":0.18333333333333332},""heapo_heat_pumps"":{""available_profile_sources"":1362,""logical_devices"":2042,""mean_profile_reuse"":1.9634615384615384,""profile_bootstrap"":true,""selected_unique_profile_sources"":1040,""weight"":0.40833333333333327},""smart_grid_smart_city"":{""available_profile_sources"":5000,""logical_devices"":2042,""mean_profile_reuse"":1.0,""profile_bootstrap"":false,""selected_unique_profile_sources"":2042,""weight"":0.40833333333333327}}",dataset_combinations_mixed_physical_fleet_v1,2873.1070985088827,3510.0,3721.8541021148453,2440.7223582321094
predefined_mixed_scenario,S1-B,Building-heat pump-residential,建筑、热泵和带受控负荷住宅的高差异融合,ieee33,eps_mixed,Mixed EPS,O(1),23,4692428,5592428,dominant_minus_15pp,5000,"{""bdg2_building_data_genome"":0.3333333333333333,""heapo_heat_pumps"":0.3333333333333333,""smart_grid_smart_city"":0.3333333333333333}","{""bdg2_building_data_genome"":0.18333333333333332,""heapo_heat_pumps"":0.40833333333333327,""smart_grid_smart_city"":0.40833333333333327}","{""bdg2_building_data_genome"":916,""heapo_heat_pumps"":2042,""smart_grid_smart_city"":2042}",False,test,34.41527204580041,17.152435464994117,17.26283658080629,50.16039552973059,0.8949680000000003,0.8505606126556801,0,0.0,18.423201043863465,1.1603644630571754,0.0,"{""bdg2_building_data_genome"":{""available_profile_sources"":1570,""logical_devices"":916,""mean_profile_reuse"":1.0,""profile_bootstrap"":false,""selected_unique_profile_sources"":916,""weight"":0.18333333333333332},""heapo_heat_pumps"":{""available_profile_sources"":1362,""logical_devices"":2042,""mean_profile_reuse"":1.9318826868495742,""profile_bootstrap"":true,""selected_unique_profile_sources"":1057,""weight"":0.40833333333333327},""smart_grid_smart_city"":{""available_profile_sources"":5000,""logical_devices"":2042,""mean_profile_reuse"":1.0,""profile_bootstrap"":false,""selected_unique_profile_sources"":2042,""weight"":0.40833333333333327}}",dataset_combinations_mixed_physical_fleet_v1,2766.0909364924414,3510.0,3711.2863523540386,2440.7223582321094
predefined_mixed_scenario,S1-B,Building-heat pump-residential,建筑、热泵和带受控负荷住宅的高差异融合,ieee33,eps_mixed,Mixed EPS,O(1),24,4692429,5592429,dominant_minus_15pp,5000,"{""bdg2_building_data_genome"":0.3333333333333333,""heapo_heat_pumps"":0.3333333333333333,""smart_grid_smart_city"":0.3333333333333333}","{""bdg2_building_data_genome"":0.18333333333333332,""heapo_heat_pumps"":0.40833333333333327,""smart_grid_smart_city"":0.40833333333333327}","{""bdg2_building_data_genome"":916,""heapo_heat_pumps"":2042,""smart_grid_smart_city"":2042}",False,test,35.4753191970611,19.379100573605765,16.096218623455332,45.373005762239345,0.895066,0.8394277015245666,0,0.0,17.149343623509647,1.0531250000543169,0.0,"{""bdg2_building_data_genome"":{""available_profile_sources"":1570,""logical_devices"":916,""mean_profile_reuse"":1.0,""profile_bootstrap"":false,""selected_unique_profile_sources"":916,""weight"":0.18333333333333332},""heapo_heat_pumps"":{""available_profile_sources"":1362,""logical_devices"":2042,""mean_profile_reuse"":1.9429115128449097,""profile_bootstrap"":true,""selected_unique_profile_sources"":1051,""weight"":0.40833333333333327},""smart_grid_smart_city"":{""available_profile_sources"":5000,""logical_devices"":2042,""mean_profile_reuse"":1.0,""profile_bootstrap"":false,""selected_unique_profile_sources"":2042,""weight"":0.40833333333333327}}",dataset_combinations_mixed_physical_fleet_v1,2898.8068789807053,3510.0,3701.160210349487,2440.7223582321094
predefined_mixed_scenario,S1-B,Building-heat pump-residential,建筑、热泵和带受控负荷住宅的高差异融合,ieee33,eps_mixed,Mixed EPS,O(1),25,4692430,5592430,dominant_minus_15pp,5000,"{""bdg2_building_data_genome"":0.3333333333333333,""heapo_heat_pumps"":0.3333333333333333,""smart_grid_smart_city"":0.3333333333333333}","{""bdg2_building_data_genome"":0.18333333333333332,""heapo_heat_pumps"":0.40833333333333327,""smart_grid_smart_city"":0.40833333333333327}","{""bdg2_building_data_genome"":916,""heapo_heat_pumps"":2042,""smart_grid_smart_city"":2042}",False,test,35.76185789411478,19.01884943273726,16.743008461377524,46.81806104971092,0.8948220000000008,0.8428954418083723,0,0.0,17.702279614967793,0.959271153590265,0.0,"{""bdg2_building_data_genome"":{""available_profile_sources"":1570,""logical_devices"":916,""mean_profile_reuse"":1.0,""profile_bootstrap"":false,""selected_unique_profile_sources"":916,""weight"":0.18333333333333332},""heapo_heat_pumps"":{""available_profile_sources"":1362,""logical_devices"":2042,""mean_profile_reuse"":1.9209783631232362,""profile_bootstrap"":true,""selected_unique_profile_sources"":1063,""weight"":0.40833333333333327},""smart_grid_smart_city"":{""available_profile_sources"":5000,""logical_devices"":2042,""mean_profile_reuse"":1.0,""profile_bootstrap"":false,""selected_unique_profile_sources"":2042,""weight"":0.40833333333333327}}",dataset_combinations_mixed_physical_fleet_v1,2915.537646179545,3510.0,3710.8543610864795,2440.7223582321094
predefined_mixed_scenario,S1-B,Building-heat pump-residential,建筑、热泵和带受控负荷住宅的高差异融合,ieee33,eps_mixed,Mixed EPS,O(1),26,4692431,5592431,dominant_minus_15pp,5000,"{""bdg2_building_data_genome"":0.3333333333333333,""heapo_heat_pumps"":0.3333333333333333,""smart_grid_smart_city"":0.3333333333333333}","{""bdg2_building_data_genome"":0.18333333333333332,""heapo_heat_pumps"":0.40833333333333327,""smart_grid_smart_city"":0.40833333333333327}","{""bdg2_building_data_genome"":916,""heapo_heat_pumps"":2042,""smart_grid_smart_city"":2042}",False,test,37.27286542825839,21.323753326043082,15.949112102215311,42.790142155594786,0.8941679999999996,0.8262408066411046,0,0.0,17.443443084650426,1.4943309824351132,0.0,"{""bdg2_building_data_genome"":{""available_profile_sources"":1570,""logical_devices"":916,""mean_profile_reuse"":1.0,""profile_bootstrap"":false,""selected_unique_profile_sources"":916,""weight"":0.18333333333333332},""heapo_heat_pumps"":{""available_profile_sources"":1362,""logical_devices"":2042,""mean_profile_reuse"":1.9355450236966825,""profile_bootstrap"":true,""selected_unique_profile_sources"":1055,""weight"":0.40833333333333327},""smart_grid_smart_city"":{""available_profile_sources"":5000,""logical_devices"":2042,""mean_profile_reuse"":1.0,""profile_bootstrap"":false,""selected_unique_profile_sources"":2042,""weight"":0.40833333333333327}}",dataset_combinations_mixed_physical_fleet_v1,2697.73039724795,3071.25,3293.647525473994,2244.52673883325
predefined_mixed_scenario,S1-B,Building-heat pump-residential,建筑、热泵和带受控负荷住宅的高差异融合,ieee33,eps_mixed,Mixed EPS,O(1),27,4692432,5592432,dominant_minus_15pp,5000,"{""bdg2_building_data_genome"":0.3333333333333333,""heapo_heat_pumps"":0.3333333333333333,""smart_grid_smart_city"":0.3333333333333333}","{""bdg2_building_data_genome"":0.18333333333333332,""heapo_heat_pumps"":0.40833333333333327,""smart_grid_smart_city"":0.40833333333333327}","{""bdg2_building_data_genome"":916,""heapo_heat_pumps"":2042,""smart_grid_smart_city"":2042}",False,test,36.54227005633674,20.00468056340258,16.53758949293416,45.25605406406984,0.8952159999999997,0.8376199310428338,0,0.0,17.708010814357014,1.1704213214228574,0.0,"{""bdg2_building_data_genome"":{""available_profile_sources"":1570,""logical_devices"":916,""mean_profile_reuse"":1.0,""profile_bootstrap"":false,""selected_unique_profile_sources"":916,""weight"":0.18333333333333332},""heapo_heat_pumps"":{""available_profile_sources"":1362,""logical_devices"":2042,""mean_profile_reuse"":1.9245994344957587,""profile_bootstrap"":true,""selected_unique_profile_sources"":1061,""weight"":0.40833333333333327},""smart_grid_smart_city"":{""available_profile_sources"":5000,""logical_devices"":2042,""mean_profile_reuse"":1.0,""profile_bootstrap"":false,""selected_unique_profile_sources"":2042,""weight"":0.40833333333333327}}",dataset_combinations_mixed_physical_fleet_v1,2647.5740301801125,3071.25,3277.576498479306,2244.52673883325
predefined_mixed_scenario,S1-B,Building-heat pump-residential,建筑、热泵和带受控负荷住宅的高差异融合,ieee33,eps_mixed,Mixed EPS,O(1),28,4692433,5592433,dominant_minus_15pp,5000,"{""bdg2_building_data_genome"":0.3333333333333333,""heapo_heat_pumps"":0.3333333333333333,""smart_grid_smart_city"":0.3333333333333333}","{""bdg2_building_data_genome"":0.18333333333333332,""heapo_heat_pumps"":0.40833333333333327,""smart_grid_smart_city"":0.40833333333333327}","{""bdg2_building_data_genome"":916,""heapo_heat_pumps"":2042,""smart_grid_smart_city"":2042}",False,test,35.932429400638355,18.997801081430172,16.934628319208183,47.129093695254944,0.8951740000000002,0.8412021380109085,0,0.0,18.01039581638142,1.0757674971732332,0.0,"{""bdg2_building_data_genome"":{""available_profile_sources"":1570,""logical_devices"":916,""mean_profile_reuse"":1.0,""profile_bootstrap"":false,""selected_unique_profile_sources"":916,""weight"":0.18333333333333332},""heapo_heat_pumps"":{""available_profile_sources"":1362,""logical_devices"":2042,""mean_profile_reuse"":1.9559386973180077,""profile_bootstrap"":true,""selected_unique_profile_sources"":1044,""weight"":0.40833333333333327},""smart_grid_smart_city"":{""available_profile_sources"":5000,""logical_devices"":2042,""mean_profile_reuse"":1.0,""profile_bootstrap"":false,""selected_unique_profile_sources"":2042,""weight"":0.40833333333333327}}",dataset_combinations_mixed_physical_fleet_v1,2926.919779385057,3510.0,3714.264312879144,2440.7223582321094
predefined_mixed_scenario,S1-B,Building-heat pump-residential,建筑、热泵和带受控负荷住宅的高差异融合,ieee33,eps_mixed,Mixed EPS,O(1),29,4692434,5592434,dominant_minus_15pp,5000,"{""bdg2_building_data_genome"":0.3333333333333333,""heapo_heat_pumps"":0.3333333333333333,""smart_grid_smart_city"":0.3333333333333333}","{""bdg2_building_data_genome"":0.18333333333333332,""heapo_heat_pumps"":0.40833333333333327,""smart_grid_smart_city"":0.40833333333333327}","{""bdg2_building_data_genome"":916,""heapo_heat_pumps"":2042,""smart_grid_smart_city"":2042}",False,test,36.2794310269736,19.71916511390608,16.560265913067518,45.64643227385521,0.8945959999999998,0.8323238577258039,0,0.0,17.623587076871427,1.0633211638039104,0.0,"{""bdg2_building_data_genome"":{""available_profile_sources"":1570,""logical_devices"":916,""mean_profile_reuse"":1.0,""profile_bootstrap"":false,""selected_unique_profile_sources"":916,""weight"":0.18333333333333332},""heapo_heat_pumps"":{""available_profile_sources"":1362,""logical_devices"":2042,""mean_profile_reuse"":1.9373814041745732,""profile_bootstrap"":true,""selected_unique_profile_sources"":1054,""weight"":0.40833333333333327},""smart_grid_smart_city"":{""available_profile_sources"":5000,""logical_devices"":2042,""mean_profile_reuse"":1.0,""profile_bootstrap"":false,""selected_unique_profile_sources"":2042,""weight"":0.40833333333333327}}",dataset_combinations_mixed_physical_fleet_v1,2984.243161768315,3510.0,3733.415198322794,2440.7223582321094
predefined_mixed_scenario,S1-B,Building-heat pump-residential,建筑、热泵和带受控负荷住宅的高差异融合,ieee33,local_rules,Local SOC rules,O(1) per device,0,4692405,4892405,nominal,5000,"{""bdg2_building_data_genome"":0.3333333333333333,""heapo_heat_pumps"":0.3333333333333333,""smart_grid_smart_city"":0.3333333333333333}","{""bdg2_building_data_genome"":0.3333333333333333,""heapo_heat_pumps"":0.3333333333333333,""smart_grid_smart_city"":0.3333333333333333}","{""bdg2_building_data_genome"":1667,""heapo_heat_pumps"":1667,""smart_grid_smart_city"":1666}",False,test,35.059361642193664,22.227641472153948,12.831720170039716,36.5999823413694,0.8947960000000004,0.6141054733371741,0,0.0,13.970531020555605,1.1388108505158876,23.30570754941935,"{""bdg2_building_data_genome"":{""available_profile_sources"":1570,""logical_devices"":1667,""mean_profile_reuse"":1.6215953307392996,""profile_bootstrap"":true,""selected_unique_profile_sources"":1028,""weight"":0.3333333333333333},""heapo_heat_pumps"":{""available_profile_sources"":1362,""logical_devices"":1667,""mean_profile_reuse"":1.7346514047866806,""profile_bootstrap"":true,""selected_unique_profile_sources"":961,""weight"":0.3333333333333333},""smart_grid_smart_city"":{""available_profile_sources"":5000,""logical_devices"":1666,""mean_profile_reuse"":1.0,""profile_bootstrap"":false,""selected_unique_profile_sources"":1666,""weight"":0.3333333333333333}}",dataset_combinations_mixed_physical_fleet_v1,,,,
predefined_mixed_scenario,S1-B,Building-heat pump-residential,建筑、热泵和带受控负荷住宅的高差异融合,ieee33,local_rules,Local SOC rules,O(1) per device,1,4692406,4892406,nominal,5000,"{""bdg2_building_data_genome"":0.3333333333333333,""heapo_heat_pumps"":0.3333333333333333,""smart_grid_smart_city"":0.3333333333333333}","{""bdg2_building_data_genome"":0.3333333333333333,""heapo_heat_pumps"":0.3333333333333333,""smart_grid_smart_city"":0.3333333333333333}","{""bdg2_building_data_genome"":1667,""heapo_heat_pumps"":1667,""smart_grid_smart_city"":1666}",False,test,34.11418977118736,21.16667032512604,12.947519446061323,37.95347195083237,0.8950719999999994,0.6158144541012509,0,0.0,14.217432275792271,1.2699128297309485,23.539904335746623,"{""bdg2_building_data_genome"":{""available_profile_sources"":1570,""logical_devices"":1667,""mean_profile_reuse"":1.632713026444662,""profile_bootstrap"":true,""selected_unique_profile_sources"":1021,""weight"":0.3333333333333333},""heapo_heat_pumps"":{""available_profile_sources"":1362,""logical_devices"":1667,""mean_profile_reuse"":1.7328482328482329,""profile_bootstrap"":true,""selected_unique_profile_sources"":962,""weight"":0.3333333333333333},""smart_grid_smart_city"":{""available_profile_sources"":5000,""logical_devices"":1666,""mean_profile_reuse"":1.0,""profile_bootstrap"":false,""selected_unique_profile_sources"":1666,""weight"":0.3333333333333333}}",dataset_combinations_mixed_physical_fleet_v1,,,,
predefined_mixed_scenario,S1-B,Building-heat pump-residential,建筑、热泵和带受控负荷住宅的高差异融合,ieee33,local_rules,Local SOC rules,O(1) per device,2,4692407,4892407,nominal,5000,"{""bdg2_building_data_genome"":0.3333333333333333,""heapo_heat_pumps"":0.3333333333333333,""smart_grid_smart_city"":0.3333333333333333}","{""bdg2_building_data_genome"":0.3333333333333333,""heapo_heat_pumps"":0.3333333333333333,""smart_grid_smart_city"":0.3333333333333333}","{""bdg2_building_data_genome"":1667,""heapo_heat_pumps"":1667,""smart_grid_smart_city"":1666}",False,test,35.92376450761006,22.88214438927656,13.0416201183335,36.30360096467834,0.8942299999999999,0.6088622430693227,0,0.0,14.080270386080109,1.0386502677466105,23.19694699133633,"{""bdg2_building_data_genome"":{""available_profile_sources"":1570,""logical_devices"":1667,""mean_profile_reuse"":1.6391347099311702,""profile_bootstrap"":true,""selected_unique_profile_sources"":1017,""weight"":0.3333333333333333},""heapo_heat_pumps"":{""available_profile_sources"":1362,""logical_devices"":1667,""mean_profile_reuse"":1.7167868177136971,""profile_bootstrap"":true,""selected_unique_profile_sources"":971,""weight"":0.3333333333333333},""smart_grid_smart_city"":{""available_profile_sources"":5000,""logical_devices"":1666,""mean_profile_reuse"":1.0,""profile_bootstrap"":false,""selected_unique_profile_sources"":1666,""weight"":0.3333333333333333}}",dataset_combinations_mixed_physical_fleet_v1,,,,
predefined_mixed_scenario,S1-B,Building-heat pump-residential,建筑、热泵和带受控负荷住宅的高差异融合,ieee33,local_rules,Local SOC rules,O(1) per device,3,4692408,4892408,nominal,5000,"{""bdg2_building_data_genome"":0.3333333333333333,""heapo_heat_pumps"":0.3333333333333333,""smart_grid_smart_city"":0.3333333333333333}","{""bdg2_building_data_genome"":0.3333333333333333,""heapo_heat_pumps"":0.3333333333333333,""smart_grid_smart_city"":0.3333333333333333}","{""bdg2_building_data_genome"":1667,""heapo_heat_pumps"":1667,""smart_grid_smart_city"":1666}",False,test,35.2801345563612,22.276484972062015,13.00364958429918,36.85827661321817,0.8944559999999999,0.6135693358925095,0,0.0,14.093711401062794,1.0900618167636147,23.71436912586709,"{""bdg2_building_data_genome"":{""available_profile_sources"":1570,""logical_devices"":1667,""mean_profile_reuse"":1.6686686686686687,""profile_bootstrap"":true,""selected_unique_profile_sources"":999,""weight"":0.3333333333333333},""heapo_heat_pumps"":{""available_profile_sources"":1362,""logical_devices"":1667,""mean_profile_reuse"":1.7492130115424973,""profile_bootstrap"":true,""selected_unique_profile_sources"":953,""weight"":0.3333333333333333},""smart_grid_smart_city"":{""available_profile_sources"":5000,""logical_devices"":1666,""mean_profile_reuse"":1.0,""profile_bootstrap"":false,""selected_unique_profile_sources"":1666,""weight"":0.3333333333333333}}",dataset_combinations_mixed_physical_fleet_v1,,,,
predefined_mixed_scenario,S1-B,Building-heat pump-residential,建筑、热泵和带受控负荷住宅的高差异融合,ieee33,local_rules,Local SOC rules,O(1) per device,4,4692409,4892409,nominal,5000,"{""bdg2_building_data_genome"":0.3333333333333333,""heapo_heat_pumps"":0.3333333333333333,""smart_grid_smart_city"":0.3333333333333333}","{""bdg2_building_data_genome"":0.3333333333333333,""heapo_heat_pumps"":0.3333333333333333,""smart_grid_smart_city"":0.3333333333333333}","{""bdg2_building_data_genome"":1667,""heapo_heat_pumps"":1667,""smart_grid_smart_city"":1666}",False,test,33.7319993914129,20.840156290147306,12.891843101265593,38.218437489203346,0.8953020000000004,0.6163145086383456,0,0.0,14.250224809962136,1.3583817086965424,23.366816887250216,"{""bdg2_building_data_genome"":{""available_profile_sources"":1570,""logical_devices"":1667,""mean_profile_reuse"":1.6359175662414132,""profile_bootstrap"":true,""selected_unique_profile_sources"":1019,""weight"":0.3333333333333333},""heapo_heat_pumps"":{""available_profile_sources"":1362,""logical_devices"":1667,""mean_profile_reuse"":1.683838383838384,""profile_bootstrap"":true,""selected_unique_profile_sources"":990,""weight"":0.3333333333333333},""smart_grid_smart_city"":{""available_profile_sources"":5000,""logical_devices"":1666,""mean_profile_reuse"":1.0,""profile_bootstrap"":false,""selected_unique_profile_sources"":1666,""weight"":0.3333333333333333}}",dataset_combinations_mixed_physical_fleet_v1,,,,
predefined_mixed_scenario,S1-B,Building-heat pump-residential,建筑、热泵和带受控负荷住宅的高差异融合,ieee33,local_rules,Local SOC rules,O(1) per device,5,4692410,4892410,nominal,5000,"{""bdg2_building_data_genome"":0.3333333333333333,""heapo_heat_pumps"":0.3333333333333333,""smart_grid_smart_city"":0.3333333333333333}","{""bdg2_building_data_genome"":0.3333333333333333,""heapo_heat_pumps"":0.3333333333333333,""smart_grid_smart_city"":0.3333333333333333}","{""bdg2_building_data_genome"":1667,""heapo_heat_pumps"":1667,""smart_grid_smart_city"":1666}",False,test,34.39155207509888,21.226520172741665,13.165031902357212,38.279842310139074,0.8939779999999994,0.6177570928791446,0,0.0,14.365081095052934,1.2000491926957204,23.444846143140662,"{""bdg2_building_data_genome"":{""available_profile_sources"":1570,""logical_devices"":1667,""mean_profile_reuse"":1.6504950495049504,""profile_bootstrap"":true,""selected_unique_profile_sources"":1010,""weight"":0.3333333333333333},""heapo_heat_pumps"":{""available_profile_sources"":1362,""logical_devices"":1667,""mean_profile_reuse"":1.7185567010309277,""profile_bootstrap"":true,""selected_unique_profile_sources"":970,""weight"":0.3333333333333333},""smart_grid_smart_city"":{""available_profile_sources"":5000,""logical_devices"":1666,""mean_profile_reuse"":1.0,""profile_bootstrap"":false,""selected_unique_profile_sources"":1666,""weight"":0.3333333333333333}}",dataset_combinations_mixed_physical_fleet_v1,,,,
predefined_mixed_scenario,S1-B,Building-heat pump-residential,建筑、热泵和带受控负荷住宅的高差异融合,ieee33,local_rules,Local SOC rules,O(1) per device,6,4692411,4892411,nominal,5000,"{""bdg2_building_data_genome"":0.3333333333333333,""heapo_heat_pumps"":0.3333333333333333,""smart_grid_smart_city"":0.3333333333333333}","{""bdg2_building_data_genome"":0.3333333333333333,""heapo_heat_pumps"":0.3333333333333333,""smart_grid_smart_city"":0.3333333333333333}","{""bdg2_building_data_genome"":1667,""heapo_heat_pumps"":1667,""smart_grid_smart_city"":1666}",False,test,34.845869563277724,22.164467498877187,12.681402064400537,36.39284145678148,0.895458,0.61543091930015,0,0.0,13.962714048806033,1.2813119844054968,22.939451248393517,"{""bdg2_building_data_genome"":{""available_profile_sources"":1570,""logical_devices"":1667,""mean_profile_reuse"":1.5861084681255946,""profile_bootstrap"":true,""selected_unique_profile_sources"":1051,""weight"":0.3333333333333333},""heapo_heat_pumps"":{""available_profile_sources"":1362,""logical_devices"":1667,""mean_profile_reuse"":1.7238883143743537,""profile_bootstrap"":true,""selected_unique_profile_sources"":967,""weight"":0.3333333333333333},""smart_grid_smart_city"":{""available_profile_sources"":5000,""logical_devices"":1666,""mean_profile_reuse"":1.0,""profile_bootstrap"":false,""selected_unique_profile_sources"":1666,""weight"":0.3333333333333333}}",dataset_combinations_mixed_physical_fleet_v1,,,,
predefined_mixed_scenario,S1-B,Building-heat pump-residential,建筑、热泵和带受控负荷住宅的高差异融合,ieee33,local_rules,Local SOC rules,O(1) per device,7,4692412,4892412,nominal,5000,"{""bdg2_building_data_genome"":0.3333333333333333,""heapo_heat_pumps"":0.3333333333333333,""smart_grid_smart_city"":0.3333333333333333}","{""bdg2_building_data_genome"":0.3333333333333333,""heapo_heat_pumps"":0.3333333333333333,""smart_grid_smart_city"":0.3333333333333333}","{""bdg2_building_data_genome"":1667,""heapo_heat_pumps"":1667,""smart_grid_smart_city"":1666}",False,test,35.94132529087837,23.320631929800907,12.62069336107746,35.11471338059005,0.8949959999999995,0.615952876198463,0,0.0,13.831499289060437,1.2108059279829766,23.811894802012567,"{""bdg2_building_data_genome"":{""available_profile_sources"":1570,""logical_devices"":1667,""mean_profile_reuse"":1.626341463414634,""profile_bootstrap"":true,""selected_unique_profile_sources"":1025,""weight"":0.3333333333333333},""heapo_heat_pumps"":{""available_profile_sources"":1362,""logical_devices"":1667,""mean_profile_reuse"":1.7565858798735512,""profile_bootstrap"":true,""selected_unique_profile_sources"":949,""weight"":0.3333333333333333},""smart_grid_smart_city"":{""available_profile_sources"":5000,""logical_devices"":1666,""mean_profile_reuse"":1.0,""profile_bootstrap"":false,""selected_unique_profile_sources"":1666,""weight"":0.3333333333333333}}",dataset_combinations_mixed_physical_fleet_v1,,,,
predefined_mixed_scenario,S1-B,Building-heat pump-residential,建筑、热泵和带受控负荷住宅的高差异融合,ieee33,local_rules,Local SOC rules,O(1) per device,8,4692413,4892413,nominal,5000,"{""bdg2_building_data_genome"":0.3333333333333333,""heapo_heat_pumps"":0.3333333333333333,""smart_grid_smart_city"":0.3333333333333333}","{""bdg2_building_data_genome"":0.3333333333333333,""heapo_heat_pumps"":0.3333333333333333,""smart_grid_smart_city"":0.3333333333333333}","{""bdg2_building_data_genome"":1667,""heapo_heat_pumps"":1667,""smart_grid_smart_city"":1666}",False,test,34.39170783495104,21.526723992009664,12.864983842941376,37.4072259065517,0.8949939999999996,0.6147921343415427,0,0.0,14.14927803818402,1.284294195242641,23.689203240870235,"{""bdg2_building_data_genome"":{""available_profile_sources"":1570,""logical_devices"":1667,""mean_profile_reuse"":1.6456071076011847,""profile_bootstrap"":true,""selected_unique_profile_sources"":1013,""weight"":0.3333333333333333},""heapo_heat_pumps"":{""available_profile_sources"":1362,""logical_devices"":1667,""mean_profile_reuse"":1.7364583333333334,""profile_bootstrap"":true,""selected_unique_profile_sources"":960,""weight"":0.3333333333333333},""smart_grid_smart_city"":{""available_profile_sources"":5000,""logical_devices"":1666,""mean_profile_reuse"":1.0,""profile_bootstrap"":false,""selected_unique_profile_sources"":1666,""weight"":0.3333333333333333}}",dataset_combinations_mixed_physical_fleet_v1,,,,
predefined_mixed_scenario,S1-B,Building-heat pump-residential,建筑、热泵和带受控负荷住宅的高差异融合,ieee33,local_rules,Local SOC rules,O(1) per device,9,4692414,4892414,nominal,5000,"{""bdg2_building_data_genome"":0.3333333333333333,""heapo_heat_pumps"":0.3333333333333333,""smart_grid_smart_city"":0.3333333333333333}","{""bdg2_building_data_genome"":0.3333333333333333,""heapo_heat_pumps"":0.3333333333333333,""smart_grid_smart_city"":0.3333333333333333}","{""bdg2_building_data_genome"":1667,""heapo_heat_pumps"":1667,""smart_grid_smart_city"":1666}",False,test,35.189356381386276,21.919581994385204,13.26977438700107,37.70962515819197,0.8958839999999997,0.6159059108765662,0,0.0,14.569612436095019,1.2998380490939492,23.510931195048368,"{""bdg2_building_data_genome"":{""available_profile_sources"":1570,""logical_devices"":1667,""mean_profile_reuse"":1.6168768186226965,""profile_bootstrap"":true,""selected_unique_profile_sources"":1031,""weight"":0.3333333333333333},""heapo_heat_pumps"":{""available_profile_sources"":1362,""logical_devices"":1667,""mean_profile_reuse"":1.76215644820296,""profile_bootstrap"":true,""selected_unique_profile_sources"":946,""weight"":0.3333333333333333},""smart_grid_smart_city"":{""available_profile_sources"":5000,""logical_devices"":1666,""mean_profile_reuse"":1.0,""profile_bootstrap"":false,""selected_unique_profile_sources"":1666,""weight"":0.3333333333333333}}",dataset_combinations_mixed_physical_fleet_v1,,,,
predefined_mixed_scenario,S1-B,Building-heat pump-residential,建筑、热泵和带受控负荷住宅的高差异融合,ieee33,local_rules,Local SOC rules,O(1) per device,10,4692415,4892415,dominant_plus_15pp,5000,"{""bdg2_building_data_genome"":0.3333333333333333,""heapo_heat_pumps"":0.3333333333333333,""smart_grid_smart_city"":0.3333333333333333}","{""bdg2_building_data_genome"":0.48333333333333334,""heapo_heat_pumps"":0.25833333333333336,""smart_grid_smart_city"":0.25833333333333336}","{""bdg2_building_data_genome"":2416,""heapo_heat_pumps"":1292,""smart_grid_smart_city"":1292}",False,test,31.86490646862508,19.122724270368252,12.742182198256826,39.98813619868326,0.8949239999999993,0.6223603023344045,0,0.0,14.162438387573603,1.4202561893167804,23.29618544921276,"{""bdg2_building_data_genome"":{""available_profile_sources"":1570,""logical_devices"":2416,""mean_profile_reuse"":1.9531123686337915,""profile_bootstrap"":true,""selected_unique_profile_sources"":1237,""weight"":0.48333333333333334},""heapo_heat_pumps"":{""available_profile_sources"":1362,""logical_devices"":1292,""mean_profile_reuse"":1.0,""profile_bootstrap"":false,""selected_unique_profile_sources"":1292,""weight"":0.25833333333333336},""smart_grid_smart_city"":{""available_profile_sources"":5000,""logical_devices"":1292,""mean_profile_reuse"":1.0,""profile_bootstrap"":false,""selected_unique_profile_sources"":1292,""weight"":0.25833333333333336}}",dataset_combinations_mixed_physical_fleet_v1,,,,
predefined_mixed_scenario,S1-B,Building-heat pump-residential,建筑、热泵和带受控负荷住宅的高差异融合,ieee33,local_rules,Local SOC rules,O(1) per device,11,4692416,4892416,dominant_plus_15pp,5000,"{""bdg2_building_data_genome"":0.3333333333333333,""heapo_heat_pumps"":0.3333333333333333,""smart_grid_smart_city"":0.3333333333333333}","{""bdg2_building_data_genome"":0.48333333333333334,""heapo_heat_pumps"":0.25833333333333336,""smart_grid_smart_city"":0.25833333333333336}","{""bdg2_building_data_genome"":2416,""heapo_heat_pumps"":1292,""smart_grid_smart_city"":1292}",False,test,33.755738766867616,20.979735984154033,12.776002782713585,37.84838741332379,0.8955500000000002,0.6197581422891069,0,0.0,14.055576019477154,1.2795732367635695,23.81277961125205,"{""bdg2_building_data_genome"":{""available_profile_sources"":1570,""logical_devices"":2416,""mean_profile_reuse"":1.995045417010735,""profile_bootstrap"":true,""selected_unique_profile_sources"":1211,""weight"":0.48333333333333334},""heapo_heat_pumps"":{""available_profile_sources"":1362,""logical_devices"":1292,""mean_profile_reuse"":1.0,""profile_bootstrap"":false,""selected_unique_profile_sources"":1292,""weight"":0.25833333333333336},""smart_grid_smart_city"":{""available_profile_sources"":5000,""logical_devices"":1292,""mean_profile_reuse"":1.0,""profile_bootstrap"":false,""selected_unique_profile_sources"":1292,""weight"":0.25833333333333336}}",dataset_combinations_mixed_physical_fleet_v1,,,,
predefined_mixed_scenario,S1-B,Building-heat pump-residential,建筑、热泵和带受控负荷住宅的高差异融合,ieee33,local_rules,Local SOC rules,O(1) per device,12,4692417,4892417,dominant_plus_15pp,5000,"{""bdg2_building_data_genome"":0.3333333333333333,""heapo_heat_pumps"":0.3333333333333333,""smart_grid_smart_city"":0.3333333333333333}","{""bdg2_building_data_genome"":0.48333333333333334,""heapo_heat_pumps"":0.25833333333333336,""smart_grid_smart_city"":0.25833333333333336}","{""bdg2_building_data_genome"":2416,""heapo_heat_pumps"":1292,""smart_grid_smart_city"":1292}",False,test,32.80964871441859,19.950482010853925,12.859166703564668,39.19324713133412,0.8961460000000001,0.6212997549461227,0,0.0,14.179576461083549,1.3204097575188802,23.453012801512703,"{""bdg2_building_data_genome"":{""available_profile_sources"":1570,""logical_devices"":2416,""mean_profile_reuse"":1.959448499594485,""profile_bootstrap"":true,""selected_unique_profile_sources"":1233,""weight"":0.48333333333333334},""heapo_heat_pumps"":{""available_profile_sources"":1362,""logical_devices"":1292,""mean_profile_reuse"":1.0,""profile_bootstrap"":false,""selected_unique_profile_sources"":1292,""weight"":0.25833333333333336},""smart_grid_smart_city"":{""available_profile_sources"":5000,""logical_devices"":1292,""mean_profile_reuse"":1.0,""profile_bootstrap"":false,""selected_unique_profile_sources"":1292,""weight"":0.25833333333333336}}",dataset_combinations_mixed_physical_fleet_v1,,,,
predefined_mixed_scenario,S1-B,Building-heat pump-residential,建筑、热泵和带受控负荷住宅的高差异融合,ieee33,local_rules,Local SOC rules,O(1) per device,13,4692418,4892418,dominant_plus_15pp,5000,"{""bdg2_building_data_genome"":0.3333333333333333,""heapo_heat_pumps"":0.3333333333333333,""smart_grid_smart_city"":0.3333333333333333}","{""bdg2_building_data_genome"":0.48333333333333334,""heapo_heat_pumps"":0.25833333333333336,""smart_grid_smart_city"":0.25833333333333336}","{""bdg2_building_data_genome"":2416,""heapo_heat_pumps"":1292,""smart_grid_smart_city"":1292}",False,test,32.73060482826036,19.81440403764564,12.91620079061472,39.462151275196035,0.8955140000000003,0.6193233999219936,0,0.0,14.250722564694394,1.3345217740796733,23.92365570177905,"{""bdg2_building_data_genome"":{""available_profile_sources"":1570,""logical_devices"":2416,""mean_profile_reuse"":1.9483870967741936,""profile_bootstrap"":true,""selected_unique_profile_sources"":1240,""weight"":0.48333333333333334},""heapo_heat_pumps"":{""available_profile_sources"":1362,""logical_devices"":1292,""mean_profile_reuse"":1.0,""profile_bootstrap"":false,""selected_unique_profile_sources"":1292,""weight"":0.25833333333333336},""smart_grid_smart_city"":{""available_profile_sources"":5000,""logical_devices"":1292,""mean_profile_reuse"":1.0,""profile_bootstrap"":false,""selected_unique_profile_sources"":1292,""weight"":0.25833333333333336}}",dataset_combinations_mixed_physical_fleet_v1,,,,
predefined_mixed_scenario,S1-B,Building-heat pump-residential,建筑、热泵和带受控负荷住宅的高差异融合,ieee33,local_rules,Local SOC rules,O(1) per device,14,4692419,4892419,dominant_plus_15pp,5000,"{""bdg2_building_data_genome"":0.3333333333333333,""heapo_heat_pumps"":0.3333333333333333,""smart_grid_smart_city"":0.3333333333333333}","{""bdg2_building_data_genome"":0.48333333333333334,""heapo_heat_pumps"":0.25833333333333336,""smart_grid_smart_city"":0.25833333333333336}","{""bdg2_building_data_genome"":2416,""heapo_heat_pumps"":1292,""smart_grid_smart_city"":1292}",False,test,32.56482680467927,19.440253933491405,13.124572871187866,40.30291009962314,0.893972,0.6207566041348672,0,0.0,14.435865875377422,1.3112930041895519,23.72824707566822,"{""bdg2_building_data_genome"":{""available_profile_sources"":1570,""logical_devices"":2416,""mean_profile_reuse"":1.9658258746948738,""profile_bootstrap"":true,""selected_unique_profile_sources"":1229,""weight"":0.48333333333333334},""heapo_heat_pumps"":{""available_profile_sources"":1362,""logical_devices"":1292,""mean_profile_reuse"":1.0,""profile_bootstrap"":false,""selected_unique_profile_sources"":1292,""weight"":0.25833333333333336},""smart_grid_smart_city"":{""available_profile_sources"":5000,""logical_devices"":1292,""mean_profile_reuse"":1.0,""profile_bootstrap"":false,""selected_unique_profile_sources"":1292,""weight"":0.25833333333333336}}",dataset_combinations_mixed_physical_fleet_v1,,,,
predefined_mixed_scenario,S1-B,Building-heat pump-residential,建筑、热泵和带受控负荷住宅的高差异融合,ieee33,local_rules,Local SOC rules,O(1) per device,15,4692420,4892420,dominant_plus_15pp,5000,"{""bdg2_building_data_genome"":0.3333333333333333,""heapo_heat_pumps"":0.3333333333333333,""smart_grid_smart_city"":0.3333333333333333}","{""bdg2_building_data_genome"":0.48333333333333334,""heapo_heat_pumps"":0.25833333333333336,""smart_grid_smart_city"":0.25833333333333336}","{""bdg2_building_data_genome"":2416,""heapo_heat_pumps"":1292,""smart_grid_smart_city"":1292}",False,test,31.467091430656698,18.71744881211616,12.749642618540536,40.517385112115086,0.8942120000000005,0.6229551423149909,0,0.0,14.10705937035202,1.3574167518114857,23.346208732393603,"{""bdg2_building_data_genome"":{""available_profile_sources"":1570,""logical_devices"":2416,""mean_profile_reuse"":1.9706362153344208,""profile_bootstrap"":true,""selected_unique_profile_sources"":1226,""weight"":0.48333333333333334},""heapo_heat_pumps"":{""available_profile_sources"":1362,""logical_devices"":1292,""mean_profile_reuse"":1.0,""profile_bootstrap"":false,""selected_unique_profile_sources"":1292,""weight"":0.25833333333333336},""smart_grid_smart_city"":{""available_profile_sources"":5000,""logical_devices"":1292,""mean_profile_reuse"":1.0,""profile_bootstrap"":false,""selected_unique_profile_sources"":1292,""weight"":0.25833333333333336}}",dataset_combinations_mixed_physical_fleet_v1,,,,
predefined_mixed_scenario,S1-B,Building-heat pump-residential,建筑、热泵和带受控负荷住宅的高差异融合,ieee33,local_rules,Local SOC rules,O(1) per device,16,4692421,4892421,dominant_plus_15pp,5000,"{""bdg2_building_data_genome"":0.3333333333333333,""heapo_heat_pumps"":0.3333333333333333,""smart_grid_smart_city"":0.3333333333333333}","{""bdg2_building_data_genome"":0.48333333333333334,""heapo_heat_pumps"":0.25833333333333336,""smart_grid_smart_city"":0.25833333333333336}","{""bdg2_building_data_genome"":2416,""heapo_heat_pumps"":1292,""smart_grid_smart_city"":1292}",False,test,32.720107643306136,19.74422805451905,12.975879588787087,39.657203241022,0.89593,0.618768067643053,0,0.0,14.247700244727191,1.2718206559401048,23.66219781837966,"{""bdg2_building_data_genome"":{""available_profile_sources"":1570,""logical_devices"":2416,""mean_profile_reuse"":2.0,""profile_bootstrap"":true,""selected_unique_profile_sources"":1208,""weight"":0.48333333333333334},""heapo_heat_pumps"":{""available_profile_sources"":1362,""logical_devices"":1292,""mean_profile_reuse"":1.0,""profile_bootstrap"":false,""selected_unique_profile_sources"":1292,""weight"":0.25833333333333336},""smart_grid_smart_city"":{""available_profile_sources"":5000,""logical_devices"":1292,""mean_profile_reuse"":1.0,""profile_bootstrap"":false,""selected_unique_profile_sources"":1292,""weight"":0.25833333333333336}}",dataset_combinations_mixed_physical_fleet_v1,,,,
predefined_mixed_scenario,S1-B,Building-heat pump-residential,建筑、热泵和带受控负荷住宅的高差异融合,ieee33,local_rules,Local SOC rules,O(1) per device,17,4692422,4892422,dominant_plus_15pp,5000,"{""bdg2_building_data_genome"":0.3333333333333333,""heapo_heat_pumps"":0.3333333333333333,""smart_grid_smart_city"":0.3333333333333333}","{""bdg2_building_data_genome"":0.48333333333333334,""heapo_heat_pumps"":0.25833333333333336,""smart_grid_smart_city"":0.25833333333333336}","{""bdg2_building_data_genome"":2416,""heapo_heat_pumps"":1292,""smart_grid_smart_city"":1292}",False,test,32.48397792854776,20.127100752040587,12.356877176507172,38.03991371896491,0.8948979999999997,0.6194655999460068,0,0.0,13.694701216286152,1.3378240397789762,23.196892594979744,"{""bdg2_building_data_genome"":{""available_profile_sources"":1570,""logical_devices"":2416,""mean_profile_reuse"":2.0116569525395502,""profile_bootstrap"":true,""selected_unique_profile_sources"":1201,""weight"":0.48333333333333334},""heapo_heat_pumps"":{""available_profile_sources"":1362,""logical_devices"":1292,""mean_profile_reuse"":1.0,""profile_bootstrap"":false,""selected_unique_profile_sources"":1292,""weight"":0.25833333333333336},""smart_grid_smart_city"":{""available_profile_sources"":5000,""logical_devices"":1292,""mean_profile_reuse"":1.0,""profile_bootstrap"":false,""selected_unique_profile_sources"":1292,""weight"":0.25833333333333336}}",dataset_combinations_mixed_physical_fleet_v1,,,,
predefined_mixed_scenario,S1-B,Building-heat pump-residential,建筑、热泵和带受控负荷住宅的高差异融合,ieee33,local_rules,Local SOC rules,O(1) per device,18,4692423,4892423,dominant_plus_15pp,5000,"{""bdg2_building_data_genome"":0.3333333333333333,""heapo_heat_pumps"":0.3333333333333333,""smart_grid_smart_city"":0.3333333333333333}","{""bdg2_building_data_genome"":0.48333333333333334,""heapo_heat_pumps"":0.25833333333333336,""smart_grid_smart_city"":0.25833333333333336}","{""bdg2_building_data_genome"":2416,""heapo_heat_pumps"":1292,""smart_grid_smart_city"":1292}",False,test,31.969367258870555,19.399806319482188,12.569560939388367,39.317515537942604,0.8950599999999996,0.6169668439266823,0,0.0,13.89553434532235,1.3259734059339807,23.043876936696893,"{""bdg2_building_data_genome"":{""available_profile_sources"":1570,""logical_devices"":2416,""mean_profile_reuse"":1.9297124600638977,""profile_bootstrap"":true,""selected_unique_profile_sources"":1252,""weight"":0.48333333333333334},""heapo_heat_pumps"":{""available_profile_sources"":1362,""logical_devices"":1292,""mean_profile_reuse"":1.0,""profile_bootstrap"":false,""selected_unique_profile_sources"":1292,""weight"":0.25833333333333336},""smart_grid_smart_city"":{""available_profile_sources"":5000,""logical_devices"":1292,""mean_profile_reuse"":1.0,""profile_bootstrap"":false,""selected_unique_profile_sources"":1292,""weight"":0.25833333333333336}}",dataset_combinations_mixed_physical_fleet_v1,,,,
predefined_mixed_scenario,S1-B,Building-heat pump-residential,建筑、热泵和带受控负荷住宅的高差异融合,ieee33,local_rules,Local SOC rules,O(1) per device,19,4692424,4892424,dominant_plus_15pp,5000,"{""bdg2_building_data_genome"":0.3333333333333333,""heapo_heat_pumps"":0.3333333333333333,""smart_grid_smart_city"":0.3333333333333333}","{""bdg2_building_data_genome"":0.48333333333333334,""heapo_heat_pumps"":0.25833333333333336,""smart_grid_smart_city"":0.25833333333333336}","{""bdg2_building_data_genome"":2416,""heapo_heat_pumps"":1292,""smart_grid_smart_city"":1292}",False,test,32.15637982435094,19.411349715740876,12.745030108610067,39.63453031164499,0.8951939999999997,0.6195562589345679,0,0.0,14.100591039874173,1.3555609312641081,23.535890749204103,"{""bdg2_building_data_genome"":{""available_profile_sources"":1570,""logical_devices"":2416,""mean_profile_reuse"":1.951534733441034,""profile_bootstrap"":true,""selected_unique_profile_sources"":1238,""weight"":0.48333333333333334},""heapo_heat_pumps"":{""available_profile_sources"":1362,""logical_devices"":1292,""mean_profile_reuse"":1.0,""profile_bootstrap"":false,""selected_unique_profile_sources"":1292,""weight"":0.25833333333333336},""smart_grid_smart_city"":{""available_profile_sources"":5000,""logical_devices"":1292,""mean_profile_reuse"":1.0,""profile_bootstrap"":false,""selected_unique_profile_sources"":1292,""weight"":0.25833333333333336}}",dataset_combinations_mixed_physical_fleet_v1,,,,
predefined_mixed_scenario,S1-B,Building-heat pump-residential,建筑、热泵和带受控负荷住宅的高差异融合,ieee33,local_rules,Local SOC rules,O(1) per device,20,4692425,4892425,dominant_minus_15pp,5000,"{""bdg2_building_data_genome"":0.3333333333333333,""heapo_heat_pumps"":0.3333333333333333,""smart_grid_smart_city"":0.3333333333333333}","{""bdg2_building_data_genome"":0.18333333333333332,""heapo_heat_pumps"":0.40833333333333327,""smart_grid_smart_city"":0.40833333333333327}","{""bdg2_building_data_genome"":916,""heapo_heat_pumps"":2042,""smart_grid_smart_city"":2042}",False,test,35.3276903748212,22.578479603382483,12.749210771438717,36.08843554778591,0.8948860000000002,0.6110376154714667,0,0.0,13.98085704262767,1.2316462711889564,23.09914289381654,"{""bdg2_building_data_genome"":{""available_profile_sources"":1570,""logical_devices"":916,""mean_profile_reuse"":1.0,""profile_bootstrap"":false,""selected_unique_profile_sources"":916,""weight"":0.18333333333333332},""heapo_heat_pumps"":{""available_profile_sources"":1362,""logical_devices"":2042,""mean_profile_reuse"":1.9209783631232362,""profile_bootstrap"":true,""selected_unique_profile_sources"":1063,""weight"":0.40833333333333327},""smart_grid_smart_city"":{""available_profile_sources"":5000,""logical_devices"":2042,""mean_profile_reuse"":1.0,""profile_bootstrap"":false,""selected_unique_profile_sources"":2042,""weight"":0.40833333333333327}}",dataset_combinations_mixed_physical_fleet_v1,,,,
predefined_mixed_scenario,S1-B,Building-heat pump-residential,建筑、热泵和带受控负荷住宅的高差异融合,ieee33,local_rules,Local SOC rules,O(1) per device,21,4692426,4892426,dominant_minus_15pp,5000,"{""bdg2_building_data_genome"":0.3333333333333333,""heapo_heat_pumps"":0.3333333333333333,""smart_grid_smart_city"":0.3333333333333333}","{""bdg2_building_data_genome"":0.18333333333333332,""heapo_heat_pumps"":0.40833333333333327,""smart_grid_smart_city"":0.40833333333333327}","{""bdg2_building_data_genome"":916,""heapo_heat_pumps"":2042,""smart_grid_smart_city"":2042}",False,test,34.368856010425034,21.46621635642346,12.902639654001574,37.54166170118623,0.8952880000000006,0.6188330659019257,0,0.0,14.082615388389307,1.1799757343877313,23.411547959611365,"{""bdg2_building_data_genome"":{""available_profile_sources"":1570,""logical_devices"":916,""mean_profile_reuse"":1.0,""profile_bootstrap"":false,""selected_unique_profile_sources"":916,""weight"":0.18333333333333332},""heapo_heat_pumps"":{""available_profile_sources"":1362,""logical_devices"":2042,""mean_profile_reuse"":1.9137769447047797,""profile_bootstrap"":true,""selected_unique_profile_sources"":1067,""weight"":0.40833333333333327},""smart_grid_smart_city"":{""available_profile_sources"":5000,""logical_devices"":2042,""mean_profile_reuse"":1.0,""profile_bootstrap"":false,""selected_unique_profile_sources"":2042,""weight"":0.40833333333333327}}",dataset_combinations_mixed_physical_fleet_v1,,,,
predefined_mixed_scenario,S1-B,Building-heat pump-residential,建筑、热泵和带受控负荷住宅的高差异融合,ieee33,local_rules,Local SOC rules,O(1) per device,22,4692427,4892427,dominant_minus_15pp,5000,"{""bdg2_building_data_genome"":0.3333333333333333,""heapo_heat_pumps"":0.3333333333333333,""smart_grid_smart_city"":0.3333333333333333}","{""bdg2_building_data_genome"":0.18333333333333332,""heapo_heat_pumps"":0.40833333333333327,""smart_grid_smart_city"":0.40833333333333327}","{""bdg2_building_data_genome"":916,""heapo_heat_pumps"":2042,""smart_grid_smart_city"":2042}",False,test,35.434363009484436,22.482667414978287,12.951695594506148,36.55123020283861,0.8946300000000005,0.6153091641927446,0,0.0,14.288151339835277,1.3364557453291301,23.47073387801495,"{""bdg2_building_data_genome"":{""available_profile_sources"":1570,""logical_devices"":916,""mean_profile_reuse"":1.0,""profile_bootstrap"":false,""selected_unique_profile_sources"":916,""weight"":0.18333333333333332},""heapo_heat_pumps"":{""available_profile_sources"":1362,""logical_devices"":2042,""mean_profile_reuse"":1.9634615384615384,""profile_bootstrap"":true,""selected_unique_profile_sources"":1040,""weight"":0.40833333333333327},""smart_grid_smart_city"":{""available_profile_sources"":5000,""logical_devices"":2042,""mean_profile_reuse"":1.0,""profile_bootstrap"":false,""selected_unique_profile_sources"":2042,""weight"":0.40833333333333327}}",dataset_combinations_mixed_physical_fleet_v1,,,,
predefined_mixed_scenario,S1-B,Building-heat pump-residential,建筑、热泵和带受控负荷住宅的高差异融合,ieee33,local_rules,Local SOC rules,O(1) per device,23,4692428,4892428,dominant_minus_15pp,5000,"{""bdg2_building_data_genome"":0.3333333333333333,""heapo_heat_pumps"":0.3333333333333333,""smart_grid_smart_city"":0.3333333333333333}","{""bdg2_building_data_genome"":0.18333333333333332,""heapo_heat_pumps"":0.40833333333333327,""smart_grid_smart_city"":0.40833333333333327}","{""bdg2_building_data_genome"":916,""heapo_heat_pumps"":2042,""smart_grid_smart_city"":2042}",False,test,34.41527204580041,21.39742405442981,13.017847991370598,37.82578842917828,0.8949680000000003,0.6158045236045077,0,0.0,14.288201324068115,1.2703533326975154,23.31474636460464,"{""bdg2_building_data_genome"":{""available_profile_sources"":1570,""logical_devices"":916,""mean_profile_reuse"":1.0,""profile_bootstrap"":false,""selected_unique_profile_sources"":916,""weight"":0.18333333333333332},""heapo_heat_pumps"":{""available_profile_sources"":1362,""logical_devices"":2042,""mean_profile_reuse"":1.9318826868495742,""profile_bootstrap"":true,""selected_unique_profile_sources"":1057,""weight"":0.40833333333333327},""smart_grid_smart_city"":{""available_profile_sources"":5000,""logical_devices"":2042,""mean_profile_reuse"":1.0,""profile_bootstrap"":false,""selected_unique_profile_sources"":2042,""weight"":0.40833333333333327}}",dataset_combinations_mixed_physical_fleet_v1,,,,
predefined_mixed_scenario,S1-B,Building-heat pump-residential,建筑、热泵和带受控负荷住宅的高差异融合,ieee33,local_rules,Local SOC rules,O(1) per device,24,4692429,4892429,dominant_minus_15pp,5000,"{""bdg2_building_data_genome"":0.3333333333333333,""heapo_heat_pumps"":0.3333333333333333,""smart_grid_smart_city"":0.3333333333333333}","{""bdg2_building_data_genome"":0.18333333333333332,""heapo_heat_pumps"":0.40833333333333327,""smart_grid_smart_city"":0.40833333333333327}","{""bdg2_building_data_genome"":916,""heapo_heat_pumps"":2042,""smart_grid_smart_city"":2042}",False,test,35.4753191970611,22.830014995994006,12.645304201067091,35.64535707437602,0.895066,0.6123552260394622,0,0.0,13.971515859758266,1.326211658691179,22.873477151600085,"{""bdg2_building_data_genome"":{""available_profile_sources"":1570,""logical_devices"":916,""mean_profile_reuse"":1.0,""profile_bootstrap"":false,""selected_unique_profile_sources"":916,""weight"":0.18333333333333332},""heapo_heat_pumps"":{""available_profile_sources"":1362,""logical_devices"":2042,""mean_profile_reuse"":1.9429115128449097,""profile_bootstrap"":true,""selected_unique_profile_sources"":1051,""weight"":0.40833333333333327},""smart_grid_smart_city"":{""available_profile_sources"":5000,""logical_devices"":2042,""mean_profile_reuse"":1.0,""profile_bootstrap"":false,""selected_unique_profile_sources"":2042,""weight"":0.40833333333333327}}",dataset_combinations_mixed_physical_fleet_v1,,,,
predefined_mixed_scenario,S1-B,Building-heat pump-residential,建筑、热泵和带受控负荷住宅的高差异融合,ieee33,local_rules,Local SOC rules,O(1) per device,25,4692430,4892430,dominant_minus_15pp,5000,"{""bdg2_building_data_genome"":0.3333333333333333,""heapo_heat_pumps"":0.3333333333333333,""smart_grid_smart_city"":0.3333333333333333}","{""bdg2_building_data_genome"":0.18333333333333332,""heapo_heat_pumps"":0.40833333333333327,""smart_grid_smart_city"":0.40833333333333327}","{""bdg2_building_data_genome"":916,""heapo_heat_pumps"":2042,""smart_grid_smart_city"":2042}",False,test,35.76185789411478,22.819697422505403,12.94216047160938,36.18984368745347,0.8948220000000008,0.6141578164968412,0,0.0,14.142698396394579,1.2005379247851973,23.392684947511327,"{""bdg2_building_data_genome"":{""available_profile_sources"":1570,""logical_devices"":916,""mean_profile_reuse"":1.0,""profile_bootstrap"":false,""selected_unique_profile_sources"":916,""weight"":0.18333333333333332},""heapo_heat_pumps"":{""available_profile_sources"":1362,""logical_devices"":2042,""mean_profile_reuse"":1.9209783631232362,""profile_bootstrap"":true,""selected_unique_profile_sources"":1063,""weight"":0.40833333333333327},""smart_grid_smart_city"":{""available_profile_sources"":5000,""logical_devices"":2042,""mean_profile_reuse"":1.0,""profile_bootstrap"":false,""selected_unique_profile_sources"":2042,""weight"":0.40833333333333327}}",dataset_combinations_mixed_physical_fleet_v1,,,,
predefined_mixed_scenario,S1-B,Building-heat pump-residential,建筑、热泵和带受控负荷住宅的高差异融合,ieee33,local_rules,Local SOC rules,O(1) per device,26,4692431,4892431,dominant_minus_15pp,5000,"{""bdg2_building_data_genome"":0.3333333333333333,""heapo_heat_pumps"":0.3333333333333333,""smart_grid_smart_city"":0.3333333333333333}","{""bdg2_building_data_genome"":0.18333333333333332,""heapo_heat_pumps"":0.40833333333333327,""smart_grid_smart_city"":0.40833333333333327}","{""bdg2_building_data_genome"":916,""heapo_heat_pumps"":2042,""smart_grid_smart_city"":2042}",False,test,37.27286542825839,24.503781065249,12.76908436300939,34.25839204014758,0.8941679999999996,0.6143007094119779,0,0.0,13.915489048638928,1.1464046856295331,23.7423736905396,"{""bdg2_building_data_genome"":{""available_profile_sources"":1570,""logical_devices"":916,""mean_profile_reuse"":1.0,""profile_bootstrap"":false,""selected_unique_profile_sources"":916,""weight"":0.18333333333333332},""heapo_heat_pumps"":{""available_profile_sources"":1362,""logical_devices"":2042,""mean_profile_reuse"":1.9355450236966825,""profile_bootstrap"":true,""selected_unique_profile_sources"":1055,""weight"":0.40833333333333327},""smart_grid_smart_city"":{""available_profile_sources"":5000,""logical_devices"":2042,""mean_profile_reuse"":1.0,""profile_bootstrap"":false,""selected_unique_profile_sources"":2042,""weight"":0.40833333333333327}}",dataset_combinations_mixed_physical_fleet_v1,,,,
predefined_mixed_scenario,S1-B,Building-heat pump-residential,建筑、热泵和带受控负荷住宅的高差异融合,ieee33,local_rules,Local SOC rules,O(1) per device,27,4692432,4892432,dominant_minus_15pp,5000,"{""bdg2_building_data_genome"":0.3333333333333333,""heapo_heat_pumps"":0.3333333333333333,""smart_grid_smart_city"":0.3333333333333333}","{""bdg2_building_data_genome"":0.18333333333333332,""heapo_heat_pumps"":0.40833333333333327,""smart_grid_smart_city"":0.40833333333333327}","{""bdg2_building_data_genome"":916,""heapo_heat_pumps"":2042,""smart_grid_smart_city"":2042}",False,test,36.54227005633674,23.22495405829053,13.317315998046212,36.443592523165854,0.8952159999999997,0.6171842550743496,0,0.0,14.258665288042517,0.9413492899963057,23.908583758476308,"{""bdg2_building_data_genome"":{""available_profile_sources"":1570,""logical_devices"":916,""mean_profile_reuse"":1.0,""profile_bootstrap"":false,""selected_unique_profile_sources"":916,""weight"":0.18333333333333332},""heapo_heat_pumps"":{""available_profile_sources"":1362,""logical_devices"":2042,""mean_profile_reuse"":1.9245994344957587,""profile_bootstrap"":true,""selected_unique_profile_sources"":1061,""weight"":0.40833333333333327},""smart_grid_smart_city"":{""available_profile_sources"":5000,""logical_devices"":2042,""mean_profile_reuse"":1.0,""profile_bootstrap"":false,""selected_unique_profile_sources"":2042,""weight"":0.40833333333333327}}",dataset_combinations_mixed_physical_fleet_v1,,,,
predefined_mixed_scenario,S1-B,Building-heat pump-residential,建筑、热泵和带受控负荷住宅的高差异融合,ieee33,local_rules,Local SOC rules,O(1) per device,28,4692433,4892433,dominant_minus_15pp,5000,"{""bdg2_building_data_genome"":0.3333333333333333,""heapo_heat_pumps"":0.3333333333333333,""smart_grid_smart_city"":0.3333333333333333}","{""bdg2_building_data_genome"":0.18333333333333332,""heapo_heat_pumps"":0.40833333333333327,""smart_grid_smart_city"":0.40833333333333327}","{""bdg2_building_data_genome"":916,""heapo_heat_pumps"":2042,""smart_grid_smart_city"":2042}",False,test,35.932429400638355,22.98019969364011,12.952229706998246,36.04607292923017,0.8951740000000002,0.6133047056108768,0,0.0,14.177530547297444,1.2253008402991945,23.569102701371797,"{""bdg2_building_data_genome"":{""available_profile_sources"":1570,""logical_devices"":916,""mean_profile_reuse"":1.0,""profile_bootstrap"":false,""selected_unique_profile_sources"":916,""weight"":0.18333333333333332},""heapo_heat_pumps"":{""available_profile_sources"":1362,""logical_devices"":2042,""mean_profile_reuse"":1.9559386973180077,""profile_bootstrap"":true,""selected_unique_profile_sources"":1044,""weight"":0.40833333333333327},""smart_grid_smart_city"":{""available_profile_sources"":5000,""logical_devices"":2042,""mean_profile_reuse"":1.0,""profile_bootstrap"":false,""selected_unique_profile_sources"":2042,""weight"":0.40833333333333327}}",dataset_combinations_mixed_physical_fleet_v1,,,,
predefined_mixed_scenario,S1-B,Building-heat pump-residential,建筑、热泵和带受控负荷住宅的高差异融合,ieee33,local_rules,Local SOC rules,O(1) per device,29,4692434,4892434,dominant_minus_15pp,5000,"{""bdg2_building_data_genome"":0.3333333333333333,""heapo_heat_pumps"":0.3333333333333333,""smart_grid_smart_city"":0.3333333333333333}","{""bdg2_building_data_genome"":0.18333333333333332,""heapo_heat_pumps"":0.40833333333333327,""smart_grid_smart_city"":0.40833333333333327}","{""bdg2_building_data_genome"":916,""heapo_heat_pumps"":2042,""smart_grid_smart_city"":2042}",False,test,36.2794310269736,23.763450509230235,12.515980517743362,34.49883353583408,0.8945959999999998,0.6088286144886931,0,0.0,13.7020374592413,1.1860569414979336,23.36545420960793,"{""bdg2_building_data_genome"":{""available_profile_sources"":1570,""logical_devices"":916,""mean_profile_reuse"":1.0,""profile_bootstrap"":false,""selected_unique_profile_sources"":916,""weight"":0.18333333333333332},""heapo_heat_pumps"":{""available_profile_sources"":1362,""logical_devices"":2042,""mean_profile_reuse"":1.9373814041745732,""profile_bootstrap"":true,""selected_unique_profile_sources"":1054,""weight"":0.40833333333333327},""smart_grid_smart_city"":{""available_profile_sources"":5000,""logical_devices"":2042,""mean_profile_reuse"":1.0,""profile_bootstrap"":false,""selected_unique_profile_sources"":2042,""weight"":0.40833333333333327}}",dataset_combinations_mixed_physical_fleet_v1,,,,
predefined_mixed_scenario,S1-B,Building-heat pump-residential,建筑、热泵和带受控负荷住宅的高差异融合,ieee33,mean_field_control,Mean-field control,O(N),0,4692405,5092405,nominal,5000,"{""bdg2_building_data_genome"":0.3333333333333333,""heapo_heat_pumps"":0.3333333333333333,""smart_grid_smart_city"":0.3333333333333333}","{""bdg2_building_data_genome"":0.3333333333333333,""heapo_heat_pumps"":0.3333333333333333,""smart_grid_smart_city"":0.3333333333333333}","{""bdg2_building_data_genome"":1667,""heapo_heat_pumps"":1667,""smart_grid_smart_city"":1666}",False,test,35.059361642193664,15.822016662403264,19.2373449797904,54.87077938304047,0.8947960000000004,0.8202818155705718,0,0.0,20.62983763581284,1.3924926560224402,0.0,"{""bdg2_building_data_genome"":{""available_profile_sources"":1570,""logical_devices"":1667,""mean_profile_reuse"":1.6215953307392996,""profile_bootstrap"":true,""selected_unique_profile_sources"":1028,""weight"":0.3333333333333333},""heapo_heat_pumps"":{""available_profile_sources"":1362,""logical_devices"":1667,""mean_profile_reuse"":1.7346514047866806,""profile_bootstrap"":true,""selected_unique_profile_sources"":961,""weight"":0.3333333333333333},""smart_grid_smart_city"":{""available_profile_sources"":5000,""logical_devices"":1666,""mean_profile_reuse"":1.0,""profile_bootstrap"":false,""selected_unique_profile_sources"":1666,""weight"":0.3333333333333333}}",dataset_combinations_mixed_physical_fleet_v1,,,,
predefined_mixed_scenario,S1-B,Building-heat pump-residential,建筑、热泵和带受控负荷住宅的高差异融合,ieee33,mean_field_control,Mean-field control,O(N),1,4692406,5092406,nominal,5000,"{""bdg2_building_data_genome"":0.3333333333333333,""heapo_heat_pumps"":0.3333333333333333,""smart_grid_smart_city"":0.3333333333333333}","{""bdg2_building_data_genome"":0.3333333333333333,""heapo_heat_pumps"":0.3333333333333333,""smart_grid_smart_city"":0.3333333333333333}","{""bdg2_building_data_genome"":1667,""heapo_heat_pumps"":1667,""smart_grid_smart_city"":1666}",False,test,34.11418977118736,15.956660611242754,18.15752915994461,53.22573768197874,0.8950719999999994,0.8005606225910689,0,0.0,19.635272618629955,1.4777434586853424,0.0,"{""bdg2_building_data_genome"":{""available_profile_sources"":1570,""logical_devices"":1667,""mean_profile_reuse"":1.632713026444662,""profile_bootstrap"":true,""selected_unique_profile_sources"":1021,""weight"":0.3333333333333333},""heapo_heat_pumps"":{""available_profile_sources"":1362,""logical_devices"":1667,""mean_profile_reuse"":1.7328482328482329,""profile_bootstrap"":true,""selected_unique_profile_sources"":962,""weight"":0.3333333333333333},""smart_grid_smart_city"":{""available_profile_sources"":5000,""logical_devices"":1666,""mean_profile_reuse"":1.0,""profile_bootstrap"":false,""selected_unique_profile_sources"":1666,""weight"":0.3333333333333333}}",dataset_combinations_mixed_physical_fleet_v1,,,,
predefined_mixed_scenario,S1-B,Building-heat pump-residential,建筑、热泵和带受控负荷住宅的高差异融合,ieee33,mean_field_control,Mean-field control,O(N),2,4692407,5092407,nominal,5000,"{""bdg2_building_data_genome"":0.3333333333333333,""heapo_heat_pumps"":0.3333333333333333,""smart_grid_smart_city"":0.3333333333333333}","{""bdg2_building_data_genome"":0.3333333333333333,""heapo_heat_pumps"":0.3333333333333333,""smart_grid_smart_city"":0.3333333333333333}","{""bdg2_building_data_genome"":1667,""heapo_heat_pumps"":1667,""smart_grid_smart_city"":1666}",False,test,35.92376450761006,16.03448638586486,19.8892781217452,55.36523912334374,0.8942299999999999,0.8224360826881975,0,0.0,21.14627321712624,1.2569950953810387,0.0,"{""bdg2_building_data_genome"":{""available_profile_sources"":1570,""logical_devices"":1667,""mean_profile_reuse"":1.6391347099311702,""profile_bootstrap"":true,""selected_unique_profile_sources"":1017,""weight"":0.3333333333333333},""heapo_heat_pumps"":{""available_profile_sources"":1362,""logical_devices"":1667,""mean_profile_reuse"":1.7167868177136971,""profile_bootstrap"":true,""selected_unique_profile_sources"":971,""weight"":0.3333333333333333},""smart_grid_smart_city"":{""available_profile_sources"":5000,""logical_devices"":1666,""mean_profile_reuse"":1.0,""profile_bootstrap"":false,""selected_unique_profile_sources"":1666,""weight"":0.3333333333333333}}",dataset_combinations_mixed_physical_fleet_v1,,,,
predefined_mixed_scenario,S1-B,Building-heat pump-residential,建筑、热泵和带受控负荷住宅的高差异融合,ieee33,mean_field_control,Mean-field control,O(N),3,4692408,5092408,nominal,5000,"{""bdg2_building_data_genome"":0.3333333333333333,""heapo_heat_pumps"":0.3333333333333333,""smart_grid_smart_city"":0.3333333333333333}","{""bdg2_building_data_genome"":0.3333333333333333,""heapo_heat_pumps"":0.3333333333333333,""smart_grid_smart_city"":0.3333333333333333}","{""bdg2_building_data_genome"":1667,""heapo_heat_pumps"":1667,""smart_grid_smart_city"":1666}",False,test,35.2801345563612,15.491117683985763,19.789016872375434,56.091103736471915,0.8944559999999999,0.8278208154548917,0,0.0,21.107351068292296,1.318334195916862,0.0,"{""bdg2_building_data_genome"":{""available_profile_sources"":1570,""logical_devices"":1667,""mean_profile_reuse"":1.6686686686686687,""profile_bootstrap"":true,""selected_unique_profile_sources"":999,""weight"":0.3333333333333333},""heapo_heat_pumps"":{""available_profile_sources"":1362,""logical_devices"":1667,""mean_profile_reuse"":1.7492130115424973,""profile_bootstrap"":true,""selected_unique_profile_sources"":953,""weight"":0.3333333333333333},""smart_grid_smart_city"":{""available_profile_sources"":5000,""logical_devices"":1666,""mean_profile_reuse"":1.0,""profile_bootstrap"":false,""selected_unique_profile_sources"":1666,""weight"":0.3333333333333333}}",dataset_combinations_mixed_physical_fleet_v1,,,,
predefined_mixed_scenario,S1-B,Building-heat pump-residential,建筑、热泵和带受控负荷住宅的高差异融合,ieee33,mean_field_control,Mean-field control,O(N),4,4692409,5092409,nominal,5000,"{""bdg2_building_data_genome"":0.3333333333333333,""heapo_heat_pumps"":0.3333333333333333,""smart_grid_smart_city"":0.3333333333333333}","{""bdg2_building_data_genome"":0.3333333333333333,""heapo_heat_pumps"":0.3333333333333333,""smart_grid_smart_city"":0.3333333333333333}","{""bdg2_building_data_genome"":1667,""heapo_heat_pumps"":1667,""smart_grid_smart_city"":1666}",False,test,33.7319993914129,15.849618774838913,17.882380616573986,53.01310606902915,0.8953020000000004,0.8040246678080207,0,0.0,19.305058469472467,1.4226778528984865,0.0,"{""bdg2_building_data_genome"":{""available_profile_sources"":1570,""logical_devices"":1667,""mean_profile_reuse"":1.6359175662414132,""profile_bootstrap"":true,""selected_unique_profile_sources"":1019,""weight"":0.3333333333333333},""heapo_heat_pumps"":{""available_profile_sources"":1362,""logical_devices"":1667,""mean_profile_reuse"":1.683838383838384,""profile_bootstrap"":true,""selected_unique_profile_sources"":990,""weight"":0.3333333333333333},""smart_grid_smart_city"":{""available_profile_sources"":5000,""logical_devices"":1666,""mean_profile_reuse"":1.0,""profile_bootstrap"":false,""selected_unique_profile_sources"":1666,""weight"":0.3333333333333333}}",dataset_combinations_mixed_physical_fleet_v1,,,,
predefined_mixed_scenario,S1-B,Building-heat pump-residential,建筑、热泵和带受控负荷住宅的高差异融合,ieee33,mean_field_control,Mean-field control,O(N),5,4692410,5092410,nominal,5000,"{""bdg2_building_data_genome"":0.3333333333333333,""heapo_heat_pumps"":0.3333333333333333,""smart_grid_smart_city"":0.3333333333333333}","{""bdg2_building_data_genome"":0.3333333333333333,""heapo_heat_pumps"":0.3333333333333333,""smart_grid_smart_city"":0.3333333333333333}","{""bdg2_building_data_genome"":1667,""heapo_heat_pumps"":1667,""smart_grid_smart_city"":1666}",False,test,34.39155207509888,15.487626459342149,18.90392561575673,54.96677083510887,0.8939779999999994,0.8110718138786989,0,0.0,20.35726200278359,1.4533363870268585,0.0,"{""bdg2_building_data_genome"":{""available_profile_sources"":1570,""logical_devices"":1667,""mean_profile_reuse"":1.6504950495049504,""profile_bootstrap"":true,""selected_unique_profile_sources"":1010,""weight"":0.3333333333333333},""heapo_heat_pumps"":{""available_profile_sources"":1362,""logical_devices"":1667,""mean_profile_reuse"":1.7185567010309277,""profile_bootstrap"":true,""selected_unique_profile_sources"":970,""weight"":0.3333333333333333},""smart_grid_smart_city"":{""available_profile_sources"":5000,""logical_devices"":1666,""mean_profile_reuse"":1.0,""profile_bootstrap"":false,""selected_unique_profile_sources"":1666,""weight"":0.3333333333333333}}",dataset_combinations_mixed_physical_fleet_v1,,,,
predefined_mixed_scenario,S1-B,Building-heat pump-residential,建筑、热泵和带受控负荷住宅的高差异融合,ieee33,mean_field_control,Mean-field control,O(N),6,4692411,5092411,nominal,5000,"{""bdg2_building_data_genome"":0.3333333333333333,""heapo_heat_pumps"":0.3333333333333333,""smart_grid_smart_city"":0.3333333333333333}","{""bdg2_building_data_genome"":0.3333333333333333,""heapo_heat_pumps"":0.3333333333333333,""smart_grid_smart_city"":0.3333333333333333}","{""bdg2_building_data_genome"":1667,""heapo_heat_pumps"":1667,""smart_grid_smart_city"":1666}",False,test,34.845869563277724,15.693006962996385,19.15286260028134,54.96451327036349,0.895458,0.8212399298404347,0,0.0,20.62053229141436,1.467669691133023,0.0,"{""bdg2_building_data_genome"":{""available_profile_sources"":1570,""logical_devices"":1667,""mean_profile_reuse"":1.5861084681255946,""profile_bootstrap"":true,""selected_unique_profile_sources"":1051,""weight"":0.3333333333333333},""heapo_heat_pumps"":{""available_profile_sources"":1362,""logical_devices"":1667,""mean_profile_reuse"":1.7238883143743537,""profile_bootstrap"":true,""selected_unique_profile_sources"":967,""weight"":0.3333333333333333},""smart_grid_smart_city"":{""available_profile_sources"":5000,""logical_devices"":1666,""mean_profile_reuse"":1.0,""profile_bootstrap"":false,""selected_unique_profile_sources"":1666,""weight"":0.3333333333333333}}",dataset_combinations_mixed_physical_fleet_v1,,,,
predefined_mixed_scenario,S1-B,Building-heat pump-residential,建筑、热泵和带受控负荷住宅的高差异融合,ieee33,mean_field_control,Mean-field control,O(N),7,4692412,5092412,nominal,5000,"{""bdg2_building_data_genome"":0.3333333333333333,""heapo_heat_pumps"":0.3333333333333333,""smart_grid_smart_city"":0.3333333333333333}","{""bdg2_building_data_genome"":0.3333333333333333,""heapo_heat_pumps"":0.3333333333333333,""smart_grid_smart_city"":0.3333333333333333}","{""bdg2_building_data_genome"":1667,""heapo_heat_pumps"":1667,""smart_grid_smart_city"":1666}",False,test,35.94132529087837,16.33030045825568,19.611024832622686,54.56400028075708,0.8949959999999995,0.8251016433974966,0,0.0,20.807193774140405,1.1961689415177184,0.0,"{""bdg2_building_data_genome"":{""available_profile_sources"":1570,""logical_devices"":1667,""mean_profile_reuse"":1.626341463414634,""profile_bootstrap"":true,""selected_unique_profile_sources"":1025,""weight"":0.3333333333333333},""heapo_heat_pumps"":{""available_profile_sources"":1362,""logical_devices"":1667,""mean_profile_reuse"":1.7565858798735512,""profile_bootstrap"":true,""selected_unique_profile_sources"":949,""weight"":0.3333333333333333},""smart_grid_smart_city"":{""available_profile_sources"":5000,""logical_devices"":1666,""mean_profile_reuse"":1.0,""profile_bootstrap"":false,""selected_unique_profile_sources"":1666,""weight"":0.3333333333333333}}",dataset_combinations_mixed_physical_fleet_v1,,,,
predefined_mixed_scenario,S1-B,Building-heat pump-residential,建筑、热泵和带受控负荷住宅的高差异融合,ieee33,mean_field_control,Mean-field control,O(N),8,4692413,5092413,nominal,5000,"{""bdg2_building_data_genome"":0.3333333333333333,""heapo_heat_pumps"":0.3333333333333333,""smart_grid_smart_city"":0.3333333333333333}","{""bdg2_building_data_genome"":0.3333333333333333,""heapo_heat_pumps"":0.3333333333333333,""smart_grid_smart_city"":0.3333333333333333}","{""bdg2_building_data_genome"":1667,""heapo_heat_pumps"":1667,""smart_grid_smart_city"":1666}",False,test,34.39170783495104,15.33705038653116,19.05465744841988,55.404801470938665,0.8949939999999996,0.8177516587674587,0,0.0,20.54164663234781,1.4869891839279228,0.0,"{""bdg2_building_data_genome"":{""available_profile_sources"":1570,""logical_devices"":1667,""mean_profile_reuse"":1.6456071076011847,""profile_bootstrap"":true,""selected_unique_profile_sources"":1013,""weight"":0.3333333333333333},""heapo_heat_pumps"":{""available_profile_sources"":1362,""logical_devices"":1667,""mean_profile_reuse"":1.7364583333333334,""profile_bootstrap"":true,""selected_unique_profile_sources"":960,""weight"":0.3333333333333333},""smart_grid_smart_city"":{""available_profile_sources"":5000,""logical_devices"":1666,""mean_profile_reuse"":1.0,""profile_bootstrap"":false,""selected_unique_profile_sources"":1666,""weight"":0.3333333333333333}}",dataset_combinations_mixed_physical_fleet_v1,,,,
predefined_mixed_scenario,S1-B,Building-heat pump-residential,建筑、热泵和带受控负荷住宅的高差异融合,ieee33,mean_field_control,Mean-field control,O(N),9,4692414,5092414,nominal,5000,"{""bdg2_building_data_genome"":0.3333333333333333,""heapo_heat_pumps"":0.3333333333333333,""smart_grid_smart_city"":0.3333333333333333}","{""bdg2_building_data_genome"":0.3333333333333333,""heapo_heat_pumps"":0.3333333333333333,""smart_grid_smart_city"":0.3333333333333333}","{""bdg2_building_data_genome"":1667,""heapo_heat_pumps"":1667,""smart_grid_smart_city"":1666}",False,test,35.189356381386276,15.739546149079938,19.449810232306337,55.271855561968984,0.8958839999999997,0.8148885566170772,0,0.0,20.791521616459534,1.3417113841531942,0.0,"{""bdg2_building_data_genome"":{""available_profile_sources"":1570,""logical_devices"":1667,""mean_profile_reuse"":1.6168768186226965,""profile_bootstrap"":true,""selected_unique_profile_sources"":1031,""weight"":0.3333333333333333},""heapo_heat_pumps"":{""available_profile_sources"":1362,""logical_devices"":1667,""mean_profile_reuse"":1.76215644820296,""profile_bootstrap"":true,""selected_unique_profile_sources"":946,""weight"":0.3333333333333333},""smart_grid_smart_city"":{""available_profile_sources"":5000,""logical_devices"":1666,""mean_profile_reuse"":1.0,""profile_bootstrap"":false,""selected_unique_profile_sources"":1666,""weight"":0.3333333333333333}}",dataset_combinations_mixed_physical_fleet_v1,,,,
predefined_mixed_scenario,S1-B,Building-heat pump-residential,建筑、热泵和带受控负荷住宅的高差异融合,ieee33,mean_field_control,Mean-field control,O(N),10,4692415,5092415,dominant_plus_15pp,5000,"{""bdg2_building_data_genome"":0.3333333333333333,""heapo_heat_pumps"":0.3333333333333333,""smart_grid_smart_city"":0.3333333333333333}","{""bdg2_building_data_genome"":0.48333333333333334,""heapo_heat_pumps"":0.25833333333333336,""smart_grid_smart_city"":0.25833333333333336}","{""bdg2_building_data_genome"":2416,""heapo_heat_pumps"":1292,""smart_grid_smart_city"":1292}",False,test,31.86490646862508,15.285816003673528,16.579090464951552,52.02930842202756,0.8949239999999993,0.7997917757576608,0,0.0,17.998777734957308,1.4196872700057586,0.0,"{""bdg2_building_data_genome"":{""available_profile_sources"":1570,""logical_devices"":2416,""mean_profile_reuse"":1.9531123686337915,""profile_bootstrap"":true,""selected_unique_profile_sources"":1237,""weight"":0.48333333333333334},""heapo_heat_pumps"":{""available_profile_sources"":1362,""logical_devices"":1292,""mean_profile_reuse"":1.0,""profile_bootstrap"":false,""selected_unique_profile_sources"":1292,""weight"":0.25833333333333336},""smart_grid_smart_city"":{""available_profile_sources"":5000,""logical_devices"":1292,""mean_profile_reuse"":1.0,""profile_bootstrap"":false,""selected_unique_profile_sources"":1292,""weight"":0.25833333333333336}}",dataset_combinations_mixed_physical_fleet_v1,,,,
predefined_mixed_scenario,S1-B,Building-heat pump-residential,建筑、热泵和带受控负荷住宅的高差异融合,ieee33,mean_field_control,Mean-field control,O(N),11,4692416,5092416,dominant_plus_15pp,5000,"{""bdg2_building_data_genome"":0.3333333333333333,""heapo_heat_pumps"":0.3333333333333333,""smart_grid_smart_city"":0.3333333333333333}","{""bdg2_building_data_genome"":0.48333333333333334,""heapo_heat_pumps"":0.25833333333333336,""smart_grid_smart_city"":0.25833333333333336}","{""bdg2_building_data_genome"":2416,""heapo_heat_pumps"":1292,""smart_grid_smart_city"":1292}",False,test,33.755738766867616,15.963636172605309,17.792102594262307,52.70837861716672,0.8955500000000002,0.8000870298954718,0,0.0,19.246670840057945,1.454568245795641,0.0,"{""bdg2_building_data_genome"":{""available_profile_sources"":1570,""logical_devices"":2416,""mean_profile_reuse"":1.995045417010735,""profile_bootstrap"":true,""selected_unique_profile_sources"":1211,""weight"":0.48333333333333334},""heapo_heat_pumps"":{""available_profile_sources"":1362,""logical_devices"":1292,""mean_profile_reuse"":1.0,""profile_bootstrap"":false,""selected_unique_profile_sources"":1292,""weight"":0.25833333333333336},""smart_grid_smart_city"":{""available_profile_sources"":5000,""logical_devices"":1292,""mean_profile_reuse"":1.0,""profile_bootstrap"":false,""selected_unique_profile_sources"":1292,""weight"":0.25833333333333336}}",dataset_combinations_mixed_physical_fleet_v1,,,,
predefined_mixed_scenario,S1-B,Building-heat pump-residential,建筑、热泵和带受控负荷住宅的高差异融合,ieee33,mean_field_control,Mean-field control,O(N),12,4692417,5092417,dominant_plus_15pp,5000,"{""bdg2_building_data_genome"":0.3333333333333333,""heapo_heat_pumps"":0.3333333333333333,""smart_grid_smart_city"":0.3333333333333333}","{""bdg2_building_data_genome"":0.48333333333333334,""heapo_heat_pumps"":0.25833333333333336,""smart_grid_smart_city"":0.25833333333333336}","{""bdg2_building_data_genome"":2416,""heapo_heat_pumps"":1292,""smart_grid_smart_city"":1292}",False,test,32.80964871441859,16.26650023913265,16.543148475285943,50.42159585212462,0.8961460000000001,0.7927874680817738,0,0.0,17.959581879199288,1.416433403913344,0.0,"{""bdg2_building_data_genome"":{""available_profile_sources"":1570,""logical_devices"":2416,""mean_profile_reuse"":1.959448499594485,""profile_bootstrap"":true,""selected_unique_profile_sources"":1233,""weight"":0.48333333333333334},""heapo_heat_pumps"":{""available_profile_sources"":1362,""logical_devices"":1292,""mean_profile_reuse"":1.0,""profile_bootstrap"":false,""selected_unique_profile_sources"":1292,""weight"":0.25833333333333336},""smart_grid_smart_city"":{""available_profile_sources"":5000,""logical_devices"":1292,""mean_profile_reuse"":1.0,""profile_bootstrap"":false,""selected_unique_profile_sources"":1292,""weight"":0.25833333333333336}}",dataset_combinations_mixed_physical_fleet_v1,,,,
predefined_mixed_scenario,S1-B,Building-heat pump-residential,建筑、热泵和带受控负荷住宅的高差异融合,ieee33,mean_field_control,Mean-field control,O(N),13,4692418,5092418,dominant_plus_15pp,5000,"{""bdg2_building_data_genome"":0.3333333333333333,""heapo_heat_pumps"":0.3333333333333333,""smart_grid_smart_city"":0.3333333333333333}","{""bdg2_building_data_genome"":0.48333333333333334,""heapo_heat_pumps"":0.25833333333333336,""smart_grid_smart_city"":0.25833333333333336}","{""bdg2_building_data_genome"":2416,""heapo_heat_pumps"":1292,""smart_grid_smart_city"":1292}",False,test,32.73060482826036,15.983743222270654,16.746861605989707,51.1657566178859,0.8955140000000003,0.7966862105419484,0,0.0,18.069588467162784,1.322726861173077,0.0,"{""bdg2_building_data_genome"":{""available_profile_sources"":1570,""logical_devices"":2416,""mean_profile_reuse"":1.9483870967741936,""profile_bootstrap"":true,""selected_unique_profile_sources"":1240,""weight"":0.48333333333333334},""heapo_heat_pumps"":{""available_profile_sources"":1362,""logical_devices"":1292,""mean_profile_reuse"":1.0,""profile_bootstrap"":false,""selected_unique_profile_sources"":1292,""weight"":0.25833333333333336},""smart_grid_smart_city"":{""available_profile_sources"":5000,""logical_devices"":1292,""mean_profile_reuse"":1.0,""profile_bootstrap"":false,""selected_unique_profile_sources"":1292,""weight"":0.25833333333333336}}",dataset_combinations_mixed_physical_fleet_v1,,,,
predefined_mixed_scenario,S1-B,Building-heat pump-residential,建筑、热泵和带受控负荷住宅的高差异融合,ieee33,mean_field_control,Mean-field control,O(N),14,4692419,5092419,dominant_plus_15pp,5000,"{""bdg2_building_data_genome"":0.3333333333333333,""heapo_heat_pumps"":0.3333333333333333,""smart_grid_smart_city"":0.3333333333333333}","{""bdg2_building_data_genome"":0.48333333333333334,""heapo_heat_pumps"":0.25833333333333336,""smart_grid_smart_city"":0.25833333333333336}","{""bdg2_building_data_genome"":2416,""heapo_heat_pumps"":1292,""smart_grid_smart_city"":1292}",False,test,32.56482680467927,16.472444793502024,16.092382011177246,49.416452013388,0.893972,0.7895684538534251,0,0.0,17.44546882001019,1.3530868088329464,0.0,"{""bdg2_building_data_genome"":{""available_profile_sources"":1570,""logical_devices"":2416,""mean_profile_reuse"":1.9658258746948738,""profile_bootstrap"":true,""selected_unique_profile_sources"":1229,""weight"":0.48333333333333334},""heapo_heat_pumps"":{""available_profile_sources"":1362,""logical_devices"":1292,""mean_profile_reuse"":1.0,""profile_bootstrap"":false,""selected_unique_profile_sources"":1292,""weight"":0.25833333333333336},""smart_grid_smart_city"":{""available_profile_sources"":5000,""logical_devices"":1292,""mean_profile_reuse"":1.0,""profile_bootstrap"":false,""selected_unique_profile_sources"":1292,""weight"":0.25833333333333336}}",dataset_combinations_mixed_physical_fleet_v1,,,,
predefined_mixed_scenario,S1-B,Building-heat pump-residential,建筑、热泵和带受控负荷住宅的高差异融合,ieee33,mean_field_control,Mean-field control,O(N),15,4692420,5092420,dominant_plus_15pp,5000,"{""bdg2_building_data_genome"":0.3333333333333333,""heapo_heat_pumps"":0.3333333333333333,""smart_grid_smart_city"":0.3333333333333333}","{""bdg2_building_data_genome"":0.48333333333333334,""heapo_heat_pumps"":0.25833333333333336,""smart_grid_smart_city"":0.25833333333333336}","{""bdg2_building_data_genome"":2416,""heapo_heat_pumps"":1292,""smart_grid_smart_city"":1292}",False,test,31.467091430656698,15.364132221035781,16.102959209620916,51.173967715149765,0.8942120000000005,0.795493306869607,0,0.0,17.202781111992234,1.0998219023713123,0.0,"{""bdg2_building_data_genome"":{""available_profile_sources"":1570,""logical_devices"":2416,""mean_profile_reuse"":1.9706362153344208,""profile_bootstrap"":true,""selected_unique_profile_sources"":1226,""weight"":0.48333333333333334},""heapo_heat_pumps"":{""available_profile_sources"":1362,""logical_devices"":1292,""mean_profile_reuse"":1.0,""profile_bootstrap"":false,""selected_unique_profile_sources"":1292,""weight"":0.25833333333333336},""smart_grid_smart_city"":{""available_profile_sources"":5000,""logical_devices"":1292,""mean_profile_reuse"":1.0,""profile_bootstrap"":false,""selected_unique_profile_sources"":1292,""weight"":0.25833333333333336}}",dataset_combinations_mixed_physical_fleet_v1,,,,
predefined_mixed_scenario,S1-B,Building-heat pump-residential,建筑、热泵和带受控负荷住宅的高差异融合,ieee33,mean_field_control,Mean-field control,O(N),16,4692421,5092421,dominant_plus_15pp,5000,"{""bdg2_building_data_genome"":0.3333333333333333,""heapo_heat_pumps"":0.3333333333333333,""smart_grid_smart_city"":0.3333333333333333}","{""bdg2_building_data_genome"":0.48333333333333334,""heapo_heat_pumps"":0.25833333333333336,""smart_grid_smart_city"":0.25833333333333336}","{""bdg2_building_data_genome"":2416,""heapo_heat_pumps"":1292,""smart_grid_smart_city"":1292}",False,test,32.720107643306136,16.21249095981712,16.507616683489015,50.450985257886636,0.89593,0.7963772041265563,0,0.0,17.802502214896833,1.294885531407823,0.0,"{""bdg2_building_data_genome"":{""available_profile_sources"":1570,""logical_devices"":2416,""mean_profile_reuse"":2.0,""profile_bootstrap"":true,""selected_unique_profile_sources"":1208,""weight"":0.48333333333333334},""heapo_heat_pumps"":{""available_profile_sources"":1362,""logical_devices"":1292,""mean_profile_reuse"":1.0,""profile_bootstrap"":false,""selected_unique_profile_sources"":1292,""weight"":0.25833333333333336},""smart_grid_smart_city"":{""available_profile_sources"":5000,""logical_devices"":1292,""mean_profile_reuse"":1.0,""profile_bootstrap"":false,""selected_unique_profile_sources"":1292,""weight"":0.25833333333333336}}",dataset_combinations_mixed_physical_fleet_v1,,,,
predefined_mixed_scenario,S1-B,Building-heat pump-residential,建筑、热泵和带受控负荷住宅的高差异融合,ieee33,mean_field_control,Mean-field control,O(N),17,4692422,5092422,dominant_plus_15pp,5000,"{""bdg2_building_data_genome"":0.3333333333333333,""heapo_heat_pumps"":0.3333333333333333,""smart_grid_smart_city"":0.3333333333333333}","{""bdg2_building_data_genome"":0.48333333333333334,""heapo_heat_pumps"":0.25833333333333336,""smart_grid_smart_city"":0.25833333333333336}","{""bdg2_building_data_genome"":2416,""heapo_heat_pumps"":1292,""smart_grid_smart_city"":1292}",False,test,32.48397792854776,15.854944395284782,16.629033533262977,51.19149375683128,0.8948979999999997,0.7964789251926191,0,0.0,18.048665011368335,1.4196314781053647,0.0,"{""bdg2_building_data_genome"":{""available_profile_sources"":1570,""logical_devices"":2416,""mean_profile_reuse"":2.0116569525395502,""profile_bootstrap"":true,""selected_unique_profile_sources"":1201,""weight"":0.48333333333333334},""heapo_heat_pumps"":{""available_profile_sources"":1362,""logical_devices"":1292,""mean_profile_reuse"":1.0,""profile_bootstrap"":false,""selected_unique_profile_sources"":1292,""weight"":0.25833333333333336},""smart_grid_smart_city"":{""available_profile_sources"":5000,""logical_devices"":1292,""mean_profile_reuse"":1.0,""profile_bootstrap"":false,""selected_unique_profile_sources"":1292,""weight"":0.25833333333333336}}",dataset_combinations_mixed_physical_fleet_v1,,,,
predefined_mixed_scenario,S1-B,Building-heat pump-residential,建筑、热泵和带受控负荷住宅的高差异融合,ieee33,mean_field_control,Mean-field control,O(N),18,4692423,5092423,dominant_plus_15pp,5000,"{""bdg2_building_data_genome"":0.3333333333333333,""heapo_heat_pumps"":0.3333333333333333,""smart_grid_smart_city"":0.3333333333333333}","{""bdg2_building_data_genome"":0.48333333333333334,""heapo_heat_pumps"":0.25833333333333336,""smart_grid_smart_city"":0.25833333333333336}","{""bdg2_building_data_genome"":2416,""heapo_heat_pumps"":1292,""smart_grid_smart_city"":1292}",False,test,31.969367258870555,14.729125820411817,17.24024143845874,53.92737772648622,0.8950599999999996,0.8062332664498458,0,0.0,18.652189093618585,1.4119476551598455,0.0,"{""bdg2_building_data_genome"":{""available_profile_sources"":1570,""logical_devices"":2416,""mean_profile_reuse"":1.9297124600638977,""profile_bootstrap"":true,""selected_unique_profile_sources"":1252,""weight"":0.48333333333333334},""heapo_heat_pumps"":{""available_profile_sources"":1362,""logical_devices"":1292,""mean_profile_reuse"":1.0,""profile_bootstrap"":false,""selected_unique_profile_sources"":1292,""weight"":0.25833333333333336},""smart_grid_smart_city"":{""available_profile_sources"":5000,""logical_devices"":1292,""mean_profile_reuse"":1.0,""profile_bootstrap"":false,""selected_unique_profile_sources"":1292,""weight"":0.25833333333333336}}",dataset_combinations_mixed_physical_fleet_v1,,,,
predefined_mixed_scenario,S1-B,Building-heat pump-residential,建筑、热泵和带受控负荷住宅的高差异融合,ieee33,mean_field_control,Mean-field control,O(N),19,4692424,5092424,dominant_plus_15pp,5000,"{""bdg2_building_data_genome"":0.3333333333333333,""heapo_heat_pumps"":0.3333333333333333,""smart_grid_smart_city"":0.3333333333333333}","{""bdg2_building_data_genome"":0.48333333333333334,""heapo_heat_pumps"":0.25833333333333336,""smart_grid_smart_city"":0.25833333333333336}","{""bdg2_building_data_genome"":2416,""heapo_heat_pumps"":1292,""smart_grid_smart_city"":1292}",False,test,32.15637982435094,15.642842873453251,16.51353695089769,51.353843439778466,0.8951939999999997,0.797848912159852,0,0.0,17.754270355695365,1.2407334047976732,0.0,"{""bdg2_building_data_genome"":{""available_profile_sources"":1570,""logical_devices"":2416,""mean_profile_reuse"":1.951534733441034,""profile_bootstrap"":true,""selected_unique_profile_sources"":1238,""weight"":0.48333333333333334},""heapo_heat_pumps"":{""available_profile_sources"":1362,""logical_devices"":1292,""mean_profile_reuse"":1.0,""profile_bootstrap"":false,""selected_unique_profile_sources"":1292,""weight"":0.25833333333333336},""smart_grid_smart_city"":{""available_profile_sources"":5000,""logical_devices"":1292,""mean_profile_reuse"":1.0,""profile_bootstrap"":false,""selected_unique_profile_sources"":1292,""weight"":0.25833333333333336}}",dataset_combinations_mixed_physical_fleet_v1,,,,
predefined_mixed_scenario,S1-B,Building-heat pump-residential,建筑、热泵和带受控负荷住宅的高差异融合,ieee33,mean_field_control,Mean-field control,O(N),20,4692425,5092425,dominant_minus_15pp,5000,"{""bdg2_building_data_genome"":0.3333333333333333,""heapo_heat_pumps"":0.3333333333333333,""smart_grid_smart_city"":0.3333333333333333}","{""bdg2_building_data_genome"":0.18333333333333332,""heapo_heat_pumps"":0.40833333333333327,""smart_grid_smart_city"":0.40833333333333327}","{""bdg2_building_data_genome"":916,""heapo_heat_pumps"":2042,""smart_grid_smart_city"":2042}",False,test,35.3276903748212,16.029017675848056,19.298672698973146,54.627609374451836,0.8948860000000002,0.8198098995518166,0,0.0,20.80111827314711,1.5024455741739666,0.0,"{""bdg2_building_data_genome"":{""available_profile_sources"":1570,""logical_devices"":916,""mean_profile_reuse"":1.0,""profile_bootstrap"":false,""selected_unique_profile_sources"":916,""weight"":0.18333333333333332},""heapo_heat_pumps"":{""available_profile_sources"":1362,""logical_devices"":2042,""mean_profile_reuse"":1.9209783631232362,""profile_bootstrap"":true,""selected_unique_profile_sources"":1063,""weight"":0.40833333333333327},""smart_grid_smart_city"":{""available_profile_sources"":5000,""logical_devices"":2042,""mean_profile_reuse"":1.0,""profile_bootstrap"":false,""selected_unique_profile_sources"":2042,""weight"":0.40833333333333327}}",dataset_combinations_mixed_physical_fleet_v1,,,,
predefined_mixed_scenario,S1-B,Building-heat pump-residential,建筑、热泵和带受控负荷住宅的高差异融合,ieee33,mean_field_control,Mean-field control,O(N),21,4692426,5092426,dominant_minus_15pp,5000,"{""bdg2_building_data_genome"":0.3333333333333333,""heapo_heat_pumps"":0.3333333333333333,""smart_grid_smart_city"":0.3333333333333333}","{""bdg2_building_data_genome"":0.18333333333333332,""heapo_heat_pumps"":0.40833333333333327,""smart_grid_smart_city"":0.40833333333333327}","{""bdg2_building_data_genome"":916,""heapo_heat_pumps"":2042,""smart_grid_smart_city"":2042}",False,test,34.368856010425034,15.331400678048919,19.037455332376116,55.391588613253596,0.8952880000000006,0.8171945435705521,0,0.0,20.397194746356956,1.3597394139808452,0.0,"{""bdg2_building_data_genome"":{""available_profile_sources"":1570,""logical_devices"":916,""mean_profile_reuse"":1.0,""profile_bootstrap"":false,""selected_unique_profile_sources"":916,""weight"":0.18333333333333332},""heapo_heat_pumps"":{""available_profile_sources"":1362,""logical_devices"":2042,""mean_profile_reuse"":1.9137769447047797,""profile_bootstrap"":true,""selected_unique_profile_sources"":1067,""weight"":0.40833333333333327},""smart_grid_smart_city"":{""available_profile_sources"":5000,""logical_devices"":2042,""mean_profile_reuse"":1.0,""profile_bootstrap"":false,""selected_unique_profile_sources"":2042,""weight"":0.40833333333333327}}",dataset_combinations_mixed_physical_fleet_v1,,,,
predefined_mixed_scenario,S1-B,Building-heat pump-residential,建筑、热泵和带受控负荷住宅的高差异融合,ieee33,mean_field_control,Mean-field control,O(N),22,4692427,5092427,dominant_minus_15pp,5000,"{""bdg2_building_data_genome"":0.3333333333333333,""heapo_heat_pumps"":0.3333333333333333,""smart_grid_smart_city"":0.3333333333333333}","{""bdg2_building_data_genome"":0.18333333333333332,""heapo_heat_pumps"":0.40833333333333327,""smart_grid_smart_city"":0.40833333333333327}","{""bdg2_building_data_genome"":916,""heapo_heat_pumps"":2042,""smart_grid_smart_city"":2042}",False,test,35.434363009484436,16.089380777267515,19.34498223221692,54.59384786185941,0.8946300000000005,0.8143141538313505,0,0.0,20.789690661509574,1.4447084292926577,0.0,"{""bdg2_building_data_genome"":{""available_profile_sources"":1570,""logical_devices"":916,""mean_profile_reuse"":1.0,""profile_bootstrap"":false,""selected_unique_profile_sources"":916,""weight"":0.18333333333333332},""heapo_heat_pumps"":{""available_profile_sources"":1362,""logical_devices"":2042,""mean_profile_reuse"":1.9634615384615384,""profile_bootstrap"":true,""selected_unique_profile_sources"":1040,""weight"":0.40833333333333327},""smart_grid_smart_city"":{""available_profile_sources"":5000,""logical_devices"":2042,""mean_profile_reuse"":1.0,""profile_bootstrap"":false,""selected_unique_profile_sources"":2042,""weight"":0.40833333333333327}}",dataset_combinations_mixed_physical_fleet_v1,,,,
predefined_mixed_scenario,S1-B,Building-heat pump-residential,建筑、热泵和带受控负荷住宅的高差异融合,ieee33,mean_field_control,Mean-field control,O(N),23,4692428,5092428,dominant_minus_15pp,5000,"{""bdg2_building_data_genome"":0.3333333333333333,""heapo_heat_pumps"":0.3333333333333333,""smart_grid_smart_city"":0.3333333333333333}","{""bdg2_building_data_genome"":0.18333333333333332,""heapo_heat_pumps"":0.40833333333333327,""smart_grid_smart_city"":0.40833333333333327}","{""bdg2_building_data_genome"":916,""heapo_heat_pumps"":2042,""smart_grid_smart_city"":2042}",False,test,34.41527204580041,15.701659480898158,18.71361256490225,54.375896084732,0.8949680000000003,0.8065960613445744,0,0.0,19.957068831618336,1.2434562667160889,0.0,"{""bdg2_building_data_genome"":{""available_profile_sources"":1570,""logical_devices"":916,""mean_profile_reuse"":1.0,""profile_bootstrap"":false,""selected_unique_profile_sources"":916,""weight"":0.18333333333333332},""heapo_heat_pumps"":{""available_profile_sources"":1362,""logical_devices"":2042,""mean_profile_reuse"":1.9318826868495742,""profile_bootstrap"":true,""selected_unique_profile_sources"":1057,""weight"":0.40833333333333327},""smart_grid_smart_city"":{""available_profile_sources"":5000,""logical_devices"":2042,""mean_profile_reuse"":1.0,""profile_bootstrap"":false,""selected_unique_profile_sources"":2042,""weight"":0.40833333333333327}}",dataset_combinations_mixed_physical_fleet_v1,,,,
predefined_mixed_scenario,S1-B,Building-heat pump-residential,建筑、热泵和带受控负荷住宅的高差异融合,ieee33,mean_field_control,Mean-field control,O(N),24,4692429,5092429,dominant_minus_15pp,5000,"{""bdg2_building_data_genome"":0.3333333333333333,""heapo_heat_pumps"":0.3333333333333333,""smart_grid_smart_city"":0.3333333333333333}","{""bdg2_building_data_genome"":0.18333333333333332,""heapo_heat_pumps"":0.40833333333333327,""smart_grid_smart_city"":0.40833333333333327}","{""bdg2_building_data_genome"":916,""heapo_heat_pumps"":2042,""smart_grid_smart_city"":2042}",False,test,35.4753191970611,16.09310461609589,19.382214580965208,54.635772192208776,0.895066,0.8257624483156492,0,0.0,20.90509422049692,1.522879639531717,0.0,"{""bdg2_building_data_genome"":{""available_profile_sources"":1570,""logical_devices"":916,""mean_profile_reuse"":1.0,""profile_bootstrap"":false,""selected_unique_profile_sources"":916,""weight"":0.18333333333333332},""heapo_heat_pumps"":{""available_profile_sources"":1362,""logical_devices"":2042,""mean_profile_reuse"":1.9429115128449097,""profile_bootstrap"":true,""selected_unique_profile_sources"":1051,""weight"":0.40833333333333327},""smart_grid_smart_city"":{""available_profile_sources"":5000,""logical_devices"":2042,""mean_profile_reuse"":1.0,""profile_bootstrap"":false,""selected_unique_profile_sources"":2042,""weight"":0.40833333333333327}}",dataset_combinations_mixed_physical_fleet_v1,,,,
predefined_mixed_scenario,S1-B,Building-heat pump-residential,建筑、热泵和带受控负荷住宅的高差异融合,ieee33,mean_field_control,Mean-field control,O(N),25,4692430,5092430,dominant_minus_15pp,5000,"{""bdg2_building_data_genome"":0.3333333333333333,""heapo_heat_pumps"":0.3333333333333333,""smart_grid_smart_city"":0.3333333333333333}","{""bdg2_building_data_genome"":0.18333333333333332,""heapo_heat_pumps"":0.40833333333333327,""smart_grid_smart_city"":0.40833333333333327}","{""bdg2_building_data_genome"":916,""heapo_heat_pumps"":2042,""smart_grid_smart_city"":2042}",False,test,35.76185789411478,16.01483448857566,19.747023405539124,55.21811384634139,0.8948220000000008,0.8220461665353486,0,0.0,21.023286672351787,1.2762632668126663,0.0,"{""bdg2_building_data_genome"":{""available_profile_sources"":1570,""logical_devices"":916,""mean_profile_reuse"":1.0,""profile_bootstrap"":false,""selected_unique_profile_sources"":916,""weight"":0.18333333333333332},""heapo_heat_pumps"":{""available_profile_sources"":1362,""logical_devices"":2042,""mean_profile_reuse"":1.9209783631232362,""profile_bootstrap"":true,""selected_unique_profile_sources"":1063,""weight"":0.40833333333333327},""smart_grid_smart_city"":{""available_profile_sources"":5000,""logical_devices"":2042,""mean_profile_reuse"":1.0,""profile_bootstrap"":false,""selected_unique_profile_sources"":2042,""weight"":0.40833333333333327}}",dataset_combinations_mixed_physical_fleet_v1,,,,
predefined_mixed_scenario,S1-B,Building-heat pump-residential,建筑、热泵和带受控负荷住宅的高差异融合,ieee33,mean_field_control,Mean-field control,O(N),26,4692431,5092431,dominant_minus_15pp,5000,"{""bdg2_building_data_genome"":0.3333333333333333,""heapo_heat_pumps"":0.3333333333333333,""smart_grid_smart_city"":0.3333333333333333}","{""bdg2_building_data_genome"":0.18333333333333332,""heapo_heat_pumps"":0.40833333333333327,""smart_grid_smart_city"":0.40833333333333327}","{""bdg2_building_data_genome"":916,""heapo_heat_pumps"":2042,""smart_grid_smart_city"":2042}",False,test,37.27286542825839,17.581148640984217,19.691716787274174,52.831239458034574,0.8941679999999996,0.8200849080026165,0,0.0,20.817855955316475,1.1261391680422963,0.0,"{""bdg2_building_data_genome"":{""available_profile_sources"":1570,""logical_devices"":916,""mean_profile_reuse"":1.0,""profile_bootstrap"":false,""selected_unique_profile_sources"":916,""weight"":0.18333333333333332},""heapo_heat_pumps"":{""available_profile_sources"":1362,""logical_devices"":2042,""mean_profile_reuse"":1.9355450236966825,""profile_bootstrap"":true,""selected_unique_profile_sources"":1055,""weight"":0.40833333333333327},""smart_grid_smart_city"":{""available_profile_sources"":5000,""logical_devices"":2042,""mean_profile_reuse"":1.0,""profile_bootstrap"":false,""selected_unique_profile_sources"":2042,""weight"":0.40833333333333327}}",dataset_combinations_mixed_physical_fleet_v1,,,,
predefined_mixed_scenario,S1-B,Building-heat pump-residential,建筑、热泵和带受控负荷住宅的高差异融合,ieee33,mean_field_control,Mean-field control,O(N),27,4692432,5092432,dominant_minus_15pp,5000,"{""bdg2_building_data_genome"":0.3333333333333333,""heapo_heat_pumps"":0.3333333333333333,""smart_grid_smart_city"":0.3333333333333333}","{""bdg2_building_data_genome"":0.18333333333333332,""heapo_heat_pumps"":0.40833333333333327,""smart_grid_smart_city"":0.40833333333333327}","{""bdg2_building_data_genome"":916,""heapo_heat_pumps"":2042,""smart_grid_smart_city"":2042}",False,test,36.54227005633674,16.243360457269578,20.298909599067162,55.54912042347834,0.8952159999999997,0.8198535378517556,0,0.0,21.17006946773133,0.8711598686641719,0.0,"{""bdg2_building_data_genome"":{""available_profile_sources"":1570,""logical_devices"":916,""mean_profile_reuse"":1.0,""profile_bootstrap"":false,""selected_unique_profile_sources"":916,""weight"":0.18333333333333332},""heapo_heat_pumps"":{""available_profile_sources"":1362,""logical_devices"":2042,""mean_profile_reuse"":1.9245994344957587,""profile_bootstrap"":true,""selected_unique_profile_sources"":1061,""weight"":0.40833333333333327},""smart_grid_smart_city"":{""available_profile_sources"":5000,""logical_devices"":2042,""mean_profile_reuse"":1.0,""profile_bootstrap"":false,""selected_unique_profile_sources"":2042,""weight"":0.40833333333333327}}",dataset_combinations_mixed_physical_fleet_v1,,,,
predefined_mixed_scenario,S1-B,Building-heat pump-residential,建筑、热泵和带受控负荷住宅的高差异融合,ieee33,mean_field_control,Mean-field control,O(N),28,4692433,5092433,dominant_minus_15pp,5000,"{""bdg2_building_data_genome"":0.3333333333333333,""heapo_heat_pumps"":0.3333333333333333,""smart_grid_smart_city"":0.3333333333333333}","{""bdg2_building_data_genome"":0.18333333333333332,""heapo_heat_pumps"":0.40833333333333327,""smart_grid_smart_city"":0.40833333333333327}","{""bdg2_building_data_genome"":916,""heapo_heat_pumps"":2042,""smart_grid_smart_city"":2042}",False,test,35.932429400638355,15.894832341909392,20.037597058728963,55.76465992687093,0.8951740000000002,0.8288784787491807,0,0.0,21.275087554260445,1.237490495531484,0.0,"{""bdg2_building_data_genome"":{""available_profile_sources"":1570,""logical_devices"":916,""mean_profile_reuse"":1.0,""profile_bootstrap"":false,""selected_unique_profile_sources"":916,""weight"":0.18333333333333332},""heapo_heat_pumps"":{""available_profile_sources"":1362,""logical_devices"":2042,""mean_profile_reuse"":1.9559386973180077,""profile_bootstrap"":true,""selected_unique_profile_sources"":1044,""weight"":0.40833333333333327},""smart_grid_smart_city"":{""available_profile_sources"":5000,""logical_devices"":2042,""mean_profile_reuse"":1.0,""profile_bootstrap"":false,""selected_unique_profile_sources"":2042,""weight"":0.40833333333333327}}",dataset_combinations_mixed_physical_fleet_v1,,,,
predefined_mixed_scenario,S1-B,Building-heat pump-residential,建筑、热泵和带受控负荷住宅的高差异融合,ieee33,mean_field_control,Mean-field control,O(N),29,4692434,5092434,dominant_minus_15pp,5000,"{""bdg2_building_data_genome"":0.3333333333333333,""heapo_heat_pumps"":0.3333333333333333,""smart_grid_smart_city"":0.3333333333333333}","{""bdg2_building_data_genome"":0.18333333333333332,""heapo_heat_pumps"":0.40833333333333327,""smart_grid_smart_city"":0.40833333333333327}","{""bdg2_building_data_genome"":916,""heapo_heat_pumps"":2042,""smart_grid_smart_city"":2042}",False,test,36.2794310269736,16.79058490961454,19.488846117359056,53.71872040349581,0.8945959999999998,0.8246064974853119,0,0.0,20.67044124533453,1.181595127975473,0.0,"{""bdg2_building_data_genome"":{""available_profile_sources"":1570,""logical_devices"":916,""mean_profile_reuse"":1.0,""profile_bootstrap"":false,""selected_unique_profile_sources"":916,""weight"":0.18333333333333332},""heapo_heat_pumps"":{""available_profile_sources"":1362,""logical_devices"":2042,""mean_profile_reuse"":1.9373814041745732,""profile_bootstrap"":true,""selected_unique_profile_sources"":1054,""weight"":0.40833333333333327},""smart_grid_smart_city"":{""available_profile_sources"":5000,""logical_devices"":2042,""mean_profile_reuse"":1.0,""profile_bootstrap"":false,""selected_unique_profile_sources"":2042,""weight"":0.40833333333333327}}",dataset_combinations_mixed_physical_fleet_v1,,,,
predefined_mixed_scenario,S1-B,Building-heat pump-residential,建筑、热泵和带受控负荷住宅的高差异融合,ieee33,mpc_optimal,MPC,O(HN),0,4692405,4992405,nominal,5000,"{""bdg2_building_data_genome"":0.3333333333333333,""heapo_heat_pumps"":0.3333333333333333,""smart_grid_smart_city"":0.3333333333333333}","{""bdg2_building_data_genome"":0.3333333333333333,""heapo_heat_pumps"":0.3333333333333333,""smart_grid_smart_city"":0.3333333333333333}","{""bdg2_building_data_genome"":1667,""heapo_heat_pumps"":1667,""smart_grid_smart_city"":1666}",False,test,35.059361642193664,13.81995054858761,21.239411093606055,60.58128299759055,0.8947960000000004,0.9097222222222222,0,0.0,21.239411093606055,3.7895612573872007e-16,0.0,"{""bdg2_building_data_genome"":{""available_profile_sources"":1570,""logical_devices"":1667,""mean_profile_reuse"":1.6215953307392996,""profile_bootstrap"":true,""selected_unique_profile_sources"":1028,""weight"":0.3333333333333333},""heapo_heat_pumps"":{""available_profile_sources"":1362,""logical_devices"":1667,""mean_profile_reuse"":1.7346514047866806,""profile_bootstrap"":true,""selected_unique_profile_sources"":961,""weight"":0.3333333333333333},""smart_grid_smart_city"":{""available_profile_sources"":5000,""logical_devices"":1666,""mean_profile_reuse"":1.0,""profile_bootstrap"":false,""selected_unique_profile_sources"":1666,""weight"":0.3333333333333333}}",dataset_combinations_mixed_physical_fleet_v1,,,,
predefined_mixed_scenario,S1-B,Building-heat pump-residential,建筑、热泵和带受控负荷住宅的高差异融合,ieee33,mpc_optimal,MPC,O(HN),1,4692406,4992406,nominal,5000,"{""bdg2_building_data_genome"":0.3333333333333333,""heapo_heat_pumps"":0.3333333333333333,""smart_grid_smart_city"":0.3333333333333333}","{""bdg2_building_data_genome"":0.3333333333333333,""heapo_heat_pumps"":0.3333333333333333,""smart_grid_smart_city"":0.3333333333333333}","{""bdg2_building_data_genome"":1667,""heapo_heat_pumps"":1667,""smart_grid_smart_city"":1666}",False,test,34.11418977118736,12.542649910482226,21.571539860705137,63.23333488319963,0.8950719999999994,0.9166666666666666,0,0.0,21.571539860705137,6.063298011819521e-16,0.0,"{""bdg2_building_data_genome"":{""available_profile_sources"":1570,""logical_devices"":1667,""mean_profile_reuse"":1.632713026444662,""profile_bootstrap"":true,""selected_unique_profile_sources"":1021,""weight"":0.3333333333333333},""heapo_heat_pumps"":{""available_profile_sources"":1362,""logical_devices"":1667,""mean_profile_reuse"":1.7328482328482329,""profile_bootstrap"":true,""selected_unique_profile_sources"":962,""weight"":0.3333333333333333},""smart_grid_smart_city"":{""available_profile_sources"":5000,""logical_devices"":1666,""mean_profile_reuse"":1.0,""profile_bootstrap"":false,""selected_unique_profile_sources"":1666,""weight"":0.3333333333333333}}",dataset_combinations_mixed_physical_fleet_v1,,,,
predefined_mixed_scenario,S1-B,Building-heat pump-residential,建筑、热泵和带受控负荷住宅的高差异融合,ieee33,mpc_optimal,MPC,O(HN),2,4692407,4992407,nominal,5000,"{""bdg2_building_data_genome"":0.3333333333333333,""heapo_heat_pumps"":0.3333333333333333,""smart_grid_smart_city"":0.3333333333333333}","{""bdg2_building_data_genome"":0.3333333333333333,""heapo_heat_pumps"":0.3333333333333333,""smart_grid_smart_city"":0.3333333333333333}","{""bdg2_building_data_genome"":1667,""heapo_heat_pumps"":1667,""smart_grid_smart_city"":1666}",False,test,35.92376450761006,14.355558292542295,21.568206215067764,60.038825303230055,0.8942299999999999,0.9097222222222222,0,0.0,21.568206215067764,4.547473508864641e-16,0.0,"{""bdg2_building_data_genome"":{""available_profile_sources"":1570,""logical_devices"":1667,""mean_profile_reuse"":1.6391347099311702,""profile_bootstrap"":true,""selected_unique_profile_sources"":1017,""weight"":0.3333333333333333},""heapo_heat_pumps"":{""available_profile_sources"":1362,""logical_devices"":1667,""mean_profile_reuse"":1.7167868177136971,""profile_bootstrap"":true,""selected_unique_profile_sources"":971,""weight"":0.3333333333333333},""smart_grid_smart_city"":{""available_profile_sources"":5000,""logical_devices"":1666,""mean_profile_reuse"":1.0,""profile_bootstrap"":false,""selected_unique_profile_sources"":1666,""weight"":0.3333333333333333}}",dataset_combinations_mixed_physical_fleet_v1,,,,
predefined_mixed_scenario,S1-B,Building-heat pump-residential,建筑、热泵和带受控负荷住宅的高差异融合,ieee33,mpc_optimal,MPC,O(HN),3,4692408,4992408,nominal,5000,"{""bdg2_building_data_genome"":0.3333333333333333,""heapo_heat_pumps"":0.3333333333333333,""smart_grid_smart_city"":0.3333333333333333}","{""bdg2_building_data_genome"":0.3333333333333333,""heapo_heat_pumps"":0.3333333333333333,""smart_grid_smart_city"":0.3333333333333333}","{""bdg2_building_data_genome"":1667,""heapo_heat_pumps"":1667,""smart_grid_smart_city"":1666}",False,test,35.2801345563612,13.765443748031299,21.5146908083299,60.982451112706094,0.8944559999999999,0.9097222222222222,0,0.0,21.5146908083299,1.9326762412674726e-15,0.0,"{""bdg2_building_data_genome"":{""available_profile_sources"":1570,""logical_devices"":1667,""mean_profile_reuse"":1.6686686686686687,""profile_bootstrap"":true,""selected_unique_profile_sources"":999,""weight"":0.3333333333333333},""heapo_heat_pumps"":{""available_profile_sources"":1362,""logical_devices"":1667,""mean_profile_reuse"":1.7492130115424973,""profile_bootstrap"":true,""selected_unique_profile_sources"":953,""weight"":0.3333333333333333},""smart_grid_smart_city"":{""available_profile_sources"":5000,""logical_devices"":1666,""mean_profile_reuse"":1.0,""profile_bootstrap"":false,""selected_unique_profile_sources"":1666,""weight"":0.3333333333333333}}",dataset_combinations_mixed_physical_fleet_v1,,,,
predefined_mixed_scenario,S1-B,Building-heat pump-residential,建筑、热泵和带受控负荷住宅的高差异融合,ieee33,mpc_optimal,MPC,O(HN),4,4692409,4992409,nominal,5000,"{""bdg2_building_data_genome"":0.3333333333333333,""heapo_heat_pumps"":0.3333333333333333,""smart_grid_smart_city"":0.3333333333333333}","{""bdg2_building_data_genome"":0.3333333333333333,""heapo_heat_pumps"":0.3333333333333333,""smart_grid_smart_city"":0.3333333333333333}","{""bdg2_building_data_genome"":1667,""heapo_heat_pumps"":1667,""smart_grid_smart_city"":1666}",False,test,33.7319993914129,12.171611737118077,21.56038765429482,63.91672015677617,0.8953020000000004,0.9201388888888888,0,0.0,21.560387654294836,9.303372886885578e-15,0.0,"{""bdg2_building_data_genome"":{""available_profile_sources"":1570,""logical_devices"":1667,""mean_profile_reuse"":1.6359175662414132,""profile_bootstrap"":true,""selected_unique_profile_sources"":1019,""weight"":0.3333333333333333},""heapo_heat_pumps"":{""available_profile_sources"":1362,""logical_devices"":1667,""mean_profile_reuse"":1.683838383838384,""profile_bootstrap"":true,""selected_unique_profile_sources"":990,""weight"":0.3333333333333333},""smart_grid_smart_city"":{""available_profile_sources"":5000,""logical_devices"":1666,""mean_profile_reuse"":1.0,""profile_bootstrap"":false,""selected_unique_profile_sources"":1666,""weight"":0.3333333333333333}}",dataset_combinations_mixed_physical_fleet_v1,,,,
predefined_mixed_scenario,S1-B,Building-heat pump-residential,建筑、热泵和带受控负荷住宅的高差异融合,ieee33,mpc_optimal,MPC,O(HN),5,4692410,4992410,nominal,5000,"{""bdg2_building_data_genome"":0.3333333333333333,""heapo_heat_pumps"":0.3333333333333333,""smart_grid_smart_city"":0.3333333333333333}","{""bdg2_building_data_genome"":0.3333333333333333,""heapo_heat_pumps"":0.3333333333333333,""smart_grid_smart_city"":0.3333333333333333}","{""bdg2_building_data_genome"":1667,""heapo_heat_pumps"":1667,""smart_grid_smart_city"":1666}",False,test,34.39155207509888,12.725243222441303,21.666308852657576,62.99892719394021,0.8939779999999994,0.9166666666666666,0,0.0,21.66630885265758,5.684341886080802e-16,0.0,"{""bdg2_building_data_genome"":{""available_profile_sources"":1570,""logical_devices"":1667,""mean_profile_reuse"":1.6504950495049504,""profile_bootstrap"":true,""selected_unique_profile_sources"":1010,""weight"":0.3333333333333333},""heapo_heat_pumps"":{""available_profile_sources"":1362,""logical_devices"":1667,""mean_profile_reuse"":1.7185567010309277,""profile_bootstrap"":true,""selected_unique_profile_sources"":970,""weight"":0.3333333333333333},""smart_grid_smart_city"":{""available_profile_sources"":5000,""logical_devices"":1666,""mean_profile_reuse"":1.0,""profile_bootstrap"":false,""selected_unique_profile_sources"":1666,""weight"":0.3333333333333333}}",dataset_combinations_mixed_physical_fleet_v1,,,,
predefined_mixed_scenario,S1-B,Building-heat pump-residential,建筑、热泵和带受控负荷住宅的高差异融合,ieee33,mpc_optimal,MPC,O(HN),6,4692411,4992411,nominal,5000,"{""bdg2_building_data_genome"":0.3333333333333333,""heapo_heat_pumps"":0.3333333333333333,""smart_grid_smart_city"":0.3333333333333333}","{""bdg2_building_data_genome"":0.3333333333333333,""heapo_heat_pumps"":0.3333333333333333,""smart_grid_smart_city"":0.3333333333333333}","{""bdg2_building_data_genome"":1667,""heapo_heat_pumps"":1667,""smart_grid_smart_city"":1666}",False,test,34.845869563277724,13.649067056176936,21.196802507100788,60.830172335372026,0.895458,0.9131944444444444,0,0.0,21.19680250710081,2.0312048339595397e-14,0.0,"{""bdg2_building_data_genome"":{""available_profile_sources"":1570,""logical_devices"":1667,""mean_profile_reuse"":1.5861084681255946,""profile_bootstrap"":true,""selected_unique_profile_sources"":1051,""weight"":0.3333333333333333},""heapo_heat_pumps"":{""available_profile_sources"":1362,""logical_devices"":1667,""mean_profile_reuse"":1.7238883143743537,""profile_bootstrap"":true,""selected_unique_profile_sources"":967,""weight"":0.3333333333333333},""smart_grid_smart_city"":{""available_profile_sources"":5000,""logical_devices"":1666,""mean_profile_reuse"":1.0,""profile_bootstrap"":false,""selected_unique_profile_sources"":1666,""weight"":0.3333333333333333}}",dataset_combinations_mixed_physical_fleet_v1,,,,
predefined_mixed_scenario,S1-B,Building-heat pump-residential,建筑、热泵和带受控负荷住宅的高差异融合,ieee33,mpc_optimal,MPC,O(HN),7,4692412,4992412,nominal,5000,"{""bdg2_building_data_genome"":0.3333333333333333,""heapo_heat_pumps"":0.3333333333333333,""smart_grid_smart_city"":0.3333333333333333}","{""bdg2_building_data_genome"":0.3333333333333333,""heapo_heat_pumps"":0.3333333333333333,""smart_grid_smart_city"":0.3333333333333333}","{""bdg2_building_data_genome"":1667,""heapo_heat_pumps"":1667,""smart_grid_smart_city"":1666}",False,test,35.94132529087837,14.69588503368223,21.245440257196137,59.1114548093419,0.8949959999999995,0.9097222222222222,0,0.0,21.24544025719614,3.922195901395753e-15,0.0,"{""bdg2_building_data_genome"":{""available_profile_sources"":1570,""logical_devices"":1667,""mean_profile_reuse"":1.626341463414634,""profile_bootstrap"":true,""selected_unique_profile_sources"":1025,""weight"":0.3333333333333333},""heapo_heat_pumps"":{""available_profile_sources"":1362,""logical_devices"":1667,""mean_profile_reuse"":1.7565858798735512,""profile_bootstrap"":true,""selected_unique_profile_sources"":949,""weight"":0.3333333333333333},""smart_grid_smart_city"":{""available_profile_sources"":5000,""logical_devices"":1666,""mean_profile_reuse"":1.0,""profile_bootstrap"":false,""selected_unique_profile_sources"":1666,""weight"":0.3333333333333333}}",dataset_combinations_mixed_physical_fleet_v1,,,,
predefined_mixed_scenario,S1-B,Building-heat pump-residential,建筑、热泵和带受控负荷住宅的高差异融合,ieee33,mpc_optimal,MPC,O(HN),8,4692413,4992413,nominal,5000,"{""bdg2_building_data_genome"":0.3333333333333333,""heapo_heat_pumps"":0.3333333333333333,""smart_grid_smart_city"":0.3333333333333333}","{""bdg2_building_data_genome"":0.3333333333333333,""heapo_heat_pumps"":0.3333333333333333,""smart_grid_smart_city"":0.3333333333333333}","{""bdg2_building_data_genome"":1667,""heapo_heat_pumps"":1667,""smart_grid_smart_city"":1666}",False,test,34.39170783495104,12.946073189856282,21.44563464509476,62.35699241228242,0.8949939999999996,0.9166666666666666,0,0.0,21.44563464509476,2.6526928801710404e-16,0.0,"{""bdg2_building_data_genome"":{""available_profile_sources"":1570,""logical_devices"":1667,""mean_profile_reuse"":1.6456071076011847,""profile_bootstrap"":true,""selected_unique_profile_sources"":1013,""weight"":0.3333333333333333},""heapo_heat_pumps"":{""available_profile_sources"":1362,""logical_devices"":1667,""mean_profile_reuse"":1.7364583333333334,""profile_bootstrap"":true,""selected_unique_profile_sources"":960,""weight"":0.3333333333333333},""smart_grid_smart_city"":{""available_profile_sources"":5000,""logical_devices"":1666,""mean_profile_reuse"":1.0,""profile_bootstrap"":false,""selected_unique_profile_sources"":1666,""weight"":0.3333333333333333}}",dataset_combinations_mixed_physical_fleet_v1,,,,
predefined_mixed_scenario,S1-B,Building-heat pump-residential,建筑、热泵和带受控负荷住宅的高差异融合,ieee33,mpc_optimal,MPC,O(HN),9,4692414,4992414,nominal,5000,"{""bdg2_building_data_genome"":0.3333333333333333,""heapo_heat_pumps"":0.3333333333333333,""smart_grid_smart_city"":0.3333333333333333}","{""bdg2_building_data_genome"":0.3333333333333333,""heapo_heat_pumps"":0.3333333333333333,""smart_grid_smart_city"":0.3333333333333333}","{""bdg2_building_data_genome"":1667,""heapo_heat_pumps"":1667,""smart_grid_smart_city"":1666}",False,test,35.189356381386276,13.280497004862568,21.908859376523708,62.25990364550285,0.8958839999999997,0.9166666666666666,0,0.0,21.908859376523715,2.9179621681881445e-15,0.0,"{""bdg2_building_data_genome"":{""available_profile_sources"":1570,""logical_devices"":1667,""mean_profile_reuse"":1.6168768186226965,""profile_bootstrap"":true,""selected_unique_profile_sources"":1031,""weight"":0.3333333333333333},""heapo_heat_pumps"":{""available_profile_sources"":1362,""logical_devices"":1667,""mean_profile_reuse"":1.76215644820296,""profile_bootstrap"":true,""selected_unique_profile_sources"":946,""weight"":0.3333333333333333},""smart_grid_smart_city"":{""available_profile_sources"":5000,""logical_devices"":1666,""mean_profile_reuse"":1.0,""profile_bootstrap"":false,""selected_unique_profile_sources"":1666,""weight"":0.3333333333333333}}",dataset_combinations_mixed_physical_fleet_v1,,,,
predefined_mixed_scenario,S1-B,Building-heat pump-residential,建筑、热泵和带受控负荷住宅的高差异融合,ieee33,mpc_optimal,MPC,O(HN),10,4692415,4992415,dominant_plus_15pp,5000,"{""bdg2_building_data_genome"":0.3333333333333333,""heapo_heat_pumps"":0.3333333333333333,""smart_grid_smart_city"":0.3333333333333333}","{""bdg2_building_data_genome"":0.48333333333333334,""heapo_heat_pumps"":0.25833333333333336,""smart_grid_smart_city"":0.25833333333333336}","{""bdg2_building_data_genome"":2416,""heapo_heat_pumps"":1292,""smart_grid_smart_city"":1292}",False,test,31.86490646862508,10.43290043457251,21.43200603405257,67.25896419986363,0.8949239999999993,0.9305555555555556,0,0.0,21.43200603405257,3.7895612573872007e-16,0.0,"{""bdg2_building_data_genome"":{""available_profile_sources"":1570,""logical_devices"":2416,""mean_profile_reuse"":1.9531123686337915,""profile_bootstrap"":true,""selected_unique_profile_sources"":1237,""weight"":0.48333333333333334},""heapo_heat_pumps"":{""available_profile_sources"":1362,""logical_devices"":1292,""mean_profile_reuse"":1.0,""profile_bootstrap"":false,""selected_unique_profile_sources"":1292,""weight"":0.25833333333333336},""smart_grid_smart_city"":{""available_profile_sources"":5000,""logical_devices"":1292,""mean_profile_reuse"":1.0,""profile_bootstrap"":false,""selected_unique_profile_sources"":1292,""weight"":0.25833333333333336}}",dataset_combinations_mixed_physical_fleet_v1,,,,
predefined_mixed_scenario,S1-B,Building-heat pump-residential,建筑、热泵和带受控负荷住宅的高差异融合,ieee33,mpc_optimal,MPC,O(HN),11,4692416,4992416,dominant_plus_15pp,5000,"{""bdg2_building_data_genome"":0.3333333333333333,""heapo_heat_pumps"":0.3333333333333333,""smart_grid_smart_city"":0.3333333333333333}","{""bdg2_building_data_genome"":0.48333333333333334,""heapo_heat_pumps"":0.25833333333333336,""smart_grid_smart_city"":0.25833333333333336}","{""bdg2_building_data_genome"":2416,""heapo_heat_pumps"":1292,""smart_grid_smart_city"":1292}",False,test,33.755738766867616,12.409848289797136,21.34589047707048,63.23633034517432,0.8955500000000002,0.9201388888888888,0,0.0,21.34589047707048,8.905468954859922e-16,0.0,"{""bdg2_building_data_genome"":{""available_profile_sources"":1570,""logical_devices"":2416,""mean_profile_reuse"":1.995045417010735,""profile_bootstrap"":true,""selected_unique_profile_sources"":1211,""weight"":0.48333333333333334},""heapo_heat_pumps"":{""available_profile_sources"":1362,""logical_devices"":1292,""mean_profile_reuse"":1.0,""profile_bootstrap"":false,""selected_unique_profile_sources"":1292,""weight"":0.25833333333333336},""smart_grid_smart_city"":{""available_profile_sources"":5000,""logical_devices"":1292,""mean_profile_reuse"":1.0,""profile_bootstrap"":false,""selected_unique_profile_sources"":1292,""weight"":0.25833333333333336}}",dataset_combinations_mixed_physical_fleet_v1,,,,
predefined_mixed_scenario,S1-B,Building-heat pump-residential,建筑、热泵和带受控负荷住宅的高差异融合,ieee33,mpc_optimal,MPC,O(HN),12,4692417,4992417,dominant_plus_15pp,5000,"{""bdg2_building_data_genome"":0.3333333333333333,""heapo_heat_pumps"":0.3333333333333333,""smart_grid_smart_city"":0.3333333333333333}","{""bdg2_building_data_genome"":0.48333333333333334,""heapo_heat_pumps"":0.25833333333333336,""smart_grid_smart_city"":0.25833333333333336}","{""bdg2_building_data_genome"":2416,""heapo_heat_pumps"":1292,""smart_grid_smart_city"":1292}",False,test,32.80964871441859,11.373338529111273,21.43631018530732,65.33538463606554,0.8961460000000001,0.9236111111111112,0,0.0,21.43631018530732,7.200166389035682e-16,0.0,"{""bdg2_building_data_genome"":{""available_profile_sources"":1570,""logical_devices"":2416,""mean_profile_reuse"":1.959448499594485,""profile_bootstrap"":true,""selected_unique_profile_sources"":1233,""weight"":0.48333333333333334},""heapo_heat_pumps"":{""available_profile_sources"":1362,""logical_devices"":1292,""mean_profile_reuse"":1.0,""profile_bootstrap"":false,""selected_unique_profile_sources"":1292,""weight"":0.25833333333333336},""smart_grid_smart_city"":{""available_profile_sources"":5000,""logical_devices"":1292,""mean_profile_reuse"":1.0,""profile_bootstrap"":false,""selected_unique_profile_sources"":1292,""weight"":0.25833333333333336}}",dataset_combinations_mixed_physical_fleet_v1,,,,
predefined_mixed_scenario,S1-B,Building-heat pump-residential,建筑、热泵和带受控负荷住宅的高差异融合,ieee33,mpc_optimal,MPC,O(HN),13,4692418,4992418,dominant_plus_15pp,5000,"{""bdg2_building_data_genome"":0.3333333333333333,""heapo_heat_pumps"":0.3333333333333333,""smart_grid_smart_city"":0.3333333333333333}","{""bdg2_building_data_genome"":0.48333333333333334,""heapo_heat_pumps"":0.25833333333333336,""smart_grid_smart_city"":0.25833333333333336}","{""bdg2_building_data_genome"":2416,""heapo_heat_pumps"":1292,""smart_grid_smart_city"":1292}",False,test,32.73060482826036,11.106791376590223,21.623813451670138,66.06603686406564,0.8955140000000003,0.9236111111111112,0,0.0,21.623813451670138,3.410605131648481e-16,0.0,"{""bdg2_building_data_genome"":{""available_profile_sources"":1570,""logical_devices"":2416,""mean_profile_reuse"":1.9483870967741936,""profile_bootstrap"":true,""selected_unique_profile_sources"":1240,""weight"":0.48333333333333334},""heapo_heat_pumps"":{""available_profile_sources"":1362,""logical_devices"":1292,""mean_profile_reuse"":1.0,""profile_bootstrap"":false,""selected_unique_profile_sources"":1292,""weight"":0.25833333333333336},""smart_grid_smart_city"":{""available_profile_sources"":5000,""logical_devices"":1292,""mean_profile_reuse"":1.0,""profile_bootstrap"":false,""selected_unique_profile_sources"":1292,""weight"":0.25833333333333336}}",dataset_combinations_mixed_physical_fleet_v1,,,,
predefined_mixed_scenario,S1-B,Building-heat pump-residential,建筑、热泵和带受控负荷住宅的高差异融合,ieee33,mpc_optimal,MPC,O(HN),14,4692419,4992419,dominant_plus_15pp,5000,"{""bdg2_building_data_genome"":0.3333333333333333,""heapo_heat_pumps"":0.3333333333333333,""smart_grid_smart_city"":0.3333333333333333}","{""bdg2_building_data_genome"":0.48333333333333334,""heapo_heat_pumps"":0.25833333333333336,""smart_grid_smart_city"":0.25833333333333336}","{""bdg2_building_data_genome"":2416,""heapo_heat_pumps"":1292,""smart_grid_smart_city"":1292}",False,test,32.56482680467927,10.79827596858372,21.76655083609555,66.84067741753779,0.893972,0.9270833333333334,0,0.0,21.76655083609555,3.410605131648481e-16,0.0,"{""bdg2_building_data_genome"":{""available_profile_sources"":1570,""logical_devices"":2416,""mean_profile_reuse"":1.9658258746948738,""profile_bootstrap"":true,""selected_unique_profile_sources"":1229,""weight"":0.48333333333333334},""heapo_heat_pumps"":{""available_profile_sources"":1362,""logical_devices"":1292,""mean_profile_reuse"":1.0,""profile_bootstrap"":false,""selected_unique_profile_sources"":1292,""weight"":0.25833333333333336},""smart_grid_smart_city"":{""available_profile_sources"":5000,""logical_devices"":1292,""mean_profile_reuse"":1.0,""profile_bootstrap"":false,""selected_unique_profile_sources"":1292,""weight"":0.25833333333333336}}",dataset_combinations_mixed_physical_fleet_v1,,,,
predefined_mixed_scenario,S1-B,Building-heat pump-residential,建筑、热泵和带受控负荷住宅的高差异融合,ieee33,mpc_optimal,MPC,O(HN),15,4692420,4992420,dominant_plus_15pp,5000,"{""bdg2_building_data_genome"":0.3333333333333333,""heapo_heat_pumps"":0.3333333333333333,""smart_grid_smart_city"":0.3333333333333333}","{""bdg2_building_data_genome"":0.48333333333333334,""heapo_heat_pumps"":0.25833333333333336,""smart_grid_smart_city"":0.25833333333333336}","{""bdg2_building_data_genome"":2416,""heapo_heat_pumps"":1292,""smart_grid_smart_city"":1292}",False,test,31.467091430656698,10.178889962602586,21.288201468054112,67.65226940331117,0.8942120000000005,0.9305555555555556,0,0.0,21.288201468054112,3.0316490059097607e-16,0.0,"{""bdg2_building_data_genome"":{""available_profile_sources"":1570,""logical_devices"":2416,""mean_profile_reuse"":1.9706362153344208,""profile_bootstrap"":true,""selected_unique_profile_sources"":1226,""weight"":0.48333333333333334},""heapo_heat_pumps"":{""available_profile_sources"":1362,""logical_devices"":1292,""mean_profile_reuse"":1.0,""profile_bootstrap"":false,""selected_unique_profile_sources"":1292,""weight"":0.25833333333333336},""smart_grid_smart_city"":{""available_profile_sources"":5000,""logical_devices"":1292,""mean_profile_reuse"":1.0,""profile_bootstrap"":false,""selected_unique_profile_sources"":1292,""weight"":0.25833333333333336}}",dataset_combinations_mixed_physical_fleet_v1,,,,
predefined_mixed_scenario,S1-B,Building-heat pump-residential,建筑、热泵和带受控负荷住宅的高差异融合,ieee33,mpc_optimal,MPC,O(HN),16,4692421,4992421,dominant_plus_15pp,5000,"{""bdg2_building_data_genome"":0.3333333333333333,""heapo_heat_pumps"":0.3333333333333333,""smart_grid_smart_city"":0.3333333333333333}","{""bdg2_building_data_genome"":0.48333333333333334,""heapo_heat_pumps"":0.25833333333333336,""smart_grid_smart_city"":0.25833333333333336}","{""bdg2_building_data_genome"":2416,""heapo_heat_pumps"":1292,""smart_grid_smart_city"":1292}",False,test,32.720107643306136,11.201733686162427,21.51837395714371,65.76498522475346,0.89593,0.9236111111111112,0,0.0,21.51837395714371,6.063298011819521e-16,0.0,"{""bdg2_building_data_genome"":{""available_profile_sources"":1570,""logical_devices"":2416,""mean_profile_reuse"":2.0,""profile_bootstrap"":true,""selected_unique_profile_sources"":1208,""weight"":0.48333333333333334},""heapo_heat_pumps"":{""available_profile_sources"":1362,""logical_devices"":1292,""mean_profile_reuse"":1.0,""profile_bootstrap"":false,""selected_unique_profile_sources"":1292,""weight"":0.25833333333333336},""smart_grid_smart_city"":{""available_profile_sources"":5000,""logical_devices"":1292,""mean_profile_reuse"":1.0,""profile_bootstrap"":false,""selected_unique_profile_sources"":1292,""weight"":0.25833333333333336}}",dataset_combinations_mixed_physical_fleet_v1,,,,
predefined_mixed_scenario,S1-B,Building-heat pump-residential,建筑、热泵和带受控负荷住宅的高差异融合,ieee33,mpc_optimal,MPC,O(HN),17,4692422,4992422,dominant_plus_15pp,5000,"{""bdg2_building_data_genome"":0.3333333333333333,""heapo_heat_pumps"":0.3333333333333333,""smart_grid_smart_city"":0.3333333333333333}","{""bdg2_building_data_genome"":0.48333333333333334,""heapo_heat_pumps"":0.25833333333333336,""smart_grid_smart_city"":0.25833333333333336}","{""bdg2_building_data_genome"":2416,""heapo_heat_pumps"":1292,""smart_grid_smart_city"":1292}",False,test,32.48397792854776,11.624060739909606,20.859917188638153,64.21601823065494,0.8948979999999997,0.9201388888888888,0,0.0,20.859917188638153,3.410605131648481e-16,0.0,"{""bdg2_building_data_genome"":{""available_profile_sources"":1570,""logical_devices"":2416,""mean_profile_reuse"":2.0116569525395502,""profile_bootstrap"":true,""selected_unique_profile_sources"":1201,""weight"":0.48333333333333334},""heapo_heat_pumps"":{""available_profile_sources"":1362,""logical_devices"":1292,""mean_profile_reuse"":1.0,""profile_bootstrap"":false,""selected_unique_profile_sources"":1292,""weight"":0.25833333333333336},""smart_grid_smart_city"":{""available_profile_sources"":5000,""logical_devices"":1292,""mean_profile_reuse"":1.0,""profile_bootstrap"":false,""selected_unique_profile_sources"":1292,""weight"":0.25833333333333336}}",dataset_combinations_mixed_physical_fleet_v1,,,,
predefined_mixed_scenario,S1-B,Building-heat pump-residential,建筑、热泵和带受控负荷住宅的高差异融合,ieee33,mpc_optimal,MPC,O(HN),18,4692423,4992423,dominant_plus_15pp,5000,"{""bdg2_building_data_genome"":0.3333333333333333,""heapo_heat_pumps"":0.3333333333333333,""smart_grid_smart_city"":0.3333333333333333}","{""bdg2_building_data_genome"":0.48333333333333334,""heapo_heat_pumps"":0.25833333333333336,""smart_grid_smart_city"":0.25833333333333336}","{""bdg2_building_data_genome"":2416,""heapo_heat_pumps"":1292,""smart_grid_smart_city"":1292}",False,test,31.969367258870555,10.880303770456589,21.089063488413966,65.96647133378086,0.8950599999999996,0.9236111111111112,0,0.0,21.089063488413966,2.2737367544323206e-16,0.0,"{""bdg2_building_data_genome"":{""available_profile_sources"":1570,""logical_devices"":2416,""mean_profile_reuse"":1.9297124600638977,""profile_bootstrap"":true,""selected_unique_profile_sources"":1252,""weight"":0.48333333333333334},""heapo_heat_pumps"":{""available_profile_sources"":1362,""logical_devices"":1292,""mean_profile_reuse"":1.0,""profile_bootstrap"":false,""selected_unique_profile_sources"":1292,""weight"":0.25833333333333336},""smart_grid_smart_city"":{""available_profile_sources"":5000,""logical_devices"":1292,""mean_profile_reuse"":1.0,""profile_bootstrap"":false,""selected_unique_profile_sources"":1292,""weight"":0.25833333333333336}}",dataset_combinations_mixed_physical_fleet_v1,,,,
predefined_mixed_scenario,S1-B,Building-heat pump-residential,建筑、热泵和带受控负荷住宅的高差异融合,ieee33,mpc_optimal,MPC,O(HN),19,4692424,4992424,dominant_plus_15pp,5000,"{""bdg2_building_data_genome"":0.3333333333333333,""heapo_heat_pumps"":0.3333333333333333,""smart_grid_smart_city"":0.3333333333333333}","{""bdg2_building_data_genome"":0.48333333333333334,""heapo_heat_pumps"":0.25833333333333336,""smart_grid_smart_city"":0.25833333333333336}","{""bdg2_building_data_genome"":2416,""heapo_heat_pumps"":1292,""smart_grid_smart_city"":1292}",False,test,32.15637982435094,10.785645740105817,21.370734084245125,66.45876868285337,0.8951939999999997,0.9270833333333334,0,0.0,21.370734084245132,6.0254023992456494e-15,0.0,"{""bdg2_building_data_genome"":{""available_profile_sources"":1570,""logical_devices"":2416,""mean_profile_reuse"":1.951534733441034,""profile_bootstrap"":true,""selected_unique_profile_sources"":1238,""weight"":0.48333333333333334},""heapo_heat_pumps"":{""available_profile_sources"":1362,""logical_devices"":1292,""mean_profile_reuse"":1.0,""profile_bootstrap"":false,""selected_unique_profile_sources"":1292,""weight"":0.25833333333333336},""smart_grid_smart_city"":{""available_profile_sources"":5000,""logical_devices"":1292,""mean_profile_reuse"":1.0,""profile_bootstrap"":false,""selected_unique_profile_sources"":1292,""weight"":0.25833333333333336}}",dataset_combinations_mixed_physical_fleet_v1,,,,
predefined_mixed_scenario,S1-B,Building-heat pump-residential,建筑、热泵和带受控负荷住宅的高差异融合,ieee33,mpc_optimal,MPC,O(HN),20,4692425,4992425,dominant_minus_15pp,5000,"{""bdg2_building_data_genome"":0.3333333333333333,""heapo_heat_pumps"":0.3333333333333333,""smart_grid_smart_city"":0.3333333333333333}","{""bdg2_building_data_genome"":0.18333333333333332,""heapo_heat_pumps"":0.40833333333333327,""smart_grid_smart_city"":0.40833333333333327}","{""bdg2_building_data_genome"":916,""heapo_heat_pumps"":2042,""smart_grid_smart_city"":2042}",False,test,35.3276903748212,13.976215866938478,21.351474507882724,60.438353827682924,0.8948860000000002,0.9097222222222222,0,0.0,21.351474507882724,2.6526928801710404e-16,0.0,"{""bdg2_building_data_genome"":{""available_profile_sources"":1570,""logical_devices"":916,""mean_profile_reuse"":1.0,""profile_bootstrap"":false,""selected_unique_profile_sources"":916,""weight"":0.18333333333333332},""heapo_heat_pumps"":{""available_profile_sources"":1362,""logical_devices"":2042,""mean_profile_reuse"":1.9209783631232362,""profile_bootstrap"":true,""selected_unique_profile_sources"":1063,""weight"":0.40833333333333327},""smart_grid_smart_city"":{""available_profile_sources"":5000,""logical_devices"":2042,""mean_profile_reuse"":1.0,""profile_bootstrap"":false,""selected_unique_profile_sources"":2042,""weight"":0.40833333333333327}}",dataset_combinations_mixed_physical_fleet_v1,,,,
predefined_mixed_scenario,S1-B,Building-heat pump-residential,建筑、热泵和带受控负荷住宅的高差异融合,ieee33,mpc_optimal,MPC,O(HN),21,4692426,4992426,dominant_minus_15pp,5000,"{""bdg2_building_data_genome"":0.3333333333333333,""heapo_heat_pumps"":0.3333333333333333,""smart_grid_smart_city"":0.3333333333333333}","{""bdg2_building_data_genome"":0.18333333333333332,""heapo_heat_pumps"":0.40833333333333327,""smart_grid_smart_city"":0.40833333333333327}","{""bdg2_building_data_genome"":916,""heapo_heat_pumps"":2042,""smart_grid_smart_city"":2042}",False,test,34.368856010425034,13.036386650079614,21.33246936034542,62.06918657366625,0.8952880000000006,0.9166666666666666,0,0.0,21.332469360345424,4.547473508864641e-15,0.0,"{""bdg2_building_data_genome"":{""available_profile_sources"":1570,""logical_devices"":916,""mean_profile_reuse"":1.0,""profile_bootstrap"":false,""selected_unique_profile_sources"":916,""weight"":0.18333333333333332},""heapo_heat_pumps"":{""available_profile_sources"":1362,""logical_devices"":2042,""mean_profile_reuse"":1.9137769447047797,""profile_bootstrap"":true,""selected_unique_profile_sources"":1067,""weight"":0.40833333333333327},""smart_grid_smart_city"":{""available_profile_sources"":5000,""logical_devices"":2042,""mean_profile_reuse"":1.0,""profile_bootstrap"":false,""selected_unique_profile_sources"":2042,""weight"":0.40833333333333327}}",dataset_combinations_mixed_physical_fleet_v1,,,,
predefined_mixed_scenario,S1-B,Building-heat pump-residential,建筑、热泵和带受控负荷住宅的高差异融合,ieee33,mpc_optimal,MPC,O(HN),22,4692427,4992427,dominant_minus_15pp,5000,"{""bdg2_building_data_genome"":0.3333333333333333,""heapo_heat_pumps"":0.3333333333333333,""smart_grid_smart_city"":0.3333333333333333}","{""bdg2_building_data_genome"":0.18333333333333332,""heapo_heat_pumps"":0.40833333333333327,""smart_grid_smart_city"":0.40833333333333327}","{""bdg2_building_data_genome"":916,""heapo_heat_pumps"":2042,""smart_grid_smart_city"":2042}",False,test,35.434363009484436,13.795090461466131,21.639272548018305,61.068608859220326,0.8946300000000005,0.9131944444444444,0,0.0,21.639272548018305,2.9558577807620166e-15,0.0,"{""bdg2_building_data_genome"":{""available_profile_sources"":1570,""logical_devices"":916,""mean_profile_reuse"":1.0,""profile_bootstrap"":false,""selected_unique_profile_sources"":916,""weight"":0.18333333333333332},""heapo_heat_pumps"":{""available_profile_sources"":1362,""logical_devices"":2042,""mean_profile_reuse"":1.9634615384615384,""profile_bootstrap"":true,""selected_unique_profile_sources"":1040,""weight"":0.40833333333333327},""smart_grid_smart_city"":{""available_profile_sources"":5000,""logical_devices"":2042,""mean_profile_reuse"":1.0,""profile_bootstrap"":false,""selected_unique_profile_sources"":2042,""weight"":0.40833333333333327}}",dataset_combinations_mixed_physical_fleet_v1,,,,
predefined_mixed_scenario,S1-B,Building-heat pump-residential,建筑、热泵和带受控负荷住宅的高差异融合,ieee33,mpc_optimal,MPC,O(HN),23,4692428,4992428,dominant_minus_15pp,5000,"{""bdg2_building_data_genome"":0.3333333333333333,""heapo_heat_pumps"":0.3333333333333333,""smart_grid_smart_city"":0.3333333333333333}","{""bdg2_building_data_genome"":0.18333333333333332,""heapo_heat_pumps"":0.40833333333333327,""smart_grid_smart_city"":0.40833333333333327}","{""bdg2_building_data_genome"":916,""heapo_heat_pumps"":2042,""smart_grid_smart_city"":2042}",False,test,34.41527204580041,12.80364623158312,21.611625814217287,62.796614786180335,0.8949680000000003,0.9166666666666666,0,0.0,21.61162581421729,2.5011104298755525e-15,0.0,"{""bdg2_building_data_genome"":{""available_profile_sources"":1570,""logical_devices"":916,""mean_profile_reuse"":1.0,""profile_bootstrap"":false,""selected_unique_profile_sources"":916,""weight"":0.18333333333333332},""heapo_heat_pumps"":{""available_profile_sources"":1362,""logical_devices"":2042,""mean_profile_reuse"":1.9318826868495742,""profile_bootstrap"":true,""selected_unique_profile_sources"":1057,""weight"":0.40833333333333327},""smart_grid_smart_city"":{""available_profile_sources"":5000,""logical_devices"":2042,""mean_profile_reuse"":1.0,""profile_bootstrap"":false,""selected_unique_profile_sources"":2042,""weight"":0.40833333333333327}}",dataset_combinations_mixed_physical_fleet_v1,,,,
predefined_mixed_scenario,S1-B,Building-heat pump-residential,建筑、热泵和带受控负荷住宅的高差异融合,ieee33,mpc_optimal,MPC,O(HN),24,4692429,4992429,dominant_minus_15pp,5000,"{""bdg2_building_data_genome"":0.3333333333333333,""heapo_heat_pumps"":0.3333333333333333,""smart_grid_smart_city"":0.3333333333333333}","{""bdg2_building_data_genome"":0.18333333333333332,""heapo_heat_pumps"":0.40833333333333327,""smart_grid_smart_city"":0.40833333333333327}","{""bdg2_building_data_genome"":916,""heapo_heat_pumps"":2042,""smart_grid_smart_city"":2042}",False,test,35.4753191970611,14.184433297827638,21.29088589923346,60.01605166951471,0.895066,0.9097222222222222,0,0.0,21.29088589923346,6.821210263296962e-16,0.0,"{""bdg2_building_data_genome"":{""available_profile_sources"":1570,""logical_devices"":916,""mean_profile_reuse"":1.0,""profile_bootstrap"":false,""selected_unique_profile_sources"":916,""weight"":0.18333333333333332},""heapo_heat_pumps"":{""available_profile_sources"":1362,""logical_devices"":2042,""mean_profile_reuse"":1.9429115128449097,""profile_bootstrap"":true,""selected_unique_profile_sources"":1051,""weight"":0.40833333333333327},""smart_grid_smart_city"":{""available_profile_sources"":5000,""logical_devices"":2042,""mean_profile_reuse"":1.0,""profile_bootstrap"":false,""selected_unique_profile_sources"":2042,""weight"":0.40833333333333327}}",dataset_combinations_mixed_physical_fleet_v1,,,,
predefined_mixed_scenario,S1-B,Building-heat pump-residential,建筑、热泵和带受控负荷住宅的高差异融合,ieee33,mpc_optimal,MPC,O(HN),25,4692430,4992430,dominant_minus_15pp,5000,"{""bdg2_building_data_genome"":0.3333333333333333,""heapo_heat_pumps"":0.3333333333333333,""smart_grid_smart_city"":0.3333333333333333}","{""bdg2_building_data_genome"":0.18333333333333332,""heapo_heat_pumps"":0.40833333333333327,""smart_grid_smart_city"":0.40833333333333327}","{""bdg2_building_data_genome"":916,""heapo_heat_pumps"":2042,""smart_grid_smart_city"":2042}",False,test,35.76185789411478,14.268327705481198,21.493530188633585,60.10182762951672,0.8948220000000008,0.9097222222222222,0,0.0,21.493530188633585,3.7895612573872007e-16,0.0,"{""bdg2_building_data_genome"":{""available_profile_sources"":1570,""logical_devices"":916,""mean_profile_reuse"":1.0,""profile_bootstrap"":false,""selected_unique_profile_sources"":916,""weight"":0.18333333333333332},""heapo_heat_pumps"":{""available_profile_sources"":1362,""logical_devices"":2042,""mean_profile_reuse"":1.9209783631232362,""profile_bootstrap"":true,""selected_unique_profile_sources"":1063,""weight"":0.40833333333333327},""smart_grid_smart_city"":{""available_profile_sources"":5000,""logical_devices"":2042,""mean_profile_reuse"":1.0,""profile_bootstrap"":false,""selected_unique_profile_sources"":2042,""weight"":0.40833333333333327}}",dataset_combinations_mixed_physical_fleet_v1,,,,
predefined_mixed_scenario,S1-B,Building-heat pump-residential,建筑、热泵和带受控负荷住宅的高差异融合,ieee33,mpc_optimal,MPC,O(HN),26,4692431,4992431,dominant_minus_15pp,5000,"{""bdg2_building_data_genome"":0.3333333333333333,""heapo_heat_pumps"":0.3333333333333333,""smart_grid_smart_city"":0.3333333333333333}","{""bdg2_building_data_genome"":0.18333333333333332,""heapo_heat_pumps"":0.40833333333333327,""smart_grid_smart_city"":0.40833333333333327}","{""bdg2_building_data_genome"":916,""heapo_heat_pumps"":2042,""smart_grid_smart_city"":2042}",False,test,37.27286542825839,16.06154742848582,21.21131799977257,56.90820320911316,0.8941679999999996,0.9027777777777778,0,0.0,21.21131799977259,1.4715340057591676e-14,0.0,"{""bdg2_building_data_genome"":{""available_profile_sources"":1570,""logical_devices"":916,""mean_profile_reuse"":1.0,""profile_bootstrap"":false,""selected_unique_profile_sources"":916,""weight"":0.18333333333333332},""heapo_heat_pumps"":{""available_profile_sources"":1362,""logical_devices"":2042,""mean_profile_reuse"":1.9355450236966825,""profile_bootstrap"":true,""selected_unique_profile_sources"":1055,""weight"":0.40833333333333327},""smart_grid_smart_city"":{""available_profile_sources"":5000,""logical_devices"":2042,""mean_profile_reuse"":1.0,""profile_bootstrap"":false,""selected_unique_profile_sources"":2042,""weight"":0.40833333333333327}}",dataset_combinations_mixed_physical_fleet_v1,,,,
predefined_mixed_scenario,S1-B,Building-heat pump-residential,建筑、热泵和带受控负荷住宅的高差异融合,ieee33,mpc_optimal,MPC,O(HN),27,4692432,4992432,dominant_minus_15pp,5000,"{""bdg2_building_data_genome"":0.3333333333333333,""heapo_heat_pumps"":0.3333333333333333,""smart_grid_smart_city"":0.3333333333333333}","{""bdg2_building_data_genome"":0.18333333333333332,""heapo_heat_pumps"":0.40833333333333327,""smart_grid_smart_city"":0.40833333333333327}","{""bdg2_building_data_genome"":916,""heapo_heat_pumps"":2042,""smart_grid_smart_city"":2042}",False,test,36.54227005633674,14.96981727819298,21.57245277814376,59.03424375356482,0.8952159999999997,0.90625,0,0.0,21.57245277814376,6.063298011819521e-16,0.0,"{""bdg2_building_data_genome"":{""available_profile_sources"":1570,""logical_devices"":916,""mean_profile_reuse"":1.0,""profile_bootstrap"":false,""selected_unique_profile_sources"":916,""weight"":0.18333333333333332},""heapo_heat_pumps"":{""available_profile_sources"":1362,""logical_devices"":2042,""mean_profile_reuse"":1.9245994344957587,""profile_bootstrap"":true,""selected_unique_profile_sources"":1061,""weight"":0.40833333333333327},""smart_grid_smart_city"":{""available_profile_sources"":5000,""logical_devices"":2042,""mean_profile_reuse"":1.0,""profile_bootstrap"":false,""selected_unique_profile_sources"":2042,""weight"":0.40833333333333327}}",dataset_combinations_mixed_physical_fleet_v1,,,,
predefined_mixed_scenario,S1-B,Building-heat pump-residential,建筑、热泵和带受控负荷住宅的高差异融合,ieee33,mpc_optimal,MPC,O(HN),28,4692433,4992433,dominant_minus_15pp,5000,"{""bdg2_building_data_genome"":0.3333333333333333,""heapo_heat_pumps"":0.3333333333333333,""smart_grid_smart_city"":0.3333333333333333}","{""bdg2_building_data_genome"":0.18333333333333332,""heapo_heat_pumps"":0.40833333333333327,""smart_grid_smart_city"":0.40833333333333327}","{""bdg2_building_data_genome"":916,""heapo_heat_pumps"":2042,""smart_grid_smart_city"":2042}",False,test,35.932429400638355,14.284537783031865,21.64789161760649,60.24611187915367,0.8951740000000002,0.9097222222222222,0,0.0,21.647891617606493,1.0800249583553523e-15,0.0,"{""bdg2_building_data_genome"":{""available_profile_sources"":1570,""logical_devices"":916,""mean_profile_reuse"":1.0,""profile_bootstrap"":false,""selected_unique_profile_sources"":916,""weight"":0.18333333333333332},""heapo_heat_pumps"":{""available_profile_sources"":1362,""logical_devices"":2042,""mean_profile_reuse"":1.9559386973180077,""profile_bootstrap"":true,""selected_unique_profile_sources"":1044,""weight"":0.40833333333333327},""smart_grid_smart_city"":{""available_profile_sources"":5000,""logical_devices"":2042,""mean_profile_reuse"":1.0,""profile_bootstrap"":false,""selected_unique_profile_sources"":2042,""weight"":0.40833333333333327}}",dataset_combinations_mixed_physical_fleet_v1,,,,
predefined_mixed_scenario,S1-B,Building-heat pump-residential,建筑、热泵和带受控负荷住宅的高差异融合,ieee33,mpc_optimal,MPC,O(HN),29,4692434,4992434,dominant_minus_15pp,5000,"{""bdg2_building_data_genome"":0.3333333333333333,""heapo_heat_pumps"":0.3333333333333333,""smart_grid_smart_city"":0.3333333333333333}","{""bdg2_building_data_genome"":0.18333333333333332,""heapo_heat_pumps"":0.40833333333333327,""smart_grid_smart_city"":0.40833333333333327}","{""bdg2_building_data_genome"":916,""heapo_heat_pumps"":2042,""smart_grid_smart_city"":2042}",False,test,36.2794310269736,15.195279668179044,21.084151358794553,58.115992345962034,0.8945959999999998,0.90625,0,0.0,21.084151358794557,1.2884508275116482e-15,0.0,"{""bdg2_building_data_genome"":{""available_profile_sources"":1570,""logical_devices"":916,""mean_profile_reuse"":1.0,""profile_bootstrap"":false,""selected_unique_profile_sources"":916,""weight"":0.18333333333333332},""heapo_heat_pumps"":{""available_profile_sources"":1362,""logical_devices"":2042,""mean_profile_reuse"":1.9373814041745732,""profile_bootstrap"":true,""selected_unique_profile_sources"":1054,""weight"":0.40833333333333327},""smart_grid_smart_city"":{""available_profile_sources"":5000,""logical_devices"":2042,""mean_profile_reuse"":1.0,""profile_bootstrap"":false,""selected_unique_profile_sources"":2042,""weight"":0.40833333333333327}}",dataset_combinations_mixed_physical_fleet_v1,,,,
predefined_mixed_scenario,S1-B,Building-heat pump-residential,建筑、热泵和带受控负荷住宅的高差异融合,ieee33,no_coordination,No coordination,O(0),0,4692405,4692405,nominal,5000,"{""bdg2_building_data_genome"":0.3333333333333333,""heapo_heat_pumps"":0.3333333333333333,""smart_grid_smart_city"":0.3333333333333333}","{""bdg2_building_data_genome"":0.3333333333333333,""heapo_heat_pumps"":0.3333333333333333,""smart_grid_smart_city"":0.3333333333333333}","{""bdg2_building_data_genome"":1667,""heapo_heat_pumps"":1667,""smart_grid_smart_city"":1666}",False,test,35.059361642193664,35.059361642193664,0.0,0.0,0.8947960000000004,1.0,0,0.0,0.0,0.0,0.0,"{""bdg2_building_data_genome"":{""available_profile_sources"":1570,""logical_devices"":1667,""mean_profile_reuse"":1.6215953307392996,""profile_bootstrap"":true,""selected_unique_profile_sources"":1028,""weight"":0.3333333333333333},""heapo_heat_pumps"":{""available_profile_sources"":1362,""logical_devices"":1667,""mean_profile_reuse"":1.7346514047866806,""profile_bootstrap"":true,""selected_unique_profile_sources"":961,""weight"":0.3333333333333333},""smart_grid_smart_city"":{""available_profile_sources"":5000,""logical_devices"":1666,""mean_profile_reuse"":1.0,""profile_bootstrap"":false,""selected_unique_profile_sources"":1666,""weight"":0.3333333333333333}}",dataset_combinations_mixed_physical_fleet_v1,,,,
predefined_mixed_scenario,S1-B,Building-heat pump-residential,建筑、热泵和带受控负荷住宅的高差异融合,ieee33,no_coordination,No coordination,O(0),1,4692406,4692406,nominal,5000,"{""bdg2_building_data_genome"":0.3333333333333333,""heapo_heat_pumps"":0.3333333333333333,""smart_grid_smart_city"":0.3333333333333333}","{""bdg2_building_data_genome"":0.3333333333333333,""heapo_heat_pumps"":0.3333333333333333,""smart_grid_smart_city"":0.3333333333333333}","{""bdg2_building_data_genome"":1667,""heapo_heat_pumps"":1667,""smart_grid_smart_city"":1666}",False,test,34.11418977118736,34.11418977118736,0.0,0.0,0.8950719999999994,1.0,0,0.0,0.0,0.0,0.0,"{""bdg2_building_data_genome"":{""available_profile_sources"":1570,""logical_devices"":1667,""mean_profile_reuse"":1.632713026444662,""profile_bootstrap"":true,""selected_unique_profile_sources"":1021,""weight"":0.3333333333333333},""heapo_heat_pumps"":{""available_profile_sources"":1362,""logical_devices"":1667,""mean_profile_reuse"":1.7328482328482329,""profile_bootstrap"":true,""selected_unique_profile_sources"":962,""weight"":0.3333333333333333},""smart_grid_smart_city"":{""available_profile_sources"":5000,""logical_devices"":1666,""mean_profile_reuse"":1.0,""profile_bootstrap"":false,""selected_unique_profile_sources"":1666,""weight"":0.3333333333333333}}",dataset_combinations_mixed_physical_fleet_v1,,,,
predefined_mixed_scenario,S1-B,Building-heat pump-residential,建筑、热泵和带受控负荷住宅的高差异融合,ieee33,no_coordination,No coordination,O(0),2,4692407,4692407,nominal,5000,"{""bdg2_building_data_genome"":0.3333333333333333,""heapo_heat_pumps"":0.3333333333333333,""smart_grid_smart_city"":0.3333333333333333}","{""bdg2_building_data_genome"":0.3333333333333333,""heapo_heat_pumps"":0.3333333333333333,""smart_grid_smart_city"":0.3333333333333333}","{""bdg2_building_data_genome"":1667,""heapo_heat_pumps"":1667,""smart_grid_smart_city"":1666}",False,test,35.92376450761006,35.92376450761006,0.0,0.0,0.8942299999999999,1.0,0,0.0,0.0,0.0,0.0,"{""bdg2_building_data_genome"":{""available_profile_sources"":1570,""logical_devices"":1667,""mean_profile_reuse"":1.6391347099311702,""profile_bootstrap"":true,""selected_unique_profile_sources"":1017,""weight"":0.3333333333333333},""heapo_heat_pumps"":{""available_profile_sources"":1362,""logical_devices"":1667,""mean_profile_reuse"":1.7167868177136971,""profile_bootstrap"":true,""selected_unique_profile_sources"":971,""weight"":0.3333333333333333},""smart_grid_smart_city"":{""available_profile_sources"":5000,""logical_devices"":1666,""mean_profile_reuse"":1.0,""profile_bootstrap"":false,""selected_unique_profile_sources"":1666,""weight"":0.3333333333333333}}",dataset_combinations_mixed_physical_fleet_v1,,,,
predefined_mixed_scenario,S1-B,Building-heat pump-residential,建筑、热泵和带受控负荷住宅的高差异融合,ieee33,no_coordination,No coordination,O(0),3,4692408,4692408,nominal,5000,"{""bdg2_building_data_genome"":0.3333333333333333,""heapo_heat_pumps"":0.3333333333333333,""smart_grid_smart_city"":0.3333333333333333}","{""bdg2_building_data_genome"":0.3333333333333333,""heapo_heat_pumps"":0.3333333333333333,""smart_grid_smart_city"":0.3333333333333333}","{""bdg2_building_data_genome"":1667,""heapo_heat_pumps"":1667,""smart_grid_smart_city"":1666}",False,test,35.2801345563612,35.2801345563612,0.0,0.0,0.8944559999999999,1.0,0,0.0,0.0,0.0,0.0,"{""bdg2_building_data_genome"":{""available_profile_sources"":1570,""logical_devices"":1667,""mean_profile_reuse"":1.6686686686686687,""profile_bootstrap"":true,""selected_unique_profile_sources"":999,""weight"":0.3333333333333333},""heapo_heat_pumps"":{""available_profile_sources"":1362,""logical_devices"":1667,""mean_profile_reuse"":1.7492130115424973,""profile_bootstrap"":true,""selected_unique_profile_sources"":953,""weight"":0.3333333333333333},""smart_grid_smart_city"":{""available_profile_sources"":5000,""logical_devices"":1666,""mean_profile_reuse"":1.0,""profile_bootstrap"":false,""selected_unique_profile_sources"":1666,""weight"":0.3333333333333333}}",dataset_combinations_mixed_physical_fleet_v1,,,,
predefined_mixed_scenario,S1-B,Building-heat pump-residential,建筑、热泵和带受控负荷住宅的高差异融合,ieee33,no_coordination,No coordination,O(0),4,4692409,4692409,nominal,5000,"{""bdg2_building_data_genome"":0.3333333333333333,""heapo_heat_pumps"":0.3333333333333333,""smart_grid_smart_city"":0.3333333333333333}","{""bdg2_building_data_genome"":0.3333333333333333,""heapo_heat_pumps"":0.3333333333333333,""smart_grid_smart_city"":0.3333333333333333}","{""bdg2_building_data_genome"":1667,""heapo_heat_pumps"":1667,""smart_grid_smart_city"":1666}",False,test,33.7319993914129,33.7319993914129,0.0,0.0,0.8953020000000004,1.0,0,0.0,0.0,0.0,0.0,"{""bdg2_building_data_genome"":{""available_profile_sources"":1570,""logical_devices"":1667,""mean_profile_reuse"":1.6359175662414132,""profile_bootstrap"":true,""selected_unique_profile_sources"":1019,""weight"":0.3333333333333333},""heapo_heat_pumps"":{""available_profile_sources"":1362,""logical_devices"":1667,""mean_profile_reuse"":1.683838383838384,""profile_bootstrap"":true,""selected_unique_profile_sources"":990,""weight"":0.3333333333333333},""smart_grid_smart_city"":{""available_profile_sources"":5000,""logical_devices"":1666,""mean_profile_reuse"":1.0,""profile_bootstrap"":false,""selected_unique_profile_sources"":1666,""weight"":0.3333333333333333}}",dataset_combinations_mixed_physical_fleet_v1,,,,
predefined_mixed_scenario,S1-B,Building-heat pump-residential,建筑、热泵和带受控负荷住宅的高差异融合,ieee33,no_coordination,No coordination,O(0),5,4692410,4692410,nominal,5000,"{""bdg2_building_data_genome"":0.3333333333333333,""heapo_heat_pumps"":0.3333333333333333,""smart_grid_smart_city"":0.3333333333333333}","{""bdg2_building_data_genome"":0.3333333333333333,""heapo_heat_pumps"":0.3333333333333333,""smart_grid_smart_city"":0.3333333333333333}","{""bdg2_building_data_genome"":1667,""heapo_heat_pumps"":1667,""smart_grid_smart_city"":1666}",False,test,34.39155207509888,34.39155207509888,0.0,0.0,0.8939779999999994,1.0,0,0.0,0.0,0.0,0.0,"{""bdg2_building_data_genome"":{""available_profile_sources"":1570,""logical_devices"":1667,""mean_profile_reuse"":1.6504950495049504,""profile_bootstrap"":true,""selected_unique_profile_sources"":1010,""weight"":0.3333333333333333},""heapo_heat_pumps"":{""available_profile_sources"":1362,""logical_devices"":1667,""mean_profile_reuse"":1.7185567010309277,""profile_bootstrap"":true,""selected_unique_profile_sources"":970,""weight"":0.3333333333333333},""smart_grid_smart_city"":{""available_profile_sources"":5000,""logical_devices"":1666,""mean_profile_reuse"":1.0,""profile_bootstrap"":false,""selected_unique_profile_sources"":1666,""weight"":0.3333333333333333}}",dataset_combinations_mixed_physical_fleet_v1,,,,
predefined_mixed_scenario,S1-B,Building-heat pump-residential,建筑、热泵和带受控负荷住宅的高差异融合,ieee33,no_coordination,No coordination,O(0),6,4692411,4692411,nominal,5000,"{""bdg2_building_data_genome"":0.3333333333333333,""heapo_heat_pumps"":0.3333333333333333,""smart_grid_smart_city"":0.3333333333333333}","{""bdg2_building_data_genome"":0.3333333333333333,""heapo_heat_pumps"":0.3333333333333333,""smart_grid_smart_city"":0.3333333333333333}","{""bdg2_building_data_genome"":1667,""heapo_heat_pumps"":1667,""smart_grid_smart_city"":1666}",False,test,34.845869563277724,34.845869563277724,0.0,0.0,0.895458,1.0,0,0.0,0.0,0.0,0.0,"{""bdg2_building_data_genome"":{""available_profile_sources"":1570,""logical_devices"":1667,""mean_profile_reuse"":1.5861084681255946,""profile_bootstrap"":true,""selected_unique_profile_sources"":1051,""weight"":0.3333333333333333},""heapo_heat_pumps"":{""available_profile_sources"":1362,""logical_devices"":1667,""mean_profile_reuse"":1.7238883143743537,""profile_bootstrap"":true,""selected_unique_profile_sources"":967,""weight"":0.3333333333333333},""smart_grid_smart_city"":{""available_profile_sources"":5000,""logical_devices"":1666,""mean_profile_reuse"":1.0,""profile_bootstrap"":false,""selected_unique_profile_sources"":1666,""weight"":0.3333333333333333}}",dataset_combinations_mixed_physical_fleet_v1,,,,
predefined_mixed_scenario,S1-B,Building-heat pump-residential,建筑、热泵和带受控负荷住宅的高差异融合,ieee33,no_coordination,No coordination,O(0),7,4692412,4692412,nominal,5000,"{""bdg2_building_data_genome"":0.3333333333333333,""heapo_heat_pumps"":0.3333333333333333,""smart_grid_smart_city"":0.3333333333333333}","{""bdg2_building_data_genome"":0.3333333333333333,""heapo_heat_pumps"":0.3333333333333333,""smart_grid_smart_city"":0.3333333333333333}","{""bdg2_building_data_genome"":1667,""heapo_heat_pumps"":1667,""smart_grid_smart_city"":1666}",False,test,35.94132529087837,35.94132529087837,0.0,0.0,0.8949959999999995,1.0,0,0.0,0.0,0.0,0.0,"{""bdg2_building_data_genome"":{""available_profile_sources"":1570,""logical_devices"":1667,""mean_profile_reuse"":1.626341463414634,""profile_bootstrap"":true,""selected_unique_profile_sources"":1025,""weight"":0.3333333333333333},""heapo_heat_pumps"":{""available_profile_sources"":1362,""logical_devices"":1667,""mean_profile_reuse"":1.7565858798735512,""profile_bootstrap"":true,""selected_unique_profile_sources"":949,""weight"":0.3333333333333333},""smart_grid_smart_city"":{""available_profile_sources"":5000,""logical_devices"":1666,""mean_profile_reuse"":1.0,""profile_bootstrap"":false,""selected_unique_profile_sources"":1666,""weight"":0.3333333333333333}}",dataset_combinations_mixed_physical_fleet_v1,,,,
predefined_mixed_scenario,S1-B,Building-heat pump-residential,建筑、热泵和带受控负荷住宅的高差异融合,ieee33,no_coordination,No coordination,O(0),8,4692413,4692413,nominal,5000,"{""bdg2_building_data_genome"":0.3333333333333333,""heapo_heat_pumps"":0.3333333333333333,""smart_grid_smart_city"":0.3333333333333333}","{""bdg2_building_data_genome"":0.3333333333333333,""heapo_heat_pumps"":0.3333333333333333,""smart_grid_smart_city"":0.3333333333333333}","{""bdg2_building_data_genome"":1667,""heapo_heat_pumps"":1667,""smart_grid_smart_city"":1666}",False,test,34.39170783495104,34.39170783495104,0.0,0.0,0.8949939999999996,1.0,0,0.0,0.0,0.0,0.0,"{""bdg2_building_data_genome"":{""available_profile_sources"":1570,""logical_devices"":1667,""mean_profile_reuse"":1.6456071076011847,""profile_bootstrap"":true,""selected_unique_profile_sources"":1013,""weight"":0.3333333333333333},""heapo_heat_pumps"":{""available_profile_sources"":1362,""logical_devices"":1667,""mean_profile_reuse"":1.7364583333333334,""profile_bootstrap"":true,""selected_unique_profile_sources"":960,""weight"":0.3333333333333333},""smart_grid_smart_city"":{""available_profile_sources"":5000,""logical_devices"":1666,""mean_profile_reuse"":1.0,""profile_bootstrap"":false,""selected_unique_profile_sources"":1666,""weight"":0.3333333333333333}}",dataset_combinations_mixed_physical_fleet_v1,,,,
predefined_mixed_scenario,S1-B,Building-heat pump-residential,建筑、热泵和带受控负荷住宅的高差异融合,ieee33,no_coordination,No coordination,O(0),9,4692414,4692414,nominal,5000,"{""bdg2_building_data_genome"":0.3333333333333333,""heapo_heat_pumps"":0.3333333333333333,""smart_grid_smart_city"":0.3333333333333333}","{""bdg2_building_data_genome"":0.3333333333333333,""heapo_heat_pumps"":0.3333333333333333,""smart_grid_smart_city"":0.3333333333333333}","{""bdg2_building_data_genome"":1667,""heapo_heat_pumps"":1667,""smart_grid_smart_city"":1666}",False,test,35.189356381386276,35.189356381386276,0.0,0.0,0.8958839999999997,1.0,0,0.0,0.0,0.0,0.0,"{""bdg2_building_data_genome"":{""available_profile_sources"":1570,""logical_devices"":1667,""mean_profile_reuse"":1.6168768186226965,""profile_bootstrap"":true,""selected_unique_profile_sources"":1031,""weight"":0.3333333333333333},""heapo_heat_pumps"":{""available_profile_sources"":1362,""logical_devices"":1667,""mean_profile_reuse"":1.76215644820296,""profile_bootstrap"":true,""selected_unique_profile_sources"":946,""weight"":0.3333333333333333},""smart_grid_smart_city"":{""available_profile_sources"":5000,""logical_devices"":1666,""mean_profile_reuse"":1.0,""profile_bootstrap"":false,""selected_unique_profile_sources"":1666,""weight"":0.3333333333333333}}",dataset_combinations_mixed_physical_fleet_v1,,,,
predefined_mixed_scenario,S1-B,Building-heat pump-residential,建筑、热泵和带受控负荷住宅的高差异融合,ieee33,no_coordination,No coordination,O(0),10,4692415,4692415,dominant_plus_15pp,5000,"{""bdg2_building_data_genome"":0.3333333333333333,""heapo_heat_pumps"":0.3333333333333333,""smart_grid_smart_city"":0.3333333333333333}","{""bdg2_building_data_genome"":0.48333333333333334,""heapo_heat_pumps"":0.25833333333333336,""smart_grid_smart_city"":0.25833333333333336}","{""bdg2_building_data_genome"":2416,""heapo_heat_pumps"":1292,""smart_grid_smart_city"":1292}",False,test,31.86490646862508,31.86490646862508,0.0,0.0,0.8949239999999993,1.0,0,0.0,0.0,0.0,0.0,"{""bdg2_building_data_genome"":{""available_profile_sources"":1570,""logical_devices"":2416,""mean_profile_reuse"":1.9531123686337915,""profile_bootstrap"":true,""selected_unique_profile_sources"":1237,""weight"":0.48333333333333334},""heapo_heat_pumps"":{""available_profile_sources"":1362,""logical_devices"":1292,""mean_profile_reuse"":1.0,""profile_bootstrap"":false,""selected_unique_profile_sources"":1292,""weight"":0.25833333333333336},""smart_grid_smart_city"":{""available_profile_sources"":5000,""logical_devices"":1292,""mean_profile_reuse"":1.0,""profile_bootstrap"":false,""selected_unique_profile_sources"":1292,""weight"":0.25833333333333336}}",dataset_combinations_mixed_physical_fleet_v1,,,,
predefined_mixed_scenario,S1-B,Building-heat pump-residential,建筑、热泵和带受控负荷住宅的高差异融合,ieee33,no_coordination,No coordination,O(0),11,4692416,4692416,dominant_plus_15pp,5000,"{""bdg2_building_data_genome"":0.3333333333333333,""heapo_heat_pumps"":0.3333333333333333,""smart_grid_smart_city"":0.3333333333333333}","{""bdg2_building_data_genome"":0.48333333333333334,""heapo_heat_pumps"":0.25833333333333336,""smart_grid_smart_city"":0.25833333333333336}","{""bdg2_building_data_genome"":2416,""heapo_heat_pumps"":1292,""smart_grid_smart_city"":1292}",False,test,33.755738766867616,33.755738766867616,0.0,0.0,0.8955500000000002,1.0,0,0.0,0.0,0.0,0.0,"{""bdg2_building_data_genome"":{""available_profile_sources"":1570,""logical_devices"":2416,""mean_profile_reuse"":1.995045417010735,""profile_bootstrap"":true,""selected_unique_profile_sources"":1211,""weight"":0.48333333333333334},""heapo_heat_pumps"":{""available_profile_sources"":1362,""logical_devices"":1292,""mean_profile_reuse"":1.0,""profile_bootstrap"":false,""selected_unique_profile_sources"":1292,""weight"":0.25833333333333336},""smart_grid_smart_city"":{""available_profile_sources"":5000,""logical_devices"":1292,""mean_profile_reuse"":1.0,""profile_bootstrap"":false,""selected_unique_profile_sources"":1292,""weight"":0.25833333333333336}}",dataset_combinations_mixed_physical_fleet_v1,,,,
predefined_mixed_scenario,S1-B,Building-heat pump-residential,建筑、热泵和带受控负荷住宅的高差异融合,ieee33,no_coordination,No coordination,O(0),12,4692417,4692417,dominant_plus_15pp,5000,"{""bdg2_building_data_genome"":0.3333333333333333,""heapo_heat_pumps"":0.3333333333333333,""smart_grid_smart_city"":0.3333333333333333}","{""bdg2_building_data_genome"":0.48333333333333334,""heapo_heat_pumps"":0.25833333333333336,""smart_grid_smart_city"":0.25833333333333336}","{""bdg2_building_data_genome"":2416,""heapo_heat_pumps"":1292,""smart_grid_smart_city"":1292}",False,test,32.80964871441859,32.80964871441859,0.0,0.0,0.8961460000000001,1.0,0,0.0,0.0,0.0,0.0,"{""bdg2_building_data_genome"":{""available_profile_sources"":1570,""logical_devices"":2416,""mean_profile_reuse"":1.959448499594485,""profile_bootstrap"":true,""selected_unique_profile_sources"":1233,""weight"":0.48333333333333334},""heapo_heat_pumps"":{""available_profile_sources"":1362,""logical_devices"":1292,""mean_profile_reuse"":1.0,""profile_bootstrap"":false,""selected_unique_profile_sources"":1292,""weight"":0.25833333333333336},""smart_grid_smart_city"":{""available_profile_sources"":5000,""logical_devices"":1292,""mean_profile_reuse"":1.0,""profile_bootstrap"":false,""selected_unique_profile_sources"":1292,""weight"":0.25833333333333336}}",dataset_combinations_mixed_physical_fleet_v1,,,,
predefined_mixed_scenario,S1-B,Building-heat pump-residential,建筑、热泵和带受控负荷住宅的高差异融合,ieee33,no_coordination,No coordination,O(0),13,4692418,4692418,dominant_plus_15pp,5000,"{""bdg2_building_data_genome"":0.3333333333333333,""heapo_heat_pumps"":0.3333333333333333,""smart_grid_smart_city"":0.3333333333333333}","{""bdg2_building_data_genome"":0.48333333333333334,""heapo_heat_pumps"":0.25833333333333336,""smart_grid_smart_city"":0.25833333333333336}","{""bdg2_building_data_genome"":2416,""heapo_heat_pumps"":1292,""smart_grid_smart_city"":1292}",False,test,32.73060482826036,32.73060482826036,0.0,0.0,0.8955140000000003,1.0,0,0.0,0.0,0.0,0.0,"{""bdg2_building_data_genome"":{""available_profile_sources"":1570,""logical_devices"":2416,""mean_profile_reuse"":1.9483870967741936,""profile_bootstrap"":true,""selected_unique_profile_sources"":1240,""weight"":0.48333333333333334},""heapo_heat_pumps"":{""available_profile_sources"":1362,""logical_devices"":1292,""mean_profile_reuse"":1.0,""profile_bootstrap"":false,""selected_unique_profile_sources"":1292,""weight"":0.25833333333333336},""smart_grid_smart_city"":{""available_profile_sources"":5000,""logical_devices"":1292,""mean_profile_reuse"":1.0,""profile_bootstrap"":false,""selected_unique_profile_sources"":1292,""weight"":0.25833333333333336}}",dataset_combinations_mixed_physical_fleet_v1,,,,
predefined_mixed_scenario,S1-B,Building-heat pump-residential,建筑、热泵和带受控负荷住宅的高差异融合,ieee33,no_coordination,No coordination,O(0),14,4692419,4692419,dominant_plus_15pp,5000,"{""bdg2_building_data_genome"":0.3333333333333333,""heapo_heat_pumps"":0.3333333333333333,""smart_grid_smart_city"":0.3333333333333333}","{""bdg2_building_data_genome"":0.48333333333333334,""heapo_heat_pumps"":0.25833333333333336,""smart_grid_smart_city"":0.25833333333333336}","{""bdg2_building_data_genome"":2416,""heapo_heat_pumps"":1292,""smart_grid_smart_city"":1292}",False,test,32.56482680467927,32.56482680467927,0.0,0.0,0.893972,1.0,0,0.0,0.0,0.0,0.0,"{""bdg2_building_data_genome"":{""available_profile_sources"":1570,""logical_devices"":2416,""mean_profile_reuse"":1.9658258746948738,""profile_bootstrap"":true,""selected_unique_profile_sources"":1229,""weight"":0.48333333333333334},""heapo_heat_pumps"":{""available_profile_sources"":1362,""logical_devices"":1292,""mean_profile_reuse"":1.0,""profile_bootstrap"":false,""selected_unique_profile_sources"":1292,""weight"":0.25833333333333336},""smart_grid_smart_city"":{""available_profile_sources"":5000,""logical_devices"":1292,""mean_profile_reuse"":1.0,""profile_bootstrap"":false,""selected_unique_profile_sources"":1292,""weight"":0.25833333333333336}}",dataset_combinations_mixed_physical_fleet_v1,,,,
predefined_mixed_scenario,S1-B,Building-heat pump-residential,建筑、热泵和带受控负荷住宅的高差异融合,ieee33,no_coordination,No coordination,O(0),15,4692420,4692420,dominant_plus_15pp,5000,"{""bdg2_building_data_genome"":0.3333333333333333,""heapo_heat_pumps"":0.3333333333333333,""smart_grid_smart_city"":0.3333333333333333}","{""bdg2_building_data_genome"":0.48333333333333334,""heapo_heat_pumps"":0.25833333333333336,""smart_grid_smart_city"":0.25833333333333336}","{""bdg2_building_data_genome"":2416,""heapo_heat_pumps"":1292,""smart_grid_smart_city"":1292}",False,test,31.467091430656698,31.467091430656698,0.0,0.0,0.8942120000000005,1.0,0,0.0,0.0,0.0,0.0,"{""bdg2_building_data_genome"":{""available_profile_sources"":1570,""logical_devices"":2416,""mean_profile_reuse"":1.9706362153344208,""profile_bootstrap"":true,""selected_unique_profile_sources"":1226,""weight"":0.48333333333333334},""heapo_heat_pumps"":{""available_profile_sources"":1362,""logical_devices"":1292,""mean_profile_reuse"":1.0,""profile_bootstrap"":false,""selected_unique_profile_sources"":1292,""weight"":0.25833333333333336},""smart_grid_smart_city"":{""available_profile_sources"":5000,""logical_devices"":1292,""mean_profile_reuse"":1.0,""profile_bootstrap"":false,""selected_unique_profile_sources"":1292,""weight"":0.25833333333333336}}",dataset_combinations_mixed_physical_fleet_v1,,,,
predefined_mixed_scenario,S1-B,Building-heat pump-residential,建筑、热泵和带受控负荷住宅的高差异融合,ieee33,no_coordination,No coordination,O(0),16,4692421,4692421,dominant_plus_15pp,5000,"{""bdg2_building_data_genome"":0.3333333333333333,""heapo_heat_pumps"":0.3333333333333333,""smart_grid_smart_city"":0.3333333333333333}","{""bdg2_building_data_genome"":0.48333333333333334,""heapo_heat_pumps"":0.25833333333333336,""smart_grid_smart_city"":0.25833333333333336}","{""bdg2_building_data_genome"":2416,""heapo_heat_pumps"":1292,""smart_grid_smart_city"":1292}",False,test,32.720107643306136,32.720107643306136,0.0,0.0,0.89593,1.0,0,0.0,0.0,0.0,0.0,"{""bdg2_building_data_genome"":{""available_profile_sources"":1570,""logical_devices"":2416,""mean_profile_reuse"":2.0,""profile_bootstrap"":true,""selected_unique_profile_sources"":1208,""weight"":0.48333333333333334},""heapo_heat_pumps"":{""available_profile_sources"":1362,""logical_devices"":1292,""mean_profile_reuse"":1.0,""profile_bootstrap"":false,""selected_unique_profile_sources"":1292,""weight"":0.25833333333333336},""smart_grid_smart_city"":{""available_profile_sources"":5000,""logical_devices"":1292,""mean_profile_reuse"":1.0,""profile_bootstrap"":false,""selected_unique_profile_sources"":1292,""weight"":0.25833333333333336}}",dataset_combinations_mixed_physical_fleet_v1,,,,
predefined_mixed_scenario,S1-B,Building-heat pump-residential,建筑、热泵和带受控负荷住宅的高差异融合,ieee33,no_coordination,No coordination,O(0),17,4692422,4692422,dominant_plus_15pp,5000,"{""bdg2_building_data_genome"":0.3333333333333333,""heapo_heat_pumps"":0.3333333333333333,""smart_grid_smart_city"":0.3333333333333333}","{""bdg2_building_data_genome"":0.48333333333333334,""heapo_heat_pumps"":0.25833333333333336,""smart_grid_smart_city"":0.25833333333333336}","{""bdg2_building_data_genome"":2416,""heapo_heat_pumps"":1292,""smart_grid_smart_city"":1292}",False,test,32.48397792854776,32.48397792854776,0.0,0.0,0.8948979999999997,1.0,0,0.0,0.0,0.0,0.0,"{""bdg2_building_data_genome"":{""available_profile_sources"":1570,""logical_devices"":2416,""mean_profile_reuse"":2.0116569525395502,""profile_bootstrap"":true,""selected_unique_profile_sources"":1201,""weight"":0.48333333333333334},""heapo_heat_pumps"":{""available_profile_sources"":1362,""logical_devices"":1292,""mean_profile_reuse"":1.0,""profile_bootstrap"":false,""selected_unique_profile_sources"":1292,""weight"":0.25833333333333336},""smart_grid_smart_city"":{""available_profile_sources"":5000,""logical_devices"":1292,""mean_profile_reuse"":1.0,""profile_bootstrap"":false,""selected_unique_profile_sources"":1292,""weight"":0.25833333333333336}}",dataset_combinations_mixed_physical_fleet_v1,,,,
predefined_mixed_scenario,S1-B,Building-heat pump-residential,建筑、热泵和带受控负荷住宅的高差异融合,ieee33,no_coordination,No coordination,O(0),18,4692423,4692423,dominant_plus_15pp,5000,"{""bdg2_building_data_genome"":0.3333333333333333,""heapo_heat_pumps"":0.3333333333333333,""smart_grid_smart_city"":0.3333333333333333}","{""bdg2_building_data_genome"":0.48333333333333334,""heapo_heat_pumps"":0.25833333333333336,""smart_grid_smart_city"":0.25833333333333336}","{""bdg2_building_data_genome"":2416,""heapo_heat_pumps"":1292,""smart_grid_smart_city"":1292}",False,test,31.969367258870555,31.969367258870555,0.0,0.0,0.8950599999999996,1.0,0,0.0,0.0,0.0,0.0,"{""bdg2_building_data_genome"":{""available_profile_sources"":1570,""logical_devices"":2416,""mean_profile_reuse"":1.9297124600638977,""profile_bootstrap"":true,""selected_unique_profile_sources"":1252,""weight"":0.48333333333333334},""heapo_heat_pumps"":{""available_profile_sources"":1362,""logical_devices"":1292,""mean_profile_reuse"":1.0,""profile_bootstrap"":false,""selected_unique_profile_sources"":1292,""weight"":0.25833333333333336},""smart_grid_smart_city"":{""available_profile_sources"":5000,""logical_devices"":1292,""mean_profile_reuse"":1.0,""profile_bootstrap"":false,""selected_unique_profile_sources"":1292,""weight"":0.25833333333333336}}",dataset_combinations_mixed_physical_fleet_v1,,,,
predefined_mixed_scenario,S1-B,Building-heat pump-residential,建筑、热泵和带受控负荷住宅的高差异融合,ieee33,no_coordination,No coordination,O(0),19,4692424,4692424,dominant_plus_15pp,5000,"{""bdg2_building_data_genome"":0.3333333333333333,""heapo_heat_pumps"":0.3333333333333333,""smart_grid_smart_city"":0.3333333333333333}","{""bdg2_building_data_genome"":0.48333333333333334,""heapo_heat_pumps"":0.25833333333333336,""smart_grid_smart_city"":0.25833333333333336}","{""bdg2_building_data_genome"":2416,""heapo_heat_pumps"":1292,""smart_grid_smart_city"":1292}",False,test,32.15637982435094,32.15637982435094,0.0,0.0,0.8951939999999997,1.0,0,0.0,0.0,0.0,0.0,"{""bdg2_building_data_genome"":{""available_profile_sources"":1570,""logical_devices"":2416,""mean_profile_reuse"":1.951534733441034,""profile_bootstrap"":true,""selected_unique_profile_sources"":1238,""weight"":0.48333333333333334},""heapo_heat_pumps"":{""available_profile_sources"":1362,""logical_devices"":1292,""mean_profile_reuse"":1.0,""profile_bootstrap"":false,""selected_unique_profile_sources"":1292,""weight"":0.25833333333333336},""smart_grid_smart_city"":{""available_profile_sources"":5000,""logical_devices"":1292,""mean_profile_reuse"":1.0,""profile_bootstrap"":false,""selected_unique_profile_sources"":1292,""weight"":0.25833333333333336}}",dataset_combinations_mixed_physical_fleet_v1,,,,
predefined_mixed_scenario,S1-B,Building-heat pump-residential,建筑、热泵和带受控负荷住宅的高差异融合,ieee33,no_coordination,No coordination,O(0),20,4692425,4692425,dominant_minus_15pp,5000,"{""bdg2_building_data_genome"":0.3333333333333333,""heapo_heat_pumps"":0.3333333333333333,""smart_grid_smart_city"":0.3333333333333333}","{""bdg2_building_data_genome"":0.18333333333333332,""heapo_heat_pumps"":0.40833333333333327,""smart_grid_smart_city"":0.40833333333333327}","{""bdg2_building_data_genome"":916,""heapo_heat_pumps"":2042,""smart_grid_smart_city"":2042}",False,test,35.3276903748212,35.3276903748212,0.0,0.0,0.8948860000000002,1.0,0,0.0,0.0,0.0,0.0,"{""bdg2_building_data_genome"":{""available_profile_sources"":1570,""logical_devices"":916,""mean_profile_reuse"":1.0,""profile_bootstrap"":false,""selected_unique_profile_sources"":916,""weight"":0.18333333333333332},""heapo_heat_pumps"":{""available_profile_sources"":1362,""logical_devices"":2042,""mean_profile_reuse"":1.9209783631232362,""profile_bootstrap"":true,""selected_unique_profile_sources"":1063,""weight"":0.40833333333333327},""smart_grid_smart_city"":{""available_profile_sources"":5000,""logical_devices"":2042,""mean_profile_reuse"":1.0,""profile_bootstrap"":false,""selected_unique_profile_sources"":2042,""weight"":0.40833333333333327}}",dataset_combinations_mixed_physical_fleet_v1,,,,
predefined_mixed_scenario,S1-B,Building-heat pump-residential,建筑、热泵和带受控负荷住宅的高差异融合,ieee33,no_coordination,No coordination,O(0),21,4692426,4692426,dominant_minus_15pp,5000,"{""bdg2_building_data_genome"":0.3333333333333333,""heapo_heat_pumps"":0.3333333333333333,""smart_grid_smart_city"":0.3333333333333333}","{""bdg2_building_data_genome"":0.18333333333333332,""heapo_heat_pumps"":0.40833333333333327,""smart_grid_smart_city"":0.40833333333333327}","{""bdg2_building_data_genome"":916,""heapo_heat_pumps"":2042,""smart_grid_smart_city"":2042}",False,test,34.368856010425034,34.368856010425034,0.0,0.0,0.8952880000000006,1.0,0,0.0,0.0,0.0,0.0,"{""bdg2_building_data_genome"":{""available_profile_sources"":1570,""logical_devices"":916,""mean_profile_reuse"":1.0,""profile_bootstrap"":false,""selected_unique_profile_sources"":916,""weight"":0.18333333333333332},""heapo_heat_pumps"":{""available_profile_sources"":1362,""logical_devices"":2042,""mean_profile_reuse"":1.9137769447047797,""profile_bootstrap"":true,""selected_unique_profile_sources"":1067,""weight"":0.40833333333333327},""smart_grid_smart_city"":{""available_profile_sources"":5000,""logical_devices"":2042,""mean_profile_reuse"":1.0,""profile_bootstrap"":false,""selected_unique_profile_sources"":2042,""weight"":0.40833333333333327}}",dataset_combinations_mixed_physical_fleet_v1,,,,
predefined_mixed_scenario,S1-B,Building-heat pump-residential,建筑、热泵和带受控负荷住宅的高差异融合,ieee33,no_coordination,No coordination,O(0),22,4692427,4692427,dominant_minus_15pp,5000,"{""bdg2_building_data_genome"":0.3333333333333333,""heapo_heat_pumps"":0.3333333333333333,""smart_grid_smart_city"":0.3333333333333333}","{""bdg2_building_data_genome"":0.18333333333333332,""heapo_heat_pumps"":0.40833333333333327,""smart_grid_smart_city"":0.40833333333333327}","{""bdg2_building_data_genome"":916,""heapo_heat_pumps"":2042,""smart_grid_smart_city"":2042}",False,test,35.434363009484436,35.434363009484436,0.0,0.0,0.8946300000000005,1.0,0,0.0,0.0,0.0,0.0,"{""bdg2_building_data_genome"":{""available_profile_sources"":1570,""logical_devices"":916,""mean_profile_reuse"":1.0,""profile_bootstrap"":false,""selected_unique_profile_sources"":916,""weight"":0.18333333333333332},""heapo_heat_pumps"":{""available_profile_sources"":1362,""logical_devices"":2042,""mean_profile_reuse"":1.9634615384615384,""profile_bootstrap"":true,""selected_unique_profile_sources"":1040,""weight"":0.40833333333333327},""smart_grid_smart_city"":{""available_profile_sources"":5000,""logical_devices"":2042,""mean_profile_reuse"":1.0,""profile_bootstrap"":false,""selected_unique_profile_sources"":2042,""weight"":0.40833333333333327}}",dataset_combinations_mixed_physical_fleet_v1,,,,
predefined_mixed_scenario,S1-B,Building-heat pump-residential,建筑、热泵和带受控负荷住宅的高差异融合,ieee33,no_coordination,No coordination,O(0),23,4692428,4692428,dominant_minus_15pp,5000,"{""bdg2_building_data_genome"":0.3333333333333333,""heapo_heat_pumps"":0.3333333333333333,""smart_grid_smart_city"":0.3333333333333333}","{""bdg2_building_data_genome"":0.18333333333333332,""heapo_heat_pumps"":0.40833333333333327,""smart_grid_smart_city"":0.40833333333333327}","{""bdg2_building_data_genome"":916,""heapo_heat_pumps"":2042,""smart_grid_smart_city"":2042}",False,test,34.41527204580041,34.41527204580041,0.0,0.0,0.8949680000000003,1.0,0,0.0,0.0,0.0,0.0,"{""bdg2_building_data_genome"":{""available_profile_sources"":1570,""logical_devices"":916,""mean_profile_reuse"":1.0,""profile_bootstrap"":false,""selected_unique_profile_sources"":916,""weight"":0.18333333333333332},""heapo_heat_pumps"":{""available_profile_sources"":1362,""logical_devices"":2042,""mean_profile_reuse"":1.9318826868495742,""profile_bootstrap"":true,""selected_unique_profile_sources"":1057,""weight"":0.40833333333333327},""smart_grid_smart_city"":{""available_profile_sources"":5000,""logical_devices"":2042,""mean_profile_reuse"":1.0,""profile_bootstrap"":false,""selected_unique_profile_sources"":2042,""weight"":0.40833333333333327}}",dataset_combinations_mixed_physical_fleet_v1,,,,
predefined_mixed_scenario,S1-B,Building-heat pump-residential,建筑、热泵和带受控负荷住宅的高差异融合,ieee33,no_coordination,No coordination,O(0),24,4692429,4692429,dominant_minus_15pp,5000,"{""bdg2_building_data_genome"":0.3333333333333333,""heapo_heat_pumps"":0.3333333333333333,""smart_grid_smart_city"":0.3333333333333333}","{""bdg2_building_data_genome"":0.18333333333333332,""heapo_heat_pumps"":0.40833333333333327,""smart_grid_smart_city"":0.40833333333333327}","{""bdg2_building_data_genome"":916,""heapo_heat_pumps"":2042,""smart_grid_smart_city"":2042}",False,test,35.4753191970611,35.4753191970611,0.0,0.0,0.895066,1.0,0,0.0,0.0,0.0,0.0,"{""bdg2_building_data_genome"":{""available_profile_sources"":1570,""logical_devices"":916,""mean_profile_reuse"":1.0,""profile_bootstrap"":false,""selected_unique_profile_sources"":916,""weight"":0.18333333333333332},""heapo_heat_pumps"":{""available_profile_sources"":1362,""logical_devices"":2042,""mean_profile_reuse"":1.9429115128449097,""profile_bootstrap"":true,""selected_unique_profile_sources"":1051,""weight"":0.40833333333333327},""smart_grid_smart_city"":{""available_profile_sources"":5000,""logical_devices"":2042,""mean_profile_reuse"":1.0,""profile_bootstrap"":false,""selected_unique_profile_sources"":2042,""weight"":0.40833333333333327}}",dataset_combinations_mixed_physical_fleet_v1,,,,
predefined_mixed_scenario,S1-B,Building-heat pump-residential,建筑、热泵和带受控负荷住宅的高差异融合,ieee33,no_coordination,No coordination,O(0),25,4692430,4692430,dominant_minus_15pp,5000,"{""bdg2_building_data_genome"":0.3333333333333333,""heapo_heat_pumps"":0.3333333333333333,""smart_grid_smart_city"":0.3333333333333333}","{""bdg2_building_data_genome"":0.18333333333333332,""heapo_heat_pumps"":0.40833333333333327,""smart_grid_smart_city"":0.40833333333333327}","{""bdg2_building_data_genome"":916,""heapo_heat_pumps"":2042,""smart_grid_smart_city"":2042}",False,test,35.76185789411478,35.76185789411478,0.0,0.0,0.8948220000000008,1.0,0,0.0,0.0,0.0,0.0,"{""bdg2_building_data_genome"":{""available_profile_sources"":1570,""logical_devices"":916,""mean_profile_reuse"":1.0,""profile_bootstrap"":false,""selected_unique_profile_sources"":916,""weight"":0.18333333333333332},""heapo_heat_pumps"":{""available_profile_sources"":1362,""logical_devices"":2042,""mean_profile_reuse"":1.9209783631232362,""profile_bootstrap"":true,""selected_unique_profile_sources"":1063,""weight"":0.40833333333333327},""smart_grid_smart_city"":{""available_profile_sources"":5000,""logical_devices"":2042,""mean_profile_reuse"":1.0,""profile_bootstrap"":false,""selected_unique_profile_sources"":2042,""weight"":0.40833333333333327}}",dataset_combinations_mixed_physical_fleet_v1,,,,
predefined_mixed_scenario,S1-B,Building-heat pump-residential,建筑、热泵和带受控负荷住宅的高差异融合,ieee33,no_coordination,No coordination,O(0),26,4692431,4692431,dominant_minus_15pp,5000,"{""bdg2_building_data_genome"":0.3333333333333333,""heapo_heat_pumps"":0.3333333333333333,""smart_grid_smart_city"":0.3333333333333333}","{""bdg2_building_data_genome"":0.18333333333333332,""heapo_heat_pumps"":0.40833333333333327,""smart_grid_smart_city"":0.40833333333333327}","{""bdg2_building_data_genome"":916,""heapo_heat_pumps"":2042,""smart_grid_smart_city"":2042}",False,test,37.27286542825839,37.27286542825839,0.0,0.0,0.8941679999999996,1.0,0,0.0,0.0,0.0,0.0,"{""bdg2_building_data_genome"":{""available_profile_sources"":1570,""logical_devices"":916,""mean_profile_reuse"":1.0,""profile_bootstrap"":false,""selected_unique_profile_sources"":916,""weight"":0.18333333333333332},""heapo_heat_pumps"":{""available_profile_sources"":1362,""logical_devices"":2042,""mean_profile_reuse"":1.9355450236966825,""profile_bootstrap"":true,""selected_unique_profile_sources"":1055,""weight"":0.40833333333333327},""smart_grid_smart_city"":{""available_profile_sources"":5000,""logical_devices"":2042,""mean_profile_reuse"":1.0,""profile_bootstrap"":false,""selected_unique_profile_sources"":2042,""weight"":0.40833333333333327}}",dataset_combinations_mixed_physical_fleet_v1,,,,
predefined_mixed_scenario,S1-B,Building-heat pump-residential,建筑、热泵和带受控负荷住宅的高差异融合,ieee33,no_coordination,No coordination,O(0),27,4692432,4692432,dominant_minus_15pp,5000,"{""bdg2_building_data_genome"":0.3333333333333333,""heapo_heat_pumps"":0.3333333333333333,""smart_grid_smart_city"":0.3333333333333333}","{""bdg2_building_data_genome"":0.18333333333333332,""heapo_heat_pumps"":0.40833333333333327,""smart_grid_smart_city"":0.40833333333333327}","{""bdg2_building_data_genome"":916,""heapo_heat_pumps"":2042,""smart_grid_smart_city"":2042}",False,test,36.54227005633674,36.54227005633674,0.0,0.0,0.8952159999999997,1.0,0,0.0,0.0,0.0,0.0,"{""bdg2_building_data_genome"":{""available_profile_sources"":1570,""logical_devices"":916,""mean_profile_reuse"":1.0,""profile_bootstrap"":false,""selected_unique_profile_sources"":916,""weight"":0.18333333333333332},""heapo_heat_pumps"":{""available_profile_sources"":1362,""logical_devices"":2042,""mean_profile_reuse"":1.9245994344957587,""profile_bootstrap"":true,""selected_unique_profile_sources"":1061,""weight"":0.40833333333333327},""smart_grid_smart_city"":{""available_profile_sources"":5000,""logical_devices"":2042,""mean_profile_reuse"":1.0,""profile_bootstrap"":false,""selected_unique_profile_sources"":2042,""weight"":0.40833333333333327}}",dataset_combinations_mixed_physical_fleet_v1,,,,
predefined_mixed_scenario,S1-B,Building-heat pump-residential,建筑、热泵和带受控负荷住宅的高差异融合,ieee33,no_coordination,No coordination,O(0),28,4692433,4692433,dominant_minus_15pp,5000,"{""bdg2_building_data_genome"":0.3333333333333333,""heapo_heat_pumps"":0.3333333333333333,""smart_grid_smart_city"":0.3333333333333333}","{""bdg2_building_data_genome"":0.18333333333333332,""heapo_heat_pumps"":0.40833333333333327,""smart_grid_smart_city"":0.40833333333333327}","{""bdg2_building_data_genome"":916,""heapo_heat_pumps"":2042,""smart_grid_smart_city"":2042}",False,test,35.932429400638355,35.932429400638355,0.0,0.0,0.8951740000000002,1.0,0,0.0,0.0,0.0,0.0,"{""bdg2_building_data_genome"":{""available_profile_sources"":1570,""logical_devices"":916,""mean_profile_reuse"":1.0,""profile_bootstrap"":false,""selected_unique_profile_sources"":916,""weight"":0.18333333333333332},""heapo_heat_pumps"":{""available_profile_sources"":1362,""logical_devices"":2042,""mean_profile_reuse"":1.9559386973180077,""profile_bootstrap"":true,""selected_unique_profile_sources"":1044,""weight"":0.40833333333333327},""smart_grid_smart_city"":{""available_profile_sources"":5000,""logical_devices"":2042,""mean_profile_reuse"":1.0,""profile_bootstrap"":false,""selected_unique_profile_sources"":2042,""weight"":0.40833333333333327}}",dataset_combinations_mixed_physical_fleet_v1,,,,
predefined_mixed_scenario,S1-B,Building-heat pump-residential,建筑、热泵和带受控负荷住宅的高差异融合,ieee33,no_coordination,No coordination,O(0),29,4692434,4692434,dominant_minus_15pp,5000,"{""bdg2_building_data_genome"":0.3333333333333333,""heapo_heat_pumps"":0.3333333333333333,""smart_grid_smart_city"":0.3333333333333333}","{""bdg2_building_data_genome"":0.18333333333333332,""heapo_heat_pumps"":0.40833333333333327,""smart_grid_smart_city"":0.40833333333333327}","{""bdg2_building_data_genome"":916,""heapo_heat_pumps"":2042,""smart_grid_smart_city"":2042}",False,test,36.2794310269736,36.2794310269736,0.0,0.0,0.8945959999999998,1.0,0,0.0,0.0,0.0,0.0,"{""bdg2_building_data_genome"":{""available_profile_sources"":1570,""logical_devices"":916,""mean_profile_reuse"":1.0,""profile_bootstrap"":false,""selected_unique_profile_sources"":916,""weight"":0.18333333333333332},""heapo_heat_pumps"":{""available_profile_sources"":1362,""logical_devices"":2042,""mean_profile_reuse"":1.9373814041745732,""profile_bootstrap"":true,""selected_unique_profile_sources"":1054,""weight"":0.40833333333333327},""smart_grid_smart_city"":{""available_profile_sources"":5000,""logical_devices"":2042,""mean_profile_reuse"":1.0,""profile_bootstrap"":false,""selected_unique_profile_sources"":2042,""weight"":0.40833333333333327}}",dataset_combinations_mixed_physical_fleet_v1,,,,
predefined_mixed_scenario,S1-B,Building-heat pump-residential,建筑、热泵和带受控负荷住宅的高差异融合,ieee33,packetized_energy_management,Packetized Energy Management,O(N log N),0,4692405,5292405,nominal,5000,"{""bdg2_building_data_genome"":0.3333333333333333,""heapo_heat_pumps"":0.3333333333333333,""smart_grid_smart_city"":0.3333333333333333}","{""bdg2_building_data_genome"":0.3333333333333333,""heapo_heat_pumps"":0.3333333333333333,""smart_grid_smart_city"":0.3333333333333333}","{""bdg2_building_data_genome"":1667,""heapo_heat_pumps"":1667,""smart_grid_smart_city"":1666}",False,test,35.059361642193664,25.664910233086857,9.394451409106807,26.795842733772595,0.8947960000000004,0.8368055555555556,0,0.0,9.394451409106807,0.0,0.0,"{""bdg2_building_data_genome"":{""available_profile_sources"":1570,""logical_devices"":1667,""mean_profile_reuse"":1.6215953307392996,""profile_bootstrap"":true,""selected_unique_profile_sources"":1028,""weight"":0.3333333333333333},""heapo_heat_pumps"":{""available_profile_sources"":1362,""logical_devices"":1667,""mean_profile_reuse"":1.7346514047866806,""profile_bootstrap"":true,""selected_unique_profile_sources"":961,""weight"":0.3333333333333333},""smart_grid_smart_city"":{""available_profile_sources"":5000,""logical_devices"":1666,""mean_profile_reuse"":1.0,""profile_bootstrap"":false,""selected_unique_profile_sources"":1666,""weight"":0.3333333333333333}}",dataset_combinations_mixed_physical_fleet_v1,,,,
predefined_mixed_scenario,S1-B,Building-heat pump-residential,建筑、热泵和带受控负荷住宅的高差异融合,ieee33,packetized_energy_management,Packetized Energy Management,O(N log N),1,4692406,5292406,nominal,5000,"{""bdg2_building_data_genome"":0.3333333333333333,""heapo_heat_pumps"":0.3333333333333333,""smart_grid_smart_city"":0.3333333333333333}","{""bdg2_building_data_genome"":0.3333333333333333,""heapo_heat_pumps"":0.3333333333333333,""smart_grid_smart_city"":0.3333333333333333}","{""bdg2_building_data_genome"":1667,""heapo_heat_pumps"":1667,""smart_grid_smart_city"":1666}",False,test,34.11418977118736,24.236477656112868,9.877712115074496,28.954848939185858,0.8950719999999994,0.84375,0,0.0,9.877712115074496,0.0,0.0,"{""bdg2_building_data_genome"":{""available_profile_sources"":1570,""logical_devices"":1667,""mean_profile_reuse"":1.632713026444662,""profile_bootstrap"":true,""selected_unique_profile_sources"":1021,""weight"":0.3333333333333333},""heapo_heat_pumps"":{""available_profile_sources"":1362,""logical_devices"":1667,""mean_profile_reuse"":1.7328482328482329,""profile_bootstrap"":true,""selected_unique_profile_sources"":962,""weight"":0.3333333333333333},""smart_grid_smart_city"":{""available_profile_sources"":5000,""logical_devices"":1666,""mean_profile_reuse"":1.0,""profile_bootstrap"":false,""selected_unique_profile_sources"":1666,""weight"":0.3333333333333333}}",dataset_combinations_mixed_physical_fleet_v1,,,,
predefined_mixed_scenario,S1-B,Building-heat pump-residential,建筑、热泵和带受控负荷住宅的高差异融合,ieee33,packetized_energy_management,Packetized Energy Management,O(N log N),2,4692407,5292407,nominal,5000,"{""bdg2_building_data_genome"":0.3333333333333333,""heapo_heat_pumps"":0.3333333333333333,""smart_grid_smart_city"":0.3333333333333333}","{""bdg2_building_data_genome"":0.3333333333333333,""heapo_heat_pumps"":0.3333333333333333,""smart_grid_smart_city"":0.3333333333333333}","{""bdg2_building_data_genome"":1667,""heapo_heat_pumps"":1667,""smart_grid_smart_city"":1666}",False,test,35.92376450761006,25.941006000445775,9.982758507164286,27.788731620956778,0.8942299999999999,0.8368055555555556,0,0.0,9.982758507164286,0.0,0.0,"{""bdg2_building_data_genome"":{""available_profile_sources"":1570,""logical_devices"":1667,""mean_profile_reuse"":1.6391347099311702,""profile_bootstrap"":true,""selected_unique_profile_sources"":1017,""weight"":0.3333333333333333},""heapo_heat_pumps"":{""available_profile_sources"":1362,""logical_devices"":1667,""mean_profile_reuse"":1.7167868177136971,""profile_bootstrap"":true,""selected_unique_profile_sources"":971,""weight"":0.3333333333333333},""smart_grid_smart_city"":{""available_profile_sources"":5000,""logical_devices"":1666,""mean_profile_reuse"":1.0,""profile_bootstrap"":false,""selected_unique_profile_sources"":1666,""weight"":0.3333333333333333}}",dataset_combinations_mixed_physical_fleet_v1,,,,
predefined_mixed_scenario,S1-B,Building-heat pump-residential,建筑、热泵和带受控负荷住宅的高差异融合,ieee33,packetized_energy_management,Packetized Energy Management,O(N log N),3,4692408,5292408,nominal,5000,"{""bdg2_building_data_genome"":0.3333333333333333,""heapo_heat_pumps"":0.3333333333333333,""smart_grid_smart_city"":0.3333333333333333}","{""bdg2_building_data_genome"":0.3333333333333333,""heapo_heat_pumps"":0.3333333333333333,""smart_grid_smart_city"":0.3333333333333333}","{""bdg2_building_data_genome"":1667,""heapo_heat_pumps"":1667,""smart_grid_smart_city"":1666}",False,test,35.2801345563612,26.058326910607764,9.221807645753433,26.138810868255863,0.8944559999999999,0.8333333333333334,0,0.0,9.221807645753433,0.0,0.0,"{""bdg2_building_data_genome"":{""available_profile_sources"":1570,""logical_devices"":1667,""mean_profile_reuse"":1.6686686686686687,""profile_bootstrap"":true,""selected_unique_profile_sources"":999,""weight"":0.3333333333333333},""heapo_heat_pumps"":{""available_profile_sources"":1362,""logical_devices"":1667,""mean_profile_reuse"":1.7492130115424973,""profile_bootstrap"":true,""selected_unique_profile_sources"":953,""weight"":0.3333333333333333},""smart_grid_smart_city"":{""available_profile_sources"":5000,""logical_devices"":1666,""mean_profile_reuse"":1.0,""profile_bootstrap"":false,""selected_unique_profile_sources"":1666,""weight"":0.3333333333333333}}",dataset_combinations_mixed_physical_fleet_v1,,,,
predefined_mixed_scenario,S1-B,Building-heat pump-residential,建筑、热泵和带受控负荷住宅的高差异融合,ieee33,packetized_energy_management,Packetized Energy Management,O(N log N),4,4692409,5292409,nominal,5000,"{""bdg2_building_data_genome"":0.3333333333333333,""heapo_heat_pumps"":0.3333333333333333,""smart_grid_smart_city"":0.3333333333333333}","{""bdg2_building_data_genome"":0.3333333333333333,""heapo_heat_pumps"":0.3333333333333333,""smart_grid_smart_city"":0.3333333333333333}","{""bdg2_building_data_genome"":1667,""heapo_heat_pumps"":1667,""smart_grid_smart_city"":1666}",False,test,33.7319993914129,24.77265115537238,8.95934823604052,26.560383012224545,0.8953020000000004,0.8368055555555556,0,0.0,8.95934823604052,0.0,0.0,"{""bdg2_building_data_genome"":{""available_profile_sources"":1570,""logical_devices"":1667,""mean_profile_reuse"":1.6359175662414132,""profile_bootstrap"":true,""selected_unique_profile_sources"":1019,""weight"":0.3333333333333333},""heapo_heat_pumps"":{""available_profile_sources"":1362,""logical_devices"":1667,""mean_profile_reuse"":1.683838383838384,""profile_bootstrap"":true,""selected_unique_profile_sources"":990,""weight"":0.3333333333333333},""smart_grid_smart_city"":{""available_profile_sources"":5000,""logical_devices"":1666,""mean_profile_reuse"":1.0,""profile_bootstrap"":false,""selected_unique_profile_sources"":1666,""weight"":0.3333333333333333}}",dataset_combinations_mixed_physical_fleet_v1,,,,
predefined_mixed_scenario,S1-B,Building-heat pump-residential,建筑、热泵和带受控负荷住宅的高差异融合,ieee33,packetized_energy_management,Packetized Energy Management,O(N log N),5,4692410,5292410,nominal,5000,"{""bdg2_building_data_genome"":0.3333333333333333,""heapo_heat_pumps"":0.3333333333333333,""smart_grid_smart_city"":0.3333333333333333}","{""bdg2_building_data_genome"":0.3333333333333333,""heapo_heat_pumps"":0.3333333333333333,""smart_grid_smart_city"":0.3333333333333333}","{""bdg2_building_data_genome"":1667,""heapo_heat_pumps"":1667,""smart_grid_smart_city"":1666}",False,test,34.39155207509888,24.231143403621473,10.160408671477406,29.543326946369557,0.8939779999999994,0.84375,0,0.0,10.160408671477406,0.0,0.0,"{""bdg2_building_data_genome"":{""available_profile_sources"":1570,""logical_devices"":1667,""mean_profile_reuse"":1.6504950495049504,""profile_bootstrap"":true,""selected_unique_profile_sources"":1010,""weight"":0.3333333333333333},""heapo_heat_pumps"":{""available_profile_sources"":1362,""logical_devices"":1667,""mean_profile_reuse"":1.7185567010309277,""profile_bootstrap"":true,""selected_unique_profile_sources"":970,""weight"":0.3333333333333333},""smart_grid_smart_city"":{""available_profile_sources"":5000,""logical_devices"":1666,""mean_profile_reuse"":1.0,""profile_bootstrap"":false,""selected_unique_profile_sources"":1666,""weight"":0.3333333333333333}}",dataset_combinations_mixed_physical_fleet_v1,,,,
predefined_mixed_scenario,S1-B,Building-heat pump-residential,建筑、热泵和带受控负荷住宅的高差异融合,ieee33,packetized_energy_management,Packetized Energy Management,O(N log N),6,4692411,5292411,nominal,5000,"{""bdg2_building_data_genome"":0.3333333333333333,""heapo_heat_pumps"":0.3333333333333333,""smart_grid_smart_city"":0.3333333333333333}","{""bdg2_building_data_genome"":0.3333333333333333,""heapo_heat_pumps"":0.3333333333333333,""smart_grid_smart_city"":0.3333333333333333}","{""bdg2_building_data_genome"":1667,""heapo_heat_pumps"":1667,""smart_grid_smart_city"":1666}",False,test,34.845869563277724,26.3437507431503,8.502118820127425,24.399215535970935,0.895458,0.8298611111111112,0,0.0,8.502118820127425,0.0,0.0,"{""bdg2_building_data_genome"":{""available_profile_sources"":1570,""logical_devices"":1667,""mean_profile_reuse"":1.5861084681255946,""profile_bootstrap"":true,""selected_unique_profile_sources"":1051,""weight"":0.3333333333333333},""heapo_heat_pumps"":{""available_profile_sources"":1362,""logical_devices"":1667,""mean_profile_reuse"":1.7238883143743537,""profile_bootstrap"":true,""selected_unique_profile_sources"":967,""weight"":0.3333333333333333},""smart_grid_smart_city"":{""available_profile_sources"":5000,""logical_devices"":1666,""mean_profile_reuse"":1.0,""profile_bootstrap"":false,""selected_unique_profile_sources"":1666,""weight"":0.3333333333333333}}",dataset_combinations_mixed_physical_fleet_v1,,,,
predefined_mixed_scenario,S1-B,Building-heat pump-residential,建筑、热泵和带受控负荷住宅的高差异融合,ieee33,packetized_energy_management,Packetized Energy Management,O(N log N),7,4692412,5292412,nominal,5000,"{""bdg2_building_data_genome"":0.3333333333333333,""heapo_heat_pumps"":0.3333333333333333,""smart_grid_smart_city"":0.3333333333333333}","{""bdg2_building_data_genome"":0.3333333333333333,""heapo_heat_pumps"":0.3333333333333333,""smart_grid_smart_city"":0.3333333333333333}","{""bdg2_building_data_genome"":1667,""heapo_heat_pumps"":1667,""smart_grid_smart_city"":1666}",False,test,35.94132529087837,26.58026197304619,9.361063317832174,26.045403841042955,0.8949959999999995,0.8333333333333334,0,0.0,9.361063317832174,0.0,0.0,"{""bdg2_building_data_genome"":{""available_profile_sources"":1570,""logical_devices"":1667,""mean_profile_reuse"":1.626341463414634,""profile_bootstrap"":true,""selected_unique_profile_sources"":1025,""weight"":0.3333333333333333},""heapo_heat_pumps"":{""available_profile_sources"":1362,""logical_devices"":1667,""mean_profile_reuse"":1.7565858798735512,""profile_bootstrap"":true,""selected_unique_profile_sources"":949,""weight"":0.3333333333333333},""smart_grid_smart_city"":{""available_profile_sources"":5000,""logical_devices"":1666,""mean_profile_reuse"":1.0,""profile_bootstrap"":false,""selected_unique_profile_sources"":1666,""weight"":0.3333333333333333}}",dataset_combinations_mixed_physical_fleet_v1,,,,
predefined_mixed_scenario,S1-B,Building-heat pump-residential,建筑、热泵和带受控负荷住宅的高差异融合,ieee33,packetized_energy_management,Packetized Energy Management,O(N log N),8,4692413,5292413,nominal,5000,"{""bdg2_building_data_genome"":0.3333333333333333,""heapo_heat_pumps"":0.3333333333333333,""smart_grid_smart_city"":0.3333333333333333}","{""bdg2_building_data_genome"":0.3333333333333333,""heapo_heat_pumps"":0.3333333333333333,""smart_grid_smart_city"":0.3333333333333333}","{""bdg2_building_data_genome"":1667,""heapo_heat_pumps"":1667,""smart_grid_smart_city"":1666}",False,test,34.39170783495104,24.725291973930723,9.666415861020319,28.106821293697696,0.8949939999999996,0.8402777777777778,0,0.0,9.666415861020319,0.0,0.0,"{""bdg2_building_data_genome"":{""available_profile_sources"":1570,""logical_devices"":1667,""mean_profile_reuse"":1.6456071076011847,""profile_bootstrap"":true,""selected_unique_profile_sources"":1013,""weight"":0.3333333333333333},""heapo_heat_pumps"":{""available_profile_sources"":1362,""logical_devices"":1667,""mean_profile_reuse"":1.7364583333333334,""profile_bootstrap"":true,""selected_unique_profile_sources"":960,""weight"":0.3333333333333333},""smart_grid_smart_city"":{""available_profile_sources"":5000,""logical_devices"":1666,""mean_profile_reuse"":1.0,""profile_bootstrap"":false,""selected_unique_profile_sources"":1666,""weight"":0.3333333333333333}}",dataset_combinations_mixed_physical_fleet_v1,,,,
predefined_mixed_scenario,S1-B,Building-heat pump-residential,建筑、热泵和带受控负荷住宅的高差异融合,ieee33,packetized_energy_management,Packetized Energy Management,O(N log N),9,4692414,5292414,nominal,5000,"{""bdg2_building_data_genome"":0.3333333333333333,""heapo_heat_pumps"":0.3333333333333333,""smart_grid_smart_city"":0.3333333333333333}","{""bdg2_building_data_genome"":0.3333333333333333,""heapo_heat_pumps"":0.3333333333333333,""smart_grid_smart_city"":0.3333333333333333}","{""bdg2_building_data_genome"":1667,""heapo_heat_pumps"":1667,""smart_grid_smart_city"":1666}",False,test,35.189356381386276,25.223839762506906,9.965516618879368,28.319689939400877,0.8958839999999997,0.8402777777777778,0,0.0,9.965516618879368,0.0,0.0,"{""bdg2_building_data_genome"":{""available_profile_sources"":1570,""logical_devices"":1667,""mean_profile_reuse"":1.6168768186226965,""profile_bootstrap"":true,""selected_unique_profile_sources"":1031,""weight"":0.3333333333333333},""heapo_heat_pumps"":{""available_profile_sources"":1362,""logical_devices"":1667,""mean_profile_reuse"":1.76215644820296,""profile_bootstrap"":true,""selected_unique_profile_sources"":946,""weight"":0.3333333333333333},""smart_grid_smart_city"":{""available_profile_sources"":5000,""logical_devices"":1666,""mean_profile_reuse"":1.0,""profile_bootstrap"":false,""selected_unique_profile_sources"":1666,""weight"":0.3333333333333333}}",dataset_combinations_mixed_physical_fleet_v1,,,,
predefined_mixed_scenario,S1-B,Building-heat pump-residential,建筑、热泵和带受控负荷住宅的高差异融合,ieee33,packetized_energy_management,Packetized Energy Management,O(N log N),10,4692415,5292415,dominant_plus_15pp,5000,"{""bdg2_building_data_genome"":0.3333333333333333,""heapo_heat_pumps"":0.3333333333333333,""smart_grid_smart_city"":0.3333333333333333}","{""bdg2_building_data_genome"":0.48333333333333334,""heapo_heat_pumps"":0.25833333333333336,""smart_grid_smart_city"":0.25833333333333336}","{""bdg2_building_data_genome"":2416,""heapo_heat_pumps"":1292,""smart_grid_smart_city"":1292}",False,test,31.86490646862508,21.676195441229456,10.188711027395623,31.974708720478002,0.8949239999999993,0.8541666666666666,0,0.0,10.188711027395623,0.0,0.0,"{""bdg2_building_data_genome"":{""available_profile_sources"":1570,""logical_devices"":2416,""mean_profile_reuse"":1.9531123686337915,""profile_bootstrap"":true,""selected_unique_profile_sources"":1237,""weight"":0.48333333333333334},""heapo_heat_pumps"":{""available_profile_sources"":1362,""logical_devices"":1292,""mean_profile_reuse"":1.0,""profile_bootstrap"":false,""selected_unique_profile_sources"":1292,""weight"":0.25833333333333336},""smart_grid_smart_city"":{""available_profile_sources"":5000,""logical_devices"":1292,""mean_profile_reuse"":1.0,""profile_bootstrap"":false,""selected_unique_profile_sources"":1292,""weight"":0.25833333333333336}}",dataset_combinations_mixed_physical_fleet_v1,,,,
predefined_mixed_scenario,S1-B,Building-heat pump-residential,建筑、热泵和带受控负荷住宅的高差异融合,ieee33,packetized_energy_management,Packetized Energy Management,O(N log N),11,4692416,5292416,dominant_plus_15pp,5000,"{""bdg2_building_data_genome"":0.3333333333333333,""heapo_heat_pumps"":0.3333333333333333,""smart_grid_smart_city"":0.3333333333333333}","{""bdg2_building_data_genome"":0.48333333333333334,""heapo_heat_pumps"":0.25833333333333336,""smart_grid_smart_city"":0.25833333333333336}","{""bdg2_building_data_genome"":2416,""heapo_heat_pumps"":1292,""smart_grid_smart_city"":1292}",False,test,33.755738766867616,24.434287910277945,9.321450856589673,27.61441816150973,0.8955500000000002,0.8402777777777778,0,0.0,9.321450856589673,0.0,0.0,"{""bdg2_building_data_genome"":{""available_profile_sources"":1570,""logical_devices"":2416,""mean_profile_reuse"":1.995045417010735,""profile_bootstrap"":true,""selected_unique_profile_sources"":1211,""weight"":0.48333333333333334},""heapo_heat_pumps"":{""available_profile_sources"":1362,""logical_devices"":1292,""mean_profile_reuse"":1.0,""profile_bootstrap"":false,""selected_unique_profile_sources"":1292,""weight"":0.25833333333333336},""smart_grid_smart_city"":{""available_profile_sources"":5000,""logical_devices"":1292,""mean_profile_reuse"":1.0,""profile_bootstrap"":false,""selected_unique_profile_sources"":1292,""weight"":0.25833333333333336}}",dataset_combinations_mixed_physical_fleet_v1,,,,
predefined_mixed_scenario,S1-B,Building-heat pump-residential,建筑、热泵和带受控负荷住宅的高差异融合,ieee33,packetized_energy_management,Packetized Energy Management,O(N log N),12,4692417,5292417,dominant_plus_15pp,5000,"{""bdg2_building_data_genome"":0.3333333333333333,""heapo_heat_pumps"":0.3333333333333333,""smart_grid_smart_city"":0.3333333333333333}","{""bdg2_building_data_genome"":0.48333333333333334,""heapo_heat_pumps"":0.25833333333333336,""smart_grid_smart_city"":0.25833333333333336}","{""bdg2_building_data_genome"":2416,""heapo_heat_pumps"":1292,""smart_grid_smart_city"":1292}",False,test,32.80964871441859,22.625792561476498,10.183856152942095,31.039211183223298,0.8961460000000001,0.8506944444444444,0,0.0,10.183856152942095,0.0,0.0,"{""bdg2_building_data_genome"":{""available_profile_sources"":1570,""logical_devices"":2416,""mean_profile_reuse"":1.959448499594485,""profile_bootstrap"":true,""selected_unique_profile_sources"":1233,""weight"":0.48333333333333334},""heapo_heat_pumps"":{""available_profile_sources"":1362,""logical_devices"":1292,""mean_profile_reuse"":1.0,""profile_bootstrap"":false,""selected_unique_profile_sources"":1292,""weight"":0.25833333333333336},""smart_grid_smart_city"":{""available_profile_sources"":5000,""logical_devices"":1292,""mean_profile_reuse"":1.0,""profile_bootstrap"":false,""selected_unique_profile_sources"":1292,""weight"":0.25833333333333336}}",dataset_combinations_mixed_physical_fleet_v1,,,,
predefined_mixed_scenario,S1-B,Building-heat pump-residential,建筑、热泵和带受控负荷住宅的高差异融合,ieee33,packetized_energy_management,Packetized Energy Management,O(N log N),13,4692418,5292418,dominant_plus_15pp,5000,"{""bdg2_building_data_genome"":0.3333333333333333,""heapo_heat_pumps"":0.3333333333333333,""smart_grid_smart_city"":0.3333333333333333}","{""bdg2_building_data_genome"":0.48333333333333334,""heapo_heat_pumps"":0.25833333333333336,""smart_grid_smart_city"":0.25833333333333336}","{""bdg2_building_data_genome"":2416,""heapo_heat_pumps"":1292,""smart_grid_smart_city"":1292}",False,test,32.73060482826036,22.031624758694058,10.698980069566304,32.68799988788645,0.8955140000000003,0.8541666666666666,0,0.0,10.698980069566304,0.0,0.0,"{""bdg2_building_data_genome"":{""available_profile_sources"":1570,""logical_devices"":2416,""mean_profile_reuse"":1.9483870967741936,""profile_bootstrap"":true,""selected_unique_profile_sources"":1240,""weight"":0.48333333333333334},""heapo_heat_pumps"":{""available_profile_sources"":1362,""logical_devices"":1292,""mean_profile_reuse"":1.0,""profile_bootstrap"":false,""selected_unique_profile_sources"":1292,""weight"":0.25833333333333336},""smart_grid_smart_city"":{""available_profile_sources"":5000,""logical_devices"":1292,""mean_profile_reuse"":1.0,""profile_bootstrap"":false,""selected_unique_profile_sources"":1292,""weight"":0.25833333333333336}}",dataset_combinations_mixed_physical_fleet_v1,,,,
predefined_mixed_scenario,S1-B,Building-heat pump-residential,建筑、热泵和带受控负荷住宅的高差异融合,ieee33,packetized_energy_management,Packetized Energy Management,O(N log N),14,4692419,5292419,dominant_plus_15pp,5000,"{""bdg2_building_data_genome"":0.3333333333333333,""heapo_heat_pumps"":0.3333333333333333,""smart_grid_smart_city"":0.3333333333333333}","{""bdg2_building_data_genome"":0.48333333333333334,""heapo_heat_pumps"":0.25833333333333336,""smart_grid_smart_city"":0.25833333333333336}","{""bdg2_building_data_genome"":2416,""heapo_heat_pumps"":1292,""smart_grid_smart_city"":1292}",False,test,32.56482680467927,21.925494687722804,10.639332116956469,32.6712381452853,0.893972,0.8541666666666666,0,0.0,10.639332116956469,0.0,0.0,"{""bdg2_building_data_genome"":{""available_profile_sources"":1570,""logical_devices"":2416,""mean_profile_reuse"":1.9658258746948738,""profile_bootstrap"":true,""selected_unique_profile_sources"":1229,""weight"":0.48333333333333334},""heapo_heat_pumps"":{""available_profile_sources"":1362,""logical_devices"":1292,""mean_profile_reuse"":1.0,""profile_bootstrap"":false,""selected_unique_profile_sources"":1292,""weight"":0.25833333333333336},""smart_grid_smart_city"":{""available_profile_sources"":5000,""logical_devices"":1292,""mean_profile_reuse"":1.0,""profile_bootstrap"":false,""selected_unique_profile_sources"":1292,""weight"":0.25833333333333336}}",dataset_combinations_mixed_physical_fleet_v1,,,,
predefined_mixed_scenario,S1-B,Building-heat pump-residential,建筑、热泵和带受控负荷住宅的高差异融合,ieee33,packetized_energy_management,Packetized Energy Management,O(N log N),15,4692420,5292420,dominant_plus_15pp,5000,"{""bdg2_building_data_genome"":0.3333333333333333,""heapo_heat_pumps"":0.3333333333333333,""smart_grid_smart_city"":0.3333333333333333}","{""bdg2_building_data_genome"":0.48333333333333334,""heapo_heat_pumps"":0.25833333333333336,""smart_grid_smart_city"":0.25833333333333336}","{""bdg2_building_data_genome"":2416,""heapo_heat_pumps"":1292,""smart_grid_smart_city"":1292}",False,test,31.467091430656698,21.203072198529455,10.264019232127243,32.61826487759705,0.8942120000000005,0.8576388888888888,0,0.0,10.264019232127243,0.0,0.0,"{""bdg2_building_data_genome"":{""available_profile_sources"":1570,""logical_devices"":2416,""mean_profile_reuse"":1.9706362153344208,""profile_bootstrap"":true,""selected_unique_profile_sources"":1226,""weight"":0.48333333333333334},""heapo_heat_pumps"":{""available_profile_sources"":1362,""logical_devices"":1292,""mean_profile_reuse"":1.0,""profile_bootstrap"":false,""selected_unique_profile_sources"":1292,""weight"":0.25833333333333336},""smart_grid_smart_city"":{""available_profile_sources"":5000,""logical_devices"":1292,""mean_profile_reuse"":1.0,""profile_bootstrap"":false,""selected_unique_profile_sources"":1292,""weight"":0.25833333333333336}}",dataset_combinations_mixed_physical_fleet_v1,,,,
predefined_mixed_scenario,S1-B,Building-heat pump-residential,建筑、热泵和带受控负荷住宅的高差异融合,ieee33,packetized_energy_management,Packetized Energy Management,O(N log N),16,4692421,5292421,dominant_plus_15pp,5000,"{""bdg2_building_data_genome"":0.3333333333333333,""heapo_heat_pumps"":0.3333333333333333,""smart_grid_smart_city"":0.3333333333333333}","{""bdg2_building_data_genome"":0.48333333333333334,""heapo_heat_pumps"":0.25833333333333336,""smart_grid_smart_city"":0.25833333333333336}","{""bdg2_building_data_genome"":2416,""heapo_heat_pumps"":1292,""smart_grid_smart_city"":1292}",False,test,32.720107643306136,22.9525273248251,9.76758031848104,29.85191988046312,0.89593,0.8472222222222222,0,0.0,9.76758031848104,0.0,0.0,"{""bdg2_building_data_genome"":{""available_profile_sources"":1570,""logical_devices"":2416,""mean_profile_reuse"":2.0,""profile_bootstrap"":true,""selected_unique_profile_sources"":1208,""weight"":0.48333333333333334},""heapo_heat_pumps"":{""available_profile_sources"":1362,""logical_devices"":1292,""mean_profile_reuse"":1.0,""profile_bootstrap"":false,""selected_unique_profile_sources"":1292,""weight"":0.25833333333333336},""smart_grid_smart_city"":{""available_profile_sources"":5000,""logical_devices"":1292,""mean_profile_reuse"":1.0,""profile_bootstrap"":false,""selected_unique_profile_sources"":1292,""weight"":0.25833333333333336}}",dataset_combinations_mixed_physical_fleet_v1,,,,
predefined_mixed_scenario,S1-B,Building-heat pump-residential,建筑、热泵和带受控负荷住宅的高差异融合,ieee33,packetized_energy_management,Packetized Energy Management,O(N log N),17,4692422,5292422,dominant_plus_15pp,5000,"{""bdg2_building_data_genome"":0.3333333333333333,""heapo_heat_pumps"":0.3333333333333333,""smart_grid_smart_city"":0.3333333333333333}","{""bdg2_building_data_genome"":0.48333333333333334,""heapo_heat_pumps"":0.25833333333333336,""smart_grid_smart_city"":0.25833333333333336}","{""bdg2_building_data_genome"":2416,""heapo_heat_pumps"":1292,""smart_grid_smart_city"":1292}",False,test,32.48397792854776,22.826947443897975,9.657030484649784,29.72859575847371,0.8948979999999997,0.8472222222222222,0,0.0,9.657030484649784,0.0,0.0,"{""bdg2_building_data_genome"":{""available_profile_sources"":1570,""logical_devices"":2416,""mean_profile_reuse"":2.0116569525395502,""profile_bootstrap"":true,""selected_unique_profile_sources"":1201,""weight"":0.48333333333333334},""heapo_heat_pumps"":{""available_profile_sources"":1362,""logical_devices"":1292,""mean_profile_reuse"":1.0,""profile_bootstrap"":false,""selected_unique_profile_sources"":1292,""weight"":0.25833333333333336},""smart_grid_smart_city"":{""available_profile_sources"":5000,""logical_devices"":1292,""mean_profile_reuse"":1.0,""profile_bootstrap"":false,""selected_unique_profile_sources"":1292,""weight"":0.25833333333333336}}",dataset_combinations_mixed_physical_fleet_v1,,,,
predefined_mixed_scenario,S1-B,Building-heat pump-residential,建筑、热泵和带受控负荷住宅的高差异融合,ieee33,packetized_energy_management,Packetized Energy Management,O(N log N),18,4692423,5292423,dominant_plus_15pp,5000,"{""bdg2_building_data_genome"":0.3333333333333333,""heapo_heat_pumps"":0.3333333333333333,""smart_grid_smart_city"":0.3333333333333333}","{""bdg2_building_data_genome"":0.48333333333333334,""heapo_heat_pumps"":0.25833333333333336,""smart_grid_smart_city"":0.25833333333333336}","{""bdg2_building_data_genome"":2416,""heapo_heat_pumps"":1292,""smart_grid_smart_city"":1292}",False,test,31.969367258870555,21.719859535547997,10.24950772332256,32.06040219791533,0.8950599999999996,0.8541666666666666,0,0.0,10.24950772332256,0.0,0.0,"{""bdg2_building_data_genome"":{""available_profile_sources"":1570,""logical_devices"":2416,""mean_profile_reuse"":1.9297124600638977,""profile_bootstrap"":true,""selected_unique_profile_sources"":1252,""weight"":0.48333333333333334},""heapo_heat_pumps"":{""available_profile_sources"":1362,""logical_devices"":1292,""mean_profile_reuse"":1.0,""profile_bootstrap"":false,""selected_unique_profile_sources"":1292,""weight"":0.25833333333333336},""smart_grid_smart_city"":{""available_profile_sources"":5000,""logical_devices"":1292,""mean_profile_reuse"":1.0,""profile_bootstrap"":false,""selected_unique_profile_sources"":1292,""weight"":0.25833333333333336}}",dataset_combinations_mixed_physical_fleet_v1,,,,
predefined_mixed_scenario,S1-B,Building-heat pump-residential,建筑、热泵和带受控负荷住宅的高差异融合,ieee33,packetized_energy_management,Packetized Energy Management,O(N log N),19,4692424,5292424,dominant_plus_15pp,5000,"{""bdg2_building_data_genome"":0.3333333333333333,""heapo_heat_pumps"":0.3333333333333333,""smart_grid_smart_city"":0.3333333333333333}","{""bdg2_building_data_genome"":0.48333333333333334,""heapo_heat_pumps"":0.25833333333333336,""smart_grid_smart_city"":0.25833333333333336}","{""bdg2_building_data_genome"":2416,""heapo_heat_pumps"":1292,""smart_grid_smart_city"":1292}",False,test,32.15637982435094,22.032657823824266,10.123722000526676,31.48277901873868,0.8951939999999997,0.8506944444444444,0,0.0,10.123722000526676,0.0,0.0,"{""bdg2_building_data_genome"":{""available_profile_sources"":1570,""logical_devices"":2416,""mean_profile_reuse"":1.951534733441034,""profile_bootstrap"":true,""selected_unique_profile_sources"":1238,""weight"":0.48333333333333334},""heapo_heat_pumps"":{""available_profile_sources"":1362,""logical_devices"":1292,""mean_profile_reuse"":1.0,""profile_bootstrap"":false,""selected_unique_profile_sources"":1292,""weight"":0.25833333333333336},""smart_grid_smart_city"":{""available_profile_sources"":5000,""logical_devices"":1292,""mean_profile_reuse"":1.0,""profile_bootstrap"":false,""selected_unique_profile_sources"":1292,""weight"":0.25833333333333336}}",dataset_combinations_mixed_physical_fleet_v1,,,,
predefined_mixed_scenario,S1-B,Building-heat pump-residential,建筑、热泵和带受控负荷住宅的高差异融合,ieee33,packetized_energy_management,Packetized Energy Management,O(N log N),20,4692425,5292425,dominant_minus_15pp,5000,"{""bdg2_building_data_genome"":0.3333333333333333,""heapo_heat_pumps"":0.3333333333333333,""smart_grid_smart_city"":0.3333333333333333}","{""bdg2_building_data_genome"":0.18333333333333332,""heapo_heat_pumps"":0.40833333333333327,""smart_grid_smart_city"":0.40833333333333327}","{""bdg2_building_data_genome"":916,""heapo_heat_pumps"":2042,""smart_grid_smart_city"":2042}",False,test,35.3276903748212,25.94592557082693,9.381764803994274,26.55640576685097,0.8948860000000002,0.8368055555555556,0,0.0,9.381764803994274,0.0,0.0,"{""bdg2_building_data_genome"":{""available_profile_sources"":1570,""logical_devices"":916,""mean_profile_reuse"":1.0,""profile_bootstrap"":false,""selected_unique_profile_sources"":916,""weight"":0.18333333333333332},""heapo_heat_pumps"":{""available_profile_sources"":1362,""logical_devices"":2042,""mean_profile_reuse"":1.9209783631232362,""profile_bootstrap"":true,""selected_unique_profile_sources"":1063,""weight"":0.40833333333333327},""smart_grid_smart_city"":{""available_profile_sources"":5000,""logical_devices"":2042,""mean_profile_reuse"":1.0,""profile_bootstrap"":false,""selected_unique_profile_sources"":2042,""weight"":0.40833333333333327}}",dataset_combinations_mixed_physical_fleet_v1,,,,
predefined_mixed_scenario,S1-B,Building-heat pump-residential,建筑、热泵和带受控负荷住宅的高差异融合,ieee33,packetized_energy_management,Packetized Energy Management,O(N log N),21,4692426,5292426,dominant_minus_15pp,5000,"{""bdg2_building_data_genome"":0.3333333333333333,""heapo_heat_pumps"":0.3333333333333333,""smart_grid_smart_city"":0.3333333333333333}","{""bdg2_building_data_genome"":0.18333333333333332,""heapo_heat_pumps"":0.40833333333333327,""smart_grid_smart_city"":0.40833333333333327}","{""bdg2_building_data_genome"":916,""heapo_heat_pumps"":2042,""smart_grid_smart_city"":2042}",False,test,34.368856010425034,24.924804108274515,9.44405190215052,27.478516885420554,0.8952880000000006,0.8402777777777778,0,0.0,9.44405190215052,0.0,0.0,"{""bdg2_building_data_genome"":{""available_profile_sources"":1570,""logical_devices"":916,""mean_profile_reuse"":1.0,""profile_bootstrap"":false,""selected_unique_profile_sources"":916,""weight"":0.18333333333333332},""heapo_heat_pumps"":{""available_profile_sources"":1362,""logical_devices"":2042,""mean_profile_reuse"":1.9137769447047797,""profile_bootstrap"":true,""selected_unique_profile_sources"":1067,""weight"":0.40833333333333327},""smart_grid_smart_city"":{""available_profile_sources"":5000,""logical_devices"":2042,""mean_profile_reuse"":1.0,""profile_bootstrap"":false,""selected_unique_profile_sources"":2042,""weight"":0.40833333333333327}}",dataset_combinations_mixed_physical_fleet_v1,,,,
predefined_mixed_scenario,S1-B,Building-heat pump-residential,建筑、热泵和带受控负荷住宅的高差异融合,ieee33,packetized_energy_management,Packetized Energy Management,O(N log N),22,4692427,5292427,dominant_minus_15pp,5000,"{""bdg2_building_data_genome"":0.3333333333333333,""heapo_heat_pumps"":0.3333333333333333,""smart_grid_smart_city"":0.3333333333333333}","{""bdg2_building_data_genome"":0.18333333333333332,""heapo_heat_pumps"":0.40833333333333327,""smart_grid_smart_city"":0.40833333333333327}","{""bdg2_building_data_genome"":916,""heapo_heat_pumps"":2042,""smart_grid_smart_city"":2042}",False,test,35.434363009484436,25.984082893479503,9.450280116004935,26.6698179771863,0.8946300000000005,0.8368055555555556,0,0.0,9.450280116004935,0.0,0.0,"{""bdg2_building_data_genome"":{""available_profile_sources"":1570,""logical_devices"":916,""mean_profile_reuse"":1.0,""profile_bootstrap"":false,""selected_unique_profile_sources"":916,""weight"":0.18333333333333332},""heapo_heat_pumps"":{""available_profile_sources"":1362,""logical_devices"":2042,""mean_profile_reuse"":1.9634615384615384,""profile_bootstrap"":true,""selected_unique_profile_sources"":1040,""weight"":0.40833333333333327},""smart_grid_smart_city"":{""available_profile_sources"":5000,""logical_devices"":2042,""mean_profile_reuse"":1.0,""profile_bootstrap"":false,""selected_unique_profile_sources"":2042,""weight"":0.40833333333333327}}",dataset_combinations_mixed_physical_fleet_v1,,,,
predefined_mixed_scenario,S1-B,Building-heat pump-residential,建筑、热泵和带受控负荷住宅的高差异融合,ieee33,packetized_energy_management,Packetized Energy Management,O(N log N),23,4692428,5292428,dominant_minus_15pp,5000,"{""bdg2_building_data_genome"":0.3333333333333333,""heapo_heat_pumps"":0.3333333333333333,""smart_grid_smart_city"":0.3333333333333333}","{""bdg2_building_data_genome"":0.18333333333333332,""heapo_heat_pumps"":0.40833333333333327,""smart_grid_smart_city"":0.40833333333333327}","{""bdg2_building_data_genome"":916,""heapo_heat_pumps"":2042,""smart_grid_smart_city"":2042}",False,test,34.41527204580041,24.856141672194966,9.559130373605441,27.77583847334984,0.8949680000000003,0.8402777777777778,0,0.0,9.559130373605441,0.0,0.0,"{""bdg2_building_data_genome"":{""available_profile_sources"":1570,""logical_devices"":916,""mean_profile_reuse"":1.0,""profile_bootstrap"":false,""selected_unique_profile_sources"":916,""weight"":0.18333333333333332},""heapo_heat_pumps"":{""available_profile_sources"":1362,""logical_devices"":2042,""mean_profile_reuse"":1.9318826868495742,""profile_bootstrap"":true,""selected_unique_profile_sources"":1057,""weight"":0.40833333333333327},""smart_grid_smart_city"":{""available_profile_sources"":5000,""logical_devices"":2042,""mean_profile_reuse"":1.0,""profile_bootstrap"":false,""selected_unique_profile_sources"":2042,""weight"":0.40833333333333327}}",dataset_combinations_mixed_physical_fleet_v1,,,,
predefined_mixed_scenario,S1-B,Building-heat pump-residential,建筑、热泵和带受控负荷住宅的高差异融合,ieee33,packetized_energy_management,Packetized Energy Management,O(N log N),24,4692429,5292429,dominant_minus_15pp,5000,"{""bdg2_building_data_genome"":0.3333333333333333,""heapo_heat_pumps"":0.3333333333333333,""smart_grid_smart_city"":0.3333333333333333}","{""bdg2_building_data_genome"":0.18333333333333332,""heapo_heat_pumps"":0.40833333333333327,""smart_grid_smart_city"":0.40833333333333327}","{""bdg2_building_data_genome"":916,""heapo_heat_pumps"":2042,""smart_grid_smart_city"":2042}",False,test,35.4753191970611,26.404557863027712,9.070761334033387,25.569216963620274,0.895066,0.8333333333333334,0,0.0,9.070761334033387,0.0,0.0,"{""bdg2_building_data_genome"":{""available_profile_sources"":1570,""logical_devices"":916,""mean_profile_reuse"":1.0,""profile_bootstrap"":false,""selected_unique_profile_sources"":916,""weight"":0.18333333333333332},""heapo_heat_pumps"":{""available_profile_sources"":1362,""logical_devices"":2042,""mean_profile_reuse"":1.9429115128449097,""profile_bootstrap"":true,""selected_unique_profile_sources"":1051,""weight"":0.40833333333333327},""smart_grid_smart_city"":{""available_profile_sources"":5000,""logical_devices"":2042,""mean_profile_reuse"":1.0,""profile_bootstrap"":false,""selected_unique_profile_sources"":2042,""weight"":0.40833333333333327}}",dataset_combinations_mixed_physical_fleet_v1,,,,
predefined_mixed_scenario,S1-B,Building-heat pump-residential,建筑、热泵和带受控负荷住宅的高差异融合,ieee33,packetized_energy_management,Packetized Energy Management,O(N log N),25,4692430,5292430,dominant_minus_15pp,5000,"{""bdg2_building_data_genome"":0.3333333333333333,""heapo_heat_pumps"":0.3333333333333333,""smart_grid_smart_city"":0.3333333333333333}","{""bdg2_building_data_genome"":0.18333333333333332,""heapo_heat_pumps"":0.40833333333333327,""smart_grid_smart_city"":0.40833333333333327}","{""bdg2_building_data_genome"":916,""heapo_heat_pumps"":2042,""smart_grid_smart_city"":2042}",False,test,35.76185789411478,26.464097099815064,9.29776079429972,25.999098877437863,0.8948220000000008,0.8333333333333334,0,0.0,9.29776079429972,0.0,0.0,"{""bdg2_building_data_genome"":{""available_profile_sources"":1570,""logical_devices"":916,""mean_profile_reuse"":1.0,""profile_bootstrap"":false,""selected_unique_profile_sources"":916,""weight"":0.18333333333333332},""heapo_heat_pumps"":{""available_profile_sources"":1362,""logical_devices"":2042,""mean_profile_reuse"":1.9209783631232362,""profile_bootstrap"":true,""selected_unique_profile_sources"":1063,""weight"":0.40833333333333327},""smart_grid_smart_city"":{""available_profile_sources"":5000,""logical_devices"":2042,""mean_profile_reuse"":1.0,""profile_bootstrap"":false,""selected_unique_profile_sources"":2042,""weight"":0.40833333333333327}}",dataset_combinations_mixed_physical_fleet_v1,,,,
predefined_mixed_scenario,S1-B,Building-heat pump-residential,建筑、热泵和带受控负荷住宅的高差异融合,ieee33,packetized_energy_management,Packetized Energy Management,O(N log N),26,4692431,5292431,dominant_minus_15pp,5000,"{""bdg2_building_data_genome"":0.3333333333333333,""heapo_heat_pumps"":0.3333333333333333,""smart_grid_smart_city"":0.3333333333333333}","{""bdg2_building_data_genome"":0.18333333333333332,""heapo_heat_pumps"":0.40833333333333327,""smart_grid_smart_city"":0.40833333333333327}","{""bdg2_building_data_genome"":916,""heapo_heat_pumps"":2042,""smart_grid_smart_city"":2042}",False,test,37.27286542825839,28.369913114581465,8.902952313676929,23.88588108637111,0.8941679999999996,0.8263888888888888,0,0.0,8.902952313676929,0.0,0.0,"{""bdg2_building_data_genome"":{""available_profile_sources"":1570,""logical_devices"":916,""mean_profile_reuse"":1.0,""profile_bootstrap"":false,""selected_unique_profile_sources"":916,""weight"":0.18333333333333332},""heapo_heat_pumps"":{""available_profile_sources"":1362,""logical_devices"":2042,""mean_profile_reuse"":1.9355450236966825,""profile_bootstrap"":true,""selected_unique_profile_sources"":1055,""weight"":0.40833333333333327},""smart_grid_smart_city"":{""available_profile_sources"":5000,""logical_devices"":2042,""mean_profile_reuse"":1.0,""profile_bootstrap"":false,""selected_unique_profile_sources"":2042,""weight"":0.40833333333333327}}",dataset_combinations_mixed_physical_fleet_v1,,,,
predefined_mixed_scenario,S1-B,Building-heat pump-residential,建筑、热泵和带受控负荷住宅的高差异融合,ieee33,packetized_energy_management,Packetized Energy Management,O(N log N),27,4692432,5292432,dominant_minus_15pp,5000,"{""bdg2_building_data_genome"":0.3333333333333333,""heapo_heat_pumps"":0.3333333333333333,""smart_grid_smart_city"":0.3333333333333333}","{""bdg2_building_data_genome"":0.18333333333333332,""heapo_heat_pumps"":0.40833333333333327,""smart_grid_smart_city"":0.40833333333333327}","{""bdg2_building_data_genome"":916,""heapo_heat_pumps"":2042,""smart_grid_smart_city"":2042}",False,test,36.54227005633674,27.388796770135432,9.153473286201308,25.049000163617418,0.8952159999999997,0.8298611111111112,0,0.0,9.153473286201308,0.0,0.0,"{""bdg2_building_data_genome"":{""available_profile_sources"":1570,""logical_devices"":916,""mean_profile_reuse"":1.0,""profile_bootstrap"":false,""selected_unique_profile_sources"":916,""weight"":0.18333333333333332},""heapo_heat_pumps"":{""available_profile_sources"":1362,""logical_devices"":2042,""mean_profile_reuse"":1.9245994344957587,""profile_bootstrap"":true,""selected_unique_profile_sources"":1061,""weight"":0.40833333333333327},""smart_grid_smart_city"":{""available_profile_sources"":5000,""logical_devices"":2042,""mean_profile_reuse"":1.0,""profile_bootstrap"":false,""selected_unique_profile_sources"":2042,""weight"":0.40833333333333327}}",dataset_combinations_mixed_physical_fleet_v1,,,,
predefined_mixed_scenario,S1-B,Building-heat pump-residential,建筑、热泵和带受控负荷住宅的高差异融合,ieee33,packetized_energy_management,Packetized Energy Management,O(N log N),28,4692433,5292433,dominant_minus_15pp,5000,"{""bdg2_building_data_genome"":0.3333333333333333,""heapo_heat_pumps"":0.3333333333333333,""smart_grid_smart_city"":0.3333333333333333}","{""bdg2_building_data_genome"":0.18333333333333332,""heapo_heat_pumps"":0.40833333333333327,""smart_grid_smart_city"":0.40833333333333327}","{""bdg2_building_data_genome"":916,""heapo_heat_pumps"":2042,""smart_grid_smart_city"":2042}",False,test,35.932429400638355,26.384666460787322,9.547762939851031,26.571437275770204,0.8951740000000002,0.8368055555555556,0,0.0,9.547762939851031,0.0,0.0,"{""bdg2_building_data_genome"":{""available_profile_sources"":1570,""logical_devices"":916,""mean_profile_reuse"":1.0,""profile_bootstrap"":false,""selected_unique_profile_sources"":916,""weight"":0.18333333333333332},""heapo_heat_pumps"":{""available_profile_sources"":1362,""logical_devices"":2042,""mean_profile_reuse"":1.9559386973180077,""profile_bootstrap"":true,""selected_unique_profile_sources"":1044,""weight"":0.40833333333333327},""smart_grid_smart_city"":{""available_profile_sources"":5000,""logical_devices"":2042,""mean_profile_reuse"":1.0,""profile_bootstrap"":false,""selected_unique_profile_sources"":2042,""weight"":0.40833333333333327}}",dataset_combinations_mixed_physical_fleet_v1,,,,
predefined_mixed_scenario,S1-B,Building-heat pump-residential,建筑、热泵和带受控负荷住宅的高差异融合,ieee33,packetized_energy_management,Packetized Energy Management,O(N log N),29,4692434,5292434,dominant_minus_15pp,5000,"{""bdg2_building_data_genome"":0.3333333333333333,""heapo_heat_pumps"":0.3333333333333333,""smart_grid_smart_city"":0.3333333333333333}","{""bdg2_building_data_genome"":0.18333333333333332,""heapo_heat_pumps"":0.40833333333333327,""smart_grid_smart_city"":0.40833333333333327}","{""bdg2_building_data_genome"":916,""heapo_heat_pumps"":2042,""smart_grid_smart_city"":2042}",False,test,36.2794310269736,26.826006531798996,9.4534244951746,26.057256763883707,0.8945959999999998,0.8333333333333334,0,0.0,9.4534244951746,0.0,0.0,"{""bdg2_building_data_genome"":{""available_profile_sources"":1570,""logical_devices"":916,""mean_profile_reuse"":1.0,""profile_bootstrap"":false,""selected_unique_profile_sources"":916,""weight"":0.18333333333333332},""heapo_heat_pumps"":{""available_profile_sources"":1362,""logical_devices"":2042,""mean_profile_reuse"":1.9373814041745732,""profile_bootstrap"":true,""selected_unique_profile_sources"":1054,""weight"":0.40833333333333327},""smart_grid_smart_city"":{""available_profile_sources"":5000,""logical_devices"":2042,""mean_profile_reuse"":1.0,""profile_bootstrap"":false,""selected_unique_profile_sources"":2042,""weight"":0.40833333333333327}}",dataset_combinations_mixed_physical_fleet_v1,,,,
predefined_mixed_scenario,S1-B,Building-heat pump-residential,建筑、热泵和带受控负荷住宅的高差异融合,ieee33,transactive_control,Transactive control,O(N log N),0,4692405,5392405,nominal,5000,"{""bdg2_building_data_genome"":0.3333333333333333,""heapo_heat_pumps"":0.3333333333333333,""smart_grid_smart_city"":0.3333333333333333}","{""bdg2_building_data_genome"":0.3333333333333333,""heapo_heat_pumps"":0.3333333333333333,""smart_grid_smart_city"":0.3333333333333333}","{""bdg2_building_data_genome"":1667,""heapo_heat_pumps"":1667,""smart_grid_smart_city"":1666}",False,test,35.059361642193664,26.87572880294638,8.183632839247284,23.342218614152824,0.8947960000000004,0.7986397375410834,0,0.0,8.81137303608481,0.6277401968375246,0.0,"{""bdg2_building_data_genome"":{""available_profile_sources"":1570,""logical_devices"":1667,""mean_profile_reuse"":1.6215953307392996,""profile_bootstrap"":true,""selected_unique_profile_sources"":1028,""weight"":0.3333333333333333},""heapo_heat_pumps"":{""available_profile_sources"":1362,""logical_devices"":1667,""mean_profile_reuse"":1.7346514047866806,""profile_bootstrap"":true,""selected_unique_profile_sources"":961,""weight"":0.3333333333333333},""smart_grid_smart_city"":{""available_profile_sources"":5000,""logical_devices"":1666,""mean_profile_reuse"":1.0,""profile_bootstrap"":false,""selected_unique_profile_sources"":1666,""weight"":0.3333333333333333}}",dataset_combinations_mixed_physical_fleet_v1,,,,
predefined_mixed_scenario,S1-B,Building-heat pump-residential,建筑、热泵和带受控负荷住宅的高差异融合,ieee33,transactive_control,Transactive control,O(N log N),1,4692406,5392406,nominal,5000,"{""bdg2_building_data_genome"":0.3333333333333333,""heapo_heat_pumps"":0.3333333333333333,""smart_grid_smart_city"":0.3333333333333333}","{""bdg2_building_data_genome"":0.3333333333333333,""heapo_heat_pumps"":0.3333333333333333,""smart_grid_smart_city"":0.3333333333333333}","{""bdg2_building_data_genome"":1667,""heapo_heat_pumps"":1667,""smart_grid_smart_city"":1666}",False,test,34.11418977118736,26.024417548214423,8.089772222972941,23.713804364791077,0.8950719999999994,0.801858818768474,0,0.0,8.704230458781847,0.6144582358089089,0.0,"{""bdg2_building_data_genome"":{""available_profile_sources"":1570,""logical_devices"":1667,""mean_profile_reuse"":1.632713026444662,""profile_bootstrap"":true,""selected_unique_profile_sources"":1021,""weight"":0.3333333333333333},""heapo_heat_pumps"":{""available_profile_sources"":1362,""logical_devices"":1667,""mean_profile_reuse"":1.7328482328482329,""profile_bootstrap"":true,""selected_unique_profile_sources"":962,""weight"":0.3333333333333333},""smart_grid_smart_city"":{""available_profile_sources"":5000,""logical_devices"":1666,""mean_profile_reuse"":1.0,""profile_bootstrap"":false,""selected_unique_profile_sources"":1666,""weight"":0.3333333333333333}}",dataset_combinations_mixed_physical_fleet_v1,,,,
predefined_mixed_scenario,S1-B,Building-heat pump-residential,建筑、热泵和带受控负荷住宅的高差异融合,ieee33,transactive_control,Transactive control,O(N log N),2,4692407,5392407,nominal,5000,"{""bdg2_building_data_genome"":0.3333333333333333,""heapo_heat_pumps"":0.3333333333333333,""smart_grid_smart_city"":0.3333333333333333}","{""bdg2_building_data_genome"":0.3333333333333333,""heapo_heat_pumps"":0.3333333333333333,""smart_grid_smart_city"":0.3333333333333333}","{""bdg2_building_data_genome"":1667,""heapo_heat_pumps"":1667,""smart_grid_smart_city"":1666}",False,test,35.92376450761006,27.171413918691073,8.752350588918988,24.363678776106266,0.8942299999999999,0.8017642158018198,0,0.0,9.36492144701449,0.6125708580955032,0.0,"{""bdg2_building_data_genome"":{""available_profile_sources"":1570,""logical_devices"":1667,""mean_profile_reuse"":1.6391347099311702,""profile_bootstrap"":true,""selected_unique_profile_sources"":1017,""weight"":0.3333333333333333},""heapo_heat_pumps"":{""available_profile_sources"":1362,""logical_devices"":1667,""mean_profile_reuse"":1.7167868177136971,""profile_bootstrap"":true,""selected_unique_profile_sources"":971,""weight"":0.3333333333333333},""smart_grid_smart_city"":{""available_profile_sources"":5000,""logical_devices"":1666,""mean_profile_reuse"":1.0,""profile_bootstrap"":false,""selected_unique_profile_sources"":1666,""weight"":0.3333333333333333}}",dataset_combinations_mixed_physical_fleet_v1,,,,
predefined_mixed_scenario,S1-B,Building-heat pump-residential,建筑、热泵和带受控负荷住宅的高差异融合,ieee33,transactive_control,Transactive control,O(N log N),3,4692408,5392408,nominal,5000,"{""bdg2_building_data_genome"":0.3333333333333333,""heapo_heat_pumps"":0.3333333333333333,""smart_grid_smart_city"":0.3333333333333333}","{""bdg2_building_data_genome"":0.3333333333333333,""heapo_heat_pumps"":0.3333333333333333,""smart_grid_smart_city"":0.3333333333333333}","{""bdg2_building_data_genome"":1667,""heapo_heat_pumps"":1667,""smart_grid_smart_city"":1666}",False,test,35.2801345563612,26.975709435103585,8.304425121257612,23.538530183299088,0.8944559999999999,0.8008769700619817,0,0.0,8.911463229485042,0.6070381082274282,0.0,"{""bdg2_building_data_genome"":{""available_profile_sources"":1570,""logical_devices"":1667,""mean_profile_reuse"":1.6686686686686687,""profile_bootstrap"":true,""selected_unique_profile_sources"":999,""weight"":0.3333333333333333},""heapo_heat_pumps"":{""available_profile_sources"":1362,""logical_devices"":1667,""mean_profile_reuse"":1.7492130115424973,""profile_bootstrap"":true,""selected_unique_profile_sources"":953,""weight"":0.3333333333333333},""smart_grid_smart_city"":{""available_profile_sources"":5000,""logical_devices"":1666,""mean_profile_reuse"":1.0,""profile_bootstrap"":false,""selected_unique_profile_sources"":1666,""weight"":0.3333333333333333}}",dataset_combinations_mixed_physical_fleet_v1,,,,
predefined_mixed_scenario,S1-B,Building-heat pump-residential,建筑、热泵和带受控负荷住宅的高差异融合,ieee33,transactive_control,Transactive control,O(N log N),4,4692409,5392409,nominal,5000,"{""bdg2_building_data_genome"":0.3333333333333333,""heapo_heat_pumps"":0.3333333333333333,""smart_grid_smart_city"":0.3333333333333333}","{""bdg2_building_data_genome"":0.3333333333333333,""heapo_heat_pumps"":0.3333333333333333,""smart_grid_smart_city"":0.3333333333333333}","{""bdg2_building_data_genome"":1667,""heapo_heat_pumps"":1667,""smart_grid_smart_city"":1666}",False,test,33.7319993914129,27.553973730343635,6.178025661069263,18.315029564010942,0.8953020000000004,0.7869942611521774,0,0.0,6.704820751545824,0.52679509047656,0.0,"{""bdg2_building_data_genome"":{""available_profile_sources"":1570,""logical_devices"":1667,""mean_profile_reuse"":1.6359175662414132,""profile_bootstrap"":true,""selected_unique_profile_sources"":1019,""weight"":0.3333333333333333},""heapo_heat_pumps"":{""available_profile_sources"":1362,""logical_devices"":1667,""mean_profile_reuse"":1.683838383838384,""profile_bootstrap"":true,""selected_unique_profile_sources"":990,""weight"":0.3333333333333333},""smart_grid_smart_city"":{""available_profile_sources"":5000,""logical_devices"":1666,""mean_profile_reuse"":1.0,""profile_bootstrap"":false,""selected_unique_profile_sources"":1666,""weight"":0.3333333333333333}}",dataset_combinations_mixed_physical_fleet_v1,,,,
predefined_mixed_scenario,S1-B,Building-heat pump-residential,建筑、热泵和带受控负荷住宅的高差异融合,ieee33,transactive_control,Transactive control,O(N log N),5,4692410,5392410,nominal,5000,"{""bdg2_building_data_genome"":0.3333333333333333,""heapo_heat_pumps"":0.3333333333333333,""smart_grid_smart_city"":0.3333333333333333}","{""bdg2_building_data_genome"":0.3333333333333333,""heapo_heat_pumps"":0.3333333333333333,""smart_grid_smart_city"":0.3333333333333333}","{""bdg2_building_data_genome"":1667,""heapo_heat_pumps"":1667,""smart_grid_smart_city"":1666}",False,test,34.39155207509888,25.832024952389038,8.559527122709842,24.88845837494885,0.8939779999999994,0.8052986350679784,0,0.0,9.236448577572911,0.6769214548630689,0.0,"{""bdg2_building_data_genome"":{""available_profile_sources"":1570,""logical_devices"":1667,""mean_profile_reuse"":1.6504950495049504,""profile_bootstrap"":true,""selected_unique_profile_sources"":1010,""weight"":0.3333333333333333},""heapo_heat_pumps"":{""available_profile_sources"":1362,""logical_devices"":1667,""mean_profile_reuse"":1.7185567010309277,""profile_bootstrap"":true,""selected_unique_profile_sources"":970,""weight"":0.3333333333333333},""smart_grid_smart_city"":{""available_profile_sources"":5000,""logical_devices"":1666,""mean_profile_reuse"":1.0,""profile_bootstrap"":false,""selected_unique_profile_sources"":1666,""weight"":0.3333333333333333}}",dataset_combinations_mixed_physical_fleet_v1,,,,
predefined_mixed_scenario,S1-B,Building-heat pump-residential,建筑、热泵和带受控负荷住宅的高差异融合,ieee33,transactive_control,Transactive control,O(N log N),6,4692411,5392411,nominal,5000,"{""bdg2_building_data_genome"":0.3333333333333333,""heapo_heat_pumps"":0.3333333333333333,""smart_grid_smart_city"":0.3333333333333333}","{""bdg2_building_data_genome"":0.3333333333333333,""heapo_heat_pumps"":0.3333333333333333,""smart_grid_smart_city"":0.3333333333333333}","{""bdg2_building_data_genome"":1667,""heapo_heat_pumps"":1667,""smart_grid_smart_city"":1666}",False,test,34.845869563277724,27.913510173060526,6.932359390217197,19.894350398197137,0.895458,0.7928249720275287,0,0.0,7.470613227562388,0.5382538373451905,0.0,"{""bdg2_building_data_genome"":{""available_profile_sources"":1570,""logical_devices"":1667,""mean_profile_reuse"":1.5861084681255946,""profile_bootstrap"":true,""selected_unique_profile_sources"":1051,""weight"":0.3333333333333333},""heapo_heat_pumps"":{""available_profile_sources"":1362,""logical_devices"":1667,""mean_profile_reuse"":1.7238883143743537,""profile_bootstrap"":true,""selected_unique_profile_sources"":967,""weight"":0.3333333333333333},""smart_grid_smart_city"":{""available_profile_sources"":5000,""logical_devices"":1666,""mean_profile_reuse"":1.0,""profile_bootstrap"":false,""selected_unique_profile_sources"":1666,""weight"":0.3333333333333333}}",dataset_combinations_mixed_physical_fleet_v1,,,,
predefined_mixed_scenario,S1-B,Building-heat pump-residential,建筑、热泵和带受控负荷住宅的高差异融合,ieee33,transactive_control,Transactive control,O(N log N),7,4692412,5392412,nominal,5000,"{""bdg2_building_data_genome"":0.3333333333333333,""heapo_heat_pumps"":0.3333333333333333,""smart_grid_smart_city"":0.3333333333333333}","{""bdg2_building_data_genome"":0.3333333333333333,""heapo_heat_pumps"":0.3333333333333333,""smart_grid_smart_city"":0.3333333333333333}","{""bdg2_building_data_genome"":1667,""heapo_heat_pumps"":1667,""smart_grid_smart_city"":1666}",False,test,35.94132529087837,28.785443745103574,7.155881545774792,19.909898947412774,0.8949959999999995,0.7929592445806664,0,0.0,7.68185568684687,0.5259741410720763,0.0,"{""bdg2_building_data_genome"":{""available_profile_sources"":1570,""logical_devices"":1667,""mean_profile_reuse"":1.626341463414634,""profile_bootstrap"":true,""selected_unique_profile_sources"":1025,""weight"":0.3333333333333333},""heapo_heat_pumps"":{""available_profile_sources"":1362,""logical_devices"":1667,""mean_profile_reuse"":1.7565858798735512,""profile_bootstrap"":true,""selected_unique_profile_sources"":949,""weight"":0.3333333333333333},""smart_grid_smart_city"":{""available_profile_sources"":5000,""logical_devices"":1666,""mean_profile_reuse"":1.0,""profile_bootstrap"":false,""selected_unique_profile_sources"":1666,""weight"":0.3333333333333333}}",dataset_combinations_mixed_physical_fleet_v1,,,,
predefined_mixed_scenario,S1-B,Building-heat pump-residential,建筑、热泵和带受控负荷住宅的高差异融合,ieee33,transactive_control,Transactive control,O(N log N),8,4692413,5392413,nominal,5000,"{""bdg2_building_data_genome"":0.3333333333333333,""heapo_heat_pumps"":0.3333333333333333,""smart_grid_smart_city"":0.3333333333333333}","{""bdg2_building_data_genome"":0.3333333333333333,""heapo_heat_pumps"":0.3333333333333333,""smart_grid_smart_city"":0.3333333333333333}","{""bdg2_building_data_genome"":1667,""heapo_heat_pumps"":1667,""smart_grid_smart_city"":1666}",False,test,34.39170783495104,26.13041874566223,8.261289089288812,24.021165592983916,0.8949939999999996,0.7984372604458866,0,0.0,8.828750417335229,0.5674613280464165,0.0,"{""bdg2_building_data_genome"":{""available_profile_sources"":1570,""logical_devices"":1667,""mean_profile_reuse"":1.6456071076011847,""profile_bootstrap"":true,""selected_unique_profile_sources"":1013,""weight"":0.3333333333333333},""heapo_heat_pumps"":{""available_profile_sources"":1362,""logical_devices"":1667,""mean_profile_reuse"":1.7364583333333334,""profile_bootstrap"":true,""selected_unique_profile_sources"":960,""weight"":0.3333333333333333},""smart_grid_smart_city"":{""available_profile_sources"":5000,""logical_devices"":1666,""mean_profile_reuse"":1.0,""profile_bootstrap"":false,""selected_unique_profile_sources"":1666,""weight"":0.3333333333333333}}",dataset_combinations_mixed_physical_fleet_v1,,,,
predefined_mixed_scenario,S1-B,Building-heat pump-residential,建筑、热泵和带受控负荷住宅的高差异融合,ieee33,transactive_control,Transactive control,O(N log N),9,4692414,5392414,nominal,5000,"{""bdg2_building_data_genome"":0.3333333333333333,""heapo_heat_pumps"":0.3333333333333333,""smart_grid_smart_city"":0.3333333333333333}","{""bdg2_building_data_genome"":0.3333333333333333,""heapo_heat_pumps"":0.3333333333333333,""smart_grid_smart_city"":0.3333333333333333}","{""bdg2_building_data_genome"":1667,""heapo_heat_pumps"":1667,""smart_grid_smart_city"":1666}",False,test,35.189356381386276,27.088678611875793,8.100677769510485,23.0202498781575,0.8958839999999997,0.7983629241197379,0,0.0,8.750552879472023,0.6498751099615372,0.0,"{""bdg2_building_data_genome"":{""available_profile_sources"":1570,""logical_devices"":1667,""mean_profile_reuse"":1.6168768186226965,""profile_bootstrap"":true,""selected_unique_profile_sources"":1031,""weight"":0.3333333333333333},""heapo_heat_pumps"":{""available_profile_sources"":1362,""logical_devices"":1667,""mean_profile_reuse"":1.76215644820296,""profile_bootstrap"":true,""selected_unique_profile_sources"":946,""weight"":0.3333333333333333},""smart_grid_smart_city"":{""available_profile_sources"":5000,""logical_devices"":1666,""mean_profile_reuse"":1.0,""profile_bootstrap"":false,""selected_unique_profile_sources"":1666,""weight"":0.3333333333333333}}",dataset_combinations_mixed_physical_fleet_v1,,,,
predefined_mixed_scenario,S1-B,Building-heat pump-residential,建筑、热泵和带受控负荷住宅的高差异融合,ieee33,transactive_control,Transactive control,O(N log N),10,4692415,5392415,dominant_plus_15pp,5000,"{""bdg2_building_data_genome"":0.3333333333333333,""heapo_heat_pumps"":0.3333333333333333,""smart_grid_smart_city"":0.3333333333333333}","{""bdg2_building_data_genome"":0.48333333333333334,""heapo_heat_pumps"":0.25833333333333336,""smart_grid_smart_city"":0.25833333333333336}","{""bdg2_building_data_genome"":2416,""heapo_heat_pumps"":1292,""smart_grid_smart_city"":1292}",False,test,31.86490646862508,24.360133243919186,7.504773224705894,23.551844509869394,0.8949239999999993,0.8015300828431928,0,0.0,8.14576775684622,0.6409945321403271,0.0,"{""bdg2_building_data_genome"":{""available_profile_sources"":1570,""logical_devices"":2416,""mean_profile_reuse"":1.9531123686337915,""profile_bootstrap"":true,""selected_unique_profile_sources"":1237,""weight"":0.48333333333333334},""heapo_heat_pumps"":{""available_profile_sources"":1362,""logical_devices"":1292,""mean_profile_reuse"":1.0,""profile_bootstrap"":false,""selected_unique_profile_sources"":1292,""weight"":0.25833333333333336},""smart_grid_smart_city"":{""available_profile_sources"":5000,""logical_devices"":1292,""mean_profile_reuse"":1.0,""profile_bootstrap"":false,""selected_unique_profile_sources"":1292,""weight"":0.25833333333333336}}",dataset_combinations_mixed_physical_fleet_v1,,,,
predefined_mixed_scenario,S1-B,Building-heat pump-residential,建筑、热泵和带受控负荷住宅的高差异融合,ieee33,transactive_control,Transactive control,O(N log N),11,4692416,5392416,dominant_plus_15pp,5000,"{""bdg2_building_data_genome"":0.3333333333333333,""heapo_heat_pumps"":0.3333333333333333,""smart_grid_smart_city"":0.3333333333333333}","{""bdg2_building_data_genome"":0.48333333333333334,""heapo_heat_pumps"":0.25833333333333336,""smart_grid_smart_city"":0.25833333333333336}","{""bdg2_building_data_genome"":2416,""heapo_heat_pumps"":1292,""smart_grid_smart_city"":1292}",False,test,33.755738766867616,26.844441997008452,6.911296769859165,20.474434932654567,0.8955500000000002,0.7967462486941161,0,0.0,7.46854556572794,0.5572487958687751,0.0,"{""bdg2_building_data_genome"":{""available_profile_sources"":1570,""logical_devices"":2416,""mean_profile_reuse"":1.995045417010735,""profile_bootstrap"":true,""selected_unique_profile_sources"":1211,""weight"":0.48333333333333334},""heapo_heat_pumps"":{""available_profile_sources"":1362,""logical_devices"":1292,""mean_profile_reuse"":1.0,""profile_bootstrap"":false,""selected_unique_profile_sources"":1292,""weight"":0.25833333333333336},""smart_grid_smart_city"":{""available_profile_sources"":5000,""logical_devices"":1292,""mean_profile_reuse"":1.0,""profile_bootstrap"":false,""selected_unique_profile_sources"":1292,""weight"":0.25833333333333336}}",dataset_combinations_mixed_physical_fleet_v1,,,,
predefined_mixed_scenario,S1-B,Building-heat pump-residential,建筑、热泵和带受控负荷住宅的高差异融合,ieee33,transactive_control,Transactive control,O(N log N),12,4692417,5392417,dominant_plus_15pp,5000,"{""bdg2_building_data_genome"":0.3333333333333333,""heapo_heat_pumps"":0.3333333333333333,""smart_grid_smart_city"":0.3333333333333333}","{""bdg2_building_data_genome"":0.48333333333333334,""heapo_heat_pumps"":0.25833333333333336,""smart_grid_smart_city"":0.25833333333333336}","{""bdg2_building_data_genome"":2416,""heapo_heat_pumps"":1292,""smart_grid_smart_city"":1292}",False,test,32.80964871441859,24.80730749725636,8.002341217162234,24.3902069382581,0.8961460000000001,0.8039972314496828,0,0.0,8.625350646722996,0.6230094295607619,0.0,"{""bdg2_building_data_genome"":{""available_profile_sources"":1570,""logical_devices"":2416,""mean_profile_reuse"":1.959448499594485,""profile_bootstrap"":true,""selected_unique_profile_sources"":1233,""weight"":0.48333333333333334},""heapo_heat_pumps"":{""available_profile_sources"":1362,""logical_devices"":1292,""mean_profile_reuse"":1.0,""profile_bootstrap"":false,""selected_unique_profile_sources"":1292,""weight"":0.25833333333333336},""smart_grid_smart_city"":{""available_profile_sources"":5000,""logical_devices"":1292,""mean_profile_reuse"":1.0,""profile_bootstrap"":false,""selected_unique_profile_sources"":1292,""weight"":0.25833333333333336}}",dataset_combinations_mixed_physical_fleet_v1,,,,
predefined_mixed_scenario,S1-B,Building-heat pump-residential,建筑、热泵和带受控负荷住宅的高差异融合,ieee33,transactive_control,Transactive control,O(N log N),13,4692418,5392418,dominant_plus_15pp,5000,"{""bdg2_building_data_genome"":0.3333333333333333,""heapo_heat_pumps"":0.3333333333333333,""smart_grid_smart_city"":0.3333333333333333}","{""bdg2_building_data_genome"":0.48333333333333334,""heapo_heat_pumps"":0.25833333333333336,""smart_grid_smart_city"":0.25833333333333336}","{""bdg2_building_data_genome"":2416,""heapo_heat_pumps"":1292,""smart_grid_smart_city"":1292}",False,test,32.73060482826036,24.725660957538324,8.004943870722038,24.457060640108867,0.8955140000000003,0.8055406751734845,0,0.0,8.663690968831993,0.6587470981099568,0.0,"{""bdg2_building_data_genome"":{""available_profile_sources"":1570,""logical_devices"":2416,""mean_profile_reuse"":1.9483870967741936,""profile_bootstrap"":true,""selected_unique_profile_sources"":1240,""weight"":0.48333333333333334},""heapo_heat_pumps"":{""available_profile_sources"":1362,""logical_devices"":1292,""mean_profile_reuse"":1.0,""profile_bootstrap"":false,""selected_unique_profile_sources"":1292,""weight"":0.25833333333333336},""smart_grid_smart_city"":{""available_profile_sources"":5000,""logical_devices"":1292,""mean_profile_reuse"":1.0,""profile_bootstrap"":false,""selected_unique_profile_sources"":1292,""weight"":0.25833333333333336}}",dataset_combinations_mixed_physical_fleet_v1,,,,
predefined_mixed_scenario,S1-B,Building-heat pump-residential,建筑、热泵和带受控负荷住宅的高差异融合,ieee33,transactive_control,Transactive control,O(N log N),14,4692419,5392419,dominant_plus_15pp,5000,"{""bdg2_building_data_genome"":0.3333333333333333,""heapo_heat_pumps"":0.3333333333333333,""smart_grid_smart_city"":0.3333333333333333}","{""bdg2_building_data_genome"":0.48333333333333334,""heapo_heat_pumps"":0.25833333333333336,""smart_grid_smart_city"":0.25833333333333336}","{""bdg2_building_data_genome"":2416,""heapo_heat_pumps"":1292,""smart_grid_smart_city"":1292}",False,test,32.56482680467927,24.53315167498159,8.031675129697684,24.663650686278494,0.893972,0.8042358013798167,0,0.0,8.707787468765588,0.676112339067904,0.0,"{""bdg2_building_data_genome"":{""available_profile_sources"":1570,""logical_devices"":2416,""mean_profile_reuse"":1.9658258746948738,""profile_bootstrap"":true,""selected_unique_profile_sources"":1229,""weight"":0.48333333333333334},""heapo_heat_pumps"":{""available_profile_sources"":1362,""logical_devices"":1292,""mean_profile_reuse"":1.0,""profile_bootstrap"":false,""selected_unique_profile_sources"":1292,""weight"":0.25833333333333336},""smart_grid_smart_city"":{""available_profile_sources"":5000,""logical_devices"":1292,""mean_profile_reuse"":1.0,""profile_bootstrap"":false,""selected_unique_profile_sources"":1292,""weight"":0.25833333333333336}}",dataset_combinations_mixed_physical_fleet_v1,,,,
predefined_mixed_scenario,S1-B,Building-heat pump-residential,建筑、热泵和带受控负荷住宅的高差异融合,ieee33,transactive_control,Transactive control,O(N log N),15,4692420,5392420,dominant_plus_15pp,5000,"{""bdg2_building_data_genome"":0.3333333333333333,""heapo_heat_pumps"":0.3333333333333333,""smart_grid_smart_city"":0.3333333333333333}","{""bdg2_building_data_genome"":0.48333333333333334,""heapo_heat_pumps"":0.25833333333333336,""smart_grid_smart_city"":0.25833333333333336}","{""bdg2_building_data_genome"":2416,""heapo_heat_pumps"":1292,""smart_grid_smart_city"":1292}",False,test,31.467091430656698,23.894253600536,7.572837830120697,24.065897055686843,0.8942120000000005,0.8026336730920703,0,0.0,8.163838559455137,0.5910007293344398,0.0,"{""bdg2_building_data_genome"":{""available_profile_sources"":1570,""logical_devices"":2416,""mean_profile_reuse"":1.9706362153344208,""profile_bootstrap"":true,""selected_unique_profile_sources"":1226,""weight"":0.48333333333333334},""heapo_heat_pumps"":{""available_profile_sources"":1362,""logical_devices"":1292,""mean_profile_reuse"":1.0,""profile_bootstrap"":false,""selected_unique_profile_sources"":1292,""weight"":0.25833333333333336},""smart_grid_smart_city"":{""available_profile_sources"":5000,""logical_devices"":1292,""mean_profile_reuse"":1.0,""profile_bootstrap"":false,""selected_unique_profile_sources"":1292,""weight"":0.25833333333333336}}",dataset_combinations_mixed_physical_fleet_v1,,,,
predefined_mixed_scenario,S1-B,Building-heat pump-residential,建筑、热泵和带受控负荷住宅的高差异融合,ieee33,transactive_control,Transactive control,O(N log N),16,4692421,5392421,dominant_plus_15pp,5000,"{""bdg2_building_data_genome"":0.3333333333333333,""heapo_heat_pumps"":0.3333333333333333,""smart_grid_smart_city"":0.3333333333333333}","{""bdg2_building_data_genome"":0.48333333333333334,""heapo_heat_pumps"":0.25833333333333336,""smart_grid_smart_city"":0.25833333333333336}","{""bdg2_building_data_genome"":2416,""heapo_heat_pumps"":1292,""smart_grid_smart_city"":1292}",False,test,32.720107643306136,24.812881038240974,7.907226605065164,24.16626097708703,0.89593,0.803685146055689,0,0.0,8.606300358563686,0.6990737534985239,0.0,"{""bdg2_building_data_genome"":{""available_profile_sources"":1570,""logical_devices"":2416,""mean_profile_reuse"":2.0,""profile_bootstrap"":true,""selected_unique_profile_sources"":1208,""weight"":0.48333333333333334},""heapo_heat_pumps"":{""available_profile_sources"":1362,""logical_devices"":1292,""mean_profile_reuse"":1.0,""profile_bootstrap"":false,""selected_unique_profile_sources"":1292,""weight"":0.25833333333333336},""smart_grid_smart_city"":{""available_profile_sources"":5000,""logical_devices"":1292,""mean_profile_reuse"":1.0,""profile_bootstrap"":false,""selected_unique_profile_sources"":1292,""weight"":0.25833333333333336}}",dataset_combinations_mixed_physical_fleet_v1,,,,
predefined_mixed_scenario,S1-B,Building-heat pump-residential,建筑、热泵和带受控负荷住宅的高差异融合,ieee33,transactive_control,Transactive control,O(N log N),17,4692422,5392422,dominant_plus_15pp,5000,"{""bdg2_building_data_genome"":0.3333333333333333,""heapo_heat_pumps"":0.3333333333333333,""smart_grid_smart_city"":0.3333333333333333}","{""bdg2_building_data_genome"":0.48333333333333334,""heapo_heat_pumps"":0.25833333333333336,""smart_grid_smart_city"":0.25833333333333336}","{""bdg2_building_data_genome"":2416,""heapo_heat_pumps"":1292,""smart_grid_smart_city"":1292}",False,test,32.48397792854776,25.958583250792636,6.525394677755122,20.088040609153467,0.8948979999999997,0.7948356821253273,0,0.0,7.079558543559384,0.554163865804263,0.0,"{""bdg2_building_data_genome"":{""available_profile_sources"":1570,""logical_devices"":2416,""mean_profile_reuse"":2.0116569525395502,""profile_bootstrap"":true,""selected_unique_profile_sources"":1201,""weight"":0.48333333333333334},""heapo_heat_pumps"":{""available_profile_sources"":1362,""logical_devices"":1292,""mean_profile_reuse"":1.0,""profile_bootstrap"":false,""selected_unique_profile_sources"":1292,""weight"":0.25833333333333336},""smart_grid_smart_city"":{""available_profile_sources"":5000,""logical_devices"":1292,""mean_profile_reuse"":1.0,""profile_bootstrap"":false,""selected_unique_profile_sources"":1292,""weight"":0.25833333333333336}}",dataset_combinations_mixed_physical_fleet_v1,,,,
predefined_mixed_scenario,S1-B,Building-heat pump-residential,建筑、热泵和带受控负荷住宅的高差异融合,ieee33,transactive_control,Transactive control,O(N log N),18,4692423,5392423,dominant_plus_15pp,5000,"{""bdg2_building_data_genome"":0.3333333333333333,""heapo_heat_pumps"":0.3333333333333333,""smart_grid_smart_city"":0.3333333333333333}","{""bdg2_building_data_genome"":0.48333333333333334,""heapo_heat_pumps"":0.25833333333333336,""smart_grid_smart_city"":0.25833333333333336}","{""bdg2_building_data_genome"":2416,""heapo_heat_pumps"":1292,""smart_grid_smart_city"":1292}",False,test,31.969367258870555,23.877306501861824,8.092060757008731,25.311920287579117,0.8950599999999996,0.8074628081047824,0,0.0,8.665790991782226,0.5737302347734944,0.0,"{""bdg2_building_data_genome"":{""available_profile_sources"":1570,""logical_devices"":2416,""mean_profile_reuse"":1.9297124600638977,""profile_bootstrap"":true,""selected_unique_profile_sources"":1252,""weight"":0.48333333333333334},""heapo_heat_pumps"":{""available_profile_sources"":1362,""logical_devices"":1292,""mean_profile_reuse"":1.0,""profile_bootstrap"":false,""selected_unique_profile_sources"":1292,""weight"":0.25833333333333336},""smart_grid_smart_city"":{""available_profile_sources"":5000,""logical_devices"":1292,""mean_profile_reuse"":1.0,""profile_bootstrap"":false,""selected_unique_profile_sources"":1292,""weight"":0.25833333333333336}}",dataset_combinations_mixed_physical_fleet_v1,,,,
predefined_mixed_scenario,S1-B,Building-heat pump-residential,建筑、热泵和带受控负荷住宅的高差异融合,ieee33,transactive_control,Transactive control,O(N log N),19,4692424,5392424,dominant_plus_15pp,5000,"{""bdg2_building_data_genome"":0.3333333333333333,""heapo_heat_pumps"":0.3333333333333333,""smart_grid_smart_city"":0.3333333333333333}","{""bdg2_building_data_genome"":0.48333333333333334,""heapo_heat_pumps"":0.25833333333333336,""smart_grid_smart_city"":0.25833333333333336}","{""bdg2_building_data_genome"":2416,""heapo_heat_pumps"":1292,""smart_grid_smart_city"":1292}",False,test,32.15637982435094,24.712204867800452,7.444174956550491,23.149916119952245,0.8951939999999997,0.8000021921118335,0,0.0,8.080517954970784,0.6363429984202933,0.0,"{""bdg2_building_data_genome"":{""available_profile_sources"":1570,""logical_devices"":2416,""mean_profile_reuse"":1.951534733441034,""profile_bootstrap"":true,""selected_unique_profile_sources"":1238,""weight"":0.48333333333333334},""heapo_heat_pumps"":{""available_profile_sources"":1362,""logical_devices"":1292,""mean_profile_reuse"":1.0,""profile_bootstrap"":false,""selected_unique_profile_sources"":1292,""weight"":0.25833333333333336},""smart_grid_smart_city"":{""available_profile_sources"":5000,""logical_devices"":1292,""mean_profile_reuse"":1.0,""profile_bootstrap"":false,""selected_unique_profile_sources"":1292,""weight"":0.25833333333333336}}",dataset_combinations_mixed_physical_fleet_v1,,,,
predefined_mixed_scenario,S1-B,Building-heat pump-residential,建筑、热泵和带受控负荷住宅的高差异融合,ieee33,transactive_control,Transactive control,O(N log N),20,4692425,5392425,dominant_minus_15pp,5000,"{""bdg2_building_data_genome"":0.3333333333333333,""heapo_heat_pumps"":0.3333333333333333,""smart_grid_smart_city"":0.3333333333333333}","{""bdg2_building_data_genome"":0.18333333333333332,""heapo_heat_pumps"":0.40833333333333327,""smart_grid_smart_city"":0.40833333333333327}","{""bdg2_building_data_genome"":916,""heapo_heat_pumps"":2042,""smart_grid_smart_city"":2042}",False,test,35.3276903748212,26.660750708631166,8.666939666190036,24.532992602219895,0.8948860000000002,0.8008357772292283,0,0.0,9.240826562501827,0.5738868963117909,0.0,"{""bdg2_building_data_genome"":{""available_profile_sources"":1570,""logical_devices"":916,""mean_profile_reuse"":1.0,""profile_bootstrap"":false,""selected_unique_profile_sources"":916,""weight"":0.18333333333333332},""heapo_heat_pumps"":{""available_profile_sources"":1362,""logical_devices"":2042,""mean_profile_reuse"":1.9209783631232362,""profile_bootstrap"":true,""selected_unique_profile_sources"":1063,""weight"":0.40833333333333327},""smart_grid_smart_city"":{""available_profile_sources"":5000,""logical_devices"":2042,""mean_profile_reuse"":1.0,""profile_bootstrap"":false,""selected_unique_profile_sources"":2042,""weight"":0.40833333333333327}}",dataset_combinations_mixed_physical_fleet_v1,,,,
predefined_mixed_scenario,S1-B,Building-heat pump-residential,建筑、热泵和带受控负荷住宅的高差异融合,ieee33,transactive_control,Transactive control,O(N log N),21,4692426,5392426,dominant_minus_15pp,5000,"{""bdg2_building_data_genome"":0.3333333333333333,""heapo_heat_pumps"":0.3333333333333333,""smart_grid_smart_city"":0.3333333333333333}","{""bdg2_building_data_genome"":0.18333333333333332,""heapo_heat_pumps"":0.40833333333333327,""smart_grid_smart_city"":0.40833333333333327}","{""bdg2_building_data_genome"":916,""heapo_heat_pumps"":2042,""smart_grid_smart_city"":2042}",False,test,34.368856010425034,25.99526266707945,8.373593343345583,24.363898934563426,0.8952880000000006,0.8003435718635569,0,0.0,8.98816056649288,0.6145672231472966,0.0,"{""bdg2_building_data_genome"":{""available_profile_sources"":1570,""logical_devices"":916,""mean_profile_reuse"":1.0,""profile_bootstrap"":false,""selected_unique_profile_sources"":916,""weight"":0.18333333333333332},""heapo_heat_pumps"":{""available_profile_sources"":1362,""logical_devices"":2042,""mean_profile_reuse"":1.9137769447047797,""profile_bootstrap"":true,""selected_unique_profile_sources"":1067,""weight"":0.40833333333333327},""smart_grid_smart_city"":{""available_profile_sources"":5000,""logical_devices"":2042,""mean_profile_reuse"":1.0,""profile_bootstrap"":false,""selected_unique_profile_sources"":2042,""weight"":0.40833333333333327}}",dataset_combinations_mixed_physical_fleet_v1,,,,
predefined_mixed_scenario,S1-B,Building-heat pump-residential,建筑、热泵和带受控负荷住宅的高差异融合,ieee33,transactive_control,Transactive control,O(N log N),22,4692427,5392427,dominant_minus_15pp,5000,"{""bdg2_building_data_genome"":0.3333333333333333,""heapo_heat_pumps"":0.3333333333333333,""smart_grid_smart_city"":0.3333333333333333}","{""bdg2_building_data_genome"":0.18333333333333332,""heapo_heat_pumps"":0.40833333333333327,""smart_grid_smart_city"":0.40833333333333327}","{""bdg2_building_data_genome"":916,""heapo_heat_pumps"":2042,""smart_grid_smart_city"":2042}",False,test,35.434363009484436,27.67400450180456,7.760358507679875,21.900657578076743,0.8946300000000005,0.7954355616015554,0,0.0,8.291582186985849,0.5312236793059716,0.0,"{""bdg2_building_data_genome"":{""available_profile_sources"":1570,""logical_devices"":916,""mean_profile_reuse"":1.0,""profile_bootstrap"":false,""selected_unique_profile_sources"":916,""weight"":0.18333333333333332},""heapo_heat_pumps"":{""available_profile_sources"":1362,""logical_devices"":2042,""mean_profile_reuse"":1.9634615384615384,""profile_bootstrap"":true,""selected_unique_profile_sources"":1040,""weight"":0.40833333333333327},""smart_grid_smart_city"":{""available_profile_sources"":5000,""logical_devices"":2042,""mean_profile_reuse"":1.0,""profile_bootstrap"":false,""selected_unique_profile_sources"":2042,""weight"":0.40833333333333327}}",dataset_combinations_mixed_physical_fleet_v1,,,,
predefined_mixed_scenario,S1-B,Building-heat pump-residential,建筑、热泵和带受控负荷住宅的高差异融合,ieee33,transactive_control,Transactive control,O(N log N),23,4692428,5392428,dominant_minus_15pp,5000,"{""bdg2_building_data_genome"":0.3333333333333333,""heapo_heat_pumps"":0.3333333333333333,""smart_grid_smart_city"":0.3333333333333333}","{""bdg2_building_data_genome"":0.18333333333333332,""heapo_heat_pumps"":0.40833333333333327,""smart_grid_smart_city"":0.40833333333333327}","{""bdg2_building_data_genome"":916,""heapo_heat_pumps"":2042,""smart_grid_smart_city"":2042}",False,test,34.41527204580041,27.129005460573122,7.286266585227284,21.17160827765825,0.8949680000000003,0.7949240049599058,0,0.0,7.864628684307242,0.5783620990799582,0.0,"{""bdg2_building_data_genome"":{""available_profile_sources"":1570,""logical_devices"":916,""mean_profile_reuse"":1.0,""profile_bootstrap"":false,""selected_unique_profile_sources"":916,""weight"":0.18333333333333332},""heapo_heat_pumps"":{""available_profile_sources"":1362,""logical_devices"":2042,""mean_profile_reuse"":1.9318826868495742,""profile_bootstrap"":true,""selected_unique_profile_sources"":1057,""weight"":0.40833333333333327},""smart_grid_smart_city"":{""available_profile_sources"":5000,""logical_devices"":2042,""mean_profile_reuse"":1.0,""profile_bootstrap"":false,""selected_unique_profile_sources"":2042,""weight"":0.40833333333333327}}",dataset_combinations_mixed_physical_fleet_v1,,,,
predefined_mixed_scenario,S1-B,Building-heat pump-residential,建筑、热泵和带受控负荷住宅的高差异融合,ieee33,transactive_control,Transactive control,O(N log N),24,4692429,5392429,dominant_minus_15pp,5000,"{""bdg2_building_data_genome"":0.3333333333333333,""heapo_heat_pumps"":0.3333333333333333,""smart_grid_smart_city"":0.3333333333333333}","{""bdg2_building_data_genome"":0.18333333333333332,""heapo_heat_pumps"":0.40833333333333327,""smart_grid_smart_city"":0.40833333333333327}","{""bdg2_building_data_genome"":916,""heapo_heat_pumps"":2042,""smart_grid_smart_city"":2042}",False,test,35.4753191970611,28.41663866240188,7.058680534659217,19.897440514767755,0.895066,0.7898630839923874,0,0.0,7.578570052946965,0.5198895182877468,0.0,"{""bdg2_building_data_genome"":{""available_profile_sources"":1570,""logical_devices"":916,""mean_profile_reuse"":1.0,""profile_bootstrap"":false,""selected_unique_profile_sources"":916,""weight"":0.18333333333333332},""heapo_heat_pumps"":{""available_profile_sources"":1362,""logical_devices"":2042,""mean_profile_reuse"":1.9429115128449097,""profile_bootstrap"":true,""selected_unique_profile_sources"":1051,""weight"":0.40833333333333327},""smart_grid_smart_city"":{""available_profile_sources"":5000,""logical_devices"":2042,""mean_profile_reuse"":1.0,""profile_bootstrap"":false,""selected_unique_profile_sources"":2042,""weight"":0.40833333333333327}}",dataset_combinations_mixed_physical_fleet_v1,,,,
predefined_mixed_scenario,S1-B,Building-heat pump-residential,建筑、热泵和带受控负荷住宅的高差异融合,ieee33,transactive_control,Transactive control,O(N log N),25,4692430,5392430,dominant_minus_15pp,5000,"{""bdg2_building_data_genome"":0.3333333333333333,""heapo_heat_pumps"":0.3333333333333333,""smart_grid_smart_city"":0.3333333333333333}","{""bdg2_building_data_genome"":0.18333333333333332,""heapo_heat_pumps"":0.40833333333333327,""smart_grid_smart_city"":0.40833333333333327}","{""bdg2_building_data_genome"":916,""heapo_heat_pumps"":2042,""smart_grid_smart_city"":2042}",False,test,35.76185789411478,29.358021173008662,6.403836721106121,17.90689046432339,0.8948220000000008,0.7856911187510045,0,0.0,6.903764637125777,0.49992791601965636,0.0,"{""bdg2_building_data_genome"":{""available_profile_sources"":1570,""logical_devices"":916,""mean_profile_reuse"":1.0,""profile_bootstrap"":false,""selected_unique_profile_sources"":916,""weight"":0.18333333333333332},""heapo_heat_pumps"":{""available_profile_sources"":1362,""logical_devices"":2042,""mean_profile_reuse"":1.9209783631232362,""profile_bootstrap"":true,""selected_unique_profile_sources"":1063,""weight"":0.40833333333333327},""smart_grid_smart_city"":{""available_profile_sources"":5000,""logical_devices"":2042,""mean_profile_reuse"":1.0,""profile_bootstrap"":false,""selected_unique_profile_sources"":2042,""weight"":0.40833333333333327}}",dataset_combinations_mixed_physical_fleet_v1,,,,
predefined_mixed_scenario,S1-B,Building-heat pump-residential,建筑、热泵和带受控负荷住宅的高差异融合,ieee33,transactive_control,Transactive control,O(N log N),26,4692431,5392431,dominant_minus_15pp,5000,"{""bdg2_building_data_genome"":0.3333333333333333,""heapo_heat_pumps"":0.3333333333333333,""smart_grid_smart_city"":0.3333333333333333}","{""bdg2_building_data_genome"":0.18333333333333332,""heapo_heat_pumps"":0.40833333333333327,""smart_grid_smart_city"":0.40833333333333327}","{""bdg2_building_data_genome"":916,""heapo_heat_pumps"":2042,""smart_grid_smart_city"":2042}",False,test,37.27286542825839,28.39979127997909,8.8730741482793,23.805720451940857,0.8941679999999996,0.7883066360398963,0,0.0,9.438053019292356,0.5649788710130558,0.0,"{""bdg2_building_data_genome"":{""available_profile_sources"":1570,""logical_devices"":916,""mean_profile_reuse"":1.0,""profile_bootstrap"":false,""selected_unique_profile_sources"":916,""weight"":0.18333333333333332},""heapo_heat_pumps"":{""available_profile_sources"":1362,""logical_devices"":2042,""mean_profile_reuse"":1.9355450236966825,""profile_bootstrap"":true,""selected_unique_profile_sources"":1055,""weight"":0.40833333333333327},""smart_grid_smart_city"":{""available_profile_sources"":5000,""logical_devices"":2042,""mean_profile_reuse"":1.0,""profile_bootstrap"":false,""selected_unique_profile_sources"":2042,""weight"":0.40833333333333327}}",dataset_combinations_mixed_physical_fleet_v1,,,,
predefined_mixed_scenario,S1-B,Building-heat pump-residential,建筑、热泵和带受控负荷住宅的高差异融合,ieee33,transactive_control,Transactive control,O(N log N),27,4692432,5392432,dominant_minus_15pp,5000,"{""bdg2_building_data_genome"":0.3333333333333333,""heapo_heat_pumps"":0.3333333333333333,""smart_grid_smart_city"":0.3333333333333333}","{""bdg2_building_data_genome"":0.18333333333333332,""heapo_heat_pumps"":0.40833333333333327,""smart_grid_smart_city"":0.40833333333333327}","{""bdg2_building_data_genome"":916,""heapo_heat_pumps"":2042,""smart_grid_smart_city"":2042}",False,test,36.54227005633674,27.858612412534004,8.683657643802736,23.763322941938895,0.8952159999999997,0.7860993899555043,0,0.0,9.250277424045473,0.5666197802427394,0.0,"{""bdg2_building_data_genome"":{""available_profile_sources"":1570,""logical_devices"":916,""mean_profile_reuse"":1.0,""profile_bootstrap"":false,""selected_unique_profile_sources"":916,""weight"":0.18333333333333332},""heapo_heat_pumps"":{""available_profile_sources"":1362,""logical_devices"":2042,""mean_profile_reuse"":1.9245994344957587,""profile_bootstrap"":true,""selected_unique_profile_sources"":1061,""weight"":0.40833333333333327},""smart_grid_smart_city"":{""available_profile_sources"":5000,""logical_devices"":2042,""mean_profile_reuse"":1.0,""profile_bootstrap"":false,""selected_unique_profile_sources"":2042,""weight"":0.40833333333333327}}",dataset_combinations_mixed_physical_fleet_v1,,,,
predefined_mixed_scenario,S1-B,Building-heat pump-residential,建筑、热泵和带受控负荷住宅的高差异融合,ieee33,transactive_control,Transactive control,O(N log N),28,4692433,5392433,dominant_minus_15pp,5000,"{""bdg2_building_data_genome"":0.3333333333333333,""heapo_heat_pumps"":0.3333333333333333,""smart_grid_smart_city"":0.3333333333333333}","{""bdg2_building_data_genome"":0.18333333333333332,""heapo_heat_pumps"":0.40833333333333327,""smart_grid_smart_city"":0.40833333333333327}","{""bdg2_building_data_genome"":916,""heapo_heat_pumps"":2042,""smart_grid_smart_city"":2042}",False,test,35.932429400638355,27.431254443511733,8.50117495712662,23.65878149328694,0.8951740000000002,0.7994323347093135,0,0.0,9.065916489846389,0.5647415327197716,0.0,"{""bdg2_building_data_genome"":{""available_profile_sources"":1570,""logical_devices"":916,""mean_profile_reuse"":1.0,""profile_bootstrap"":false,""selected_unique_profile_sources"":916,""weight"":0.18333333333333332},""heapo_heat_pumps"":{""available_profile_sources"":1362,""logical_devices"":2042,""mean_profile_reuse"":1.9559386973180077,""profile_bootstrap"":true,""selected_unique_profile_sources"":1044,""weight"":0.40833333333333327},""smart_grid_smart_city"":{""available_profile_sources"":5000,""logical_devices"":2042,""mean_profile_reuse"":1.0,""profile_bootstrap"":false,""selected_unique_profile_sources"":2042,""weight"":0.40833333333333327}}",dataset_combinations_mixed_physical_fleet_v1,,,,
predefined_mixed_scenario,S1-B,Building-heat pump-residential,建筑、热泵和带受控负荷住宅的高差异融合,ieee33,transactive_control,Transactive control,O(N log N),29,4692434,5392434,dominant_minus_15pp,5000,"{""bdg2_building_data_genome"":0.3333333333333333,""heapo_heat_pumps"":0.3333333333333333,""smart_grid_smart_city"":0.3333333333333333}","{""bdg2_building_data_genome"":0.18333333333333332,""heapo_heat_pumps"":0.40833333333333327,""smart_grid_smart_city"":0.40833333333333327}","{""bdg2_building_data_genome"":916,""heapo_heat_pumps"":2042,""smart_grid_smart_city"":2042}",False,test,36.2794310269736,27.665478030594556,8.613952996379043,23.743351956028764,0.8945959999999998,0.7968153220532097,0,0.0,9.209020473716699,0.595067477337655,0.0,"{""bdg2_building_data_genome"":{""available_profile_sources"":1570,""logical_devices"":916,""mean_profile_reuse"":1.0,""profile_bootstrap"":false,""selected_unique_profile_sources"":916,""weight"":0.18333333333333332},""heapo_heat_pumps"":{""available_profile_sources"":1362,""logical_devices"":2042,""mean_profile_reuse"":1.9373814041745732,""profile_bootstrap"":true,""selected_unique_profile_sources"":1054,""weight"":0.40833333333333327},""smart_grid_smart_city"":{""available_profile_sources"":5000,""logical_devices"":2042,""mean_profile_reuse"":1.0,""profile_bootstrap"":false,""selected_unique_profile_sources"":2042,""weight"":0.40833333333333327}}",dataset_combinations_mixed_physical_fleet_v1,,,,
predefined_mixed_scenario,S1-B,Building-heat pump-residential,建筑、热泵和带受控负荷住宅的高差异融合,ieee33,virtual_battery,Virtual battery,O(N),0,4692405,5192405,nominal,5000,"{""bdg2_building_data_genome"":0.3333333333333333,""heapo_heat_pumps"":0.3333333333333333,""smart_grid_smart_city"":0.3333333333333333}","{""bdg2_building_data_genome"":0.3333333333333333,""heapo_heat_pumps"":0.3333333333333333,""smart_grid_smart_city"":0.3333333333333333}","{""bdg2_building_data_genome"":1667,""heapo_heat_pumps"":1667,""smart_grid_smart_city"":1666}",False,test,35.059361642193664,30.76416276877149,4.295198873422172,12.251218140415128,0.8947960000000004,0.7881944444444444,0,0.0,4.295198873422172,0.0,0.0,"{""bdg2_building_data_genome"":{""available_profile_sources"":1570,""logical_devices"":1667,""mean_profile_reuse"":1.6215953307392996,""profile_bootstrap"":true,""selected_unique_profile_sources"":1028,""weight"":0.3333333333333333},""heapo_heat_pumps"":{""available_profile_sources"":1362,""logical_devices"":1667,""mean_profile_reuse"":1.7346514047866806,""profile_bootstrap"":true,""selected_unique_profile_sources"":961,""weight"":0.3333333333333333},""smart_grid_smart_city"":{""available_profile_sources"":5000,""logical_devices"":1666,""mean_profile_reuse"":1.0,""profile_bootstrap"":false,""selected_unique_profile_sources"":1666,""weight"":0.3333333333333333}}",dataset_combinations_mixed_physical_fleet_v1,,,,
predefined_mixed_scenario,S1-B,Building-heat pump-residential,建筑、热泵和带受控负荷住宅的高差异融合,ieee33,virtual_battery,Virtual battery,O(N),1,4692406,5192406,nominal,5000,"{""bdg2_building_data_genome"":0.3333333333333333,""heapo_heat_pumps"":0.3333333333333333,""smart_grid_smart_city"":0.3333333333333333}","{""bdg2_building_data_genome"":0.3333333333333333,""heapo_heat_pumps"":0.3333333333333333,""smart_grid_smart_city"":0.3333333333333333}","{""bdg2_building_data_genome"":1667,""heapo_heat_pumps"":1667,""smart_grid_smart_city"":1666}",False,test,34.11418977118736,29.604135317205227,4.5100544539821374,13.220464810192562,0.8950719999999994,0.7916666666666666,0,0.0,4.5100544539821374,0.0,0.0,"{""bdg2_building_data_genome"":{""available_profile_sources"":1570,""logical_devices"":1667,""mean_profile_reuse"":1.632713026444662,""profile_bootstrap"":true,""selected_unique_profile_sources"":1021,""weight"":0.3333333333333333},""heapo_heat_pumps"":{""available_profile_sources"":1362,""logical_devices"":1667,""mean_profile_reuse"":1.7328482328482329,""profile_bootstrap"":true,""selected_unique_profile_sources"":962,""weight"":0.3333333333333333},""smart_grid_smart_city"":{""available_profile_sources"":5000,""logical_devices"":1666,""mean_profile_reuse"":1.0,""profile_bootstrap"":false,""selected_unique_profile_sources"":1666,""weight"":0.3333333333333333}}",dataset_combinations_mixed_physical_fleet_v1,,,,
predefined_mixed_scenario,S1-B,Building-heat pump-residential,建筑、热泵和带受控负荷住宅的高差异融合,ieee33,virtual_battery,Virtual battery,O(N),2,4692407,5192407,nominal,5000,"{""bdg2_building_data_genome"":0.3333333333333333,""heapo_heat_pumps"":0.3333333333333333,""smart_grid_smart_city"":0.3333333333333333}","{""bdg2_building_data_genome"":0.3333333333333333,""heapo_heat_pumps"":0.3333333333333333,""smart_grid_smart_city"":0.3333333333333333}","{""bdg2_building_data_genome"":1667,""heapo_heat_pumps"":1667,""smart_grid_smart_city"":1666}",False,test,35.92376450761006,31.397521474570325,4.526243033039733,12.59957884447466,0.8942299999999999,0.7881944444444444,0,0.0,4.526243033039733,0.0,0.0,"{""bdg2_building_data_genome"":{""available_profile_sources"":1570,""logical_devices"":1667,""mean_profile_reuse"":1.6391347099311702,""profile_bootstrap"":true,""selected_unique_profile_sources"":1017,""weight"":0.3333333333333333},""heapo_heat_pumps"":{""available_profile_sources"":1362,""logical_devices"":1667,""mean_profile_reuse"":1.7167868177136971,""profile_bootstrap"":true,""selected_unique_profile_sources"":971,""weight"":0.3333333333333333},""smart_grid_smart_city"":{""available_profile_sources"":5000,""logical_devices"":1666,""mean_profile_reuse"":1.0,""profile_bootstrap"":false,""selected_unique_profile_sources"":1666,""weight"":0.3333333333333333}}",dataset_combinations_mixed_physical_fleet_v1,,,,
predefined_mixed_scenario,S1-B,Building-heat pump-residential,建筑、热泵和带受控负荷住宅的高差异融合,ieee33,virtual_battery,Virtual battery,O(N),3,4692408,5192408,nominal,5000,"{""bdg2_building_data_genome"":0.3333333333333333,""heapo_heat_pumps"":0.3333333333333333,""smart_grid_smart_city"":0.3333333333333333}","{""bdg2_building_data_genome"":0.3333333333333333,""heapo_heat_pumps"":0.3333333333333333,""smart_grid_smart_city"":0.3333333333333333}","{""bdg2_building_data_genome"":1667,""heapo_heat_pumps"":1667,""smart_grid_smart_city"":1666}",False,test,35.2801345563612,30.64085556873951,4.639278987621688,13.149833598877812,0.8944559999999999,0.7916666666666666,0,0.0,4.639278987621688,0.0,0.0,"{""bdg2_building_data_genome"":{""available_profile_sources"":1570,""logical_devices"":1667,""mean_profile_reuse"":1.6686686686686687,""profile_bootstrap"":true,""selected_unique_profile_sources"":999,""weight"":0.3333333333333333},""heapo_heat_pumps"":{""available_profile_sources"":1362,""logical_devices"":1667,""mean_profile_reuse"":1.7492130115424973,""profile_bootstrap"":true,""selected_unique_profile_sources"":953,""weight"":0.3333333333333333},""smart_grid_smart_city"":{""available_profile_sources"":5000,""logical_devices"":1666,""mean_profile_reuse"":1.0,""profile_bootstrap"":false,""selected_unique_profile_sources"":1666,""weight"":0.3333333333333333}}",dataset_combinations_mixed_physical_fleet_v1,,,,
predefined_mixed_scenario,S1-B,Building-heat pump-residential,建筑、热泵和带受控负荷住宅的高差异融合,ieee33,virtual_battery,Virtual battery,O(N),4,4692409,5192409,nominal,5000,"{""bdg2_building_data_genome"":0.3333333333333333,""heapo_heat_pumps"":0.3333333333333333,""smart_grid_smart_city"":0.3333333333333333}","{""bdg2_building_data_genome"":0.3333333333333333,""heapo_heat_pumps"":0.3333333333333333,""smart_grid_smart_city"":0.3333333333333333}","{""bdg2_building_data_genome"":1667,""heapo_heat_pumps"":1667,""smart_grid_smart_city"":1666}",False,test,33.7319993914129,29.53884450284453,4.193154888568368,12.430792613010107,0.8953020000000004,0.7916666666666666,0,0.0,4.193154888568368,0.0,0.0,"{""bdg2_building_data_genome"":{""available_profile_sources"":1570,""logical_devices"":1667,""mean_profile_reuse"":1.6359175662414132,""profile_bootstrap"":true,""selected_unique_profile_sources"":1019,""weight"":0.3333333333333333},""heapo_heat_pumps"":{""available_profile_sources"":1362,""logical_devices"":1667,""mean_profile_reuse"":1.683838383838384,""profile_bootstrap"":true,""selected_unique_profile_sources"":990,""weight"":0.3333333333333333},""smart_grid_smart_city"":{""available_profile_sources"":5000,""logical_devices"":1666,""mean_profile_reuse"":1.0,""profile_bootstrap"":false,""selected_unique_profile_sources"":1666,""weight"":0.3333333333333333}}",dataset_combinations_mixed_physical_fleet_v1,,,,
predefined_mixed_scenario,S1-B,Building-heat pump-residential,建筑、热泵和带受控负荷住宅的高差异融合,ieee33,virtual_battery,Virtual battery,O(N),5,4692410,5192410,nominal,5000,"{""bdg2_building_data_genome"":0.3333333333333333,""heapo_heat_pumps"":0.3333333333333333,""smart_grid_smart_city"":0.3333333333333333}","{""bdg2_building_data_genome"":0.3333333333333333,""heapo_heat_pumps"":0.3333333333333333,""smart_grid_smart_city"":0.3333333333333333}","{""bdg2_building_data_genome"":1667,""heapo_heat_pumps"":1667,""smart_grid_smart_city"":1666}",False,test,34.39155207509888,29.956590277461373,4.434961797637505,12.895497673245835,0.8939779999999994,0.7916666666666666,0,0.0,4.434961797637505,0.0,0.0,"{""bdg2_building_data_genome"":{""available_profile_sources"":1570,""logical_devices"":1667,""mean_profile_reuse"":1.6504950495049504,""profile_bootstrap"":true,""selected_unique_profile_sources"":1010,""weight"":0.3333333333333333},""heapo_heat_pumps"":{""available_profile_sources"":1362,""logical_devices"":1667,""mean_profile_reuse"":1.7185567010309277,""profile_bootstrap"":true,""selected_unique_profile_sources"":970,""weight"":0.3333333333333333},""smart_grid_smart_city"":{""available_profile_sources"":5000,""logical_devices"":1666,""mean_profile_reuse"":1.0,""profile_bootstrap"":false,""selected_unique_profile_sources"":1666,""weight"":0.3333333333333333}}",dataset_combinations_mixed_physical_fleet_v1,,,,
predefined_mixed_scenario,S1-B,Building-heat pump-residential,建筑、热泵和带受控负荷住宅的高差异融合,ieee33,virtual_battery,Virtual battery,O(N),6,4692411,5192411,nominal,5000,"{""bdg2_building_data_genome"":0.3333333333333333,""heapo_heat_pumps"":0.3333333333333333,""smart_grid_smart_city"":0.3333333333333333}","{""bdg2_building_data_genome"":0.3333333333333333,""heapo_heat_pumps"":0.3333333333333333,""smart_grid_smart_city"":0.3333333333333333}","{""bdg2_building_data_genome"":1667,""heapo_heat_pumps"":1667,""smart_grid_smart_city"":1666}",False,test,34.845869563277724,30.763669599167237,4.082199964110485,11.71501820810495,0.895458,0.7881944444444444,0,0.0,4.082199964110485,0.0,0.0,"{""bdg2_building_data_genome"":{""available_profile_sources"":1570,""logical_devices"":1667,""mean_profile_reuse"":1.5861084681255946,""profile_bootstrap"":true,""selected_unique_profile_sources"":1051,""weight"":0.3333333333333333},""heapo_heat_pumps"":{""available_profile_sources"":1362,""logical_devices"":1667,""mean_profile_reuse"":1.7238883143743537,""profile_bootstrap"":true,""selected_unique_profile_sources"":967,""weight"":0.3333333333333333},""smart_grid_smart_city"":{""available_profile_sources"":5000,""logical_devices"":1666,""mean_profile_reuse"":1.0,""profile_bootstrap"":false,""selected_unique_profile_sources"":1666,""weight"":0.3333333333333333}}",dataset_combinations_mixed_physical_fleet_v1,,,,
predefined_mixed_scenario,S1-B,Building-heat pump-residential,建筑、热泵和带受控负荷住宅的高差异融合,ieee33,virtual_battery,Virtual battery,O(N),7,4692412,5192412,nominal,5000,"{""bdg2_building_data_genome"":0.3333333333333333,""heapo_heat_pumps"":0.3333333333333333,""smart_grid_smart_city"":0.3333333333333333}","{""bdg2_building_data_genome"":0.3333333333333333,""heapo_heat_pumps"":0.3333333333333333,""smart_grid_smart_city"":0.3333333333333333}","{""bdg2_building_data_genome"":1667,""heapo_heat_pumps"":1667,""smart_grid_smart_city"":1666}",False,test,35.94132529087837,31.47467457892245,4.466650711955918,12.4276182800903,0.8949959999999995,0.7881944444444444,0,0.0,4.466650711955918,0.0,0.0,"{""bdg2_building_data_genome"":{""available_profile_sources"":1570,""logical_devices"":1667,""mean_profile_reuse"":1.626341463414634,""profile_bootstrap"":true,""selected_unique_profile_sources"":1025,""weight"":0.3333333333333333},""heapo_heat_pumps"":{""available_profile_sources"":1362,""logical_devices"":1667,""mean_profile_reuse"":1.7565858798735512,""profile_bootstrap"":true,""selected_unique_profile_sources"":949,""weight"":0.3333333333333333},""smart_grid_smart_city"":{""available_profile_sources"":5000,""logical_devices"":1666,""mean_profile_reuse"":1.0,""profile_bootstrap"":false,""selected_unique_profile_sources"":1666,""weight"":0.3333333333333333}}",dataset_combinations_mixed_physical_fleet_v1,,,,
predefined_mixed_scenario,S1-B,Building-heat pump-residential,建筑、热泵和带受控负荷住宅的高差异融合,ieee33,virtual_battery,Virtual battery,O(N),8,4692413,5192413,nominal,5000,"{""bdg2_building_data_genome"":0.3333333333333333,""heapo_heat_pumps"":0.3333333333333333,""smart_grid_smart_city"":0.3333333333333333}","{""bdg2_building_data_genome"":0.3333333333333333,""heapo_heat_pumps"":0.3333333333333333,""smart_grid_smart_city"":0.3333333333333333}","{""bdg2_building_data_genome"":1667,""heapo_heat_pumps"":1667,""smart_grid_smart_city"":1666}",False,test,34.39170783495104,29.861987073048013,4.52972076190303,13.170967791543166,0.8949939999999996,0.7951388888888888,0,0.0,4.52972076190303,0.0,0.0,"{""bdg2_building_data_genome"":{""available_profile_sources"":1570,""logical_devices"":1667,""mean_profile_reuse"":1.6456071076011847,""profile_bootstrap"":true,""selected_unique_profile_sources"":1013,""weight"":0.3333333333333333},""heapo_heat_pumps"":{""available_profile_sources"":1362,""logical_devices"":1667,""mean_profile_reuse"":1.7364583333333334,""profile_bootstrap"":true,""selected_unique_profile_sources"":960,""weight"":0.3333333333333333},""smart_grid_smart_city"":{""available_profile_sources"":5000,""logical_devices"":1666,""mean_profile_reuse"":1.0,""profile_bootstrap"":false,""selected_unique_profile_sources"":1666,""weight"":0.3333333333333333}}",dataset_combinations_mixed_physical_fleet_v1,,,,
predefined_mixed_scenario,S1-B,Building-heat pump-residential,建筑、热泵和带受控负荷住宅的高差异融合,ieee33,virtual_battery,Virtual battery,O(N),9,4692414,5192414,nominal,5000,"{""bdg2_building_data_genome"":0.3333333333333333,""heapo_heat_pumps"":0.3333333333333333,""smart_grid_smart_city"":0.3333333333333333}","{""bdg2_building_data_genome"":0.3333333333333333,""heapo_heat_pumps"":0.3333333333333333,""smart_grid_smart_city"":0.3333333333333333}","{""bdg2_building_data_genome"":1667,""heapo_heat_pumps"":1667,""smart_grid_smart_city"":1666}",False,test,35.189356381386276,30.653951261338825,4.535405120047451,12.888570824917085,0.8958839999999997,0.7916666666666666,0,0.0,4.535405120047451,0.0,0.0,"{""bdg2_building_data_genome"":{""available_profile_sources"":1570,""logical_devices"":1667,""mean_profile_reuse"":1.6168768186226965,""profile_bootstrap"":true,""selected_unique_profile_sources"":1031,""weight"":0.3333333333333333},""heapo_heat_pumps"":{""available_profile_sources"":1362,""logical_devices"":1667,""mean_profile_reuse"":1.76215644820296,""profile_bootstrap"":true,""selected_unique_profile_sources"":946,""weight"":0.3333333333333333},""smart_grid_smart_city"":{""available_profile_sources"":5000,""logical_devices"":1666,""mean_profile_reuse"":1.0,""profile_bootstrap"":false,""selected_unique_profile_sources"":1666,""weight"":0.3333333333333333}}",dataset_combinations_mixed_physical_fleet_v1,,,,
predefined_mixed_scenario,S1-B,Building-heat pump-residential,建筑、热泵和带受控负荷住宅的高差异融合,ieee33,virtual_battery,Virtual battery,O(N),10,4692415,5192415,dominant_plus_15pp,5000,"{""bdg2_building_data_genome"":0.3333333333333333,""heapo_heat_pumps"":0.3333333333333333,""smart_grid_smart_city"":0.3333333333333333}","{""bdg2_building_data_genome"":0.48333333333333334,""heapo_heat_pumps"":0.25833333333333336,""smart_grid_smart_city"":0.25833333333333336}","{""bdg2_building_data_genome"":2416,""heapo_heat_pumps"":1292,""smart_grid_smart_city"":1292}",False,test,31.86490646862508,27.544210276549165,4.320696192075913,13.5594190314984,0.8949239999999993,0.7986111111111112,0,0.0,4.320696192075913,0.0,0.0,"{""bdg2_building_data_genome"":{""available_profile_sources"":1570,""logical_devices"":2416,""mean_profile_reuse"":1.9531123686337915,""profile_bootstrap"":true,""selected_unique_profile_sources"":1237,""weight"":0.48333333333333334},""heapo_heat_pumps"":{""available_profile_sources"":1362,""logical_devices"":1292,""mean_profile_reuse"":1.0,""profile_bootstrap"":false,""selected_unique_profile_sources"":1292,""weight"":0.25833333333333336},""smart_grid_smart_city"":{""available_profile_sources"":5000,""logical_devices"":1292,""mean_profile_reuse"":1.0,""profile_bootstrap"":false,""selected_unique_profile_sources"":1292,""weight"":0.25833333333333336}}",dataset_combinations_mixed_physical_fleet_v1,,,,
predefined_mixed_scenario,S1-B,Building-heat pump-residential,建筑、热泵和带受控负荷住宅的高差异融合,ieee33,virtual_battery,Virtual battery,O(N),11,4692416,5192416,dominant_plus_15pp,5000,"{""bdg2_building_data_genome"":0.3333333333333333,""heapo_heat_pumps"":0.3333333333333333,""smart_grid_smart_city"":0.3333333333333333}","{""bdg2_building_data_genome"":0.48333333333333334,""heapo_heat_pumps"":0.25833333333333336,""smart_grid_smart_city"":0.25833333333333336}","{""bdg2_building_data_genome"":2416,""heapo_heat_pumps"":1292,""smart_grid_smart_city"":1292}",False,test,33.755738766867616,29.38675017006197,4.368988596805647,12.942950610501686,0.8955500000000002,0.7951388888888888,0,0.0,4.368988596805647,0.0,0.0,"{""bdg2_building_data_genome"":{""available_profile_sources"":1570,""logical_devices"":2416,""mean_profile_reuse"":1.995045417010735,""profile_bootstrap"":true,""selected_unique_profile_sources"":1211,""weight"":0.48333333333333334},""heapo_heat_pumps"":{""available_profile_sources"":1362,""logical_devices"":1292,""mean_profile_reuse"":1.0,""profile_bootstrap"":false,""selected_unique_profile_sources"":1292,""weight"":0.25833333333333336},""smart_grid_smart_city"":{""available_profile_sources"":5000,""logical_devices"":1292,""mean_profile_reuse"":1.0,""profile_bootstrap"":false,""selected_unique_profile_sources"":1292,""weight"":0.25833333333333336}}",dataset_combinations_mixed_physical_fleet_v1,,,,
predefined_mixed_scenario,S1-B,Building-heat pump-residential,建筑、热泵和带受控负荷住宅的高差异融合,ieee33,virtual_battery,Virtual battery,O(N),12,4692417,5192417,dominant_plus_15pp,5000,"{""bdg2_building_data_genome"":0.3333333333333333,""heapo_heat_pumps"":0.3333333333333333,""smart_grid_smart_city"":0.3333333333333333}","{""bdg2_building_data_genome"":0.48333333333333334,""heapo_heat_pumps"":0.25833333333333336,""smart_grid_smart_city"":0.25833333333333336}","{""bdg2_building_data_genome"":2416,""heapo_heat_pumps"":1292,""smart_grid_smart_city"":1292}",False,test,32.80964871441859,28.213095173539422,4.59655354087917,14.009761521339179,0.8961460000000001,0.7986111111111112,0,0.0,4.59655354087917,0.0,0.0,"{""bdg2_building_data_genome"":{""available_profile_sources"":1570,""logical_devices"":2416,""mean_profile_reuse"":1.959448499594485,""profile_bootstrap"":true,""selected_unique_profile_sources"":1233,""weight"":0.48333333333333334},""heapo_heat_pumps"":{""available_profile_sources"":1362,""logical_devices"":1292,""mean_profile_reuse"":1.0,""profile_bootstrap"":false,""selected_unique_profile_sources"":1292,""weight"":0.25833333333333336},""smart_grid_smart_city"":{""available_profile_sources"":5000,""logical_devices"":1292,""mean_profile_reuse"":1.0,""profile_bootstrap"":false,""selected_unique_profile_sources"":1292,""weight"":0.25833333333333336}}",dataset_combinations_mixed_physical_fleet_v1,,,,
predefined_mixed_scenario,S1-B,Building-heat pump-residential,建筑、热泵和带受控负荷住宅的高差异融合,ieee33,virtual_battery,Virtual battery,O(N),13,4692418,5192418,dominant_plus_15pp,5000,"{""bdg2_building_data_genome"":0.3333333333333333,""heapo_heat_pumps"":0.3333333333333333,""smart_grid_smart_city"":0.3333333333333333}","{""bdg2_building_data_genome"":0.48333333333333334,""heapo_heat_pumps"":0.25833333333333336,""smart_grid_smart_city"":0.25833333333333336}","{""bdg2_building_data_genome"":2416,""heapo_heat_pumps"":1292,""smart_grid_smart_city"":1292}",False,test,32.73060482826036,27.99105584178799,4.739548986472371,14.48048091790878,0.8955140000000003,0.8020833333333334,0,0.0,4.739548986472371,0.0,0.0,"{""bdg2_building_data_genome"":{""available_profile_sources"":1570,""logical_devices"":2416,""mean_profile_reuse"":1.9483870967741936,""profile_bootstrap"":true,""selected_unique_profile_sources"":1240,""weight"":0.48333333333333334},""heapo_heat_pumps"":{""available_profile_sources"":1362,""logical_devices"":1292,""mean_profile_reuse"":1.0,""profile_bootstrap"":false,""selected_unique_profile_sources"":1292,""weight"":0.25833333333333336},""smart_grid_smart_city"":{""available_profile_sources"":5000,""logical_devices"":1292,""mean_profile_reuse"":1.0,""profile_bootstrap"":false,""selected_unique_profile_sources"":1292,""weight"":0.25833333333333336}}",dataset_combinations_mixed_physical_fleet_v1,,,,
predefined_mixed_scenario,S1-B,Building-heat pump-residential,建筑、热泵和带受控负荷住宅的高差异融合,ieee33,virtual_battery,Virtual battery,O(N),14,4692419,5192419,dominant_plus_15pp,5000,"{""bdg2_building_data_genome"":0.3333333333333333,""heapo_heat_pumps"":0.3333333333333333,""smart_grid_smart_city"":0.3333333333333333}","{""bdg2_building_data_genome"":0.48333333333333334,""heapo_heat_pumps"":0.25833333333333336,""smart_grid_smart_city"":0.25833333333333336}","{""bdg2_building_data_genome"":2416,""heapo_heat_pumps"":1292,""smart_grid_smart_city"":1292}",False,test,32.56482680467927,27.71831584595521,4.846510958724061,14.88265541159783,0.893972,0.8020833333333334,0,0.0,4.846510958724061,0.0,0.0,"{""bdg2_building_data_genome"":{""available_profile_sources"":1570,""logical_devices"":2416,""mean_profile_reuse"":1.9658258746948738,""profile_bootstrap"":true,""selected_unique_profile_sources"":1229,""weight"":0.48333333333333334},""heapo_heat_pumps"":{""available_profile_sources"":1362,""logical_devices"":1292,""mean_profile_reuse"":1.0,""profile_bootstrap"":false,""selected_unique_profile_sources"":1292,""weight"":0.25833333333333336},""smart_grid_smart_city"":{""available_profile_sources"":5000,""logical_devices"":1292,""mean_profile_reuse"":1.0,""profile_bootstrap"":false,""selected_unique_profile_sources"":1292,""weight"":0.25833333333333336}}",dataset_combinations_mixed_physical_fleet_v1,,,,
predefined_mixed_scenario,S1-B,Building-heat pump-residential,建筑、热泵和带受控负荷住宅的高差异融合,ieee33,virtual_battery,Virtual battery,O(N),15,4692420,5192420,dominant_plus_15pp,5000,"{""bdg2_building_data_genome"":0.3333333333333333,""heapo_heat_pumps"":0.3333333333333333,""smart_grid_smart_city"":0.3333333333333333}","{""bdg2_building_data_genome"":0.48333333333333334,""heapo_heat_pumps"":0.25833333333333336,""smart_grid_smart_city"":0.25833333333333336}","{""bdg2_building_data_genome"":2416,""heapo_heat_pumps"":1292,""smart_grid_smart_city"":1292}",False,test,31.467091430656698,27.084944247029018,4.382147183627679,13.926127215426048,0.8942120000000005,0.8020833333333334,0,0.0,4.382147183627679,0.0,0.0,"{""bdg2_building_data_genome"":{""available_profile_sources"":1570,""logical_devices"":2416,""mean_profile_reuse"":1.9706362153344208,""profile_bootstrap"":true,""selected_unique_profile_sources"":1226,""weight"":0.48333333333333334},""heapo_heat_pumps"":{""available_profile_sources"":1362,""logical_devices"":1292,""mean_profile_reuse"":1.0,""profile_bootstrap"":false,""selected_unique_profile_sources"":1292,""weight"":0.25833333333333336},""smart_grid_smart_city"":{""available_profile_sources"":5000,""logical_devices"":1292,""mean_profile_reuse"":1.0,""profile_bootstrap"":false,""selected_unique_profile_sources"":1292,""weight"":0.25833333333333336}}",dataset_combinations_mixed_physical_fleet_v1,,,,
predefined_mixed_scenario,S1-B,Building-heat pump-residential,建筑、热泵和带受控负荷住宅的高差异融合,ieee33,virtual_battery,Virtual battery,O(N),16,4692421,5192421,dominant_plus_15pp,5000,"{""bdg2_building_data_genome"":0.3333333333333333,""heapo_heat_pumps"":0.3333333333333333,""smart_grid_smart_city"":0.3333333333333333}","{""bdg2_building_data_genome"":0.48333333333333334,""heapo_heat_pumps"":0.25833333333333336,""smart_grid_smart_city"":0.25833333333333336}","{""bdg2_building_data_genome"":2416,""heapo_heat_pumps"":1292,""smart_grid_smart_city"":1292}",False,test,32.720107643306136,28.105302529016175,4.61480511428996,14.103881211509572,0.89593,0.8020833333333334,0,0.0,4.61480511428996,0.0,0.0,"{""bdg2_building_data_genome"":{""available_profile_sources"":1570,""logical_devices"":2416,""mean_profile_reuse"":2.0,""profile_bootstrap"":true,""selected_unique_profile_sources"":1208,""weight"":0.48333333333333334},""heapo_heat_pumps"":{""available_profile_sources"":1362,""logical_devices"":1292,""mean_profile_reuse"":1.0,""profile_bootstrap"":false,""selected_unique_profile_sources"":1292,""weight"":0.25833333333333336},""smart_grid_smart_city"":{""available_profile_sources"":5000,""logical_devices"":1292,""mean_profile_reuse"":1.0,""profile_bootstrap"":false,""selected_unique_profile_sources"":1292,""weight"":0.25833333333333336}}",dataset_combinations_mixed_physical_fleet_v1,,,,
predefined_mixed_scenario,S1-B,Building-heat pump-residential,建筑、热泵和带受控负荷住宅的高差异融合,ieee33,virtual_battery,Virtual battery,O(N),17,4692422,5192422,dominant_plus_15pp,5000,"{""bdg2_building_data_genome"":0.3333333333333333,""heapo_heat_pumps"":0.3333333333333333,""smart_grid_smart_city"":0.3333333333333333}","{""bdg2_building_data_genome"":0.48333333333333334,""heapo_heat_pumps"":0.25833333333333336,""smart_grid_smart_city"":0.25833333333333336}","{""bdg2_building_data_genome"":2416,""heapo_heat_pumps"":1292,""smart_grid_smart_city"":1292}",False,test,32.48397792854776,27.91664428114966,4.567333647398097,14.060265825338487,0.8948979999999997,0.7986111111111112,0,0.0,4.567333647398097,0.0,0.0,"{""bdg2_building_data_genome"":{""available_profile_sources"":1570,""logical_devices"":2416,""mean_profile_reuse"":2.0116569525395502,""profile_bootstrap"":true,""selected_unique_profile_sources"":1201,""weight"":0.48333333333333334},""heapo_heat_pumps"":{""available_profile_sources"":1362,""logical_devices"":1292,""mean_profile_reuse"":1.0,""profile_bootstrap"":false,""selected_unique_profile_sources"":1292,""weight"":0.25833333333333336},""smart_grid_smart_city"":{""available_profile_sources"":5000,""logical_devices"":1292,""mean_profile_reuse"":1.0,""profile_bootstrap"":false,""selected_unique_profile_sources"":1292,""weight"":0.25833333333333336}}",dataset_combinations_mixed_physical_fleet_v1,,,,
predefined_mixed_scenario,S1-B,Building-heat pump-residential,建筑、热泵和带受控负荷住宅的高差异融合,ieee33,virtual_battery,Virtual battery,O(N),18,4692423,5192423,dominant_plus_15pp,5000,"{""bdg2_building_data_genome"":0.3333333333333333,""heapo_heat_pumps"":0.3333333333333333,""smart_grid_smart_city"":0.3333333333333333}","{""bdg2_building_data_genome"":0.48333333333333334,""heapo_heat_pumps"":0.25833333333333336,""smart_grid_smart_city"":0.25833333333333336}","{""bdg2_building_data_genome"":2416,""heapo_heat_pumps"":1292,""smart_grid_smart_city"":1292}",False,test,31.969367258870555,27.02895572871251,4.940411530158046,15.453579328465521,0.8950599999999996,0.8055555555555556,0,0.0,4.940411530158046,0.0,0.0,"{""bdg2_building_data_genome"":{""available_profile_sources"":1570,""logical_devices"":2416,""mean_profile_reuse"":1.9297124600638977,""profile_bootstrap"":true,""selected_unique_profile_sources"":1252,""weight"":0.48333333333333334},""heapo_heat_pumps"":{""available_profile_sources"":1362,""logical_devices"":1292,""mean_profile_reuse"":1.0,""profile_bootstrap"":false,""selected_unique_profile_sources"":1292,""weight"":0.25833333333333336},""smart_grid_smart_city"":{""available_profile_sources"":5000,""logical_devices"":1292,""mean_profile_reuse"":1.0,""profile_bootstrap"":false,""selected_unique_profile_sources"":1292,""weight"":0.25833333333333336}}",dataset_combinations_mixed_physical_fleet_v1,,,,
predefined_mixed_scenario,S1-B,Building-heat pump-residential,建筑、热泵和带受控负荷住宅的高差异融合,ieee33,virtual_battery,Virtual battery,O(N),19,4692424,5192424,dominant_plus_15pp,5000,"{""bdg2_building_data_genome"":0.3333333333333333,""heapo_heat_pumps"":0.3333333333333333,""smart_grid_smart_city"":0.3333333333333333}","{""bdg2_building_data_genome"":0.48333333333333334,""heapo_heat_pumps"":0.25833333333333336,""smart_grid_smart_city"":0.25833333333333336}","{""bdg2_building_data_genome"":2416,""heapo_heat_pumps"":1292,""smart_grid_smart_city"":1292}",False,test,32.15637982435094,27.794024732511794,4.36235509183915,13.566064077075257,0.8951939999999997,0.7986111111111112,0,0.0,4.36235509183915,0.0,0.0,"{""bdg2_building_data_genome"":{""available_profile_sources"":1570,""logical_devices"":2416,""mean_profile_reuse"":1.951534733441034,""profile_bootstrap"":true,""selected_unique_profile_sources"":1238,""weight"":0.48333333333333334},""heapo_heat_pumps"":{""available_profile_sources"":1362,""logical_devices"":1292,""mean_profile_reuse"":1.0,""profile_bootstrap"":false,""selected_unique_profile_sources"":1292,""weight"":0.25833333333333336},""smart_grid_smart_city"":{""available_profile_sources"":5000,""logical_devices"":1292,""mean_profile_reuse"":1.0,""profile_bootstrap"":false,""selected_unique_profile_sources"":1292,""weight"":0.25833333333333336}}",dataset_combinations_mixed_physical_fleet_v1,,,,
predefined_mixed_scenario,S1-B,Building-heat pump-residential,建筑、热泵和带受控负荷住宅的高差异融合,ieee33,virtual_battery,Virtual battery,O(N),20,4692425,5192425,dominant_minus_15pp,5000,"{""bdg2_building_data_genome"":0.3333333333333333,""heapo_heat_pumps"":0.3333333333333333,""smart_grid_smart_city"":0.3333333333333333}","{""bdg2_building_data_genome"":0.18333333333333332,""heapo_heat_pumps"":0.40833333333333327,""smart_grid_smart_city"":0.40833333333333327}","{""bdg2_building_data_genome"":916,""heapo_heat_pumps"":2042,""smart_grid_smart_city"":2042}",False,test,35.3276903748212,30.972196256038913,4.35549411878229,12.328839141679476,0.8948860000000002,0.7916666666666666,0,0.0,4.35549411878229,0.0,0.0,"{""bdg2_building_data_genome"":{""available_profile_sources"":1570,""logical_devices"":916,""mean_profile_reuse"":1.0,""profile_bootstrap"":false,""selected_unique_profile_sources"":916,""weight"":0.18333333333333332},""heapo_heat_pumps"":{""available_profile_sources"":1362,""logical_devices"":2042,""mean_profile_reuse"":1.9209783631232362,""profile_bootstrap"":true,""selected_unique_profile_sources"":1063,""weight"":0.40833333333333327},""smart_grid_smart_city"":{""available_profile_sources"":5000,""logical_devices"":2042,""mean_profile_reuse"":1.0,""profile_bootstrap"":false,""selected_unique_profile_sources"":2042,""weight"":0.40833333333333327}}",dataset_combinations_mixed_physical_fleet_v1,,,,
predefined_mixed_scenario,S1-B,Building-heat pump-residential,建筑、热泵和带受控负荷住宅的高差异融合,ieee33,virtual_battery,Virtual battery,O(N),21,4692426,5192426,dominant_minus_15pp,5000,"{""bdg2_building_data_genome"":0.3333333333333333,""heapo_heat_pumps"":0.3333333333333333,""smart_grid_smart_city"":0.3333333333333333}","{""bdg2_building_data_genome"":0.18333333333333332,""heapo_heat_pumps"":0.40833333333333327,""smart_grid_smart_city"":0.40833333333333327}","{""bdg2_building_data_genome"":916,""heapo_heat_pumps"":2042,""smart_grid_smart_city"":2042}",False,test,34.368856010425034,30.238417465075717,4.130438545349317,12.017969245460018,0.8952880000000006,0.7916666666666666,0,0.0,4.130438545349317,0.0,0.0,"{""bdg2_building_data_genome"":{""available_profile_sources"":1570,""logical_devices"":916,""mean_profile_reuse"":1.0,""profile_bootstrap"":false,""selected_unique_profile_sources"":916,""weight"":0.18333333333333332},""heapo_heat_pumps"":{""available_profile_sources"":1362,""logical_devices"":2042,""mean_profile_reuse"":1.9137769447047797,""profile_bootstrap"":true,""selected_unique_profile_sources"":1067,""weight"":0.40833333333333327},""smart_grid_smart_city"":{""available_profile_sources"":5000,""logical_devices"":2042,""mean_profile_reuse"":1.0,""profile_bootstrap"":false,""selected_unique_profile_sources"":2042,""weight"":0.40833333333333327}}",dataset_combinations_mixed_physical_fleet_v1,,,,
predefined_mixed_scenario,S1-B,Building-heat pump-residential,建筑、热泵和带受控负荷住宅的高差异融合,ieee33,virtual_battery,Virtual battery,O(N),22,4692427,5192427,dominant_minus_15pp,5000,"{""bdg2_building_data_genome"":0.3333333333333333,""heapo_heat_pumps"":0.3333333333333333,""smart_grid_smart_city"":0.3333333333333333}","{""bdg2_building_data_genome"":0.18333333333333332,""heapo_heat_pumps"":0.40833333333333327,""smart_grid_smart_city"":0.40833333333333327}","{""bdg2_building_data_genome"":916,""heapo_heat_pumps"":2042,""smart_grid_smart_city"":2042}",False,test,35.434363009484436,30.884401021274023,4.549961988210411,12.840535575572673,0.8946300000000005,0.7916666666666666,0,0.0,4.549961988210411,0.0,0.0,"{""bdg2_building_data_genome"":{""available_profile_sources"":1570,""logical_devices"":916,""mean_profile_reuse"":1.0,""profile_bootstrap"":false,""selected_unique_profile_sources"":916,""weight"":0.18333333333333332},""heapo_heat_pumps"":{""available_profile_sources"":1362,""logical_devices"":2042,""mean_profile_reuse"":1.9634615384615384,""profile_bootstrap"":true,""selected_unique_profile_sources"":1040,""weight"":0.40833333333333327},""smart_grid_smart_city"":{""available_profile_sources"":5000,""logical_devices"":2042,""mean_profile_reuse"":1.0,""profile_bootstrap"":false,""selected_unique_profile_sources"":2042,""weight"":0.40833333333333327}}",dataset_combinations_mixed_physical_fleet_v1,,,,
predefined_mixed_scenario,S1-B,Building-heat pump-residential,建筑、热泵和带受控负荷住宅的高差异融合,ieee33,virtual_battery,Virtual battery,O(N),23,4692428,5192428,dominant_minus_15pp,5000,"{""bdg2_building_data_genome"":0.3333333333333333,""heapo_heat_pumps"":0.3333333333333333,""smart_grid_smart_city"":0.3333333333333333}","{""bdg2_building_data_genome"":0.18333333333333332,""heapo_heat_pumps"":0.40833333333333327,""smart_grid_smart_city"":0.40833333333333327}","{""bdg2_building_data_genome"":916,""heapo_heat_pumps"":2042,""smart_grid_smart_city"":2042}",False,test,34.41527204580041,29.63640675519388,4.778865290606523,13.885885557570873,0.8949680000000003,0.7986111111111112,0,0.0,4.778865290606523,0.0,0.0,"{""bdg2_building_data_genome"":{""available_profile_sources"":1570,""logical_devices"":916,""mean_profile_reuse"":1.0,""profile_bootstrap"":false,""selected_unique_profile_sources"":916,""weight"":0.18333333333333332},""heapo_heat_pumps"":{""available_profile_sources"":1362,""logical_devices"":2042,""mean_profile_reuse"":1.9318826868495742,""profile_bootstrap"":true,""selected_unique_profile_sources"":1057,""weight"":0.40833333333333327},""smart_grid_smart_city"":{""available_profile_sources"":5000,""logical_devices"":2042,""mean_profile_reuse"":1.0,""profile_bootstrap"":false,""selected_unique_profile_sources"":2042,""weight"":0.40833333333333327}}",dataset_combinations_mixed_physical_fleet_v1,,,,
predefined_mixed_scenario,S1-B,Building-heat pump-residential,建筑、热泵和带受控负荷住宅的高差异融合,ieee33,virtual_battery,Virtual battery,O(N),24,4692429,5192429,dominant_minus_15pp,5000,"{""bdg2_building_data_genome"":0.3333333333333333,""heapo_heat_pumps"":0.3333333333333333,""smart_grid_smart_city"":0.3333333333333333}","{""bdg2_building_data_genome"":0.18333333333333332,""heapo_heat_pumps"":0.40833333333333327,""smart_grid_smart_city"":0.40833333333333327}","{""bdg2_building_data_genome"":916,""heapo_heat_pumps"":2042,""smart_grid_smart_city"":2042}",False,test,35.4753191970611,31.097033386020453,4.3782858110406435,12.341779891309216,0.895066,0.7916666666666666,0,0.0,4.3782858110406435,0.0,0.0,"{""bdg2_building_data_genome"":{""available_profile_sources"":1570,""logical_devices"":916,""mean_profile_reuse"":1.0,""profile_bootstrap"":false,""selected_unique_profile_sources"":916,""weight"":0.18333333333333332},""heapo_heat_pumps"":{""available_profile_sources"":1362,""logical_devices"":2042,""mean_profile_reuse"":1.9429115128449097,""profile_bootstrap"":true,""selected_unique_profile_sources"":1051,""weight"":0.40833333333333327},""smart_grid_smart_city"":{""available_profile_sources"":5000,""logical_devices"":2042,""mean_profile_reuse"":1.0,""profile_bootstrap"":false,""selected_unique_profile_sources"":2042,""weight"":0.40833333333333327}}",dataset_combinations_mixed_physical_fleet_v1,,,,
predefined_mixed_scenario,S1-B,Building-heat pump-residential,建筑、热泵和带受控负荷住宅的高差异融合,ieee33,virtual_battery,Virtual battery,O(N),25,4692430,5192430,dominant_minus_15pp,5000,"{""bdg2_building_data_genome"":0.3333333333333333,""heapo_heat_pumps"":0.3333333333333333,""smart_grid_smart_city"":0.3333333333333333}","{""bdg2_building_data_genome"":0.18333333333333332,""heapo_heat_pumps"":0.40833333333333327,""smart_grid_smart_city"":0.40833333333333327}","{""bdg2_building_data_genome"":916,""heapo_heat_pumps"":2042,""smart_grid_smart_city"":2042}",False,test,35.76185789411478,31.562351657656414,4.19950623645837,11.74297557160605,0.8948220000000008,0.7881944444444444,0,0.0,4.19950623645837,0.0,0.0,"{""bdg2_building_data_genome"":{""available_profile_sources"":1570,""logical_devices"":916,""mean_profile_reuse"":1.0,""profile_bootstrap"":false,""selected_unique_profile_sources"":916,""weight"":0.18333333333333332},""heapo_heat_pumps"":{""available_profile_sources"":1362,""logical_devices"":2042,""mean_profile_reuse"":1.9209783631232362,""profile_bootstrap"":true,""selected_unique_profile_sources"":1063,""weight"":0.40833333333333327},""smart_grid_smart_city"":{""available_profile_sources"":5000,""logical_devices"":2042,""mean_profile_reuse"":1.0,""profile_bootstrap"":false,""selected_unique_profile_sources"":2042,""weight"":0.40833333333333327}}",dataset_combinations_mixed_physical_fleet_v1,,,,
predefined_mixed_scenario,S1-B,Building-heat pump-residential,建筑、热泵和带受控负荷住宅的高差异融合,ieee33,virtual_battery,Virtual battery,O(N),26,4692431,5192431,dominant_minus_15pp,5000,"{""bdg2_building_data_genome"":0.3333333333333333,""heapo_heat_pumps"":0.3333333333333333,""smart_grid_smart_city"":0.3333333333333333}","{""bdg2_building_data_genome"":0.18333333333333332,""heapo_heat_pumps"":0.40833333333333327,""smart_grid_smart_city"":0.40833333333333327}","{""bdg2_building_data_genome"":916,""heapo_heat_pumps"":2042,""smart_grid_smart_city"":2042}",False,test,37.27286542825839,32.89932684397037,4.373538584288023,11.733840513834565,0.8941679999999996,0.7847222222222222,0,0.0,4.373538584288023,0.0,0.0,"{""bdg2_building_data_genome"":{""available_profile_sources"":1570,""logical_devices"":916,""mean_profile_reuse"":1.0,""profile_bootstrap"":false,""selected_unique_profile_sources"":916,""weight"":0.18333333333333332},""heapo_heat_pumps"":{""available_profile_sources"":1362,""logical_devices"":2042,""mean_profile_reuse"":1.9355450236966825,""profile_bootstrap"":true,""selected_unique_profile_sources"":1055,""weight"":0.40833333333333327},""smart_grid_smart_city"":{""available_profile_sources"":5000,""logical_devices"":2042,""mean_profile_reuse"":1.0,""profile_bootstrap"":false,""selected_unique_profile_sources"":2042,""weight"":0.40833333333333327}}",dataset_combinations_mixed_physical_fleet_v1,,,,
predefined_mixed_scenario,S1-B,Building-heat pump-residential,建筑、热泵和带受控负荷住宅的高差异融合,ieee33,virtual_battery,Virtual battery,O(N),27,4692432,5192432,dominant_minus_15pp,5000,"{""bdg2_building_data_genome"":0.3333333333333333,""heapo_heat_pumps"":0.3333333333333333,""smart_grid_smart_city"":0.3333333333333333}","{""bdg2_building_data_genome"":0.18333333333333332,""heapo_heat_pumps"":0.40833333333333327,""smart_grid_smart_city"":0.40833333333333327}","{""bdg2_building_data_genome"":916,""heapo_heat_pumps"":2042,""smart_grid_smart_city"":2042}",False,test,36.54227005633674,32.20448961601767,4.33778044031907,11.870582844556655,0.8952159999999997,0.7847222222222222,0,0.0,4.33778044031907,0.0,0.0,"{""bdg2_building_data_genome"":{""available_profile_sources"":1570,""logical_devices"":916,""mean_profile_reuse"":1.0,""profile_bootstrap"":false,""selected_unique_profile_sources"":916,""weight"":0.18333333333333332},""heapo_heat_pumps"":{""available_profile_sources"":1362,""logical_devices"":2042,""mean_profile_reuse"":1.9245994344957587,""profile_bootstrap"":true,""selected_unique_profile_sources"":1061,""weight"":0.40833333333333327},""smart_grid_smart_city"":{""available_profile_sources"":5000,""logical_devices"":2042,""mean_profile_reuse"":1.0,""profile_bootstrap"":false,""selected_unique_profile_sources"":2042,""weight"":0.40833333333333327}}",dataset_combinations_mixed_physical_fleet_v1,,,,
predefined_mixed_scenario,S1-B,Building-heat pump-residential,建筑、热泵和带受控负荷住宅的高差异融合,ieee33,virtual_battery,Virtual battery,O(N),28,4692433,5192433,dominant_minus_15pp,5000,"{""bdg2_building_data_genome"":0.3333333333333333,""heapo_heat_pumps"":0.3333333333333333,""smart_grid_smart_city"":0.3333333333333333}","{""bdg2_building_data_genome"":0.18333333333333332,""heapo_heat_pumps"":0.40833333333333327,""smart_grid_smart_city"":0.40833333333333327}","{""bdg2_building_data_genome"":916,""heapo_heat_pumps"":2042,""smart_grid_smart_city"":2042}",False,test,35.932429400638355,31.23134006952789,4.701089331110465,13.083138016342835,0.8951740000000002,0.7951388888888888,0,0.0,4.701089331110465,0.0,0.0,"{""bdg2_building_data_genome"":{""available_profile_sources"":1570,""logical_devices"":916,""mean_profile_reuse"":1.0,""profile_bootstrap"":false,""selected_unique_profile_sources"":916,""weight"":0.18333333333333332},""heapo_heat_pumps"":{""available_profile_sources"":1362,""logical_devices"":2042,""mean_profile_reuse"":1.9559386973180077,""profile_bootstrap"":true,""selected_unique_profile_sources"":1044,""weight"":0.40833333333333327},""smart_grid_smart_city"":{""available_profile_sources"":5000,""logical_devices"":2042,""mean_profile_reuse"":1.0,""profile_bootstrap"":false,""selected_unique_profile_sources"":2042,""weight"":0.40833333333333327}}",dataset_combinations_mixed_physical_fleet_v1,,,,
predefined_mixed_scenario,S1-B,Building-heat pump-residential,建筑、热泵和带受控负荷住宅的高差异融合,ieee33,virtual_battery,Virtual battery,O(N),29,4692434,5192434,dominant_minus_15pp,5000,"{""bdg2_building_data_genome"":0.3333333333333333,""heapo_heat_pumps"":0.3333333333333333,""smart_grid_smart_city"":0.3333333333333333}","{""bdg2_building_data_genome"":0.18333333333333332,""heapo_heat_pumps"":0.40833333333333327,""smart_grid_smart_city"":0.40833333333333327}","{""bdg2_building_data_genome"":916,""heapo_heat_pumps"":2042,""smart_grid_smart_city"":2042}",False,test,36.2794310269736,31.95256020251225,4.3268708244613485,11.926512356945011,0.8945959999999998,0.7881944444444444,0,0.0,4.3268708244613485,0.0,0.0,"{""bdg2_building_data_genome"":{""available_profile_sources"":1570,""logical_devices"":916,""mean_profile_reuse"":1.0,""profile_bootstrap"":false,""selected_unique_profile_sources"":916,""weight"":0.18333333333333332},""heapo_heat_pumps"":{""available_profile_sources"":1362,""logical_devices"":2042,""mean_profile_reuse"":1.9373814041745732,""profile_bootstrap"":true,""selected_unique_profile_sources"":1054,""weight"":0.40833333333333327},""smart_grid_smart_city"":{""available_profile_sources"":5000,""logical_devices"":2042,""mean_profile_reuse"":1.0,""profile_bootstrap"":false,""selected_unique_profile_sources"":2042,""weight"":0.40833333333333327}}",dataset_combinations_mixed_physical_fleet_v1,,,,
